country,time,quintile,tfr
afg,2015,q1,5.6568
afg,2015,q2,5.8094
afg,2015,q3,5.9366
afg,2015,q4,5.5202
afg,2015,q5,4.6032
ago,2015,q1,8.5895
ago,2015,q2,8.2287
ago,2015,q3,6.881
ago,2015,q4,4.8837
ago,2015,q5,4.0041
alb,2008,q1,2.0624
alb,2008,q2,1.8249
alb,2008,q3,1.9533
alb,2008,q4,1.6296
alb,2008,q5,1.2992
alb,2017,q1,2.0975
alb,2017,q2,1.9216
alb,2017,q3,1.704
alb,2017,q4,1.5782
alb,2017,q5,1.3898
arm,2000,q1,2.5509
arm,2000,q2,2.1262
arm,2000,q3,1.6391
arm,2000,q4,1.7295
arm,2000,q5,1.6401
arm,2005,q1,1.8099
arm,2005,q2,1.7482
arm,2005,q3,1.7208
arm,2005,q4,1.5497
arm,2005,q5,1.5013
arm,2010,q1,1.7149
arm,2010,q2,1.7074
arm,2010,q3,1.546
arm,2010,q4,1.6645
arm,2010,q5,1.3814
arm,2015,q1,1.928
arm,2015,q2,1.6684
arm,2015,q3,1.6579
arm,2015,q4,1.3869
arm,2015,q5,1.7807
aze,2006,q1,2.402
aze,2006,q2,2.289
aze,2006,q3,1.9681
aze,2006,q4,1.6963
aze,2006,q5,1.4908
bdi,2010,q1,6.2029
bdi,2010,q2,6.8748
bdi,2010,q3,6.9408
bdi,2010,q4,6.7764
bdi,2010,q5,5.8308
bdi,2016,q1,6.2261
bdi,2016,q2,6.0732
bdi,2016,q3,5.7174
bdi,2016,q4,5.8853
bdi,2016,q5,4.5876
ben,1996,q1,7.7074
ben,1996,q2,7.1226
ben,1996,q3,7.0847
ben,1996,q4,5.7695
ben,1996,q5,4.2951
ben,2001,q1,7.3416
ben,2001,q2,6.7587
ben,2001,q3,6.7462
ben,2001,q4,5.1043
ben,2001,q5,3.5844
ben,2006,q1,7.2682
ben,2006,q2,6.5794
ben,2006,q3,6.2138
ben,2006,q4,5.2817
ben,2006,q5,4.1895
ben,2011,q1,6.4253
ben,2011,q2,5.6521
ben,2011,q3,5.3141
ben,2011,q4,4.6756
ben,2011,q5,3.8973
ben,2014,q1,6.9541
ben,2014,q2,6.6901
ben,2014,q3,6.148
ben,2014,q4,5.4086
ben,2014,q5,4.2025
ben,2017,q1,7.1751
ben,2017,q2,6.4223
ben,2017,q3,6.1816
ben,2017,q4,5.3579
ben,2017,q5,4.312
bfa,1998,q1,7.7231
bfa,1998,q2,7.3212
bfa,1998,q3,6.9072
bfa,1998,q4,7.3311
bfa,1998,q5,4.6966
bfa,2003,q1,7.0642
bfa,2003,q2,7.0948
bfa,2003,q3,6.7895
bfa,2003,q4,6.7375
bfa,2003,q5,3.8807
bfa,2010,q1,7.3265
bfa,2010,q2,7.0704
bfa,2010,q3,6.7558
bfa,2010,q4,6.1948
bfa,2010,q5,3.7448
bgd,1993,q1,4.4879
bgd,1993,q2,4.5349
bgd,1993,q3,4.2034
bgd,1993,q4,3.5302
bgd,1993,q5,2.8828
bgd,1999,q1,4.611
bgd,1999,q2,3.9306
bgd,1999,q3,3.3972
bgd,1999,q4,2.9304
bgd,1999,q5,2.3096
bgd,2004,q1,4.3323
bgd,2004,q2,3.488
bgd,2004,q3,3.2399
bgd,2004,q4,2.6971
bgd,2004,q5,2.3066
bgd,2007,q1,3.5637
bgd,2007,q2,3.1987
bgd,2007,q3,2.7814
bgd,2007,q4,2.571
bgd,2007,q5,2.2223
bgd,2011,q1,3.4269
bgd,2011,q2,2.7599
bgd,2011,q3,2.4354
bgd,2011,q4,2.2459
bgd,2011,q5,1.986
bgd,2014,q1,2.9029
bgd,2014,q2,2.4316
bgd,2014,q3,2.25
bgd,2014,q4,2.0982
bgd,2014,q5,2.0195
bgd,2017,q1,2.7063
bgd,2017,q2,2.4206
bgd,2017,q3,2.1203
bgd,2017,q4,2.1337
bgd,2017,q5,2.0216
bgd,2019,q1,2.8906
bgd,2019,q2,2.4237
bgd,2019,q3,2.1771
bgd,2019,q4,2.1319
bgd,2019,q5,2.0659
blz,2015,q1,3.9949
blz,2015,q2,3.1942
blz,2015,q3,2.6017
blz,2015,q4,2.2357
blz,2015,q5,1.8198
bol,1994,q1,7.4437
bol,1994,q2,6.886
bol,1994,q3,5.2832
bol,1994,q4,3.8796
bol,1994,q5,2.5967
bol,1998,q1,7.5533
bol,1998,q2,5.9895
bol,1998,q3,4.5137
bol,1998,q4,3.111
bol,1998,q5,2.1536
bol,2003,q1,7.1376
bol,2003,q2,5.5114
bol,2003,q3,4.2751
bol,2003,q4,3.0872
bol,2003,q5,2.02
bol,2008,q1,6.1324
bol,2008,q2,4.5466
bol,2008,q3,3.6695
bol,2008,q4,2.6674
bol,2008,q5,2.0042
bol,2016,q1,4.6016
bol,2016,q2,3.5791
bol,2016,q3,2.9131
bol,2016,q4,2.4452
bol,2016,q5,1.9154
bra,1996,q1,4.7826
bra,1996,q2,2.8604
bra,1996,q3,2.1657
bra,1996,q4,1.938
bra,1996,q5,1.629
caf,1994,q1,5.4965
caf,1994,q2,5.4173
caf,1994,q3,5.1994
caf,1994,q4,5.6044
caf,1994,q5,5.0701
caf,2018,q1,7.9384
caf,2018,q2,7.4992
caf,2018,q3,7.49
caf,2018,q4,6.4006
caf,2018,q5,4.1965
civ,1994,q1,6.8651
civ,1994,q2,6.7138
civ,1994,q3,5.9681
civ,1994,q4,5.182
civ,1994,q5,4.071
civ,1998,q1,7.2225
civ,1998,q2,5.3954
civ,1998,q3,5.6269
civ,1998,q4,4.7148
civ,1998,q5,2.9091
civ,2011,q1,6.7523
civ,2011,q2,5.8938
civ,2011,q3,5.5377
civ,2011,q4,4.2048
civ,2011,q5,3.1016
civ,2016,q1,6.8483
civ,2016,q2,6.1504
civ,2016,q3,4.8285
civ,2016,q4,3.9152
civ,2016,q5,2.752
cmr,1998,q1,6.5223
cmr,1998,q2,6.0479
cmr,1998,q3,5.4093
cmr,1998,q4,4.5047
cmr,1998,q5,3.5556
cmr,2004,q1,6.8132
cmr,2004,q2,6.2066
cmr,2004,q3,5.641
cmr,2004,q4,4.4701
cmr,2004,q5,3.3359
cmr,2011,q1,7.3444
cmr,2011,q2,6.4335
cmr,2011,q3,5.5722
cmr,2011,q4,4.3046
cmr,2011,q5,3.2238
cmr,2014,q1,7.2382
cmr,2014,q2,6.5872
cmr,2014,q3,5.4906
cmr,2014,q4,4.0741
cmr,2014,q5,2.9837
cmr,2018,q1,6.6694
cmr,2018,q2,6.164
cmr,2018,q3,5.0934
cmr,2018,q4,4.2161
cmr,2018,q5,3.1691
cod,2007,q1,7.178
cod,2007,q2,7.0294
cod,2007,q3,6.4588
cod,2007,q4,7.0022
cod,2007,q5,4.3706
cod,2013,q1,7.6364
cod,2013,q2,7.6247
cod,2013,q3,7.2945
cod,2013,q4,6.5907
cod,2013,q5,4.7496
cod,2017,q1,7.801
cod,2017,q2,7.4602
cod,2017,q3,7.0653
cod,2017,q4,5.9748
cod,2017,q5,4.138
cog,2005,q1,6.6079
cog,2005,q2,5.6382
cog,2005,q3,4.9881
cog,2005,q4,3.7142
cog,2005,q5,3.1081
cog,2011,q1,7.0212
cog,2011,q2,5.9504
cog,2011,q3,4.6098
cog,2011,q4,3.948
cog,2011,q5,3.7032
cog,2014,q1,7.0641
cog,2014,q2,5.1922
cog,2014,q3,4.2099
cog,2014,q4,3.6199
cog,2014,q5,3.1116
col,1995,q1,5.4206
col,1995,q2,3.7618
col,1995,q3,2.8183
col,1995,q4,2.1966
col,1995,q5,1.7163
col,2000,q1,4.3293
col,2000,q2,3.2378
col,2000,q3,2.539
col,2000,q4,1.9362
col,2000,q5,1.7784
col,2005,q1,4.0981
col,2005,q2,2.9674
col,2005,q3,2.455
col,2005,q4,1.8486
col,2005,q5,1.4303
col,2010,q1,3.3389
col,2010,q2,2.4661
col,2010,q3,2.1708
col,2010,q4,1.7667
col,2010,q5,1.3769
col,2015,q1,2.9832
col,2015,q2,2.2946
col,2015,q3,1.9408
col,2015,q4,1.5407
col,2015,q5,1.2007
com,1996,q1,7.3011
com,1996,q2,6.0487
com,1996,q3,4.8456
com,1996,q4,4.2092
com,1996,q5,3.2817
com,2012,q1,6.8731
com,2012,q2,4.7434
com,2012,q3,4.0848
com,2012,q4,3.7034
com,2012,q5,3.1941
dom,1996,q1,5.2726
dom,1996,q2,3.7317
dom,1996,q3,3.2985
dom,1996,q4,2.5614
dom,1996,q5,2.0845
dom,1999,q1,3.8753
dom,1999,q2,3.4703
dom,1999,q3,3.0476
dom,1999,q4,2.5665
dom,1999,q5,1.9623
dom,2002,q1,4.4112
dom,2002,q2,3.4767
dom,2002,q3,2.9411
dom,2002,q4,2.4642
dom,2002,q5,2.0624
dom,2007,q1,3.8902
dom,2007,q2,3.0418
dom,2007,q3,2.4944
dom,2007,q4,2.1376
dom,2007,q5,1.7309
dom,2013,q1,3.5529
dom,2013,q2,2.6886
dom,2013,q3,2.5708
dom,2013,q4,2.0969
dom,2013,q5,1.9782
dom,2014,q1,3.6888
dom,2014,q2,2.8244
dom,2014,q3,2.5124
dom,2014,q4,2.0132
dom,2014,q5,1.8897
dom,2019,q1,3.2854
dom,2019,q2,2.6779
dom,2019,q3,2.1917
dom,2019,q4,1.944
dom,2019,q5,1.9293
dza,2012,q1,2.9757
dza,2012,q2,2.8595
dza,2012,q3,2.5243
dza,2012,q4,2.4668
dza,2012,q5,2.3287
dza,2018,q1,3.431
dza,2018,q2,3.248
dza,2018,q3,2.882
dza,2018,q4,2.6057
dza,2018,q5,2.2286
egy,1995,q1,4.9132
egy,1995,q2,4.1733
egy,1995,q3,3.6804
egy,1995,q4,3.2983
egy,1995,q5,3.0055
egy,2000,q1,4.436
egy,2000,q2,3.6025
egy,2000,q3,3.4955
egy,2000,q4,3.3082
egy,2000,q5,2.8231
egy,2005,q1,3.74
egy,2005,q2,3.4634
egy,2005,q3,3.3738
egy,2005,q4,3.0052
egy,2005,q5,2.5353
egy,2008,q1,3.4963
egy,2008,q2,3.0002
egy,2008,q3,3.022
egy,2008,q4,2.7293
egy,2008,q5,2.6282
egy,2014,q1,3.6128
egy,2014,q2,3.5033
egy,2014,q3,3.7245
egy,2014,q4,3.3662
egy,2014,q5,2.7066
eth,2000,q1,6.774
eth,2000,q2,6.4602
eth,2000,q3,6.3021
eth,2000,q4,6.1567
eth,2000,q5,3.7979
eth,2005,q1,6.9218
eth,2005,q2,6.2724
eth,2005,q3,6.4422
eth,2005,q4,6.0792
eth,2005,q5,3.4793
eth,2011,q1,6.5051
eth,2011,q2,6.0838
eth,2011,q3,5.6225
eth,2011,q4,5.2412
eth,2011,q5,3.024
eth,2016,q1,6.6036
eth,2016,q2,6.0195
eth,2016,q3,5.1792
eth,2016,q4,4.5995
eth,2016,q5,2.6009
eth,2019,q1,6.162
eth,2019,q2,5.1351
eth,2019,q3,4.4177
eth,2019,q4,3.5778
eth,2019,q5,3.0218
gab,2000,q1,6.1002
gab,2000,q2,4.9313
gab,2000,q3,4.1602
gab,2000,q4,3.6942
gab,2000,q5,3.1675
gab,2012,q1,6.246
gab,2012,q2,4.5465
gab,2012,q3,3.7738
gab,2012,q4,3.2816
gab,2012,q5,3.0117
gha,1993,q1,6.9968
gha,1993,q2,6.599
gha,1993,q3,6.0358
gha,1993,q4,4.9109
gha,1993,q5,3.5023
gha,1998,q1,6.2827
gha,1998,q2,5.4933
gha,1998,q3,5.0521
gha,1998,q4,3.8924
gha,1998,q5,2.4496
gha,2003,q1,6.774
gha,2003,q2,6.0712
gha,2003,q3,4.9125
gha,2003,q4,3.4776
gha,2003,q5,2.725
gha,2008,q1,6.6149
gha,2008,q2,5.1151
gha,2008,q3,3.9361
gha,2008,q4,3.4549
gha,2008,q5,2.4505
gha,2011,q1,6.7739
gha,2011,q2,5.4293
gha,2011,q3,4.4404
gha,2011,q4,3.5198
gha,2011,q5,2.7126
gha,2014,q1,6.285
gha,2014,q2,5.4421
gha,2014,q3,3.8958
gha,2014,q4,3.3092
gha,2014,q5,2.8533
gha,2017,q1,5.9753
gha,2017,q2,5.1988
gha,2017,q3,4.5805
gha,2017,q4,3.9343
gha,2017,q5,3.3092
gin,1999,q1,6.2129
gin,1999,q2,6.789
gin,1999,q3,6.734
gin,1999,q4,5.5517
gin,1999,q5,4.2344
gin,2005,q1,6.4272
gin,2005,q2,6.2991
gin,2005,q3,6.0517
gin,2005,q4,5.398
gin,2005,q5,4.0668
gin,2012,q1,6.6233
gin,2012,q2,5.935
gin,2012,q3,5.7812
gin,2012,q4,5.0842
gin,2012,q5,3.4828
gin,2016,q1,6.1287
gin,2016,q2,5.9839
gin,2016,q3,5.4988
gin,2016,q4,4.6673
gin,2016,q5,3.5
gin,2018,q1,6.4149
gin,2018,q2,5.7145
gin,2018,q3,5.3266
gin,2018,q4,4.9909
gin,2018,q5,3.4721
gmb,2013,q1,6.4512
gmb,2013,q2,6.6835
gmb,2013,q3,5.9415
gmb,2013,q4,5.1078
gmb,2013,q5,3.8319
gmb,2018,q1,6.3736
gmb,2018,q2,5.774
gmb,2018,q3,4.9041
gmb,2018,q4,4.091
gmb,2018,q5,2.7715
gmb,2019,q1,6.1947
gmb,2019,q2,5.3227
gmb,2019,q3,4.6974
gmb,2019,q4,3.9039
gmb,2019,q5,3.1009
gnb,2014,q1,6.3773
gnb,2014,q2,6.324
gnb,2014,q3,6.0027
gnb,2014,q4,4.1068
gnb,2014,q5,2.7792
gnb,2018,q1,5.6905
gnb,2018,q2,5.6186
gnb,2018,q3,5.4357
gnb,2018,q4,4.0502
gnb,2018,q5,2.422
gtm,1995,q1,8.0171
gtm,1995,q2,6.7736
gtm,1995,q3,5.4973
gtm,1995,q4,3.9659
gtm,1995,q5,2.5849
gtm,1998,q1,7.8687
gtm,1998,q2,6.7868
gtm,1998,q3,5.3045
gtm,1998,q4,4.1649
gtm,1998,q5,2.8037
gtm,2014,q1,5.0457
gtm,2014,q2,3.9442
gtm,2014,q3,3.1942
gtm,2014,q4,2.5503
gtm,2014,q5,1.9688
guy,2009,q1,4.8227
guy,2009,q2,2.8577
guy,2009,q3,2.3481
guy,2009,q4,1.9236
guy,2009,q5,1.868
guy,2014,q1,4.8049
guy,2014,q2,3.0928
guy,2014,q3,2.457
guy,2014,q4,1.5621
guy,2014,q5,1.6195
guy,2019,q1,4.0031
guy,2019,q2,2.6755
guy,2019,q3,2.0035
guy,2019,q4,1.8447
guy,2019,q5,1.9122
hnd,2005,q1,5.7772
hnd,2005,q2,4.0958
hnd,2005,q3,3.3903
hnd,2005,q4,2.6468
hnd,2005,q5,2.108
hnd,2011,q1,4.7462
hnd,2011,q2,3.2831
hnd,2011,q3,2.804
hnd,2011,q4,2.4709
hnd,2011,q5,1.9815
hnd,2019,q1,4.0826
hnd,2019,q2,2.9879
hnd,2019,q3,2.8194
hnd,2019,q4,2.3407
hnd,2019,q5,1.7692
hti,1994,q1,7.259
hti,1994,q2,6.2509
hti,1994,q3,5.6986
hti,1994,q4,4.2208
hti,1994,q5,2.5639
hti,2000,q1,6.7848
hti,2000,q2,6.1327
hti,2000,q3,5.0077
hti,2000,q4,4.2483
hti,2000,q5,2.6143
hti,2005,q1,6.49
hti,2005,q2,5.0911
hti,2005,q3,4.4421
hti,2005,q4,3.1611
hti,2005,q5,2.1017
hti,2012,q1,5.7027
hti,2012,q2,4.6093
hti,2012,q3,3.7378
hti,2012,q4,3.0273
hti,2012,q5,1.8749
hti,2016,q1,5.5586
hti,2016,q2,4.0243
hti,2016,q3,3.3586
hti,2016,q4,2.4033
hti,2016,q5,1.6721
idn,2002,q1,3.1227
idn,2002,q2,2.6725
idn,2002,q3,2.6389
idn,2002,q4,2.4031
idn,2002,q5,2.0833
idn,2007,q1,3.0965
idn,2007,q2,2.5387
idn,2007,q3,2.6032
idn,2007,q4,2.4866
idn,2007,q5,2.5927
idn,2012,q1,3.2327
idn,2012,q2,2.5617
idn,2012,q3,2.4284
idn,2012,q4,2.3496
idn,2012,q5,2.2316
idn,2017,q1,2.9927
idn,2017,q2,2.5627
idn,2017,q3,2.3772
idn,2017,q4,2.2657
idn,2017,q5,2.1452
ind,1998,q1,3.9625
ind,1998,q2,3.573
ind,1998,q3,2.9863
ind,1998,q4,2.6583
ind,1998,q5,2.0214
ind,2005,q1,4.0972
ind,2005,q2,3.3042
ind,2005,q3,2.7222
ind,2005,q4,2.3142
ind,2005,q5,1.8205
ind,2015,q1,3.3542
ind,2015,q2,2.5376
ind,2015,q3,2.1125
ind,2015,q4,1.8774
ind,2015,q5,1.5697
ind,2019,q1,2.7689
ind,2019,q2,2.2038
ind,2019,q3,1.9407
ind,2019,q4,1.7681
ind,2019,q5,1.5846
irq,2011,q1,5.9464
irq,2011,q2,5.0877
irq,2011,q3,4.4565
irq,2011,q4,3.9892
irq,2011,q5,3.2106
irq,2018,q1,4.8528
irq,2018,q2,4.4294
irq,2018,q3,3.9421
irq,2018,q4,3.3961
irq,2018,q5,3.1267
jor,1997,q1,5.7764
jor,1997,q2,5.4321
jor,1997,q3,4.6014
jor,1997,q4,3.9118
jor,1997,q5,3.2103
jor,2002,q1,4.7627
jor,2002,q2,4.4973
jor,2002,q3,3.7616
jor,2002,q4,3.123
jor,2002,q5,2.4451
jor,2007,q1,4.7404
jor,2007,q2,4.3445
jor,2007,q3,3.7973
jor,2007,q4,3.1113
jor,2007,q5,2.6058
jor,2012,q1,4.4846
jor,2012,q2,4.0206
jor,2012,q3,3.7432
jor,2012,q4,3.343
jor,2012,q5,2.6697
jor,2017,q1,4.0543
jor,2017,q2,3.3628
jor,2017,q3,2.8745
jor,2017,q4,2.4742
jor,2017,q5,1.5405
kaz,1995,q1,3.5937
kaz,1995,q2,2.9518
kaz,1995,q3,3.1629
kaz,1995,q4,2.3133
kaz,1995,q5,1.4608
kaz,1999,q1,3.3384
kaz,1999,q2,2.6266
kaz,1999,q3,2.1858
kaz,1999,q4,1.701
kaz,1999,q5,1.2296
ken,1993,q1,7.4428
ken,1993,q2,6.5814
ken,1993,q3,5.7894
ken,1993,q4,5.5922
ken,1993,q5,3.5392
ken,1998,q1,6.5815
ken,1998,q2,5.6162
ken,1998,q3,4.7456
ken,1998,q4,4.2306
ken,1998,q5,2.9157
ken,2003,q1,7.6774
ken,2003,q2,5.963
ken,2003,q3,5.2065
ken,2003,q4,4.1423
ken,2003,q5,3.1233
ken,2008,q1,7.0748
ken,2008,q2,5.6706
ken,2008,q3,4.891
ken,2008,q4,3.8754
ken,2008,q5,2.872
ken,2014,q1,6.5125
ken,2014,q2,4.9671
ken,2014,q3,3.9822
ken,2014,q4,3.2315
ken,2014,q5,2.8049
kgz,1997,q1,4.9289
kgz,1997,q2,4.0264
kgz,1997,q3,3.7256
kgz,1997,q4,3.1179
kgz,1997,q5,2.1238
kgz,2012,q1,3.9198
kgz,2012,q2,4.0132
kgz,2012,q3,3.7467
kgz,2012,q4,3.6906
kgz,2012,q5,2.5566
kgz,2014,q1,4.3692
kgz,2014,q2,4.499
kgz,2014,q3,4.0293
kgz,2014,q4,3.7316
kgz,2014,q5,3.0019
kgz,2018,q1,4.5863
kgz,2018,q2,4.4688
kgz,2018,q3,4.2001
kgz,2018,q4,3.767
kgz,2018,q5,2.7521
khm,2000,q1,4.9633
khm,2000,q2,4.6637
khm,2000,q3,4.1821
khm,2000,q4,3.9707
khm,2000,q5,2.3067
khm,2005,q1,4.816
khm,2005,q2,4.0829
khm,2005,q3,3.2144
khm,2005,q4,2.919
khm,2005,q5,2.3257
khm,2010,q1,4.3848
khm,2010,q2,3.5085
khm,2010,q3,2.9469
khm,2010,q4,2.7131
khm,2010,q5,2.1388
khm,2014,q1,3.8309
khm,2014,q2,2.9188
khm,2014,q3,2.6896
khm,2014,q4,2.2896
khm,2014,q5,2.1301
kir,2018,q1,4.2944
kir,2018,q2,3.7069
kir,2018,q3,3.3662
kir,2018,q4,3.0363
kir,2018,q5,2.6718
kos,2013,q1,3.0901
kos,2013,q2,2.3653
kos,2013,q3,2.2471
kos,2013,q4,2.0807
kos,2013,q5,1.8407
kos,2019,q1,3.1592
kos,2019,q2,2.326
kos,2019,q3,2.2658
kos,2019,q4,2.1098
kos,2019,q5,1.8164
lao,2011,q1,5.7285
lao,2011,q2,4.005
lao,2011,q3,3.1089
lao,2011,q4,2.377
lao,2011,q5,1.8832
lao,2017,q1,4.3774
lao,2017,q2,3.3204
lao,2017,q3,2.706
lao,2017,q4,2.1941
lao,2017,q5,1.9749
lbr,2007,q1,6.7906
lbr,2007,q2,6.7792
lbr,2007,q3,6.1101
lbr,2007,q4,4.7758
lbr,2007,q5,2.8539
lbr,2013,q1,6.6862
lbr,2013,q2,6.0676
lbr,2013,q3,5.1541
lbr,2013,q4,3.9904
lbr,2013,q5,2.7265
lbr,2019,q1,6.2363
lbr,2019,q2,5.5622
lbr,2019,q3,4.4483
lbr,2019,q4,3.3853
lbr,2019,q5,2.8245
lso,2004,q1,5.3513
lso,2004,q2,4.734
lso,2004,q3,3.6766
lso,2004,q4,3.2936
lso,2004,q5,2.1219
lso,2009,q1,5.7619
lso,2009,q2,4.2132
lso,2009,q3,3.6996
lso,2009,q4,2.7445
lso,2009,q5,1.9303
lso,2014,q1,4.7166
lso,2014,q2,3.8978
lso,2014,q3,3.419
lso,2014,q4,2.5448
lso,2014,q5,2.068
lso,2018,q1,4.0914
lso,2018,q2,3.2959
lso,2018,q3,2.7877
lso,2018,q4,2.2838
lso,2018,q5,1.8981
mar,2003,q1,3.5526
mar,2003,q2,3.2314
mar,2003,q3,2.5349
mar,2003,q4,1.9411
mar,2003,q5,1.9871
mda,2005,q1,2.0445
mda,2005,q2,1.8605
mda,2005,q3,1.7207
mda,2005,q4,1.4322
mda,2005,q5,1.2577
mda,2012,q1,3.0143
mda,2012,q2,2.4544
mda,2012,q3,1.9233
mda,2012,q4,1.5979
mda,2012,q5,1.856
mdg,1997,q1,8.321
mdg,1997,q2,6.3282
mdg,1997,q3,6.9155
mdg,1997,q4,5.7702
mdg,1997,q5,3.5154
mdg,2003,q1,7.0093
mdg,2003,q2,6.6265
mdg,2003,q3,5.8104
mdg,2003,q4,4.7824
mdg,2003,q5,2.9043
mdg,2008,q1,6.96
mdg,2008,q2,6.1519
mdg,2008,q3,5.2789
mdg,2008,q4,4.5963
mdg,2008,q5,2.9015
mdg,2018,q1,6.954
mdg,2018,q2,5.8738
mdg,2018,q3,4.8988
mdg,2018,q4,3.5829
mdg,2018,q5,2.832
mdv,2009,q1,2.7088
mdv,2009,q2,2.7808
mdv,2009,q3,2.5718
mdv,2009,q4,2.3168
mdv,2009,q5,1.9521
mdv,2016,q1,2.5903
mdv,2016,q2,2.5737
mdv,2016,q3,2.4128
mdv,2016,q4,1.9971
mdv,2016,q5,1.6608
mkd,2018,q1,2.9729
mkd,2018,q2,2.0668
mkd,2018,q3,1.8064
mkd,2018,q4,1.5396
mkd,2018,q5,1.9357
mli,1995,q1,7.4162
mli,1995,q2,7.5177
mli,1995,q3,7.6677
mli,1995,q4,7.3117
mli,1995,q5,5.4818
mli,2001,q1,7.5897
mli,2001,q2,7.6725
mli,2001,q3,7.3326
mli,2001,q4,6.9539
mli,2001,q5,5.306
mli,2006,q1,7.6839
mli,2006,q2,7.1885
mli,2006,q3,7.076
mli,2006,q4,6.7072
mli,2006,q5,4.9807
mli,2012,q1,7.1538
mli,2012,q2,7.05
mli,2012,q3,6.8925
mli,2012,q4,6.3613
mli,2012,q5,4.7152
mli,2015,q1,7.0667
mli,2015,q2,6.7901
mli,2015,q3,6.8551
mli,2015,q4,6.286
mli,2015,q5,4.5654
mli,2018,q1,7.9533
mli,2018,q2,7.3836
mli,2018,q3,7.0197
mli,2018,q4,5.6034
mli,2018,q5,4.5871
mmr,2015,q1,3.7747
mmr,2015,q2,2.6909
mmr,2015,q3,1.9756
mmr,2015,q4,1.7962
mmr,2015,q5,1.4701
mng,2013,q1,3.8102
mng,2013,q2,3.2257
mng,2013,q3,2.9334
mng,2013,q4,2.6265
mng,2013,q5,2.7263
mng,2018,q1,3.9767
mng,2018,q2,3.6006
mng,2018,q3,3.6897
mng,2018,q4,3.028
mng,2018,q5,3.4222
moz,1997,q1,5.9307
moz,1997,q2,5.6646
moz,1997,q3,5.6512
moz,1997,q4,6.0482
moz,1997,q5,4.767
moz,2003,q1,6.3626
moz,2003,q2,6.1834
moz,2003,q3,6.4554
moz,2003,q4,5.3172
moz,2003,q5,3.8969
moz,2008,q1,7.6278
moz,2008,q2,7.0697
moz,2008,q3,6.1434
moz,2008,q4,5.8771
moz,2008,q5,3.8015
moz,2011,q1,7.4087
moz,2011,q2,6.9845
moz,2011,q3,6.2099
moz,2011,q4,5.5653
moz,2011,q5,3.574
moz,2015,q1,6.2565
moz,2015,q2,6.2845
moz,2015,q3,6.2088
moz,2015,q4,4.724
moz,2015,q5,3.2785
mrt,2011,q1,7.1656
mrt,2011,q2,6.1705
mrt,2011,q3,4.9687
mrt,2011,q4,4.636
mrt,2011,q5,3.5595
mrt,2015,q1,7.5802
mrt,2015,q2,6.4881
mrt,2015,q3,5.1045
mrt,2015,q4,4.6768
mrt,2015,q5,3.7198
mrt,2019,q1,7.8057
mrt,2019,q2,6.6571
mrt,2019,q3,5.3757
mrt,2019,q4,4.3647
mrt,2019,q5,3.6425
mwi,2000,q1,6.9562
mwi,2000,q2,6.8738
mwi,2000,q3,6.3444
mwi,2000,q4,6.0891
mwi,2000,q5,4.8617
mwi,2004,q1,7.0241
mwi,2004,q2,6.7077
mwi,2004,q3,6.6457
mwi,2004,q4,5.9666
mwi,2004,q5,4.1225
mwi,2006,q1,7.0422
mwi,2006,q2,6.5595
mwi,2006,q3,6.5248
mwi,2006,q4,6.0699
mwi,2006,q5,4.5386
mwi,2010,q1,6.882
mwi,2010,q2,6.7632
mwi,2010,q3,6.313
mwi,2010,q4,5.3699
mwi,2010,q5,3.839
mwi,2013,q1,6.3687
mwi,2013,q2,5.8994
mwi,2013,q3,5.6018
mwi,2013,q4,4.7913
mwi,2013,q5,3.4805
mwi,2015,q1,5.9133
mwi,2015,q2,5.3262
mwi,2015,q3,4.9336
mwi,2015,q4,4.3235
mwi,2015,q5,3.0317
mwi,2019,q1,5.4405
mwi,2019,q2,4.951
mwi,2019,q3,4.1954
mwi,2019,q4,3.8624
mwi,2019,q5,2.918
nam,2000,q1,5.7205
nam,2000,q2,5.5108
nam,2000,q3,4.4282
nam,2000,q4,3.708
nam,2000,q5,2.6749
nam,2006,q1,4.9357
nam,2006,q2,4.2799
nam,2006,q3,3.9785
nam,2006,q4,2.8865
nam,2006,q5,2.3356
nam,2013,q1,5.3242
nam,2013,q2,4.452
nam,2013,q3,3.757
nam,2013,q4,3.0047
nam,2013,q5,2.3001
ner,1998,q1,8.666
ner,1998,q2,7.532
ner,1998,q3,7.884
ner,1998,q4,7.5519
ner,1998,q5,6.0379
ner,2006,q1,7.9537
ner,2006,q2,7.1581
ner,2006,q3,7.0567
ner,2006,q4,7.2422
ner,2006,q5,6.218
ner,2012,q1,8.4543
ner,2012,q2,8.2067
ner,2012,q3,8.1851
ner,2012,q4,8.0966
ner,2012,q5,6.1313
ner,2021,q1,7.1271
ner,2021,q2,7.1062
ner,2021,q3,7.0134
ner,2021,q4,6.7052
ner,2021,q5,5.456
nga,2003,q1,6.8183
nga,2003,q2,6.5369
nga,2003,q3,5.9242
nga,2003,q4,5.7588
nga,2003,q5,4.018
nga,2008,q1,7.2711
nga,2008,q2,7.1535
nga,2008,q3,6.0371
nga,2008,q4,5.048
nga,2008,q5,4.0466
nga,2013,q1,7.3063
nga,2013,q2,6.9604
nga,2013,q3,5.7823
nga,2013,q4,5.0044
nga,2013,q5,3.8893
nga,2016,q1,7.8764
nga,2016,q2,7.2955
nga,2016,q3,6.3116
nga,2016,q4,5.3218
nga,2016,q5,4.4197
nga,2018,q1,7.2245
nga,2018,q2,6.618
nga,2018,q3,5.893
nga,2018,q4,4.7216
nga,2018,q5,3.8711
nic,1998,q1,6.9283
nic,1998,q2,4.9433
nic,1998,q3,3.7963
nic,1998,q4,2.8725
nic,1998,q5,2.0671
nic,2001,q1,6.0476
nic,2001,q2,4.0895
nic,2001,q3,3.1467
nic,2001,q4,2.4562
nic,2001,q5,2.0552
npl,2006,q1,5.001
npl,2006,q2,3.8118
npl,2006,q3,3.3791
npl,2006,q4,2.7516
npl,2006,q5,1.9986
npl,2011,q1,4.5175
npl,2011,q2,3.206
npl,2011,q3,2.7526
npl,2011,q4,2.0649
npl,2011,q5,1.5301
npl,2014,q1,3.4372
npl,2014,q2,2.6524
npl,2014,q3,2.6421
npl,2014,q4,2.0911
npl,2014,q5,1.5598
npl,2016,q1,3.3605
npl,2016,q2,2.6723
npl,2016,q3,2.5893
npl,2016,q4,2.2324
npl,2016,q5,1.6246
npl,2019,q1,3.1083
npl,2019,q2,2.3848
npl,2019,q3,2.2357
npl,2019,q4,1.9004
npl,2019,q5,1.4728
pak,2006,q1,5.9833
pak,2006,q2,4.7869
pak,2006,q3,4.3463
pak,2006,q4,3.6002
pak,2006,q5,2.9888
pak,2012,q1,5.769
pak,2012,q2,4.6599
pak,2012,q3,3.9644
pak,2012,q4,3.5478
pak,2012,q5,2.8012
pak,2017,q1,5.3039
pak,2017,q2,3.96
pak,2017,q3,3.7955
pak,2017,q4,3.1485
pak,2017,q5,2.8088
per,1996,q1,6.7086
per,1996,q2,4.9207
per,1996,q3,3.6092
per,1996,q4,2.7032
per,1996,q5,1.8572
per,2000,q1,5.7815
per,2000,q2,4.0543
per,2000,q3,2.7371
per,2000,q4,2.1727
per,2000,q5,1.6446
per,2004,q1,5.1472
per,2004,q2,3.099
per,2004,q3,2.1683
per,2004,q4,2.003
per,2004,q5,1.4523
per,2005,q1,4.6866
per,2005,q2,3.7709
per,2005,q3,2.4944
per,2005,q4,2.0106
per,2005,q5,1.4937
per,2006,q1,5.002
per,2006,q2,3.4549
per,2006,q3,2.6372
per,2006,q4,2.0643
per,2006,q5,1.4913
per,2007,q1,5.4035
per,2007,q2,3.8742
per,2007,q3,2.7742
per,2007,q4,2.0401
per,2007,q5,1.4979
per,2008,q1,5.2188
per,2008,q2,3.7629
per,2008,q3,2.8572
per,2008,q4,2.1948
per,2008,q5,1.6624
per,2009,q1,4.4318
per,2009,q2,3.4043
per,2009,q3,2.5413
per,2009,q4,2.0941
per,2009,q5,1.6985
per,2010,q1,4.1614
per,2010,q2,3.2278
per,2010,q3,2.4676
per,2010,q4,2.0494
per,2010,q5,1.5708
per,2011,q1,4.2596
per,2011,q2,3.001
per,2011,q3,2.6352
per,2011,q4,2.1343
per,2011,q5,1.6149
per,2012,q1,4.1347
per,2012,q2,3.1275
per,2012,q3,2.5167
per,2012,q4,2.0607
per,2012,q5,1.6361
per,2013,q1,3.9409
per,2013,q2,2.8659
per,2013,q3,2.4289
per,2013,q4,1.9775
per,2013,q5,1.6758
per,2014,q1,3.7868
per,2014,q2,2.9667
per,2014,q3,2.4176
per,2014,q4,2.0552
per,2014,q5,1.7046
per,2015,q1,3.5968
per,2015,q2,2.8773
per,2015,q3,2.4336
per,2015,q4,2.1837
per,2015,q5,2.0891
per,2016,q1,3.4906
per,2016,q2,2.8709
per,2016,q3,2.5487
per,2016,q4,2.0963
per,2016,q5,1.9329
per,2017,q1,3.4113
per,2017,q2,2.7312
per,2017,q3,2.2613
per,2017,q4,2.0555
per,2017,q5,1.6704
per,2018,q1,3.2731
per,2018,q2,2.3957
per,2018,q3,2.0118
per,2018,q4,1.8096
per,2018,q5,1.6246
per,2019,q1,3.1828
per,2019,q2,2.4367
per,2019,q3,1.9178
per,2019,q4,1.807
per,2019,q5,1.5594
per,2020,q1,2.8059
per,2020,q2,2.4605
per,2020,q3,2.0831
per,2020,q4,1.8082
per,2020,q5,1.6393
phl,1993,q1,6.5957
phl,1993,q2,5.2804
phl,1993,q3,4.1606
phl,1993,q4,3.2913
phl,1993,q5,2.2509
phl,1998,q1,6.5656
phl,1998,q2,4.8697
phl,1998,q3,3.6551
phl,1998,q4,2.8923
phl,1998,q5,2.0546
phl,2003,q1,5.8155
phl,2003,q2,4.5581
phl,2003,q3,3.4803
phl,2003,q4,2.7978
phl,2003,q5,2.1661
phl,2008,q1,5.41
phl,2008,q2,4.2472
phl,2008,q3,3.2837
phl,2008,q4,2.6626
phl,2008,q5,1.889
phl,2013,q1,5.3242
phl,2013,q2,3.9343
phl,2013,q3,3.0942
phl,2013,q4,2.4158
phl,2013,q5,1.772
phl,2017,q1,4.5479
phl,2017,q2,3.4193
phl,2017,q3,2.6726
phl,2017,q4,2.1457
phl,2017,q5,1.6726
png,2016,q1,5.2501
png,2016,q2,4.6746
png,2016,q3,4.5884
png,2016,q4,4.3078
png,2016,q5,3.2902
pry,2016,q1,4.021
pry,2016,q2,2.9875
pry,2016,q3,2.3157
pry,2016,q4,2.0717
pry,2016,q5,1.7834
pse,2014,q1,5.2479
pse,2014,q2,4.4529
pse,2014,q3,4.3648
pse,2014,q4,3.9117
pse,2014,q5,3.4954
pse,2019,q1,4.4296
pse,2019,q2,3.7098
pse,2019,q3,4.1298
pse,2019,q4,3.7708
pse,2019,q5,3.3909
rwa,2000,q1,6.1953
rwa,2000,q2,5.9822
rwa,2000,q3,6.5044
rwa,2000,q4,6.2723
rwa,2000,q5,5.5597
rwa,2005,q1,5.8927
rwa,2005,q2,6.0842
rwa,2005,q3,6.3224
rwa,2005,q4,6.2537
rwa,2005,q5,5.1783
rwa,2010,q1,5.6383
rwa,2010,q2,5.4691
rwa,2010,q3,4.8945
rwa,2010,q4,4.8315
rwa,2010,q5,3.8269
rwa,2014,q1,4.9453
rwa,2014,q2,4.5011
rwa,2014,q3,4.1981
rwa,2014,q4,3.8501
rwa,2014,q5,3.1515
rwa,2019,q1,4.9348
rwa,2019,q2,4.3993
rwa,2019,q3,4.2713
rwa,2019,q4,3.991
rwa,2019,q5,3.3882
sdn,2010,q1,7.5223
sdn,2010,q2,6.6418
sdn,2010,q3,6.3605
sdn,2010,q4,5.0406
sdn,2010,q5,3.4703
sdn,2014,q1,7.3336
sdn,2014,q2,6.3947
sdn,2014,q3,5.8183
sdn,2014,q4,5.0001
sdn,2014,q5,3.676
sen,1997,q1,7.4207
sen,1997,q2,6.9596
sen,1997,q3,6.4337
sen,1997,q4,5.6409
sen,1997,q5,3.8954
sen,2005,q1,7.0056
sen,2005,q2,6.5292
sen,2005,q3,5.6576
sen,2005,q4,4.5794
sen,2005,q5,3.2587
sen,2010,q1,6.9215
sen,2010,q2,6.1163
sen,2010,q3,5.1029
sen,2010,q4,4.3297
sen,2010,q5,3.4404
sen,2012,q1,7.7693
sen,2012,q2,6.5401
sen,2012,q3,5.6798
sen,2012,q4,4.2567
sen,2012,q5,3.7523
sen,2014,q1,7.6004
sen,2014,q2,6.4195
sen,2014,q3,5.3684
sen,2014,q4,4.3137
sen,2014,q5,3.1778
sen,2015,q1,7.5287
sen,2015,q2,6.2032
sen,2015,q3,5.2789
sen,2015,q4,4.1077
sen,2015,q5,3.1497
sen,2016,q1,7.3277
sen,2016,q2,6.1953
sen,2016,q3,4.5571
sen,2016,q4,3.7252
sen,2016,q5,3.3928
sen,2017,q1,7.0971
sen,2017,q2,6.0316
sen,2017,q3,4.9855
sen,2017,q4,3.8393
sen,2017,q5,2.9979
sen,2018,q1,6.8252
sen,2018,q2,5.8412
sen,2018,q3,4.4789
sen,2018,q4,3.5213
sen,2018,q5,3.1523
sen,2019,q1,6.8431
sen,2019,q2,5.7379
sen,2019,q3,4.3764
sen,2019,q4,3.91
sen,2019,q5,3.1303
sle,2008,q1,6.2057
sle,2008,q2,5.6099
sle,2008,q3,5.7437
sle,2008,q4,4.8049
sle,2008,q5,3.1093
sle,2013,q1,6.3522
sle,2013,q2,5.9392
sle,2013,q3,5.6927
sle,2013,q4,4.8844
sle,2013,q5,3.1475
sle,2017,q1,5.5978
sle,2017,q2,5.07
sle,2017,q3,4.6325
sle,2017,q4,3.5189
sle,2017,q5,2.6378
sle,2019,q1,5.7189
sle,2019,q2,5.1659
sle,2019,q3,4.8574
sle,2019,q4,3.6588
sle,2019,q5,2.6314
slv,2014,q1,3.0494
slv,2014,q2,2.4378
slv,2014,q3,2.2532
slv,2014,q4,1.9414
slv,2014,q5,1.8248
som,2006,q1,8.0804
som,2006,q2,7.1433
som,2006,q3,7.8344
som,2006,q4,6.9618
som,2006,q5,6.5146
ssd,2010,q1,7.898
ssd,2010,q2,7.5771
ssd,2010,q3,7.1212
ssd,2010,q4,7.1601
ssd,2010,q5,6.7182
stp,2008,q1,5.885
stp,2008,q2,5.151
stp,2008,q3,5.6033
stp,2008,q4,4.3223
stp,2008,q5,3.6897
stp,2014,q1,5.4703
stp,2014,q2,5.1215
stp,2014,q3,4.5545
stp,2014,q4,4.31
stp,2014,q5,3.3906
stp,2019,q1,4.9491
stp,2019,q2,4.2783
stp,2019,q3,4.2619
stp,2019,q4,3.4812
stp,2019,q5,2.7821
sur,2018,q1,4.44
sur,2018,q2,3.0516
sur,2018,q3,2.5177
sur,2018,q4,2.3162
sur,2018,q5,1.5887
swz,2006,q1,5.2918
swz,2006,q2,5.0427
swz,2006,q3,3.9705
swz,2006,q4,3.3393
swz,2006,q5,2.7756
swz,2010,q1,5.2006
swz,2010,q2,4.3564
swz,2010,q3,3.8354
swz,2010,q4,3.2469
swz,2010,q5,2.6831
swz,2014,q1,4.5716
swz,2014,q2,4.0795
swz,2014,q3,3.383
swz,2014,q4,2.7234
swz,2014,q5,2.485
tca,2019,q1,3.5939
tca,2019,q2,2.4745
tca,2019,q3,1.9842
tca,2019,q4,0.9587
tca,2019,q5,1.9254
tcd,1996,q1,7.3718
tcd,1996,q2,6.3606
tcd,1996,q3,6.5352
tcd,1996,q4,6.7218
tcd,1996,q5,6.3321
tcd,2004,q1,5.7633
tcd,2004,q2,6.7538
tcd,2004,q3,7.2547
tcd,2004,q4,7.2402
tcd,2004,q5,6.1577
tcd,2014,q1,7.488
tcd,2014,q2,7.4866
tcd,2014,q3,7.5124
tcd,2014,q4,6.8608
tcd,2014,q5,5.6633
tcd,2019,q1,7.669
tcd,2019,q2,7.9559
tcd,2019,q3,7.4202
tcd,2019,q4,7.0784
tcd,2019,q5,5.3928
tgo,1998,q1,7.7101
tgo,1998,q2,6.8031
tgo,1998,q3,6.1406
tgo,1998,q4,4.1905
tgo,1998,q5,3.0127
tgo,2013,q1,6.5207
tgo,2013,q2,5.8557
tgo,2013,q3,5.2556
tgo,2013,q4,3.9079
tgo,2013,q5,3.4327
tgo,2017,q1,6.237
tgo,2017,q2,5.5866
tgo,2017,q3,4.6439
tgo,2017,q4,3.8353
tgo,2017,q5,3.3665
tjk,2012,q1,3.9908
tjk,2012,q2,3.862
tjk,2012,q3,3.6801
tjk,2012,q4,3.4238
tjk,2012,q5,3.1764
tjk,2017,q1,3.8573
tjk,2017,q2,3.8588
tjk,2017,q3,3.8918
tjk,2017,q4,3.8087
tjk,2017,q5,3.1929
tkm,2015,q1,3.7906
tkm,2015,q2,3.404
tkm,2015,q3,3.3038
tkm,2015,q4,3.2196
tkm,2015,q5,2.5104
tkm,2019,q1,3.6414
tkm,2019,q2,3.4193
tkm,2019,q3,3.0282
tkm,2019,q4,2.8414
tkm,2019,q5,2.783
tls,2009,q1,7.2109
tls,2009,q2,6.2157
tls,2009,q3,6.0988
tls,2009,q4,5.4981
tls,2009,q5,4.4209
tls,2016,q1,5.1961
tls,2016,q2,4.7953
tls,2016,q3,4.4075
tls,2016,q4,4.0482
tls,2016,q5,3.4945
ton,2019,q1,3.6843
ton,2019,q2,3.8519
ton,2019,q3,3.4702
ton,2019,q4,2.9205
ton,2019,q5,2.2068
tun,2011,q1,2.252
tun,2011,q2,2.2678
tun,2011,q3,1.979
tun,2011,q4,2.2146
tun,2011,q5,1.7742
tun,2018,q1,2.2861
tun,2018,q2,2.3829
tun,2018,q3,2.2808
tun,2018,q4,2.2341
tun,2018,q5,1.8686
tur,1993,q1,3.9586
tur,1993,q2,2.9867
tur,1993,q3,2.7017
tur,1993,q4,2.1192
tur,1993,q5,1.6954
tur,1998,q1,4.1463
tur,1998,q2,3.0127
tur,1998,q3,2.6934
tur,1998,q4,2.0978
tur,1998,q5,1.7233
tur,2003,q1,3.7806
tur,2003,q2,2.6859
tur,2003,q3,2.2998
tur,2003,q4,2.1264
tur,2003,q5,1.7826
tur,2013,q1,3.4577
tur,2013,q2,2.6595
tur,2013,q3,2.2149
tur,2013,q4,1.7854
tur,2013,q5,1.7119
tuv,2019,q1,4.0288
tuv,2019,q2,3.6901
tuv,2019,q3,3.3305
tuv,2019,q4,3.3882
tuv,2019,q5,2.3368
tza,1996,q1,7.7365
tza,1996,q2,5.9119
tza,1996,q3,6.3583
tza,1996,q4,5.5744
tza,1996,q5,4.0709
tza,1999,q1,7.6842
tza,1999,q2,6.8274
tza,1999,q3,5.7869
tza,1999,q4,5.12
tza,1999,q5,3.4448
tza,2004,q1,7.4412
tza,2004,q2,6.6075
tza,2004,q3,6.4117
tza,2004,q4,5.4225
tza,2004,q5,3.2931
tza,2010,q1,7.0244
tza,2010,q2,6.7856
tza,2010,q3,6.2156
tza,2010,q4,4.8626
tza,2010,q5,3.1938
tza,2015,q1,7.5478
tza,2015,q2,6.4376
tza,2015,q3,5.7157
tza,2015,q4,4.5231
tza,2015,q5,3.1411
uga,1995,q1,7.3747
uga,1995,q2,7.0264
uga,1995,q3,7.4764
uga,1995,q4,6.9164
uga,1995,q5,5.6353
uga,2000,q1,8.3528
uga,2000,q2,8.1422
uga,2000,q3,7.7877
uga,2000,q4,6.506
uga,2000,q5,4.2884
uga,2006,q1,8.2436
uga,2006,q2,7.8981
uga,2006,q3,7.1649
uga,2006,q4,6.7953
uga,2006,q5,4.3927
uga,2011,q1,8.0833
uga,2011,q2,7.3302
uga,2011,q3,7.0694
uga,2011,q4,6.1336
uga,2011,q5,4.2674
uga,2016,q1,7.232
uga,2016,q2,6.5681
uga,2016,q3,5.9074
uga,2016,q4,5.1246
uga,2016,q5,3.9636
ukr,2007,q1,1.6603
ukr,2007,q2,1.3735
ukr,2007,q3,1.2388
ukr,2007,q4,0.9678
ukr,2007,q5,1.0479
uzb,1996,q1,4.967
uzb,1996,q2,4.1439
uzb,1996,q3,3.3745
uzb,1996,q4,3.3392
uzb,1996,q5,2.43
vnm,1997,q1,3.5784
vnm,1997,q2,3.1047
vnm,1997,q3,2.4799
vnm,1997,q4,2.0607
vnm,1997,q5,1.6251
vnm,2002,q1,2.5127
vnm,2002,q2,2.0968
vnm,2002,q3,1.8629
vnm,2002,q4,1.5336
vnm,2002,q5,1.4051
vnm,2013,q1,2.6501
vnm,2013,q2,2.4364
vnm,2013,q3,2.1876
vnm,2013,q4,2.0229
vnm,2013,q5,1.9161
wsm,2019,q1,6.2211
wsm,2019,q2,5.0952
wsm,2019,q3,4.5341
wsm,2019,q4,4.4523
wsm,2019,q5,3.2331
yem,2013,q1,6.1867
yem,2013,q2,5.2951
yem,2013,q3,4.5664
yem,2013,q4,3.9236
yem,2013,q5,3.1442
zaf,1998,q1,4.5408
zaf,1998,q2,3.5348
zaf,1998,q3,2.7363
zaf,1998,q4,2.2018
zaf,1998,q5,1.9893
zaf,2016,q1,3.2162
zaf,2016,q2,3.1445
zaf,2016,q3,2.7535
zaf,2016,q4,2.4677
zaf,2016,q5,2.085
zmb,1996,q1,7.2753
zmb,1996,q2,6.4336
zmb,1996,q3,6.2671
zmb,1996,q4,5.8927
zmb,1996,q5,4.5945
zmb,2001,q1,7.1636
zmb,2001,q2,7.0378
zmb,2001,q3,6.6773
zmb,2001,q4,5.1814
zmb,2001,q5,3.7532
zmb,2007,q1,8.2646
zmb,2007,q2,7.4155
zmb,2007,q3,6.9737
zmb,2007,q4,5.1732
zmb,2007,q5,3.3681
zmb,2013,q1,7.5393
zmb,2013,q2,7.2018
zmb,2013,q3,6.1965
zmb,2013,q4,4.4629
zmb,2013,q5,3.2621
zmb,2018,q1,6.7713
zmb,2018,q2,6.2921
zmb,2018,q3,5.0315
zmb,2018,q4,3.8682
zmb,2018,q5,3.0372
zwe,1994,q1,6.4683
zwe,1994,q2,5.1832
zwe,1994,q3,4.5555
zwe,1994,q4,3.9932
zwe,1994,q5,3.0179
zwe,1999,q1,5.1607
zwe,1999,q2,4.6758
zwe,1999,q3,4.4196
zwe,1999,q4,3.8729
zwe,1999,q5,2.7679
zwe,2005,q1,5.6354
zwe,2005,q2,4.8543
zwe,2005,q3,4.1769
zwe,2005,q4,3.2269
zwe,2005,q5,2.4006
zwe,2009,q1,5.5417
zwe,2009,q2,4.6945
zwe,2009,q3,3.9378
zwe,2009,q4,3.3071
zwe,2009,q5,2.4668
zwe,2010,q1,5.2328
zwe,2010,q2,4.9096
zwe,2010,q3,4.0886
zwe,2010,q4,3.4609
zwe,2010,q5,2.457
zwe,2014,q1,5.5099
zwe,2014,q2,5.1122
zwe,2014,q3,4.3647
zwe,2014,q4,4.1711
zwe,2014,q5,3.02
zwe,2015,q1,5.6005
zwe,2015,q2,4.9379
zwe,2015,q3,4.5884
zwe,2015,q4,3.9588
zwe,2015,q5,2.82
zwe,2019,q1,5.227
zwe,2019,q2,4.7442
zwe,2019,q3,4.1401
zwe,2019,q4,3.4218
zwe,2019,q5,2.7523
