country,time,decile,vpolio
afg,2010,d01,41.8012
afg,2010,d02,37.9711
afg,2010,d03,48.6682
afg,2010,d04,49.4228
afg,2010,d05,40.2197
afg,2010,d06,44.8725
afg,2010,d07,49.8532
afg,2010,d08,51.0178
afg,2010,d09,48.9954
afg,2010,d10,65.2714
afg,2015,d01,57.9645
afg,2015,d02,62.2351
afg,2015,d03,65.0025
afg,2015,d04,56.0375
afg,2015,d05,61.3493
afg,2015,d06,61.704
afg,2015,d07,69.3885
afg,2015,d08,69.3043
afg,2015,d09,77.5685
afg,2015,d10,70.4196
ago,2015,d01,26.769
ago,2015,d02,24.217
ago,2015,d03,29.6916
ago,2015,d04,34.0647
ago,2015,d05,45.8512
ago,2015,d06,47.1326
ago,2015,d07,58.5193
ago,2015,d08,63.7356
ago,2015,d09,60.0703
ago,2015,d10,64.4813
arm,2015,d01,93.7907
arm,2015,d02,100
arm,2015,d03,92.4542
arm,2015,d04,90.3365
arm,2015,d05,92.3672
arm,2015,d06,90.7641
arm,2015,d07,91.9919
arm,2015,d08,86.1939
arm,2015,d09,100
arm,2015,d10,91.2404
aze,2006,d01,59.3997
aze,2006,d02,61.2236
aze,2006,d03,74.6557
aze,2006,d04,75.9194
aze,2006,d05,78.9752
aze,2006,d06,76.874
aze,2006,d07,47.7675
aze,2006,d08,79.6925
aze,2006,d09,80.6931
aze,2006,d10,82.2218
bdi,2005,d01,69.4918
bdi,2005,d02,59.8764
bdi,2005,d03,75.468
bdi,2005,d04,71.1496
bdi,2005,d05,63.4715
bdi,2005,d06,70.287
bdi,2005,d07,75.0231
bdi,2005,d08,68.9404
bdi,2005,d09,70.7858
bdi,2005,d10,76.7074
bdi,2010,d01,86.6189
bdi,2010,d02,83.5641
bdi,2010,d03,88.6267
bdi,2010,d04,86.076
bdi,2010,d05,93.529
bdi,2010,d06,87.0058
bdi,2010,d07,91.7737
bdi,2010,d08,85.8281
bdi,2010,d09,88.3101
bdi,2010,d10,87.9732
bdi,2016,d01,92.4246
bdi,2016,d02,91.7342
bdi,2016,d03,93.8879
bdi,2016,d04,91.8802
bdi,2016,d05,91.0192
bdi,2016,d06,93.5632
bdi,2016,d07,92.411
bdi,2016,d08,95.7068
bdi,2016,d09,92.1752
bdi,2016,d10,91.2282
ben,1996,d01,42.9671
ben,1996,d02,52.9009
ben,1996,d03,57.061
ben,1996,d04,67.8055
ben,1996,d05,68.8993
ben,1996,d06,81.3107
ben,1996,d07,69.2129
ben,1996,d08,66.4514
ben,1996,d09,84.1271
ben,1996,d10,89.9688
ben,2001,d01,56.8962
ben,2001,d02,63.1823
ben,2001,d03,65.3415
ben,2001,d04,62.8542
ben,2001,d05,61.9537
ben,2001,d06,75.2872
ben,2001,d07,77.2444
ben,2001,d08,74.9372
ben,2001,d09,78.1496
ben,2001,d10,88.3243
ben,2006,d01,53.9374
ben,2006,d02,52.8548
ben,2006,d03,60.765
ben,2006,d04,62.0897
ben,2006,d05,62.0861
ben,2006,d06,69.2519
ben,2006,d07,64.3765
ben,2006,d08,67.5483
ben,2006,d09,70.3602
ben,2006,d10,86.8847
ben,2011,d01,49.2057
ben,2011,d02,43.565
ben,2011,d03,50.2519
ben,2011,d04,53.3052
ben,2011,d05,60.2412
ben,2011,d06,63.4421
ben,2011,d07,63.9002
ben,2011,d08,57.0338
ben,2011,d09,59.111
ben,2011,d10,65.5462
ben,2014,d01,36.5854
ben,2014,d02,63.6605
ben,2014,d03,58.1949
ben,2014,d04,60.4023
ben,2014,d05,57.9259
ben,2014,d06,71.0721
ben,2014,d07,68.9117
ben,2014,d08,69.7776
ben,2014,d09,79.6644
ben,2014,d10,77.1509
ben,2017,d01,47.0681
ben,2017,d02,54.2366
ben,2017,d03,62.7766
ben,2017,d04,63.4523
ben,2017,d05,69.6951
ben,2017,d06,73.6217
ben,2017,d07,71.1324
ben,2017,d08,68.6143
ben,2017,d09,74.7192
ben,2017,d10,72.7517
bfa,1998,d01,24.1869
bfa,1998,d02,33.4186
bfa,1998,d03,35.3057
bfa,1998,d04,48.2293
bfa,1998,d05,32.1836
bfa,1998,d06,38.6269
bfa,1998,d07,49.0572
bfa,1998,d08,45.0972
bfa,1998,d09,63.6555
bfa,1998,d10,72.1928
bfa,2003,d01,51.6262
bfa,2003,d02,43.8819
bfa,2003,d03,55.2961
bfa,2003,d04,59.075
bfa,2003,d05,61.4249
bfa,2003,d06,55.6156
bfa,2003,d07,66.557
bfa,2003,d08,57.5063
bfa,2003,d09,63.5172
bfa,2003,d10,90.8749
bfa,2006,d01,67.0248
bfa,2006,d02,79.89
bfa,2006,d03,81.1371
bfa,2006,d04,63.0215
bfa,2006,d05,77.501
bfa,2006,d06,84.5421
bfa,2006,d07,77.4711
bfa,2006,d08,80.7169
bfa,2006,d09,92.9343
bfa,2006,d10,90.2901
bfa,2010,d01,82.7903
bfa,2010,d02,84.2621
bfa,2010,d03,86.8211
bfa,2010,d04,92.8608
bfa,2010,d05,92.3199
bfa,2010,d06,92.6359
bfa,2010,d07,94.2659
bfa,2010,d08,92.8346
bfa,2010,d09,95.3849
bfa,2010,d10,87.404
bgd,1993,d01,60.6322
bgd,1993,d02,57.431
bgd,1993,d03,61.144
bgd,1993,d04,63.5037
bgd,1993,d05,69.5971
bgd,1993,d06,66.8067
bgd,1993,d07,67.6481
bgd,1993,d08,75.3319
bgd,1993,d09,72.9017
bgd,1993,d10,83.0916
bgd,1996,d01,53.8971
bgd,1996,d02,57.4756
bgd,1996,d03,52.2458
bgd,1996,d04,59.2259
bgd,1996,d05,67.8039
bgd,1996,d06,70.9282
bgd,1996,d07,68.3175
bgd,1996,d08,67.0149
bgd,1996,d09,70.4256
bgd,1996,d10,73.1994
bgd,1999,d01,57.3051
bgd,1999,d02,68.2911
bgd,1999,d03,63.4665
bgd,1999,d04,68.8871
bgd,1999,d05,70.8695
bgd,1999,d06,74.6068
bgd,1999,d07,71.7001
bgd,1999,d08,79.7249
bgd,1999,d09,81.813
bgd,1999,d10,83.4195
bgd,2004,d01,64.9412
bgd,2004,d02,76.6935
bgd,2004,d03,81.3
bgd,2004,d04,87.4649
bgd,2004,d05,81.0686
bgd,2004,d06,86.1229
bgd,2004,d07,84.4076
bgd,2004,d08,88.7895
bgd,2004,d09,84.7171
bgd,2004,d10,98.3417
bgd,2006,d01,93.9572
bgd,2006,d02,93.8107
bgd,2006,d03,94.6746
bgd,2006,d04,94.7424
bgd,2006,d05,94.38
bgd,2006,d06,95.5434
bgd,2006,d07,96.8293
bgd,2006,d08,97.6029
bgd,2006,d09,96.6913
bgd,2006,d10,98.3162
bgd,2007,d01,90.6527
bgd,2007,d02,93.219
bgd,2007,d03,79.6369
bgd,2007,d04,93.5695
bgd,2007,d05,84.6006
bgd,2007,d06,93.4948
bgd,2007,d07,92.8461
bgd,2007,d08,93.1806
bgd,2007,d09,93.7314
bgd,2007,d10,94.6356
bgd,2011,d01,88.7503
bgd,2011,d02,92.2578
bgd,2011,d03,91.2483
bgd,2011,d04,88.396
bgd,2011,d05,94.1706
bgd,2011,d06,93.0947
bgd,2011,d07,96.882
bgd,2011,d08,95.225
bgd,2011,d09,97.203
bgd,2011,d10,98.4926
bgd,2014,d01,85.8125
bgd,2014,d02,78.3728
bgd,2014,d03,92.4497
bgd,2014,d04,94.1121
bgd,2014,d05,93.464
bgd,2014,d06,94.6922
bgd,2014,d07,93.2514
bgd,2014,d08,94.734
bgd,2014,d09,94.3277
bgd,2014,d10,97.412
bgd,2017,d01,90.9904
bgd,2017,d02,94.8741
bgd,2017,d03,95.311
bgd,2017,d04,94.4491
bgd,2017,d05,95.5096
bgd,2017,d06,95.2955
bgd,2017,d07,95.2341
bgd,2017,d08,93.5862
bgd,2017,d09,92.9737
bgd,2017,d10,98.3472
bih,2006,d01,82.2581
bih,2006,d02,80.5392
bih,2006,d03,89.4017
bih,2006,d04,88.6076
bih,2006,d05,92.2127
bih,2006,d06,93.9096
bih,2006,d07,89.6979
bih,2006,d08,94.2308
bih,2006,d09,84.3727
bih,2006,d10,95.2994
bih,2011,d01,78.2475
bih,2011,d02,97.7448
bih,2011,d03,93.0841
bih,2011,d04,87.1503
bih,2011,d05,94.5469
bih,2011,d06,91.019
bih,2011,d07,91.3458
bih,2011,d08,91.3272
bih,2011,d09,81.3554
bih,2011,d10,92.3579
blr,2005,d01,100
blr,2005,d02,100
blr,2005,d03,98.262
blr,2005,d04,96.4145
blr,2005,d05,100
blr,2005,d06,100
blr,2005,d07,98.9369
blr,2005,d08,98.3232
blr,2005,d09,98.9268
blr,2005,d10,98.7297
blz,2015,d01,77.7733
blz,2015,d02,76.1405
blz,2015,d03,76.9855
blz,2015,d04,81.1403
blz,2015,d05,79.202
blz,2015,d06,79.5673
blz,2015,d07,81.6902
blz,2015,d08,59.9314
blz,2015,d09,52.343
blz,2015,d10,43.2274
bol,1994,d01,36.1198
bol,1994,d02,32.3375
bol,1994,d03,45.0519
bol,1994,d04,40.9204
bol,1994,d05,43.9154
bol,1994,d06,45.3689
bol,1994,d07,44.2285
bol,1994,d08,65.921
bol,1994,d09,71.3088
bol,1994,d10,81.8891
bol,1998,d01,31.9126
bol,1998,d02,36.5127
bol,1998,d03,41.6201
bol,1998,d04,32.5068
bol,1998,d05,31.9029
bol,1998,d06,35.0141
bol,1998,d07,46.4599
bol,1998,d08,54.3276
bol,1998,d09,54.4877
bol,1998,d10,45.5076
bol,2003,d01,65.6259
bol,2003,d02,64.0778
bol,2003,d03,73.2475
bol,2003,d04,62.9063
bol,2003,d05,61.1341
bol,2003,d06,62.7702
bol,2003,d07,79.2249
bol,2003,d08,76.6827
bol,2003,d09,62.0588
bol,2003,d10,86.3558
bol,2008,d01,85.7118
bol,2008,d02,83.0093
bol,2008,d03,78.7374
bol,2008,d04,90.4441
bol,2008,d05,88.2762
bol,2008,d06,85.3729
bol,2008,d07,82.335
bol,2008,d08,94.2071
bol,2008,d09,90.0596
bol,2008,d10,82.1957
bol,2016,d01,84.3479
bol,2016,d02,87.0722
bol,2016,d03,80.5097
bol,2016,d04,82.3754
bol,2016,d05,89.699
bol,2016,d06,83.1832
bol,2016,d07,90.6815
bol,2016,d08,85.8118
bol,2016,d09,83.8196
bol,2016,d10,81.0017
bra,1996,d01,63.8045
bra,1996,d02,72.4515
bra,1996,d03,83.3239
bra,1996,d04,85.2908
bra,1996,d05,89.4032
bra,1996,d06,87.5338
bra,1996,d07,85.8731
bra,1996,d08,92.3001
bra,1996,d09,84.8243
bra,1996,d10,78.8118
caf,1994,d01,19.0467
caf,1994,d02,36.4481
caf,1994,d03,32.0788
caf,1994,d04,40.4048
caf,1994,d05,35.2109
caf,1994,d06,46.0724
caf,1994,d07,48.1755
caf,1994,d08,62.3583
caf,1994,d09,66.6754
caf,1994,d10,74.7578
caf,2006,d01,32.5245
caf,2006,d02,38.6157
caf,2006,d03,40.42
caf,2006,d04,40.4511
caf,2006,d05,38.2679
caf,2006,d06,42.6439
caf,2006,d07,50.1217
caf,2006,d08,63.0064
caf,2006,d09,61.2309
caf,2006,d10,68.4458
caf,2010,d01,35.0002
caf,2010,d02,26.9226
caf,2010,d03,43.3308
caf,2010,d04,42.4809
caf,2010,d05,36.9402
caf,2010,d06,45.7987
caf,2010,d07,47.9683
caf,2010,d08,52.9851
caf,2010,d09,61.4871
caf,2010,d10,59.8692
caf,2018,d01,12.2206
caf,2018,d02,14.4101
caf,2018,d03,18.1193
caf,2018,d04,14.827
caf,2018,d05,23.3836
caf,2018,d06,24.7234
caf,2018,d07,27.8652
caf,2018,d08,25.4424
caf,2018,d09,37.8871
caf,2018,d10,48.7509
civ,1994,d01,21.7812
civ,1994,d02,35.4158
civ,1994,d03,28.8405
civ,1994,d04,46.2814
civ,1994,d05,44.8369
civ,1994,d06,50.9255
civ,1994,d07,69.4119
civ,1994,d08,69.0451
civ,1994,d09,69.9392
civ,1994,d10,92.0974
civ,1998,d01,36.6667
civ,1998,d02,43.2432
civ,1998,d03,53.9952
civ,1998,d04,71.3617
civ,1998,d05,50.5126
civ,1998,d06,49.3353
civ,1998,d07,70.2809
civ,1998,d08,83.2819
civ,1998,d09,89.0581
civ,1998,d10,86.7575
civ,2006,d01,66.0735
civ,2006,d02,66.8141
civ,2006,d03,74.6618
civ,2006,d04,81.7724
civ,2006,d05,84.2621
civ,2006,d06,83.9156
civ,2006,d07,82.773
civ,2006,d08,93.7591
civ,2006,d09,93.3367
civ,2006,d10,91.4186
civ,2011,d01,58.7653
civ,2011,d02,69.9319
civ,2011,d03,64.5696
civ,2011,d04,67.8741
civ,2011,d05,69.8002
civ,2011,d06,63.7533
civ,2011,d07,70.8361
civ,2011,d08,73.3694
civ,2011,d09,76.1458
civ,2011,d10,85.0151
civ,2016,d01,48.508
civ,2016,d02,47.911
civ,2016,d03,61.5733
civ,2016,d04,61.3869
civ,2016,d05,57.3634
civ,2016,d06,56.8093
civ,2016,d07,72.8518
civ,2016,d08,71.6301
civ,2016,d09,80.9785
civ,2016,d10,75.4723
cmr,1998,d01,32.4675
cmr,1998,d02,36.4009
cmr,1998,d03,38.6068
cmr,1998,d04,28.9769
cmr,1998,d05,45.7781
cmr,1998,d06,56.5409
cmr,1998,d07,48.4768
cmr,1998,d08,71.7362
cmr,1998,d09,58.4198
cmr,1998,d10,72.2972
cmr,2004,d01,61.419
cmr,2004,d02,66.6615
cmr,2004,d03,68.7117
cmr,2004,d04,72.5089
cmr,2004,d05,62.0727
cmr,2004,d06,71.6205
cmr,2004,d07,62.6412
cmr,2004,d08,75.9225
cmr,2004,d09,69.3182
cmr,2004,d10,74.3441
cmr,2006,d01,73.9582
cmr,2006,d02,62.3919
cmr,2006,d03,69.1987
cmr,2006,d04,83.1683
cmr,2006,d05,70.1895
cmr,2006,d06,80.0465
cmr,2006,d07,85.0396
cmr,2006,d08,77.9624
cmr,2006,d09,81.6925
cmr,2006,d10,81.3502
cmr,2011,d01,59.3533
cmr,2011,d02,59.9787
cmr,2011,d03,70.5486
cmr,2011,d04,73.9114
cmr,2011,d05,72.8998
cmr,2011,d06,74.6934
cmr,2011,d07,69.146
cmr,2011,d08,70.6923
cmr,2011,d09,79.5387
cmr,2011,d10,79.5324
cmr,2014,d01,72.2595
cmr,2014,d02,75.4667
cmr,2014,d03,84.7551
cmr,2014,d04,89.6335
cmr,2014,d05,86.0577
cmr,2014,d06,90.3163
cmr,2014,d07,89.2199
cmr,2014,d08,91.5741
cmr,2014,d09,88.3897
cmr,2014,d10,95.9092
cmr,2018,d01,47.3683
cmr,2018,d02,60.4523
cmr,2018,d03,60.1395
cmr,2018,d04,67.1965
cmr,2018,d05,67.9884
cmr,2018,d06,74.1278
cmr,2018,d07,75.5467
cmr,2018,d08,76.4006
cmr,2018,d09,73.6899
cmr,2018,d10,83.8468
cod,2007,d01,34.1844
cod,2007,d02,35.5762
cod,2007,d03,44.2278
cod,2007,d04,45.0385
cod,2007,d05,48.7999
cod,2007,d06,44.1056
cod,2007,d07,49.9639
cod,2007,d08,46.7734
cod,2007,d09,58.0532
cod,2007,d10,64.8662
cod,2010,d01,48.491
cod,2010,d02,48.1904
cod,2010,d03,50.95
cod,2010,d04,59.8787
cod,2010,d05,57.0937
cod,2010,d06,63.3841
cod,2010,d07,72.4399
cod,2010,d08,58.3198
cod,2010,d09,67.7813
cod,2010,d10,68.6228
cod,2013,d01,53.4662
cod,2013,d02,66.289
cod,2013,d03,58.7767
cod,2013,d04,58.3236
cod,2013,d05,64.6122
cod,2013,d06,64.0643
cod,2013,d07,65.0003
cod,2013,d08,72.2183
cod,2013,d09,74.9842
cod,2013,d10,85.673
cod,2017,d01,18.0927
cod,2017,d02,18.1726
cod,2017,d03,27.877
cod,2017,d04,22.7313
cod,2017,d05,23.403
cod,2017,d06,32.0125
cod,2017,d07,31.1164
cod,2017,d08,34.4778
cod,2017,d09,43.376
cod,2017,d10,55.2775
cog,2005,d01,47.0197
cog,2005,d02,54.9428
cog,2005,d03,61.5362
cog,2005,d04,67.9214
cog,2005,d05,70.6525
cog,2005,d06,80.9161
cog,2005,d07,78.5764
cog,2005,d08,76.7196
cog,2005,d09,81.8091
cog,2005,d10,92.8399
cog,2011,d01,49.2027
cog,2011,d02,60.6027
cog,2011,d03,56.4018
cog,2011,d04,57.332
cog,2011,d05,60.5834
cog,2011,d06,50.097
cog,2011,d07,62.7032
cog,2011,d08,65.4111
cog,2011,d09,59.7245
cog,2011,d10,56.079
cog,2014,d01,32.1603
cog,2014,d02,40.8116
cog,2014,d03,32.0693
cog,2014,d04,63.5542
cog,2014,d05,52.6141
cog,2014,d06,51.413
cog,2014,d07,50.3794
cog,2014,d08,55.7503
cog,2014,d09,42.4376
cog,2014,d10,41.4813
col,1995,d01,64.7734
col,1995,d02,71.1955
col,1995,d03,68.1776
col,1995,d04,81.329
col,1995,d05,74.4701
col,1995,d06,82.8337
col,1995,d07,83.1091
col,1995,d08,78.3561
col,1995,d09,93.3162
col,1995,d10,83.8439
col,2005,d01,56.0445
col,2005,d02,69.7259
col,2005,d03,71.5239
col,2005,d04,62.3221
col,2005,d05,78.9433
col,2005,d06,72.1957
col,2005,d07,71.2841
col,2005,d08,77.5058
col,2005,d09,79.4346
col,2005,d10,80.4963
col,2010,d01,76.7164
col,2010,d02,83.5815
col,2010,d03,87.1699
col,2010,d04,85.8169
col,2010,d05,79.9118
col,2010,d06,88.6308
col,2010,d07,82.3666
col,2010,d08,78.0995
col,2010,d09,80.6756
col,2010,d10,81.8737
com,2012,d01,50.7997
com,2012,d02,62.4218
com,2012,d03,68.495
com,2012,d04,61.9315
com,2012,d05,80.3105
com,2012,d06,79.7348
com,2012,d07,77.4281
com,2012,d08,80.9261
com,2012,d09,77.6737
com,2012,d10,82.7172
cri,2018,d01,91.8572
cri,2018,d02,96.719
cri,2018,d03,84.2298
cri,2018,d04,94.0843
cri,2018,d05,88.9523
cri,2018,d06,96.8776
cri,2018,d07,98.7932
cri,2018,d08,96.8257
cri,2018,d09,88.6476
cri,2018,d10,100
dom,1996,d01,33.4045
dom,1996,d02,47.4442
dom,1996,d03,28.1646
dom,1996,d04,49.7254
dom,1996,d05,48.7091
dom,1996,d06,57.8756
dom,1996,d07,59.283
dom,1996,d08,53.6971
dom,1996,d09,61.1721
dom,1996,d10,71.6941
dom,2002,d01,39.0937
dom,2002,d02,34.8709
dom,2002,d03,37.0803
dom,2002,d04,48.9088
dom,2002,d05,51.9817
dom,2002,d06,53.506
dom,2002,d07,45.1749
dom,2002,d08,57.4363
dom,2002,d09,36.4323
dom,2002,d10,54.325
dom,2007,d01,56.2127
dom,2007,d02,69.5122
dom,2007,d03,65.3151
dom,2007,d04,65.6786
dom,2007,d05,71.2642
dom,2007,d06,78.5562
dom,2007,d07,74.9667
dom,2007,d08,73.7921
dom,2007,d09,80.6294
dom,2007,d10,92.805
dom,2013,d01,48.3972
dom,2013,d02,67.085
dom,2013,d03,74.3047
dom,2013,d04,76.9563
dom,2013,d05,63.1289
dom,2013,d06,72.0055
dom,2013,d07,73.1531
dom,2013,d08,63.5526
dom,2013,d09,73.6641
dom,2013,d10,54.5114
dom,2014,d01,51.3324
dom,2014,d02,62.0842
dom,2014,d03,64.1178
dom,2014,d04,69.4972
dom,2014,d05,73.2101
dom,2014,d06,70.6212
dom,2014,d07,68.0252
dom,2014,d08,74.4379
dom,2014,d09,80.1235
dom,2014,d10,76.5572
dom,2019,d01,44.0457
dom,2019,d02,41.6806
dom,2019,d03,40.8158
dom,2019,d04,48.1038
dom,2019,d05,50.9866
dom,2019,d06,49.3652
dom,2019,d07,55.1218
dom,2019,d08,41.9611
dom,2019,d09,40.1092
dom,2019,d10,46.2179
dza,2012,d01,79.6343
dza,2012,d02,86.6076
dza,2012,d03,89.1903
dza,2012,d04,89.922
dza,2012,d05,92.3282
dza,2012,d06,92.7184
dza,2012,d07,95.0664
dza,2012,d08,91.4321
dza,2012,d09,88.4142
dza,2012,d10,87.0235
dza,2018,d01,46.5549
dza,2018,d02,58.851
dza,2018,d03,62.5354
dza,2018,d04,59.7901
dza,2018,d05,63.2598
dza,2018,d06,55.6719
dza,2018,d07,56.8289
dza,2018,d08,61.7424
dza,2018,d09,66.3527
dza,2018,d10,57.0769
ecu,2012,d01,78.9389
ecu,2012,d02,81.8854
ecu,2012,d03,84.3868
ecu,2012,d04,85.1572
ecu,2012,d05,80.1128
ecu,2012,d06,85.4286
ecu,2012,d07,92.9238
ecu,2012,d08,81.0603
ecu,2012,d09,93.7461
ecu,2012,d10,86.0345
ecu,2018,d01,85.7178
ecu,2018,d02,87.9948
ecu,2018,d03,92.2563
ecu,2018,d04,88.9404
ecu,2018,d05,84.697
ecu,2018,d06,88.0203
ecu,2018,d07,90.5431
ecu,2018,d08,88.4594
ecu,2018,d09,90.4299
ecu,2018,d10,88.4521
egy,1995,d01,72.4887
egy,1995,d02,73.757
egy,1995,d03,80.0772
egy,1995,d04,79.1405
egy,1995,d05,83.0439
egy,1995,d06,89.0865
egy,1995,d07,89.1799
egy,1995,d08,91.9394
egy,1995,d09,95.1425
egy,1995,d10,94.9879
egy,2000,d01,93.0862
egy,2000,d02,98.6839
egy,2000,d03,94.5189
egy,2000,d04,96.2113
egy,2000,d05,93.0864
egy,2000,d06,95.668
egy,2000,d07,95.7985
egy,2000,d08,95.4952
egy,2000,d09,92.6809
egy,2000,d10,93.8803
egy,2005,d01,86.8687
egy,2005,d02,86.1414
egy,2005,d03,89.6305
egy,2005,d04,88.361
egy,2005,d05,93.8972
egy,2005,d06,90.0668
egy,2005,d07,88.5942
egy,2005,d08,90.4862
egy,2005,d09,90.8368
egy,2005,d10,89.435
egy,2008,d01,93.8267
egy,2008,d02,94.8278
egy,2008,d03,92.3002
egy,2008,d04,94.3084
egy,2008,d05,95.1514
egy,2008,d06,95.5982
egy,2008,d07,92.3288
egy,2008,d08,95.6467
egy,2008,d09,96.5027
egy,2008,d10,95.6537
egy,2014,d01,96.3437
egy,2014,d02,95.1413
egy,2014,d03,97.3605
egy,2014,d04,97.4653
egy,2014,d05,96.1107
egy,2014,d06,96.9467
egy,2014,d07,96.1215
egy,2014,d08,96.2308
egy,2014,d09,96.6017
egy,2014,d10,98.2157
eth,2000,d01,31.6174
eth,2000,d02,27.668
eth,2000,d03,31.4103
eth,2000,d04,26.6263
eth,2000,d05,27.68
eth,2000,d06,29.4388
eth,2000,d07,34.5909
eth,2000,d08,43.2464
eth,2000,d09,40.5732
eth,2000,d10,70.3296
eth,2005,d01,33.3857
eth,2005,d02,44.412
eth,2005,d03,39.0819
eth,2005,d04,39.8335
eth,2005,d05,41.5611
eth,2005,d06,52.0843
eth,2005,d07,42.3323
eth,2005,d08,57.6184
eth,2005,d09,47.7611
eth,2005,d10,74.0424
eth,2011,d01,34.9979
eth,2011,d02,40.7566
eth,2011,d03,42.0379
eth,2011,d04,38.6163
eth,2011,d05,45.5729
eth,2011,d06,39.6802
eth,2011,d07,43.7446
eth,2011,d08,40.97
eth,2011,d09,56.5442
eth,2011,d10,81.3754
eth,2016,d01,40.3959
eth,2016,d02,46.0526
eth,2016,d03,50.8455
eth,2016,d04,56.1626
eth,2016,d05,63.5287
eth,2016,d06,49.9357
eth,2016,d07,66.6087
eth,2016,d08,58.4832
eth,2016,d09,63.1128
eth,2016,d10,86.4993
eth,2019,d01,33.6904
eth,2019,d02,50.1229
eth,2019,d03,58.7239
eth,2019,d04,63.0002
eth,2019,d05,50.4419
eth,2019,d06,56.1866
eth,2019,d07,57.2792
eth,2019,d08,53.8912
eth,2019,d09,89.4846
eth,2019,d10,75.1001
gab,2000,d01,14.9271
gab,2000,d02,23.9124
gab,2000,d03,21.1705
gab,2000,d04,32.9284
gab,2000,d05,33.4244
gab,2000,d06,28.6754
gab,2000,d07,31.3663
gab,2000,d08,30.4837
gab,2000,d09,46.0093
gab,2000,d10,25.9951
gab,2012,d01,39.0598
gab,2012,d02,52.9914
gab,2012,d03,50.4262
gab,2012,d04,56.1071
gab,2012,d05,29.7359
gab,2012,d06,29.0078
gab,2012,d07,42.6294
gab,2012,d08,40.3983
gab,2012,d09,32.2613
gab,2012,d10,26.5524
gha,1993,d01,48.6111
gha,1993,d02,37.5
gha,1993,d03,64.7059
gha,1993,d04,57.8947
gha,1993,d05,48.3333
gha,1993,d06,64.4737
gha,1993,d07,64.5161
gha,1993,d08,72.2222
gha,1993,d09,74.5763
gha,1993,d10,91.8033
gha,1998,d01,60.1585
gha,1998,d02,63.5188
gha,1998,d03,63.3834
gha,1998,d04,65.6528
gha,1998,d05,77.9118
gha,1998,d06,69.1725
gha,1998,d07,69.2067
gha,1998,d08,90.1269
gha,1998,d09,90.3968
gha,1998,d10,85.0389
gha,2003,d01,63.5077
gha,2003,d02,74.8527
gha,2003,d03,84.6128
gha,2003,d04,77.5557
gha,2003,d05,85.7216
gha,2003,d06,84.845
gha,2003,d07,87.1354
gha,2003,d08,77.6958
gha,2003,d09,84.9454
gha,2003,d10,82.9826
gha,2006,d01,77.5188
gha,2006,d02,76.5201
gha,2006,d03,77.96
gha,2006,d04,76.21
gha,2006,d05,90.3267
gha,2006,d06,80.8023
gha,2006,d07,83.9232
gha,2006,d08,90.281
gha,2006,d09,82.1218
gha,2006,d10,91.5467
gha,2008,d01,85.8715
gha,2008,d02,88.6578
gha,2008,d03,91.0644
gha,2008,d04,81.0275
gha,2008,d05,83.8186
gha,2008,d06,79.8593
gha,2008,d07,91.0438
gha,2008,d08,89.5135
gha,2008,d09,86.7892
gha,2008,d10,93.582
gha,2011,d01,92.6765
gha,2011,d02,92.2933
gha,2011,d03,86.4007
gha,2011,d04,92.447
gha,2011,d05,96.0363
gha,2011,d06,93.3337
gha,2011,d07,92.0925
gha,2011,d08,92.9737
gha,2011,d09,86.4593
gha,2011,d10,84.8175
gha,2014,d01,83.9725
gha,2014,d02,89.0332
gha,2014,d03,88.8225
gha,2014,d04,82.9181
gha,2014,d05,79.523
gha,2014,d06,93.0406
gha,2014,d07,87.2757
gha,2014,d08,85.7219
gha,2014,d09,81.6549
gha,2014,d10,83.08
gha,2017,d01,85.7366
gha,2017,d02,83.1285
gha,2017,d03,82.9122
gha,2017,d04,88.6182
gha,2017,d05,86.2448
gha,2017,d06,89.7637
gha,2017,d07,86.8568
gha,2017,d08,95.3266
gha,2017,d09,90.7315
gha,2017,d10,83.0902
gin,1999,d01,26.1529
gin,1999,d02,31.1211
gin,1999,d03,34.6974
gin,1999,d04,29.043
gin,1999,d05,36.9397
gin,1999,d06,48.254
gin,1999,d07,51.78
gin,1999,d08,52.1351
gin,1999,d09,64.4262
gin,1999,d10,66.2199
gin,2005,d01,37.5859
gin,2005,d02,42.9745
gin,2005,d03,41.6261
gin,2005,d04,50.5119
gin,2005,d05,49.7057
gin,2005,d06,58.3464
gin,2005,d07,61.7919
gin,2005,d08,64.8095
gin,2005,d09,65.7722
gin,2005,d10,47.061
gin,2012,d01,31.1516
gin,2012,d02,43.8519
gin,2012,d03,51.7364
gin,2012,d04,53.6505
gin,2012,d05,46.5749
gin,2012,d06,53.2638
gin,2012,d07,57.2576
gin,2012,d08,61.5798
gin,2012,d09,54.1063
gin,2012,d10,65.3427
gin,2016,d01,16.467
gin,2016,d02,21.0168
gin,2016,d03,40.148
gin,2016,d04,26.8243
gin,2016,d05,31.9291
gin,2016,d06,40.3701
gin,2016,d07,42.5716
gin,2016,d08,44.1187
gin,2016,d09,58.0497
gin,2016,d10,63.8345
gin,2018,d01,26.5549
gin,2018,d02,35.2795
gin,2018,d03,36.2464
gin,2018,d04,45.8401
gin,2018,d05,36.3754
gin,2018,d06,33.906
gin,2018,d07,44.6152
gin,2018,d08,49.9292
gin,2018,d09,51.2282
gin,2018,d10,45.3094
gmb,2005,d01,92.2322
gmb,2005,d02,90.5708
gmb,2005,d03,88.3072
gmb,2005,d04,86.3158
gmb,2005,d05,86.3579
gmb,2005,d06,86.8593
gmb,2005,d07,86.0963
gmb,2005,d08,78.8884
gmb,2005,d09,88.6836
gmb,2005,d10,83.6478
gmb,2010,d01,95.5185
gmb,2010,d02,97.993
gmb,2010,d03,95.4725
gmb,2010,d04,92.566
gmb,2010,d05,91.3203
gmb,2010,d06,95.0085
gmb,2010,d07,92.9179
gmb,2010,d08,98.1921
gmb,2010,d09,96.1597
gmb,2010,d10,95.5414
gmb,2013,d01,90.9527
gmb,2013,d02,93.397
gmb,2013,d03,88.4084
gmb,2013,d04,88.618
gmb,2013,d05,92.2077
gmb,2013,d06,90.9093
gmb,2013,d07,85.4191
gmb,2013,d08,93.7397
gmb,2013,d09,95.2073
gmb,2013,d10,79.8073
gmb,2018,d01,94.4165
gmb,2018,d02,91.5501
gmb,2018,d03,95.8555
gmb,2018,d04,92.1276
gmb,2018,d05,93.7303
gmb,2018,d06,92.8057
gmb,2018,d07,83.8573
gmb,2018,d08,91.3639
gmb,2018,d09,91.5807
gmb,2018,d10,94.2051
gmb,2019,d01,93.0348
gmb,2019,d02,94.1339
gmb,2019,d03,90.3705
gmb,2019,d04,93.8515
gmb,2019,d05,94.0737
gmb,2019,d06,84.8665
gmb,2019,d07,88.768
gmb,2019,d08,90.2551
gmb,2019,d09,96.4107
gmb,2019,d10,89.0318
gnb,2006,d01,48.5295
gnb,2006,d02,55.3909
gnb,2006,d03,56.0624
gnb,2006,d04,63.5992
gnb,2006,d05,63.3663
gnb,2006,d06,58.9524
gnb,2006,d07,69.5887
gnb,2006,d08,54.2273
gnb,2006,d09,74.1718
gnb,2006,d10,72.6054
gnb,2014,d01,67.7106
gnb,2014,d02,69.5561
gnb,2014,d03,75.5272
gnb,2014,d04,83.9674
gnb,2014,d05,83.6554
gnb,2014,d06,81.5074
gnb,2014,d07,75.2311
gnb,2014,d08,72.6184
gnb,2014,d09,82.1706
gnb,2014,d10,87.523
gnb,2018,d01,78.2894
gnb,2018,d02,79.1931
gnb,2018,d03,80.7891
gnb,2018,d04,77.9823
gnb,2018,d05,85.5743
gnb,2018,d06,90.1232
gnb,2018,d07,79.3633
gnb,2018,d08,78.956
gnb,2018,d09,78.2615
gnb,2018,d10,87.2494
gtm,1995,d01,51.911
gtm,1995,d02,63.7696
gtm,1995,d03,55.7414
gtm,1995,d04,59.0921
gtm,1995,d05,56.4119
gtm,1995,d06,59.9725
gtm,1995,d07,52.0529
gtm,1995,d08,57.8877
gtm,1995,d09,52.6138
gtm,1995,d10,63.0283
gtm,1998,d01,59.8813
gtm,1998,d02,73.3061
gtm,1998,d03,72.1504
gtm,1998,d04,59.2603
gtm,1998,d05,61.0694
gtm,1998,d06,66.6402
gtm,1998,d07,57.938
gtm,1998,d08,77.426
gtm,1998,d09,63.2483
gtm,1998,d10,82.2171
gtm,2014,d01,75.4382
gtm,2014,d02,75.8036
gtm,2014,d03,80.2669
gtm,2014,d04,82.0395
gtm,2014,d05,86.0102
gtm,2014,d06,86.0877
gtm,2014,d07,88.1063
gtm,2014,d08,88.0537
gtm,2014,d09,86.4824
gtm,2014,d10,90.6075
guy,2014,d01,84.1111
guy,2014,d02,91.7594
guy,2014,d03,90.6042
guy,2014,d04,86.7809
guy,2014,d05,84.2974
guy,2014,d06,84.1727
guy,2014,d07,88.3688
guy,2014,d08,90.8172
guy,2014,d09,96.6528
guy,2014,d10,86.3546
guy,2019,d01,60.8362
guy,2019,d02,78.8282
guy,2019,d03,62.3878
guy,2019,d04,74.3875
guy,2019,d05,92.6662
guy,2019,d06,81.1234
guy,2019,d07,76.6018
guy,2019,d08,69.9721
guy,2019,d09,91.854
guy,2019,d10,76.1893
hnd,2005,d01,91.8272
hnd,2005,d02,93.7162
hnd,2005,d03,86.7223
hnd,2005,d04,89.0176
hnd,2005,d05,88.6196
hnd,2005,d06,87.6575
hnd,2005,d07,83.4644
hnd,2005,d08,88.7591
hnd,2005,d09,86.5306
hnd,2005,d10,72.296
hnd,2011,d01,96.5847
hnd,2011,d02,95.3705
hnd,2011,d03,95.5667
hnd,2011,d04,94.9259
hnd,2011,d05,95.299
hnd,2011,d06,94.8573
hnd,2011,d07,97.2595
hnd,2011,d08,94.6652
hnd,2011,d09,98.3664
hnd,2011,d10,97.9985
hnd,2019,d01,88.4287
hnd,2019,d02,91.5747
hnd,2019,d03,85.8039
hnd,2019,d04,94.9527
hnd,2019,d05,88.895
hnd,2019,d06,85.2883
hnd,2019,d07,91.8238
hnd,2019,d08,85.4136
hnd,2019,d09,85.7741
hnd,2019,d10,91.3655
hti,1994,d01,33.7838
hti,1994,d02,22.6818
hti,1994,d03,31.1432
hti,1994,d04,29.1739
hti,1994,d05,44.8077
hti,1994,d06,43.883
hti,1994,d07,53.2785
hti,1994,d08,55.1057
hti,1994,d09,55.1459
hti,1994,d10,57.7124
hti,2000,d01,29.6683
hti,2000,d02,31.6828
hti,2000,d03,36.8019
hti,2000,d04,37.0061
hti,2000,d05,39.7912
hti,2000,d06,55.2667
hti,2000,d07,44.5025
hti,2000,d08,44.1561
hti,2000,d09,53.5322
hti,2000,d10,73.1534
hti,2005,d01,40.0555
hti,2005,d02,51.4652
hti,2005,d03,54.0515
hti,2005,d04,45.2195
hti,2005,d05,58.8087
hti,2005,d06,51.3783
hti,2005,d07,53.2317
hti,2005,d08,39.6986
hti,2005,d09,64.3538
hti,2005,d10,73.2824
hti,2012,d01,58.2309
hti,2012,d02,44.7118
hti,2012,d03,63.5526
hti,2012,d04,63.3454
hti,2012,d05,58.7189
hti,2012,d06,66.5625
hti,2012,d07,53.0976
hti,2012,d08,62.3227
hti,2012,d09,72.1465
hti,2012,d10,55.4225
hti,2016,d01,37.8301
hti,2016,d02,50.6273
hti,2016,d03,50.9219
hti,2016,d04,45.5476
hti,2016,d05,52.2028
hti,2016,d06,54.3998
hti,2016,d07,72.8548
hti,2016,d08,49.4072
hti,2016,d09,78.6228
hti,2016,d10,74.303
idn,1997,d01,58.1871
idn,1997,d02,65.144
idn,1997,d03,71.4806
idn,1997,d04,69.6263
idn,1997,d05,76.8993
idn,1997,d06,76.7179
idn,1997,d07,72.7856
idn,1997,d08,76.4038
idn,1997,d09,90.9593
idn,1997,d10,89.6877
idn,2002,d01,49.7227
idn,2002,d02,53.9361
idn,2002,d03,58.212
idn,2002,d04,60.9292
idn,2002,d05,73.9703
idn,2002,d06,66.1967
idn,2002,d07,70.9633
idn,2002,d08,70.983
idn,2002,d09,75.1388
idn,2002,d10,86.0612
idn,2007,d01,51.7374
idn,2007,d02,60.3517
idn,2007,d03,68.4108
idn,2007,d04,66.0984
idn,2007,d05,75.7489
idn,2007,d06,75.2866
idn,2007,d07,82.4283
idn,2007,d08,85.1466
idn,2007,d09,82.3544
idn,2007,d10,91.0964
idn,2012,d01,54.4906
idn,2012,d02,69.1645
idn,2012,d03,71.2352
idn,2012,d04,79.9724
idn,2012,d05,78.6209
idn,2012,d06,82.0455
idn,2012,d07,73.8255
idn,2012,d08,85.7095
idn,2012,d09,86.7851
idn,2012,d10,87.457
idn,2017,d01,64.4701
idn,2017,d02,67.3248
idn,2017,d03,66.0295
idn,2017,d04,77.7139
idn,2017,d05,74.6472
idn,2017,d06,74.3552
idn,2017,d07,72.9503
idn,2017,d08,79.6542
idn,2017,d09,75.2092
idn,2017,d10,74.1428
ind,1998,d01,43.8658
ind,1998,d02,44.6424
ind,1998,d03,44.7434
ind,1998,d04,55.9034
ind,1998,d05,59.8423
ind,1998,d06,66.4253
ind,1998,d07,70.1365
ind,1998,d08,72.6797
ind,1998,d09,75.8761
ind,1998,d10,80.9107
ind,2005,d01,70.4718
ind,2005,d02,69.2862
ind,2005,d03,76.4412
ind,2005,d04,77.0468
ind,2005,d05,80.8585
ind,2005,d06,82.3013
ind,2005,d07,80.9134
ind,2005,d08,81.4722
ind,2005,d09,84.8822
ind,2005,d10,90.0533
ind,2015,d01,64.2278
ind,2015,d02,69.4269
ind,2015,d03,71.4868
ind,2015,d04,73.4113
ind,2015,d05,75.6265
ind,2015,d06,75.1
ind,2015,d07,76.1618
ind,2015,d08,78.0931
ind,2015,d09,76.2166
ind,2015,d10,80.8468
ind,2019,d01,75.6701
ind,2019,d02,77.4825
ind,2019,d03,80.1641
ind,2019,d04,80.8386
ind,2019,d05,83.6302
ind,2019,d06,84.4653
ind,2019,d07,82.0636
ind,2019,d08,85.0382
ind,2019,d09,84.2238
ind,2019,d10,81.5364
irq,2011,d01,61.7452
irq,2011,d02,69.6936
irq,2011,d03,74.4111
irq,2011,d04,75.9792
irq,2011,d05,78.0623
irq,2011,d06,75.9023
irq,2011,d07,80.2096
irq,2011,d08,85.5966
irq,2011,d09,83.1086
irq,2011,d10,80.2747
irq,2018,d01,53.6671
irq,2018,d02,69.6449
irq,2018,d03,68.777
irq,2018,d04,79.8123
irq,2018,d05,65.7588
irq,2018,d06,77.0139
irq,2018,d07,68.5824
irq,2018,d08,83.6852
irq,2018,d09,88.3795
irq,2018,d10,88.3157
jor,1997,d01,96.0022
jor,1997,d02,100
jor,1997,d03,96.7254
jor,1997,d04,95.5327
jor,1997,d05,96.2712
jor,1997,d06,93.9757
jor,1997,d07,97.4319
jor,1997,d08,93.9593
jor,1997,d09,97.1323
jor,1997,d10,87.1161
jor,2002,d01,98.4303
jor,2002,d02,99.0221
jor,2002,d03,99.8086
jor,2002,d04,97.1474
jor,2002,d05,95.1107
jor,2002,d06,95.3952
jor,2002,d07,99.223
jor,2002,d08,96.348
jor,2002,d09,96.4916
jor,2002,d10,100
jor,2007,d01,94.6356
jor,2007,d02,98.6
jor,2007,d03,95.6774
jor,2007,d04,99.1283
jor,2007,d05,96.8509
jor,2007,d06,99.1774
jor,2007,d07,96.3102
jor,2007,d08,100
jor,2007,d09,99.7312
jor,2007,d10,100
jor,2012,d01,93.5961
jor,2012,d02,98.785
jor,2012,d03,99.38
jor,2012,d04,98.8071
jor,2012,d05,99.5296
jor,2012,d06,98.7049
jor,2012,d07,98.7929
jor,2012,d08,99.8631
jor,2012,d09,99.9169
jor,2012,d10,97.9044
jor,2017,d01,83.745
jor,2017,d02,85.6126
jor,2017,d03,85.1114
jor,2017,d04,87.6181
jor,2017,d05,84.5216
jor,2017,d06,87.4399
jor,2017,d07,86.0945
jor,2017,d08,86.891
jor,2017,d09,64.9598
jor,2017,d10,94.8233
kaz,2006,d01,98.2278
kaz,2006,d02,96.2006
kaz,2006,d03,97.9915
kaz,2006,d04,93.3296
kaz,2006,d05,95.3025
kaz,2006,d06,97.3453
kaz,2006,d07,95.6557
kaz,2006,d08,96.9178
kaz,2006,d09,94.3178
kaz,2006,d10,99.4064
kaz,2010,d01,89.4085
kaz,2010,d02,87.9469
kaz,2010,d03,93.1267
kaz,2010,d04,86.2025
kaz,2010,d05,87.7084
kaz,2010,d06,91.1949
kaz,2010,d07,85.1923
kaz,2010,d08,80.8041
kaz,2010,d09,87.9033
kaz,2010,d10,83.6133
kaz,2015,d01,94.4714
kaz,2015,d02,94.4752
kaz,2015,d03,95.496
kaz,2015,d04,94.0885
kaz,2015,d05,88.7962
kaz,2015,d06,94.3551
kaz,2015,d07,86.6251
kaz,2015,d08,79.2488
kaz,2015,d09,73.4841
kaz,2015,d10,92.1775
ken,1993,d01,76.4059
ken,1993,d02,76.5285
ken,1993,d03,80.0159
ken,1993,d04,85.7556
ken,1993,d05,86.8691
ken,1993,d06,82.5768
ken,1993,d07,95.9548
ken,1993,d08,91.234
ken,1993,d09,92.3558
ken,1993,d10,96.0712
ken,1998,d01,61.3303
ken,1998,d02,72.6954
ken,1998,d03,76.8802
ken,1998,d04,72.3624
ken,1998,d05,79.9182
ken,1998,d06,85.7523
ken,1998,d07,77.7873
ken,1998,d08,75.7834
ken,1998,d09,81.06
ken,1998,d10,66.906
ken,2003,d01,58.5072
ken,2003,d02,52.7808
ken,2003,d03,63.4618
ken,2003,d04,75.4884
ken,2003,d05,75.4944
ken,2003,d06,75.9671
ken,2003,d07,76.5363
ken,2003,d08,68.2215
ken,2003,d09,61.8866
ken,2003,d10,73.4452
ken,2008,d01,72.5867
ken,2008,d02,71.9498
ken,2008,d03,83.0235
ken,2008,d04,78.2052
ken,2008,d05,89.2434
ken,2008,d06,81.7923
ken,2008,d07,82.4058
ken,2008,d08,69.0045
ken,2008,d09,78.6486
ken,2008,d10,69.466
ken,2014,d01,74.8829
ken,2014,d02,84.0983
ken,2014,d03,83.7599
ken,2014,d04,82.6028
ken,2014,d05,87.8615
ken,2014,d06,76.2594
ken,2014,d07,82.362
ken,2014,d08,84.0705
ken,2014,d09,83.346
ken,2014,d10,78.1253
kgz,2012,d01,85.5792
kgz,2012,d02,87.3487
kgz,2012,d03,94.9146
kgz,2012,d04,92.0703
kgz,2012,d05,82.9891
kgz,2012,d06,73.2032
kgz,2012,d07,76.8359
kgz,2012,d08,78.2059
kgz,2012,d09,75.1638
kgz,2012,d10,58.0653
kgz,2014,d01,89.3852
kgz,2014,d02,88.12
kgz,2014,d03,91.5487
kgz,2014,d04,93.6881
kgz,2014,d05,90.4749
kgz,2014,d06,88.8543
kgz,2014,d07,88.7326
kgz,2014,d08,98.4928
kgz,2014,d09,73.1798
kgz,2014,d10,89.3879
kgz,2018,d01,91.4347
kgz,2018,d02,75.7715
kgz,2018,d03,87.1141
kgz,2018,d04,87.5304
kgz,2018,d05,78.4345
kgz,2018,d06,74.2883
kgz,2018,d07,78.4544
kgz,2018,d08,77.9915
kgz,2018,d09,68.1354
kgz,2018,d10,55.6945
khm,2000,d01,37.4221
khm,2000,d02,40.0796
khm,2000,d03,43.103
khm,2000,d04,51.8793
khm,2000,d05,52.8112
khm,2000,d06,51.6676
khm,2000,d07,57.9021
khm,2000,d08,56.0705
khm,2000,d09,81.026
khm,2000,d10,76.0822
khm,2005,d01,64.6346
khm,2005,d02,67.0436
khm,2005,d03,77.3455
khm,2005,d04,78.1528
khm,2005,d05,79.16
khm,2005,d06,77.7658
khm,2005,d07,86.8252
khm,2005,d08,82.7402
khm,2005,d09,76.0738
khm,2005,d10,93.27
khm,2010,d01,70.1877
khm,2010,d02,80.7363
khm,2010,d03,79.2804
khm,2010,d04,86.7781
khm,2010,d05,87.3311
khm,2010,d06,89.7931
khm,2010,d07,92.6239
khm,2010,d08,88.7324
khm,2010,d09,89.0536
khm,2010,d10,95.8881
khm,2014,d01,68.2413
khm,2014,d02,75.4647
khm,2014,d03,73.0412
khm,2014,d04,80.7377
khm,2014,d05,75.053
khm,2014,d06,85.4446
khm,2014,d07,94.3211
khm,2014,d08,93.2091
khm,2014,d09,92.6945
khm,2014,d10,95.2764
kir,2018,d01,21.7565
kir,2018,d02,11.2598
kir,2018,d03,24.5939
kir,2018,d04,21.2114
kir,2018,d05,17.0276
kir,2018,d06,25.5185
kir,2018,d07,24.1217
kir,2018,d08,18.9431
kir,2018,d09,21.3935
kir,2018,d10,26.523
lao,2006,d01,29.7159
lao,2006,d02,35.033
lao,2006,d03,29.6241
lao,2006,d04,32.0163
lao,2006,d05,50.0875
lao,2006,d06,58.575
lao,2006,d07,50.333
lao,2006,d08,47.1232
lao,2006,d09,54.6756
lao,2006,d10,69.1551
lao,2011,d01,36.8254
lao,2011,d02,38.9777
lao,2011,d03,38.4669
lao,2011,d04,53.9889
lao,2011,d05,53.9433
lao,2011,d06,60.9007
lao,2011,d07,57.862
lao,2011,d08,61.9999
lao,2011,d09,65.4588
lao,2011,d10,75.4678
lao,2017,d01,46.7812
lao,2017,d02,57.7913
lao,2017,d03,61.0186
lao,2017,d04,65.6966
lao,2017,d05,66.9304
lao,2017,d06,70.8573
lao,2017,d07,66.8299
lao,2017,d08,81.4072
lao,2017,d09,78.9335
lao,2017,d10,79.5597
lbr,2007,d01,39.6113
lbr,2007,d02,32.7961
lbr,2007,d03,41.224
lbr,2007,d04,36.6596
lbr,2007,d05,55.8344
lbr,2007,d06,46.2064
lbr,2007,d07,65.8799
lbr,2007,d08,62.7498
lbr,2007,d09,63.6973
lbr,2007,d10,64.7445
lbr,2013,d01,61.2119
lbr,2013,d02,71.756
lbr,2013,d03,75.1777
lbr,2013,d04,75.4771
lbr,2013,d05,64.9111
lbr,2013,d06,76.979
lbr,2013,d07,62.8588
lbr,2013,d08,69.616
lbr,2013,d09,67.8021
lbr,2013,d10,82.3544
lbr,2019,d01,59.1735
lbr,2019,d02,50.4067
lbr,2019,d03,65.9334
lbr,2019,d04,69.602
lbr,2019,d05,65.3068
lbr,2019,d06,65.9433
lbr,2019,d07,60.8759
lbr,2019,d08,66.8566
lbr,2019,d09,72.4432
lbr,2019,d10,66.2723
lso,2004,d01,76.3025
lso,2004,d02,76.4831
lso,2004,d03,72.0126
lso,2004,d04,81.0302
lso,2004,d05,80.8902
lso,2004,d06,81.5885
lso,2004,d07,87.5939
lso,2004,d08,79.1021
lso,2004,d09,83.0323
lso,2004,d10,83.832
lso,2009,d01,65.2838
lso,2009,d02,75.9598
lso,2009,d03,77.4656
lso,2009,d04,77.0937
lso,2009,d05,83.961
lso,2009,d06,75.8464
lso,2009,d07,79.9735
lso,2009,d08,71.7775
lso,2009,d09,77.0103
lso,2009,d10,78.1266
lso,2014,d01,66.4713
lso,2014,d02,75.6056
lso,2014,d03,70.773
lso,2014,d04,76.6648
lso,2014,d05,84.2294
lso,2014,d06,88.7636
lso,2014,d07,83.7695
lso,2014,d08,75.2748
lso,2014,d09,71.4493
lso,2014,d10,79.9181
lso,2018,d01,82.8974
lso,2018,d02,76.9661
lso,2018,d03,84.9014
lso,2018,d04,81.2656
lso,2018,d05,57.78
lso,2018,d06,80.6012
lso,2018,d07,77.1547
lso,2018,d08,85.6086
lso,2018,d09,78.264
lso,2018,d10,64.5225
mar,2003,d01,85.6366
mar,2003,d02,91.885
mar,2003,d03,95.909
mar,2003,d04,95.6197
mar,2003,d05,97.9154
mar,2003,d06,95.6615
mar,2003,d07,96.5034
mar,2003,d08,98.8055
mar,2003,d09,98.4835
mar,2003,d10,99.5431
mdg,1997,d01,30.126
mdg,1997,d02,33.2851
mdg,1997,d03,27.2563
mdg,1997,d04,47.7666
mdg,1997,d05,37.0811
mdg,1997,d06,43.5945
mdg,1997,d07,65.6995
mdg,1997,d08,67.2707
mdg,1997,d09,81.783
mdg,1997,d10,75.8301
mdg,2003,d01,40.5673
mdg,2003,d02,40.5012
mdg,2003,d03,56.0463
mdg,2003,d04,58.2711
mdg,2003,d05,56.6489
mdg,2003,d06,69.0579
mdg,2003,d07,81.4229
mdg,2003,d08,89.2184
mdg,2003,d09,89.2096
mdg,2003,d10,90.6065
mdg,2008,d01,47.1485
mdg,2008,d02,53.8727
mdg,2008,d03,61.5733
mdg,2008,d04,68.1267
mdg,2008,d05,76.3106
mdg,2008,d06,75.503
mdg,2008,d07,87.6272
mdg,2008,d08,79.204
mdg,2008,d09,87.4903
mdg,2008,d10,87.8851
mdg,2018,d01,29.4829
mdg,2018,d02,41.0116
mdg,2018,d03,42.8665
mdg,2018,d04,58.4196
mdg,2018,d05,54.7513
mdg,2018,d06,52.1288
mdg,2018,d07,67.0298
mdg,2018,d08,65.6843
mdg,2018,d09,70.845
mdg,2018,d10,71.8953
mdv,2009,d01,97.0384
mdv,2009,d02,98.337
mdv,2009,d03,100
mdv,2009,d04,96.9064
mdv,2009,d05,96.2173
mdv,2009,d06,98.8907
mdv,2009,d07,95.6302
mdv,2009,d08,92.0895
mdv,2009,d09,97.4862
mdv,2009,d10,96.4845
mex,2015,d01,71.2764
mex,2015,d02,67.4514
mex,2015,d03,73.3122
mex,2015,d04,69.8841
mex,2015,d05,56.0754
mex,2015,d06,69.1161
mex,2015,d07,74.1535
mex,2015,d08,68.917
mex,2015,d09,60.4124
mex,2015,d10,84.5147
mex,2018,d01,76.4426
mex,2018,d02,76.5774
mex,2018,d03,78.1367
mex,2018,d04,69.5493
mex,2018,d05,71.3059
mex,2018,d06,70.4643
mex,2018,d07,75.8186
mex,2018,d08,73.9023
mex,2018,d09,72.3396
mex,2018,d10,82.1162
mkd,2005,d01,72.6529
mkd,2005,d02,63.1019
mkd,2005,d03,85.8715
mkd,2005,d04,76.2385
mkd,2005,d05,68.3238
mkd,2005,d06,80.2691
mkd,2005,d07,80.7231
mkd,2005,d08,81.4814
mkd,2005,d09,70.2818
mkd,2005,d10,65.9485
mkd,2018,d01,90.7798
mkd,2018,d02,89.3973
mkd,2018,d03,97.5695
mkd,2018,d04,65.4859
mkd,2018,d05,95.7873
mkd,2018,d06,55.3688
mkd,2018,d07,86.3373
mkd,2018,d08,80.9147
mkd,2018,d09,96.9948
mkd,2018,d10,89.8546
mli,1995,d01,16.7693
mli,1995,d02,24.2425
mli,1995,d03,29.352
mli,1995,d04,34.563
mli,1995,d05,28.4992
mli,1995,d06,38.0119
mli,1995,d07,39.3234
mli,1995,d08,49.4058
mli,1995,d09,63.75
mli,1995,d10,72.6264
mli,2001,d01,22.535
mli,2001,d02,31.6521
mli,2001,d03,33.4737
mli,2001,d04,28.8393
mli,2001,d05,26.8048
mli,2001,d06,32.8973
mli,2001,d07,40.1358
mli,2001,d08,50.5255
mli,2001,d09,65.7725
mli,2001,d10,73.6422
mli,2006,d01,62.7279
mli,2006,d02,59.0716
mli,2006,d03,59.7637
mli,2006,d04,59.585
mli,2006,d05,67.3935
mli,2006,d06,58.1779
mli,2006,d07,59.3888
mli,2006,d08,64.4073
mli,2006,d09,62.2273
mli,2006,d10,69.5294
mli,2009,d01,49.6394
mli,2009,d02,54.3104
mli,2009,d03,56.2278
mli,2009,d04,62.256
mli,2009,d05,60.5773
mli,2009,d06,65.1346
mli,2009,d07,71.8388
mli,2009,d08,62.1824
mli,2009,d09,72.3507
mli,2009,d10,69.5136
mli,2012,d01,44.8806
mli,2012,d02,41.2698
mli,2012,d03,43.5033
mli,2012,d04,50.1894
mli,2012,d05,42.0945
mli,2012,d06,49.1369
mli,2012,d07,58.302
mli,2012,d08,53.4396
mli,2012,d09,57.8396
mli,2012,d10,64.2135
mli,2015,d01,24.7397
mli,2015,d02,30.7544
mli,2015,d03,31.5831
mli,2015,d04,29.2885
mli,2015,d05,42.455
mli,2015,d06,41.3971
mli,2015,d07,46.9608
mli,2015,d08,44.5784
mli,2015,d09,47.6461
mli,2015,d10,55.0971
mli,2018,d01,49.0304
mli,2018,d02,47.9579
mli,2018,d03,54.2735
mli,2018,d04,53.7358
mli,2018,d05,59.2769
mli,2018,d06,59.3739
mli,2018,d07,50.7617
mli,2018,d08,51.0847
mli,2018,d09,58.5978
mli,2018,d10,62.8929
mmr,2015,d01,53.0953
mmr,2015,d02,61.8156
mmr,2015,d03,57.4397
mmr,2015,d04,51.595
mmr,2015,d05,68.231
mmr,2015,d06,74.4
mmr,2015,d07,76.9612
mmr,2015,d08,81.2579
mmr,2015,d09,85.5837
mmr,2015,d10,85.1971
mng,2005,d01,79.1052
mng,2005,d02,84.1054
mng,2005,d03,83.0537
mng,2005,d04,78.1272
mng,2005,d05,80.5456
mng,2005,d06,91.2461
mng,2005,d07,85.2615
mng,2005,d08,93.345
mng,2005,d09,86.3192
mng,2005,d10,86.6465
mng,2010,d01,90.5201
mng,2010,d02,91.9681
mng,2010,d03,89.3816
mng,2010,d04,95.5511
mng,2010,d05,92.9658
mng,2010,d06,91.9011
mng,2010,d07,87.627
mng,2010,d08,96.8037
mng,2010,d09,88.1146
mng,2010,d10,94.839
mng,2013,d01,97.0066
mng,2013,d02,93.9754
mng,2013,d03,96.6845
mng,2013,d04,97.6721
mng,2013,d05,97.9582
mng,2013,d06,98.5566
mng,2013,d07,98.2515
mng,2013,d08,100
mng,2013,d09,98.4556
mng,2013,d10,98.3192
mng,2018,d01,93.5817
mng,2018,d02,88.345
mng,2018,d03,82.4635
mng,2018,d04,88.8015
mng,2018,d05,90.3639
mng,2018,d06,91.2148
mng,2018,d07,95.3178
mng,2018,d08,82.0491
mng,2018,d09,87.3883
mng,2018,d10,84.5148
moz,1997,d01,33.414
moz,1997,d02,23.7894
moz,1997,d03,52.6439
moz,1997,d04,41.986
moz,1997,d05,29.9442
moz,1997,d06,60.6881
moz,1997,d07,75.3682
moz,1997,d08,79.3229
moz,1997,d09,85.745
moz,1997,d10,92.0787
moz,2003,d01,45.7279
moz,2003,d02,60.0448
moz,2003,d03,59.5807
moz,2003,d04,62.3592
moz,2003,d05,71.192
moz,2003,d06,70.0731
moz,2003,d07,81.4978
moz,2003,d08,87.071
moz,2003,d09,93.4048
moz,2003,d10,94.5137
moz,2008,d01,56.8369
moz,2008,d02,58.9088
moz,2008,d03,61.8775
moz,2008,d04,69.9576
moz,2008,d05,75.4831
moz,2008,d06,80.0571
moz,2008,d07,78.0251
moz,2008,d08,84.4507
moz,2008,d09,85.6467
moz,2008,d10,89.333
moz,2011,d01,68.3508
moz,2011,d02,59.6699
moz,2011,d03,71.6002
moz,2011,d04,70.7517
moz,2011,d05,79.104
moz,2011,d06,74.139
moz,2011,d07,78.6027
moz,2011,d08,83.3336
moz,2011,d09,79.6744
moz,2011,d10,82.1303
moz,2015,d01,64.5895
moz,2015,d02,63.9218
moz,2015,d03,66.7244
moz,2015,d04,72.3448
moz,2015,d05,76.1237
moz,2015,d06,71.7932
moz,2015,d07,80.5685
moz,2015,d08,87.3998
moz,2015,d09,86.9848
moz,2015,d10,88.2489
mrt,2007,d01,49.8849
mrt,2007,d02,46.5701
mrt,2007,d03,47.2577
mrt,2007,d04,61.8806
mrt,2007,d05,51.4913
mrt,2007,d06,48.7967
mrt,2007,d07,32.0607
mrt,2007,d08,42.0525
mrt,2007,d09,38.7972
mrt,2007,d10,30.9615
mrt,2011,d01,44.527
mrt,2011,d02,46.897
mrt,2011,d03,48.0765
mrt,2011,d04,39.4607
mrt,2011,d05,38.0025
mrt,2011,d06,33.2134
mrt,2011,d07,31.7334
mrt,2011,d08,40.7114
mrt,2011,d09,38.3251
mrt,2011,d10,35.9619
mrt,2015,d01,33.1856
mrt,2015,d02,30.9765
mrt,2015,d03,34.459
mrt,2015,d04,35.2269
mrt,2015,d05,48.2901
mrt,2015,d06,33.9513
mrt,2015,d07,42.703
mrt,2015,d08,33.5439
mrt,2015,d09,36.7546
mrt,2015,d10,51.6083
mrt,2019,d01,53.3155
mrt,2019,d02,54.6852
mrt,2019,d03,48.1894
mrt,2019,d04,51.598
mrt,2019,d05,53.1971
mrt,2019,d06,48.4577
mrt,2019,d07,41.1576
mrt,2019,d08,49.3747
mrt,2019,d09,41.0453
mrt,2019,d10,49.2389
mwi,2000,d01,75.5008
mwi,2000,d02,75.9933
mwi,2000,d03,71.3791
mwi,2000,d04,80.316
mwi,2000,d05,81.5314
mwi,2000,d06,81.8223
mwi,2000,d07,81.0905
mwi,2000,d08,82.3773
mwi,2000,d09,89.7202
mwi,2000,d10,87.2185
mwi,2004,d01,62.0273
mwi,2004,d02,72.6542
mwi,2004,d03,74.5849
mwi,2004,d04,77.1691
mwi,2004,d05,79.8968
mwi,2004,d06,81.4636
mwi,2004,d07,84.9142
mwi,2004,d08,84.0948
mwi,2004,d09,85.0266
mwi,2004,d10,87.1473
mwi,2006,d01,76.5534
mwi,2006,d02,79.988
mwi,2006,d03,81.1587
mwi,2006,d04,78.8063
mwi,2006,d05,76.1345
mwi,2006,d06,84.1059
mwi,2006,d07,86.2711
mwi,2006,d08,77.3296
mwi,2006,d09,86.3237
mwi,2006,d10,88.1862
mwi,2010,d01,83.8096
mwi,2010,d02,86.6207
mwi,2010,d03,88.646
mwi,2010,d04,85.2873
mwi,2010,d05,86.3523
mwi,2010,d06,88.3544
mwi,2010,d07,87.5314
mwi,2010,d08,82.9174
mwi,2010,d09,83.2554
mwi,2010,d10,88.9266
mwi,2013,d01,82.197
mwi,2013,d02,82.0697
mwi,2013,d03,83.6561
mwi,2013,d04,85.1427
mwi,2013,d05,84.7197
mwi,2013,d06,84.5685
mwi,2013,d07,82.4364
mwi,2013,d08,84.6373
mwi,2013,d09,81.6416
mwi,2013,d10,87.4831
mwi,2015,d01,77.1713
mwi,2015,d02,79.545
mwi,2015,d03,85.5851
mwi,2015,d04,83.2634
mwi,2015,d05,81.6524
mwi,2015,d06,82.3666
mwi,2015,d07,86.0345
mwi,2015,d08,81.0579
mwi,2015,d09,81.768
mwi,2015,d10,82.0421
mwi,2019,d01,74.119
mwi,2019,d02,77.0367
mwi,2019,d03,77.3757
mwi,2019,d04,79.9302
mwi,2019,d05,81.3604
mwi,2019,d06,85.1401
mwi,2019,d07,81.132
mwi,2019,d08,77.5734
mwi,2019,d09,82.5318
mwi,2019,d10,85.904
nam,2000,d01,70.4487
nam,2000,d02,77.0665
nam,2000,d03,81.4065
nam,2000,d04,77.0619
nam,2000,d05,74.1921
nam,2000,d06,80.6554
nam,2000,d07,76.3634
nam,2000,d08,80.7663
nam,2000,d09,74.2813
nam,2000,d10,82.5089
nam,2006,d01,68.4793
nam,2006,d02,72.4091
nam,2006,d03,84.1062
nam,2006,d04,77.4129
nam,2006,d05,75.792
nam,2006,d06,74.275
nam,2006,d07,87.5449
nam,2006,d08,78.9285
nam,2006,d09,90.4318
nam,2006,d10,80.2204
nam,2013,d01,75.4922
nam,2013,d02,82.3162
nam,2013,d03,79.732
nam,2013,d04,75.2116
nam,2013,d05,74.5951
nam,2013,d06,76.8343
nam,2013,d07,77.1609
nam,2013,d08,67.0684
nam,2013,d09,64.1274
nam,2013,d10,67.8027
ner,1998,d01,8.9785
ner,1998,d02,8.9575
ner,1998,d03,16.6793
ner,1998,d04,11.4041
ner,1998,d05,10.8618
ner,1998,d06,14.692
ner,1998,d07,18.2993
ner,1998,d08,33.9815
ner,1998,d09,57.7125
ner,1998,d10,72.7619
ner,2006,d01,51.7164
ner,2006,d02,47.4038
ner,2006,d03,47.9182
ner,2006,d04,54.6697
ner,2006,d05,56.2494
ner,2006,d06,52.5879
ner,2006,d07,56.1079
ner,2006,d08,57.0748
ner,2006,d09,65.8519
ner,2006,d10,73.5783
ner,2012,d01,62.2779
ner,2012,d02,64.1899
ner,2012,d03,75.5621
ner,2012,d04,75.7932
ner,2012,d05,69.0015
ner,2012,d06,80.0736
ner,2012,d07,78.4668
ner,2012,d08,82.3781
ner,2012,d09,80.4493
ner,2012,d10,84.2041
ner,2021,d01,40.0201
ner,2021,d02,52.2779
ner,2021,d03,64.2977
ner,2021,d04,58.6459
ner,2021,d05,62.6049
ner,2021,d06,55.5367
ner,2021,d07,59.4768
ner,2021,d08,59.4308
ner,2021,d09,63.4221
ner,2021,d10,60.0725
nga,2003,d01,19.7371
nga,2003,d02,21.4156
nga,2003,d03,23.7977
nga,2003,d04,22.5465
nga,2003,d05,25.8651
nga,2003,d06,26.3111
nga,2003,d07,18.4766
nga,2003,d08,38.3884
nga,2003,d09,45.5203
nga,2003,d10,66.4365
nga,2007,d01,13.4715
nga,2007,d02,16.1967
nga,2007,d03,17.6444
nga,2007,d04,26.3233
nga,2007,d05,28.4443
nga,2007,d06,25.8701
nga,2007,d07,32.8711
nga,2007,d08,42.8802
nga,2007,d09,38.1642
nga,2007,d10,49.8192
nga,2008,d01,18.8218
nga,2008,d02,25.5121
nga,2008,d03,29.5528
nga,2008,d04,30.8569
nga,2008,d05,35.7291
nga,2008,d06,41.8413
nga,2008,d07,46.1916
nga,2008,d08,52.6982
nga,2008,d09,60.0295
nga,2008,d10,65.9747
nga,2011,d01,29.9484
nga,2011,d02,33.9717
nga,2011,d03,41.891
nga,2011,d04,41.621
nga,2011,d05,47.4858
nga,2011,d06,43.4411
nga,2011,d07,53.8256
nga,2011,d08,56.2944
nga,2011,d09,66.8139
nga,2011,d10,72.5817
nga,2013,d01,41.962
nga,2013,d02,48.0995
nga,2013,d03,52.5788
nga,2013,d04,51.5637
nga,2013,d05,52.652
nga,2013,d06,49.2711
nga,2013,d07,53.5909
nga,2013,d08,59.7565
nga,2013,d09,64.8633
nga,2013,d10,70.2881
nga,2016,d01,12.4566
nga,2016,d02,18.5865
nga,2016,d03,22.3011
nga,2016,d04,22.8856
nga,2016,d05,27.449
nga,2016,d06,30.458
nga,2016,d07,40.9466
nga,2016,d08,49.0769
nga,2016,d09,52.634
nga,2016,d10,62.7611
nga,2018,d01,31.6317
nga,2018,d02,40.81
nga,2018,d03,40.5558
nga,2018,d04,40.9346
nga,2018,d05,44.6002
nga,2018,d06,50.9718
nga,2018,d07,52.7014
nga,2018,d08,51.8344
nga,2018,d09,69.0959
nga,2018,d10,65.4272
nic,1998,d01,62.6688
nic,1998,d02,82.2888
nic,1998,d03,85.9053
nic,1998,d04,81.2491
nic,1998,d05,91.4192
nic,1998,d06,90.2096
nic,1998,d07,94.1951
nic,1998,d08,92.7838
nic,1998,d09,84.6589
nic,1998,d10,84.5021
nic,2001,d01,71.8884
nic,2001,d02,84.8528
nic,2001,d03,86.4736
nic,2001,d04,90.087
nic,2001,d05,88.9867
nic,2001,d06,92.8185
nic,2001,d07,91.573
nic,2001,d08,87.0632
nic,2001,d09,86.158
nic,2001,d10,77.5867
npl,1996,d01,38.1011
npl,1996,d02,38.7344
npl,1996,d03,38.3714
npl,1996,d04,49.8382
npl,1996,d05,48.8814
npl,1996,d06,46.1826
npl,1996,d07,50.4047
npl,1996,d08,65.6765
npl,1996,d09,78.7327
npl,1996,d10,86.4733
npl,2001,d01,88.1647
npl,2001,d02,81.5655
npl,2001,d03,86.6541
npl,2001,d04,93.7083
npl,2001,d05,95.6257
npl,2001,d06,93.6928
npl,2001,d07,96.3646
npl,2001,d08,95.5511
npl,2001,d09,94.6728
npl,2001,d10,96.8558
npl,2006,d01,72.1377
npl,2006,d02,88.2269
npl,2006,d03,89.5201
npl,2006,d04,96.8655
npl,2006,d05,97.9186
npl,2006,d06,98.2149
npl,2006,d07,94.8878
npl,2006,d08,94.1015
npl,2006,d09,97.6235
npl,2006,d10,93.2697
npl,2011,d01,82.3203
npl,2011,d02,95.6126
npl,2011,d03,90.0848
npl,2011,d04,90.3456
npl,2011,d05,93.2979
npl,2011,d06,89.6834
npl,2011,d07,98.707
npl,2011,d08,95.2495
npl,2011,d09,100
npl,2011,d10,98.5877
npl,2014,d01,92.8787
npl,2014,d02,91.5908
npl,2014,d03,88.703
npl,2014,d04,85.3934
npl,2014,d05,94.5158
npl,2014,d06,89.3604
npl,2014,d07,92.2225
npl,2014,d08,91.7228
npl,2014,d09,98.411
npl,2014,d10,95.5206
npl,2016,d01,85.186
npl,2016,d02,88.1043
npl,2016,d03,89.2111
npl,2016,d04,87.2214
npl,2016,d05,86.6886
npl,2016,d06,84.506
npl,2016,d07,92.8257
npl,2016,d08,93.3483
npl,2016,d09,89.0967
npl,2016,d10,93.7025
npl,2019,d01,55.364
npl,2019,d02,73.8803
npl,2019,d03,65.1106
npl,2019,d04,64.9509
npl,2019,d05,63.9981
npl,2019,d06,58.6077
npl,2019,d07,68.8746
npl,2019,d08,76.6462
npl,2019,d09,70.3637
npl,2019,d10,72.9273
pak,2006,d01,76.8564
pak,2006,d02,79.5495
pak,2006,d03,84.0906
pak,2006,d04,78.9273
pak,2006,d05,87.1335
pak,2006,d06,86.6158
pak,2006,d07,86.7141
pak,2006,d08,83.3889
pak,2006,d09,81.938
pak,2006,d10,88.3756
pak,2012,d01,73.6974
pak,2012,d02,79.8099
pak,2012,d03,85.1857
pak,2012,d04,84.9592
pak,2012,d05,87.5918
pak,2012,d06,86.6158
pak,2012,d07,89.9947
pak,2012,d08,89.8457
pak,2012,d09,87.4256
pak,2012,d10,91.8463
pak,2017,d01,82.8826
pak,2017,d02,76.2653
pak,2017,d03,85.1074
pak,2017,d04,87.5821
pak,2017,d05,84.5711
pak,2017,d06,84.0495
pak,2017,d07,89.4048
pak,2017,d08,90.3153
pak,2017,d09,88.3752
pak,2017,d10,93.5939
per,1996,d01,61.3582
per,1996,d02,71.6609
per,1996,d03,70.805
per,1996,d04,74.976
per,1996,d05,73.8552
per,1996,d06,69.2894
per,1996,d07,76.2022
per,1996,d08,79.5044
per,1996,d09,68.08
per,1996,d10,83.822
per,2000,d01,64.8241
per,2000,d02,74.1307
per,2000,d03,75.4649
per,2000,d04,76.37
per,2000,d05,70.9266
per,2000,d06,83.5889
per,2000,d07,83.548
per,2000,d08,77.452
per,2000,d09,83.5741
per,2000,d10,88.7522
per,2008,d01,63.9002
per,2008,d02,66.5442
per,2008,d03,73.5535
per,2008,d04,65.219
per,2008,d05,63.314
per,2008,d06,71.035
per,2008,d07,72.7749
per,2008,d08,57.749
per,2008,d09,89.861
per,2008,d10,67.6801
per,2009,d01,63.2319
per,2009,d02,66.2253
per,2009,d03,74.4764
per,2009,d04,72.3468
per,2009,d05,71.3659
per,2009,d06,65.1572
per,2009,d07,69.6397
per,2009,d08,69.5011
per,2009,d09,65.3311
per,2009,d10,70.0332
per,2010,d01,72.2103
per,2010,d02,78.298
per,2010,d03,74.8792
per,2010,d04,76.4756
per,2010,d05,74.342
per,2010,d06,82.9382
per,2010,d07,81.9142
per,2010,d08,83.0385
per,2010,d09,76.6106
per,2010,d10,73.7454
per,2011,d01,77.6181
per,2011,d02,84.2146
per,2011,d03,81.5189
per,2011,d04,86.5294
per,2011,d05,87.5522
per,2011,d06,85.1962
per,2011,d07,82.8188
per,2011,d08,89.1263
per,2011,d09,90.8153
per,2011,d10,92.6233
per,2012,d01,84.4167
per,2012,d02,89.1235
per,2012,d03,85.1948
per,2012,d04,85.0416
per,2012,d05,79.9043
per,2012,d06,91.7849
per,2012,d07,85.2901
per,2012,d08,87.4914
per,2012,d09,84.6945
per,2012,d10,89.563
per,2013,d01,80.749
per,2013,d02,83.8035
per,2013,d03,83.2763
per,2013,d04,81.5109
per,2013,d05,87.5371
per,2013,d06,89.3036
per,2013,d07,84.9758
per,2013,d08,83.3251
per,2013,d09,80.1094
per,2013,d10,86.3107
per,2014,d01,73.0102
per,2014,d02,83.5482
per,2014,d03,76.5517
per,2014,d04,75.6121
per,2014,d05,81.3268
per,2014,d06,85.9899
per,2014,d07,76.3446
per,2014,d08,82.5786
per,2014,d09,82.1897
per,2014,d10,85.3572
per,2015,d01,68.6364
per,2015,d02,78.391
per,2015,d03,78.1435
per,2015,d04,76.2508
per,2015,d05,82.5118
per,2015,d06,86.8822
per,2015,d07,81.625
per,2015,d08,85.7188
per,2015,d09,77.2704
per,2015,d10,87.405
per,2016,d01,76.8307
per,2016,d02,84.264
per,2016,d03,85.9842
per,2016,d04,83.16
per,2016,d05,83.1699
per,2016,d06,84.8494
per,2016,d07,82.2863
per,2016,d08,88.0164
per,2016,d09,89.1645
per,2016,d10,83.8234
per,2017,d01,79.521
per,2017,d02,84.3045
per,2017,d03,83.3412
per,2017,d04,89.221
per,2017,d05,84.0618
per,2017,d06,83.9074
per,2017,d07,89.4343
per,2017,d08,87.5
per,2017,d09,85.5922
per,2017,d10,92.0567
per,2018,d01,83.6448
per,2018,d02,88.0546
per,2018,d03,84.4766
per,2018,d04,88.1152
per,2018,d05,83.3811
per,2018,d06,87.4751
per,2018,d07,86.1934
per,2018,d08,80.0804
per,2018,d09,90.7917
per,2018,d10,86.4807
per,2019,d01,84.9395
per,2019,d02,86.8938
per,2019,d03,81.8195
per,2019,d04,86.6998
per,2019,d05,87.2887
per,2019,d06,87.4572
per,2019,d07,90.316
per,2019,d08,89.1474
per,2019,d09,84.5831
per,2019,d10,86.5268
per,2020,d01,78.3705
per,2020,d02,81.7012
per,2020,d03,84.0053
per,2020,d04,82.2674
per,2020,d05,83.2229
per,2020,d06,79.2849
per,2020,d07,82.1277
per,2020,d08,85.8074
per,2020,d09,79.3875
per,2020,d10,84.16
phl,1993,d01,63.1793
phl,1993,d02,71.1631
phl,1993,d03,77.9862
phl,1993,d04,79.2055
phl,1993,d05,83.0637
phl,1993,d06,85.0607
phl,1993,d07,77.8572
phl,1993,d08,84.5568
phl,1993,d09,85.9163
phl,1993,d10,92.2268
phl,1998,d01,67.158
phl,1998,d02,70.2123
phl,1998,d03,78.7433
phl,1998,d04,83.8865
phl,1998,d05,83.5951
phl,1998,d06,89.353
phl,1998,d07,93.1339
phl,1998,d08,89.0761
phl,1998,d09,86.8716
phl,1998,d10,95.1669
phl,2003,d01,56.9015
phl,2003,d02,75.8455
phl,2003,d03,81.5033
phl,2003,d04,78.0186
phl,2003,d05,88.1279
phl,2003,d06,84.7716
phl,2003,d07,81.2332
phl,2003,d08,88.7221
phl,2003,d09,91.9934
phl,2003,d10,89.4206
phl,2008,d01,67.7639
phl,2008,d02,75.6576
phl,2008,d03,88.3524
phl,2008,d04,85.0537
phl,2008,d05,87.11
phl,2008,d06,89.6551
phl,2008,d07,91.7691
phl,2008,d08,92.8004
phl,2008,d09,92.4429
phl,2008,d10,94.3961
phl,2013,d01,73.3141
phl,2013,d02,79.9996
phl,2013,d03,81.3594
phl,2013,d04,83.0938
phl,2013,d05,83.5196
phl,2013,d06,91.6757
phl,2013,d07,89.8557
phl,2013,d08,90.9935
phl,2013,d09,95.4717
phl,2013,d10,85.8557
phl,2017,d01,68.8351
phl,2017,d02,76.963
phl,2017,d03,78.2367
phl,2017,d04,81.6749
phl,2017,d05,83.0628
phl,2017,d06,79.5717
phl,2017,d07,83.0899
phl,2017,d08,84.8662
phl,2017,d09,76.1712
phl,2017,d10,88.8761
png,2016,d01,20.0716
png,2016,d02,23.2399
png,2016,d03,29.5595
png,2016,d04,35.4003
png,2016,d05,45.4162
png,2016,d06,51.0759
png,2016,d07,43.2026
png,2016,d08,57.149
png,2016,d09,63.1472
png,2016,d10,64.6362
pry,2016,d01,81.2502
pry,2016,d02,91.9124
pry,2016,d03,89.8722
pry,2016,d04,87.5606
pry,2016,d05,90.6029
pry,2016,d06,91.7018
pry,2016,d07,81.0097
pry,2016,d08,90.222
pry,2016,d09,91.6644
pry,2016,d10,72.8531
pse,2010,d01,80.6848
pse,2010,d02,80.8876
pse,2010,d03,84.1407
pse,2010,d04,87.7872
pse,2010,d05,85.1824
pse,2010,d06,84.7071
pse,2010,d07,79.6176
pse,2010,d08,77.393
pse,2010,d09,77.8605
pse,2010,d10,66.2789
pse,2014,d01,97.0835
pse,2014,d02,98.3015
pse,2014,d03,96.7755
pse,2014,d04,97.976
pse,2014,d05,91.6144
pse,2014,d06,92.7524
pse,2014,d07,87.6427
pse,2014,d08,86.577
pse,2014,d09,79.5562
pse,2014,d10,73.6646
pse,2019,d01,92.9198
pse,2019,d02,91.4099
pse,2019,d03,93.1064
pse,2019,d04,95.2648
pse,2019,d05,87.0263
pse,2019,d06,89.3945
pse,2019,d07,89.7735
pse,2019,d08,86.8216
pse,2019,d09,86.3877
pse,2019,d10,83.6565
rwa,2005,d01,89.7481
rwa,2005,d02,74.899
rwa,2005,d03,82.1336
rwa,2005,d04,86.6277
rwa,2005,d05,80.1498
rwa,2005,d06,87.7567
rwa,2005,d07,83.2707
rwa,2005,d08,91.78
rwa,2005,d09,83.5167
rwa,2005,d10,83.8462
rwa,2010,d01,88.3192
rwa,2010,d02,94.4006
rwa,2010,d03,92.0659
rwa,2010,d04,91.2025
rwa,2010,d05,94.3066
rwa,2010,d06,94.939
rwa,2010,d07,97.3996
rwa,2010,d08,92.1467
rwa,2010,d09,97.4441
rwa,2010,d10,97.1081
rwa,2014,d01,89.816
rwa,2014,d02,97.2163
rwa,2014,d03,98.0551
rwa,2014,d04,97.3185
rwa,2014,d05,99.446
rwa,2014,d06,94.8626
rwa,2014,d07,95.5769
rwa,2014,d08,99.6808
rwa,2014,d09,97.4464
rwa,2014,d10,98.812
rwa,2019,d01,96.5677
rwa,2019,d02,95.9223
rwa,2019,d03,96.7276
rwa,2019,d04,97.8558
rwa,2019,d05,96.7932
rwa,2019,d06,99.4334
rwa,2019,d07,98.7557
rwa,2019,d08,99.3712
rwa,2019,d09,98.4953
rwa,2019,d10,97.0267
sdn,2010,d01,52.656
sdn,2010,d02,57.1056
sdn,2010,d03,60.36
sdn,2010,d04,61.5089
sdn,2010,d05,65.5479
sdn,2010,d06,69.0203
sdn,2010,d07,67.31
sdn,2010,d08,72.9452
sdn,2010,d09,73.7561
sdn,2010,d10,69.4838
sdn,2014,d01,52.3028
sdn,2014,d02,52.5119
sdn,2014,d03,64.2998
sdn,2014,d04,67.5784
sdn,2014,d05,81.3209
sdn,2014,d06,82.425
sdn,2014,d07,85.8324
sdn,2014,d08,84.2986
sdn,2014,d09,88.5432
sdn,2014,d10,89.9116
sen,2005,d01,73.9588
sen,2005,d02,68.8032
sen,2005,d03,71.436
sen,2005,d04,68.8058
sen,2005,d05,73.426
sen,2005,d06,75.6288
sen,2005,d07,74.1097
sen,2005,d08,72.9623
sen,2005,d09,74.6879
sen,2005,d10,79.5757
sen,2010,d01,63.8397
sen,2010,d02,72.4761
sen,2010,d03,74.5506
sen,2010,d04,73.3924
sen,2010,d05,72.8558
sen,2010,d06,72.2449
sen,2010,d07,69.8357
sen,2010,d08,75.8418
sen,2010,d09,80.0718
sen,2010,d10,76.8332
sen,2012,d01,69.0926
sen,2012,d02,81.9168
sen,2012,d03,81.5169
sen,2012,d04,84.6847
sen,2012,d05,89.4564
sen,2012,d06,85.3147
sen,2012,d07,89.4211
sen,2012,d08,86.645
sen,2012,d09,82.4252
sen,2012,d10,86.51
sen,2014,d01,78.3442
sen,2014,d02,84.1126
sen,2014,d03,83.0121
sen,2014,d04,87.5098
sen,2014,d05,86.2118
sen,2014,d06,79.5541
sen,2014,d07,83.175
sen,2014,d08,93.157
sen,2014,d09,91.5421
sen,2014,d10,78.278
sen,2015,d01,77.7083
sen,2015,d02,78.367
sen,2015,d03,74.6906
sen,2015,d04,82.7373
sen,2015,d05,85.4559
sen,2015,d06,84.9743
sen,2015,d07,75.6426
sen,2015,d08,87.4782
sen,2015,d09,81.2366
sen,2015,d10,86.3411
sen,2016,d01,70.6946
sen,2016,d02,74.932
sen,2016,d03,77.6398
sen,2016,d04,87.5159
sen,2016,d05,76.9183
sen,2016,d06,85.8042
sen,2016,d07,81.9867
sen,2016,d08,86.6473
sen,2016,d09,93.0122
sen,2016,d10,90.2603
sen,2017,d01,70.042
sen,2017,d02,76.577
sen,2017,d03,83.2669
sen,2017,d04,82.2267
sen,2017,d05,88.0086
sen,2017,d06,82.3904
sen,2017,d07,84.1579
sen,2017,d08,85.1102
sen,2017,d09,90.8944
sen,2017,d10,81.4634
sen,2018,d01,78.7922
sen,2018,d02,83.8856
sen,2018,d03,89.1121
sen,2018,d04,78.503
sen,2018,d05,87.5832
sen,2018,d06,84.8782
sen,2018,d07,85.2155
sen,2018,d08,91.4473
sen,2018,d09,80.6835
sen,2018,d10,93.1399
sen,2019,d01,69.3456
sen,2019,d02,84.9876
sen,2019,d03,88.5826
sen,2019,d04,91.3079
sen,2019,d05,85.5053
sen,2019,d06,85.6597
sen,2019,d07,87.3896
sen,2019,d08,86.5583
sen,2019,d09,88.3188
sen,2019,d10,89.8521
sle,2005,d01,55.8182
sle,2005,d02,43.4166
sle,2005,d03,58.7185
sle,2005,d04,60.2765
sle,2005,d05,69.4746
sle,2005,d06,74.5961
sle,2005,d07,71.1263
sle,2005,d08,76.1251
sle,2005,d09,67.5991
sle,2005,d10,63.7135
sle,2008,d01,42.6695
sle,2008,d02,48.0249
sle,2008,d03,52.5352
sle,2008,d04,49.163
sle,2008,d05,45.1334
sle,2008,d06,59.8472
sle,2008,d07,60.7951
sle,2008,d08,41.8383
sle,2008,d09,38.2053
sle,2008,d10,64.8168
sle,2010,d01,68.4951
sle,2010,d02,60.2593
sle,2010,d03,61.4327
sle,2010,d04,68.8834
sle,2010,d05,58.3128
sle,2010,d06,68.7657
sle,2010,d07,61.9044
sle,2010,d08,56.3359
sle,2010,d09,60.82
sle,2010,d10,58.7417
sle,2013,d01,78.0591
sle,2013,d02,80.4608
sle,2013,d03,78.8365
sle,2013,d04,77.5216
sle,2013,d05,77.6693
sle,2013,d06,78.8123
sle,2013,d07,81.7664
sle,2013,d08,80.2862
sle,2013,d09,70.3128
sle,2013,d10,77.2441
sle,2017,d01,76.4416
sle,2017,d02,77.8811
sle,2017,d03,79.2162
sle,2017,d04,81.0309
sle,2017,d05,74.6388
sle,2017,d06,72.2075
sle,2017,d07,74.5026
sle,2017,d08,72.1618
sle,2017,d09,76.1074
sle,2017,d10,84.2168
sle,2019,d01,73.5876
sle,2019,d02,71.7145
sle,2019,d03,73.6429
sle,2019,d04,70.9847
sle,2019,d05,69.1037
sle,2019,d06,71.528
sle,2019,d07,68.8116
sle,2019,d08,72.7596
sle,2019,d09,69.3176
sle,2019,d10,68.7796
slv,2014,d01,90.6234
slv,2014,d02,95.4595
slv,2014,d03,92.6516
slv,2014,d04,89.9067
slv,2014,d05,91.1038
slv,2014,d06,94.7761
slv,2014,d07,90.3044
slv,2014,d08,94.2883
slv,2014,d09,91.0776
slv,2014,d10,87.7362
som,2006,d01,18.8499
som,2006,d02,26.3081
som,2006,d03,23.0441
som,2006,d04,30.9986
som,2006,d05,34.643
som,2006,d06,48.145
som,2006,d07,42.4649
som,2006,d08,45.4704
som,2006,d09,56.7607
som,2006,d10,46.4599
srb,2005,d01,64.5368
srb,2005,d02,79.7313
srb,2005,d03,78.5727
srb,2005,d04,83.5094
srb,2005,d05,76.1304
srb,2005,d06,79.3088
srb,2005,d07,72.8085
srb,2005,d08,86.7177
srb,2005,d09,82.1072
srb,2005,d10,82.5983
srb,2014,d01,79.4748
srb,2014,d02,93.9836
srb,2014,d03,91.1032
srb,2014,d04,96.1582
srb,2014,d05,76.5198
srb,2014,d06,94.7065
srb,2014,d07,89.3275
srb,2014,d08,93.4868
srb,2014,d09,95.1386
srb,2014,d10,71.7932
ssd,2010,d01,5.9429
ssd,2010,d02,8.2005
ssd,2010,d03,7.1523
ssd,2010,d04,8.4934
ssd,2010,d05,8.8142
ssd,2010,d06,7.3276
ssd,2010,d07,10.7046
ssd,2010,d08,13.7444
ssd,2010,d09,17.4128
ssd,2010,d10,37.5571
stp,2014,d01,84.972
stp,2014,d02,93.1532
stp,2014,d03,93.6942
stp,2014,d04,92.4772
stp,2014,d05,89.0544
stp,2014,d06,77.3483
stp,2014,d07,83.543
stp,2014,d08,97.9683
stp,2014,d09,95.003
stp,2014,d10,87.4804
sur,2018,d01,51.6392
sur,2018,d02,60.9298
sur,2018,d03,71.426
sur,2018,d04,69.6905
sur,2018,d05,76.6029
sur,2018,d06,59.7847
sur,2018,d07,54.4221
sur,2018,d08,61.8417
sur,2018,d09,61.4696
sur,2018,d10,68.969
swz,2006,d01,89.6148
swz,2006,d02,91.0347
swz,2006,d03,85.2541
swz,2006,d04,90.8665
swz,2006,d05,91.4051
swz,2006,d06,83.2545
swz,2006,d07,93.9733
swz,2006,d08,83.097
swz,2006,d09,84.7826
swz,2006,d10,77.002
swz,2010,d01,83.2823
swz,2010,d02,85.2723
swz,2010,d03,93.7621
swz,2010,d04,80.8266
swz,2010,d05,87.0904
swz,2010,d06,87.9374
swz,2010,d07,80.2826
swz,2010,d08,89.1551
swz,2010,d09,78.4281
swz,2010,d10,78.7798
swz,2014,d01,78.5494
swz,2014,d02,91.3075
swz,2014,d03,84.7474
swz,2014,d04,80.0337
swz,2014,d05,82.2472
swz,2014,d06,77.1448
swz,2014,d07,84.5397
swz,2014,d08,88.2807
swz,2014,d09,94.8765
swz,2014,d10,82.9816
syr,2006,d01,60.8103
syr,2006,d02,62.0865
syr,2006,d03,74.0601
syr,2006,d04,76.829
syr,2006,d05,73.0921
syr,2006,d06,81.9995
syr,2006,d07,78.4059
syr,2006,d08,79.1478
syr,2006,d09,83.7204
syr,2006,d10,77.6693
tcd,1996,d01,7.852
tcd,1996,d02,11.8733
tcd,1996,d03,10.1186
tcd,1996,d04,19.7081
tcd,1996,d05,5.0661
tcd,1996,d06,12.2221
tcd,1996,d07,22.456
tcd,1996,d08,26.9611
tcd,1996,d09,33.6156
tcd,1996,d10,45.3126
tcd,2004,d01,10.1974
tcd,2004,d02,19.7969
tcd,2004,d03,36.0348
tcd,2004,d04,33.1914
tcd,2004,d05,33.2861
tcd,2004,d06,38.1573
tcd,2004,d07,38.6214
tcd,2004,d08,47.4927
tcd,2004,d09,48.7654
tcd,2004,d10,50.5069
tcd,2010,d01,23.1078
tcd,2010,d02,25.0651
tcd,2010,d03,28.0251
tcd,2010,d04,29.0591
tcd,2010,d05,37.7545
tcd,2010,d06,27.7818
tcd,2010,d07,33.2714
tcd,2010,d08,31.0256
tcd,2010,d09,29.6398
tcd,2010,d10,42.5141
tcd,2014,d01,51.0514
tcd,2014,d02,40.6102
tcd,2014,d03,46.859
tcd,2014,d04,48.3455
tcd,2014,d05,57.5103
tcd,2014,d06,45.6144
tcd,2014,d07,51.385
tcd,2014,d08,48.345
tcd,2014,d09,57.7855
tcd,2014,d10,56.6822
tgo,1998,d01,36.038
tgo,1998,d02,31.0122
tgo,1998,d03,42.5733
tgo,1998,d04,44.5165
tgo,1998,d05,40.7934
tgo,1998,d06,53.9579
tgo,1998,d07,49.3158
tgo,1998,d08,45.7859
tgo,1998,d09,71.7023
tgo,1998,d10,78.6366
tgo,2006,d01,59.0006
tgo,2006,d02,62.7245
tgo,2006,d03,63.3398
tgo,2006,d04,64.5928
tgo,2006,d05,71.5101
tgo,2006,d06,56.9751
tgo,2006,d07,75.0737
tgo,2006,d08,71.6686
tgo,2006,d09,70.0948
tgo,2006,d10,85.2793
tgo,2010,d01,53.1037
tgo,2010,d02,66.0321
tgo,2010,d03,62.2611
tgo,2010,d04,69.519
tgo,2010,d05,69.8498
tgo,2010,d06,70.0038
tgo,2010,d07,68.7306
tgo,2010,d08,65.3189
tgo,2010,d09,67.6982
tgo,2010,d10,71.6805
tgo,2013,d01,78.4479
tgo,2013,d02,74.4351
tgo,2013,d03,71.3948
tgo,2013,d04,72.6413
tgo,2013,d05,66.7707
tgo,2013,d06,71.0184
tgo,2013,d07,70.9892
tgo,2013,d08,71.0913
tgo,2013,d09,80.3893
tgo,2013,d10,85.7803
tgo,2017,d01,60.4923
tgo,2017,d02,65.9043
tgo,2017,d03,58.0443
tgo,2017,d04,56.8066
tgo,2017,d05,63.7574
tgo,2017,d06,69.3439
tgo,2017,d07,67.5777
tgo,2017,d08,68.8361
tgo,2017,d09,69.3983
tgo,2017,d10,78.6152
tha,2005,d01,95.057
tha,2005,d02,93.8183
tha,2005,d03,93.9822
tha,2005,d04,97.876
tha,2005,d05,92.7628
tha,2005,d06,95.8689
tha,2005,d07,90.4657
tha,2005,d08,94.2389
tha,2005,d09,90.211
tha,2005,d10,90.1437
tha,2012,d01,91.9406
tha,2012,d02,90.7695
tha,2012,d03,90.9692
tha,2012,d04,87.5436
tha,2012,d05,81.8887
tha,2012,d06,81.6918
tha,2012,d07,85.6529
tha,2012,d08,80.6059
tha,2012,d09,78.2013
tha,2012,d10,72.8718
tha,2015,d01,90.3784
tha,2015,d02,89.4916
tha,2015,d03,83.9769
tha,2015,d04,88.3975
tha,2015,d05,89.294
tha,2015,d06,82.8364
tha,2015,d07,87.8092
tha,2015,d08,93.4007
tha,2015,d09,91.175
tha,2015,d10,60.2089
tha,2019,d01,91.2256
tha,2019,d02,91.3573
tha,2019,d03,93.0604
tha,2019,d04,86.0978
tha,2019,d05,84.7619
tha,2019,d06,88.8066
tha,2019,d07,92.7673
tha,2019,d08,83.8501
tha,2019,d09,79.5821
tha,2019,d10,83.3831
tjk,2005,d01,79.7958
tjk,2005,d02,74.0771
tjk,2005,d03,88.364
tjk,2005,d04,72.7412
tjk,2005,d05,79.262
tjk,2005,d06,77.5781
tjk,2005,d07,83.9562
tjk,2005,d08,87.3058
tjk,2005,d09,86.3985
tjk,2005,d10,82.8345
tjk,2012,d01,95.0128
tjk,2012,d02,93.6135
tjk,2012,d03,96.2175
tjk,2012,d04,94.6181
tjk,2012,d05,90.7734
tjk,2012,d06,90.5826
tjk,2012,d07,91.2569
tjk,2012,d08,88.7411
tjk,2012,d09,93.8127
tjk,2012,d10,87.8453
tjk,2017,d01,89.3059
tjk,2017,d02,85.2405
tjk,2017,d03,90.2731
tjk,2017,d04,93.4861
tjk,2017,d05,86.2307
tjk,2017,d06,92.3805
tjk,2017,d07,88.4008
tjk,2017,d08,82.3245
tjk,2017,d09,84.8852
tjk,2017,d10,72.7978
tkm,2006,d01,100
tkm,2006,d02,100
tkm,2006,d03,100
tkm,2006,d04,100
tkm,2006,d05,94.4119
tkm,2006,d06,100
tkm,2006,d07,100
tkm,2006,d08,100
tkm,2006,d09,100
tkm,2006,d10,96.2119
tkm,2015,d01,100
tkm,2015,d02,100
tkm,2015,d03,100
tkm,2015,d04,100
tkm,2015,d05,100
tkm,2015,d06,100
tkm,2015,d07,96.3914
tkm,2015,d08,100
tkm,2015,d09,95.4802
tkm,2015,d10,94.0937
tls,2009,d01,48.4977
tls,2009,d02,50.0006
tls,2009,d03,54.4084
tls,2009,d04,58.3587
tls,2009,d05,58.4045
tls,2009,d06,59.4804
tls,2009,d07,71.916
tls,2009,d08,64.8943
tls,2009,d09,59.3962
tls,2009,d10,34.1632
tls,2016,d01,33.0653
tls,2016,d02,50.1344
tls,2016,d03,48.2893
tls,2016,d04,52.8139
tls,2016,d05,51.7364
tls,2016,d06,61.1117
tls,2016,d07,59.8185
tls,2016,d08,61.5671
tls,2016,d09,58.4492
tls,2016,d10,66.8556
tun,2011,d01,93.6506
tun,2011,d02,90.3793
tun,2011,d03,92.3556
tun,2011,d04,84.0694
tun,2011,d05,80.5949
tun,2011,d06,78.115
tun,2011,d07,75.0948
tun,2011,d08,88.2291
tun,2011,d09,94.7356
tun,2011,d10,76.8992
tun,2018,d01,91.4649
tun,2018,d02,85.2893
tun,2018,d03,89.9396
tun,2018,d04,89.4309
tun,2018,d05,78.4273
tun,2018,d06,75.2693
tun,2018,d07,82.3206
tun,2018,d08,60.3808
tun,2018,d09,61.4186
tun,2018,d10,39.9995
tur,1993,d01,55.2055
tur,1993,d02,56.7276
tur,1993,d03,67.1691
tur,1993,d04,77.019
tur,1993,d05,83.9851
tur,1993,d06,80.7739
tur,1993,d07,94.9057
tur,1993,d08,89.4409
tur,1993,d09,92.6405
tur,1993,d10,94.6638
tur,1998,d01,51.0863
tur,1998,d02,47.7555
tur,1998,d03,52.2911
tur,1998,d04,58.8246
tur,1998,d05,71.3517
tur,1998,d06,75.3755
tur,1998,d07,67.5372
tur,1998,d08,70.4015
tur,1998,d09,82.1266
tur,1998,d10,80.1202
tur,2003,d01,41.125
tur,2003,d02,60.4236
tur,2003,d03,69.4525
tur,2003,d04,68.4672
tur,2003,d05,62.8868
tur,2003,d06,68.0215
tur,2003,d07,79.9031
tur,2003,d08,86.4312
tur,2003,d09,89.7398
tur,2003,d10,73.4066
tur,2013,d01,72.9135
tur,2013,d02,85.0501
tur,2013,d03,76.8925
tur,2013,d04,92.0707
tur,2013,d05,86.4563
tur,2013,d06,88.8811
tur,2013,d07,94.9168
tur,2013,d08,91.1778
tur,2013,d09,89.5717
tur,2013,d10,91.1692
tza,1996,d01,64.0498
tza,1996,d02,77.4873
tza,1996,d03,84.6209
tza,1996,d04,75.5331
tza,1996,d05,74.8384
tza,1996,d06,81.7537
tza,1996,d07,88.8155
tza,1996,d08,82.0203
tza,1996,d09,85.9893
tza,1996,d10,84.7776
tza,1999,d01,63.0986
tza,1999,d02,73.7677
tza,1999,d03,83.2148
tza,1999,d04,92.0844
tza,1999,d05,84.4807
tza,1999,d06,73.0071
tza,1999,d07,89.3318
tza,1999,d08,92.0593
tza,1999,d09,84.7765
tza,1999,d10,81.6777
tza,2004,d01,73.2301
tza,2004,d02,75.3855
tza,2004,d03,78.9233
tza,2004,d04,84.4992
tza,2004,d05,84.347
tza,2004,d06,91.754
tza,2004,d07,89.2709
tza,2004,d08,92.79
tza,2004,d09,88.5485
tza,2004,d10,86.1681
tza,2010,d01,80.3779
tza,2010,d02,83.8059
tza,2010,d03,85.2879
tza,2010,d04,81.3004
tza,2010,d05,83.0127
tza,2010,d06,86.4434
tza,2010,d07,84.9204
tza,2010,d08,87.33
tza,2010,d09,88.3043
tza,2010,d10,92.2985
tza,2015,d01,71.9536
tza,2015,d02,81.1024
tza,2015,d03,87.6381
tza,2015,d04,82.3317
tza,2015,d05,85.0222
tza,2015,d06,83.8212
tza,2015,d07,85.0933
tza,2015,d08,87.7259
tza,2015,d09,86.01
tza,2015,d10,87.3615
uga,1995,d01,49.0853
uga,1995,d02,39.4769
uga,1995,d03,50.3082
uga,1995,d04,67.5499
uga,1995,d05,54.3339
uga,1995,d06,64.2391
uga,1995,d07,58.4056
uga,1995,d08,67.0905
uga,1995,d09,68.3844
uga,1995,d10,80.7798
uga,2000,d01,45.4876
uga,2000,d02,47.8766
uga,2000,d03,51.5511
uga,2000,d04,60.3646
uga,2000,d05,59.8201
uga,2000,d06,59.1563
uga,2000,d07,58.9763
uga,2000,d08,46.6994
uga,2000,d09,54.5694
uga,2000,d10,66.6747
uga,2006,d01,60.7362
uga,2006,d02,55.1243
uga,2006,d03,52.6255
uga,2006,d04,63.0882
uga,2006,d05,66.0832
uga,2006,d06,58.6707
uga,2006,d07,56.294
uga,2006,d08,68.3459
uga,2006,d09,62.5335
uga,2006,d10,60.6928
uga,2011,d01,60.1903
uga,2011,d02,65.1961
uga,2011,d03,63.2844
uga,2011,d04,66.9769
uga,2011,d05,64.2907
uga,2011,d06,63.7942
uga,2011,d07,66.3739
uga,2011,d08,59.2908
uga,2011,d09,61.2508
uga,2011,d10,68.2231
uga,2016,d01,74.2135
uga,2016,d02,71.6015
uga,2016,d03,63.9255
uga,2016,d04,71.7626
uga,2016,d05,70.2265
uga,2016,d06,70.6438
uga,2016,d07,67.061
uga,2016,d08,74.27
uga,2016,d09,67.1687
uga,2016,d10,59.9156
ukr,2012,d01,55.5129
ukr,2012,d02,67.3818
ukr,2012,d03,75.3007
ukr,2012,d04,76.3636
ukr,2012,d05,75.3355
ukr,2012,d06,76.9982
ukr,2012,d07,79.1203
ukr,2012,d08,63.8032
ukr,2012,d09,79.9904
ukr,2012,d10,61.955
uzb,1996,d01,95.288
uzb,1996,d02,86.929
uzb,1996,d03,88.4439
uzb,1996,d04,97.5405
uzb,1996,d05,94.9333
uzb,1996,d06,87.2005
uzb,1996,d07,87.2437
uzb,1996,d08,91.7699
uzb,1996,d09,92.9824
uzb,1996,d10,91.4692
uzb,2006,d01,88.7054
uzb,2006,d02,93.6373
uzb,2006,d03,95.5133
uzb,2006,d04,89.8343
uzb,2006,d05,94.553
uzb,2006,d06,93.2958
uzb,2006,d07,85.0602
uzb,2006,d08,85.3265
uzb,2006,d09,85.5474
uzb,2006,d10,84.1442
vnm,1997,d01,53.0069
vnm,1997,d02,58.0085
vnm,1997,d03,67.3086
vnm,1997,d04,63.7267
vnm,1997,d05,54.431
vnm,1997,d06,62.1055
vnm,1997,d07,62.6281
vnm,1997,d08,66.6518
vnm,1997,d09,61.8482
vnm,1997,d10,71.3729
vnm,2002,d01,61.5515
vnm,2002,d02,53.1289
vnm,2002,d03,73.1231
vnm,2002,d04,66.3095
vnm,2002,d05,81.6184
vnm,2002,d06,87.1621
vnm,2002,d07,80.7511
vnm,2002,d08,82.4324
vnm,2002,d09,91.5969
vnm,2002,d10,98.4344
vnm,2006,d01,47.8733
vnm,2006,d02,69.6096
vnm,2006,d03,71.2998
vnm,2006,d04,68.4757
vnm,2006,d05,71.8956
vnm,2006,d06,88.2947
vnm,2006,d07,79.6987
vnm,2006,d08,90.1235
vnm,2006,d09,85.4181
vnm,2006,d10,88.5892
vnm,2010,d01,42.499
vnm,2010,d02,68.6023
vnm,2010,d03,70.6666
vnm,2010,d04,71.2686
vnm,2010,d05,69.0486
vnm,2010,d06,62.4749
vnm,2010,d07,73.6325
vnm,2010,d08,67.5679
vnm,2010,d09,85.2572
vnm,2010,d10,72.8293
vnm,2013,d01,75.0468
vnm,2013,d02,94.0284
vnm,2013,d03,95.4042
vnm,2013,d04,91.9376
vnm,2013,d05,95.6673
vnm,2013,d06,94.8893
vnm,2013,d07,95.3346
vnm,2013,d08,97.6765
vnm,2013,d09,92.592
vnm,2013,d10,97.9945
vut,2007,d01,36.0694
vut,2007,d02,65.8507
vut,2007,d03,71.5321
vut,2007,d04,62.9854
vut,2007,d05,46.1139
vut,2007,d06,67.5262
vut,2007,d07,67.8416
vut,2007,d08,70.1843
vut,2007,d09,72.5201
vut,2007,d10,60.2775
wsm,2019,d01,28.5827
wsm,2019,d02,27.0836
wsm,2019,d03,28.7403
wsm,2019,d04,36.1486
wsm,2019,d05,41.4487
wsm,2019,d06,54.7824
wsm,2019,d07,36.6234
wsm,2019,d08,44.253
wsm,2019,d09,30.1833
wsm,2019,d10,47.6443
yem,2006,d01,49.3081
yem,2006,d02,54.0512
yem,2006,d03,57.7565
yem,2006,d04,53.2664
yem,2006,d05,60.9346
yem,2006,d06,62.0573
yem,2006,d07,60.5127
yem,2006,d08,67.4249
yem,2006,d09,82.6455
yem,2006,d10,84.1697
yem,2013,d01,40.4734
yem,2013,d02,48.9059
yem,2013,d03,51.52
yem,2013,d04,58.547
yem,2013,d05,57.5447
yem,2013,d06,60.8622
yem,2013,d07,59.4228
yem,2013,d08,71.0067
yem,2013,d09,79.1713
yem,2013,d10,70.259
zaf,1998,d01,55.0343
zaf,1998,d02,70.378
zaf,1998,d03,69.6329
zaf,1998,d04,71.0621
zaf,1998,d05,71.0706
zaf,1998,d06,79.7809
zaf,1998,d07,89.2303
zaf,1998,d08,72.6337
zaf,1998,d09,78.5239
zaf,1998,d10,79.3343
zmb,1996,d01,81.3961
zmb,1996,d02,76.3366
zmb,1996,d03,81.1883
zmb,1996,d04,83.1628
zmb,1996,d05,88.0417
zmb,1996,d06,81.6825
zmb,1996,d07,83.3415
zmb,1996,d08,84.9537
zmb,1996,d09,94.1159
zmb,1996,d10,94.7484
zmb,2001,d01,74.1452
zmb,2001,d02,79.1955
zmb,2001,d03,75.3539
zmb,2001,d04,76.3524
zmb,2001,d05,76.0635
zmb,2001,d06,82.5689
zmb,2001,d07,83.9961
zmb,2001,d08,90.9751
zmb,2001,d09,79.8915
zmb,2001,d10,96.4038
zmb,2007,d01,80.6475
zmb,2007,d02,76.9022
zmb,2007,d03,70.3163
zmb,2007,d04,73.9337
zmb,2007,d05,72.6899
zmb,2007,d06,79.922
zmb,2007,d07,79.9129
zmb,2007,d08,76.0079
zmb,2007,d09,84.0192
zmb,2007,d10,86.301
zmb,2013,d01,74.0717
zmb,2013,d02,75.5125
zmb,2013,d03,75.8418
zmb,2013,d04,77.8641
zmb,2013,d05,79.9932
zmb,2013,d06,74.047
zmb,2013,d07,86.1677
zmb,2013,d08,86.0705
zmb,2013,d09,85.013
zmb,2013,d10,84.9027
zmb,2018,d01,77.601
zmb,2018,d02,79.2046
zmb,2018,d03,79.6227
zmb,2018,d04,82.9894
zmb,2018,d05,84.9261
zmb,2018,d06,83.8755
zmb,2018,d07,85.372
zmb,2018,d08,82.3459
zmb,2018,d09,75.305
zmb,2018,d10,84.7628
zwe,1994,d01,76.0806
zwe,1994,d02,81.6133
zwe,1994,d03,87.763
zwe,1994,d04,79.0224
zwe,1994,d05,89.8426
zwe,1994,d06,85.3607
zwe,1994,d07,84.7682
zwe,1994,d08,89.8552
zwe,1994,d09,92.8444
zwe,1994,d10,87.0163
zwe,1999,d01,65.9787
zwe,1999,d02,69.8091
zwe,1999,d03,80.972
zwe,1999,d04,68.8972
zwe,1999,d05,67.6454
zwe,1999,d06,69.9779
zwe,1999,d07,58.2796
zwe,1999,d08,69.3091
zwe,1999,d09,61.0226
zwe,1999,d10,71.1621
zwe,2005,d01,65.1243
zwe,2005,d02,58.1836
zwe,2005,d03,63.1157
zwe,2005,d04,56.6753
zwe,2005,d05,63.7948
zwe,2005,d06,66.9177
zwe,2005,d07,71.1944
zwe,2005,d08,73.6505
zwe,2005,d09,73.097
zwe,2005,d10,74.3903
zwe,2009,d01,52.1501
zwe,2009,d02,60.513
zwe,2009,d03,59.4914
zwe,2009,d04,55.9987
zwe,2009,d05,62.11
zwe,2009,d06,67.8179
zwe,2009,d07,68.7299
zwe,2009,d08,74.9364
zwe,2009,d09,82.7903
zwe,2009,d10,82.5373
zwe,2010,d01,64.7229
zwe,2010,d02,70.9442
zwe,2010,d03,71.9053
zwe,2010,d04,69.7108
zwe,2010,d05,64.4372
zwe,2010,d06,75.8905
zwe,2010,d07,75.8818
zwe,2010,d08,88.361
zwe,2010,d09,77.7385
zwe,2010,d10,83.4576
zwe,2014,d01,85.6047
zwe,2014,d02,83.5085
zwe,2014,d03,80.1292
zwe,2014,d04,82.658
zwe,2014,d05,84.9309
zwe,2014,d06,88.438
zwe,2014,d07,89.4428
zwe,2014,d08,90.7625
zwe,2014,d09,94.6983
zwe,2014,d10,94.1134
zwe,2015,d01,76.9519
zwe,2015,d02,82.8043
zwe,2015,d03,75.7282
zwe,2015,d04,69.1267
zwe,2015,d05,89.0869
zwe,2015,d06,88.5064
zwe,2015,d07,81.9318
zwe,2015,d08,91.7438
zwe,2015,d09,86.4237
zwe,2015,d10,85.5227
zwe,2019,d01,86.0501
zwe,2019,d02,86.8779
zwe,2019,d03,86.8699
zwe,2019,d04,93.9525
zwe,2019,d05,91.3178
zwe,2019,d06,85.0527
zwe,2019,d07,86.6054
zwe,2019,d08,93.011
zwe,2019,d09,92.514
zwe,2019,d10,96.246
