country,time,decile,vdpt
afg,2010,d01,26.9503
afg,2010,d02,27.7695
afg,2010,d03,35.556
afg,2010,d04,39.8428
afg,2010,d05,30.9605
afg,2010,d06,38.6727
afg,2010,d07,40.3879
afg,2010,d08,41.5366
afg,2010,d09,40.5472
afg,2010,d10,64.522
afg,2015,d01,46.3423
afg,2015,d02,51.2228
afg,2015,d03,53.1893
afg,2015,d04,51.036
afg,2015,d05,51.4707
afg,2015,d06,57.1439
afg,2015,d07,59.2858
afg,2015,d08,69.2146
afg,2015,d09,71.0124
afg,2015,d10,69.588
ago,2015,d01,22.6916
ago,2015,d02,20.1385
ago,2015,d03,26.116
ago,2015,d04,28.7517
ago,2015,d05,40.1914
ago,2015,d06,46.6283
ago,2015,d07,58.9698
ago,2015,d08,63.7498
ago,2015,d09,61.0102
ago,2015,d10,65.8146
arm,2015,d01,93.7907
arm,2015,d02,98.9659
arm,2015,d03,92.4542
arm,2015,d04,90.3365
arm,2015,d05,88.0736
arm,2015,d06,92.9233
arm,2015,d07,91.9919
arm,2015,d08,82.8503
arm,2015,d09,100
arm,2015,d10,91.2404
aze,2006,d01,58.6475
aze,2006,d02,61.1825
aze,2006,d03,70.4773
aze,2006,d04,70.1811
aze,2006,d05,78.9752
aze,2006,d06,72.2868
aze,2006,d07,47.7675
aze,2006,d08,79.2638
aze,2006,d09,87.4874
aze,2006,d10,80.2243
bdi,2005,d01,82.7785
bdi,2005,d02,61.7697
bdi,2005,d03,79.5785
bdi,2005,d04,78.9716
bdi,2005,d05,69.3845
bdi,2005,d06,77.4636
bdi,2005,d07,73.9266
bdi,2005,d08,78.0057
bdi,2005,d09,71.3322
bdi,2005,d10,72.7126
bdi,2010,d01,94.6698
bdi,2010,d02,94.1096
bdi,2010,d03,96.6362
bdi,2010,d04,95.6685
bdi,2010,d05,97.9047
bdi,2010,d06,95.8644
bdi,2010,d07,97.9776
bdi,2010,d08,95.9072
bdi,2010,d09,93.5986
bdi,2010,d10,94.8236
bdi,2016,d01,96.7001
bdi,2016,d02,95.9153
bdi,2016,d03,98.5958
bdi,2016,d04,97.0122
bdi,2016,d05,97.9172
bdi,2016,d06,98.8148
bdi,2016,d07,97.7682
bdi,2016,d08,96.5879
bdi,2016,d09,96.9407
bdi,2016,d10,96.1539
ben,1996,d01,41.6075
ben,1996,d02,52.7675
ben,1996,d03,57.0776
ben,1996,d04,71.4319
ben,1996,d05,69.6942
ben,1996,d06,81.3107
ben,1996,d07,75.554
ben,1996,d08,67.7889
ben,1996,d09,85.8236
ben,1996,d10,92.2486
ben,2001,d01,61.0954
ben,2001,d02,65.8806
ben,2001,d03,64.1308
ben,2001,d04,67.6225
ben,2001,d05,67.3918
ben,2001,d06,76.5647
ben,2001,d07,74.0833
ben,2001,d08,79.4362
ben,2001,d09,82.913
ben,2001,d10,97.3753
ben,2006,d01,49.212
ben,2006,d02,50.0583
ben,2006,d03,58.6029
ben,2006,d04,62.4007
ben,2006,d05,64.9974
ben,2006,d06,72.8898
ben,2006,d07,72.3666
ben,2006,d08,74.5642
ben,2006,d09,81.1958
ben,2006,d10,93.2661
ben,2011,d01,57.1795
ben,2011,d02,60.8868
ben,2011,d03,67.3488
ben,2011,d04,68.4837
ben,2011,d05,74.7682
ben,2011,d06,78.2776
ben,2011,d07,80.2751
ben,2011,d08,80.0922
ben,2011,d09,82.496
ben,2011,d10,89.5207
ben,2014,d01,45.3277
ben,2014,d02,74.039
ben,2014,d03,65.9264
ben,2014,d04,66.8243
ben,2014,d05,70.2814
ben,2014,d06,78.9277
ben,2014,d07,79.2773
ben,2014,d08,81.062
ben,2014,d09,89.5206
ben,2014,d10,86.8249
ben,2017,d01,50.3116
ben,2017,d02,61.1134
ben,2017,d03,67.0924
ben,2017,d04,71.1333
ben,2017,d05,77.0926
ben,2017,d06,78.3155
ben,2017,d07,78.0716
ben,2017,d08,78.5931
ben,2017,d09,83.5687
ben,2017,d10,89.0809
bfa,1998,d01,24.1869
bfa,1998,d02,35.7479
bfa,1998,d03,34.4862
bfa,1998,d04,43.0673
bfa,1998,d05,33.1523
bfa,1998,d06,35.9144
bfa,1998,d07,47.9486
bfa,1998,d08,41.0334
bfa,1998,d09,58.6604
bfa,1998,d10,71.5745
bfa,2003,d01,46.898
bfa,2003,d02,40.0945
bfa,2003,d03,53.6361
bfa,2003,d04,59.4522
bfa,2003,d05,60.9308
bfa,2003,d06,50.7615
bfa,2003,d07,63.9669
bfa,2003,d08,60.8456
bfa,2003,d09,62.4844
bfa,2003,d10,89.0582
bfa,2006,d01,64.5535
bfa,2006,d02,78.0711
bfa,2006,d03,78.6954
bfa,2006,d04,59.0253
bfa,2006,d05,78.9525
bfa,2006,d06,78.8575
bfa,2006,d07,80.8394
bfa,2006,d08,76.7424
bfa,2006,d09,94.1041
bfa,2006,d10,91.5437
bfa,2010,d01,83.7952
bfa,2010,d02,83.059
bfa,2010,d03,86.1666
bfa,2010,d04,89.6794
bfa,2010,d05,89.815
bfa,2010,d06,93.3192
bfa,2010,d07,93.6989
bfa,2010,d08,91.2591
bfa,2010,d09,94.0095
bfa,2010,d10,91.4989
bgd,1993,d01,58.8953
bgd,1993,d02,56.4047
bgd,1993,d03,61.685
bgd,1993,d04,61.3623
bgd,1993,d05,68.3408
bgd,1993,d06,66.8067
bgd,1993,d07,65.8189
bgd,1993,d08,75.3966
bgd,1993,d09,72.9017
bgd,1993,d10,83.0916
bgd,1996,d01,57.6996
bgd,1996,d02,69.3009
bgd,1996,d03,60.5343
bgd,1996,d04,55.079
bgd,1996,d05,73.076
bgd,1996,d06,74.4812
bgd,1996,d07,73.7348
bgd,1996,d08,77.6032
bgd,1996,d09,83.8474
bgd,1996,d10,84.1776
bgd,1999,d01,57.1577
bgd,1999,d02,67.1831
bgd,1999,d03,66.7776
bgd,1999,d04,71.9061
bgd,1999,d05,69.1471
bgd,1999,d06,76.6643
bgd,1999,d07,71.686
bgd,1999,d08,83.2185
bgd,1999,d09,82.7812
bgd,1999,d10,87.7188
bgd,2004,d01,64.4057
bgd,2004,d02,76.9827
bgd,2004,d03,82.0235
bgd,2004,d04,80.6647
bgd,2004,d05,81.3063
bgd,2004,d06,83.5359
bgd,2004,d07,82.7593
bgd,2004,d08,87.3591
bgd,2004,d09,84.7989
bgd,2004,d10,96.9668
bgd,2006,d01,82.894
bgd,2006,d02,86.1261
bgd,2006,d03,88.2284
bgd,2006,d04,87.4539
bgd,2006,d05,87.8697
bgd,2006,d06,90.7258
bgd,2006,d07,94.1444
bgd,2006,d08,96.0399
bgd,2006,d09,95.2734
bgd,2006,d10,96.2876
bgd,2007,d01,91.74
bgd,2007,d02,93.219
bgd,2007,d03,80.3189
bgd,2007,d04,93.5695
bgd,2007,d05,85.1068
bgd,2007,d06,94.5605
bgd,2007,d07,92.8461
bgd,2007,d08,91.5851
bgd,2007,d09,93.7314
bgd,2007,d10,95.6959
bgd,2011,d01,90.2029
bgd,2011,d02,90.4899
bgd,2011,d03,91.6458
bgd,2011,d04,88.6716
bgd,2011,d05,94.194
bgd,2011,d06,92.1822
bgd,2011,d07,96.882
bgd,2011,d08,95.5913
bgd,2011,d09,97.203
bgd,2011,d10,98.4926
bgd,2014,d01,85.8848
bgd,2014,d02,76.9328
bgd,2014,d03,91.6746
bgd,2014,d04,94.1121
bgd,2014,d05,93.464
bgd,2014,d06,92.9185
bgd,2014,d07,93.2514
bgd,2014,d08,94.4727
bgd,2014,d09,96.5925
bgd,2014,d10,97.412
bgd,2017,d01,91.7272
bgd,2017,d02,97.3211
bgd,2017,d03,96.1826
bgd,2017,d04,95.0514
bgd,2017,d05,96.4822
bgd,2017,d06,96.3958
bgd,2017,d07,95.9064
bgd,2017,d08,94.9372
bgd,2017,d09,96.6447
bgd,2017,d10,98.7644
bih,2006,d01,80.6452
bih,2006,d02,79.0478
bih,2006,d03,92.4298
bih,2006,d04,88.6076
bih,2006,d05,93.5105
bih,2006,d06,93.9096
bih,2006,d07,89.6979
bih,2006,d08,92.3077
bih,2006,d09,93.5146
bih,2006,d10,95.2994
bih,2011,d01,78.2475
bih,2011,d02,97.7448
bih,2011,d03,93.0841
bih,2011,d04,87.083
bih,2011,d05,94.5469
bih,2011,d06,88.3327
bih,2011,d07,92.2337
bih,2011,d08,91.3272
bih,2011,d09,95.234
bih,2011,d10,92.3579
blr,2005,d01,100
blr,2005,d02,100
blr,2005,d03,100
blr,2005,d04,98.2669
blr,2005,d05,100
blr,2005,d06,98.5168
blr,2005,d07,98.9369
blr,2005,d08,100
blr,2005,d09,98.9268
blr,2005,d10,100
blz,2015,d01,79.7866
blz,2015,d02,83.6008
blz,2015,d03,79.4224
blz,2015,d04,82.4311
blz,2015,d05,84.6887
blz,2015,d06,91.2622
blz,2015,d07,90.6549
blz,2015,d08,83.0314
blz,2015,d09,76.4849
blz,2015,d10,83.7199
bol,1994,d01,29.8112
bol,1994,d02,30.821
bol,1994,d03,37.553
bol,1994,d04,37.1583
bol,1994,d05,34.3059
bol,1994,d06,41.6584
bol,1994,d07,46.3058
bol,1994,d08,61.2467
bol,1994,d09,67.5899
bol,1994,d10,73.729
bol,1998,d01,35.587
bol,1998,d02,38.9613
bol,1998,d03,42.085
bol,1998,d04,43.1781
bol,1998,d05,46.729
bol,1998,d06,46.0907
bol,1998,d07,63.5505
bol,1998,d08,64.8284
bol,1998,d09,72.0715
bol,1998,d10,67.7063
bol,2003,d01,63.3753
bol,2003,d02,65.9947
bol,2003,d03,75.6611
bol,2003,d04,65.1266
bol,2003,d05,67.2415
bol,2003,d06,65.5182
bol,2003,d07,82.7737
bol,2003,d08,78.6032
bol,2003,d09,78.3315
bol,2003,d10,93.5086
bol,2008,d01,86.2365
bol,2008,d02,85.1063
bol,2008,d03,77.4739
bol,2008,d04,90.9543
bol,2008,d05,88.2762
bol,2008,d06,85.9885
bol,2008,d07,81.3757
bol,2008,d08,91.8372
bol,2008,d09,88.7725
bol,2008,d10,82.1957
bol,2016,d01,84.3479
bol,2016,d02,88.426
bol,2016,d03,80.5097
bol,2016,d04,82.6462
bol,2016,d05,87.1743
bol,2016,d06,85.3392
bol,2016,d07,90.6815
bol,2016,d08,87.2458
bol,2016,d09,86.353
bol,2016,d10,81.0017
bra,1996,d01,59.9053
bra,1996,d02,72.6431
bra,1996,d03,82.6801
bra,1996,d04,86.0296
bra,1996,d05,91.2764
bra,1996,d06,89.4595
bra,1996,d07,91.8216
bra,1996,d08,90.9518
bra,1996,d09,89.425
bra,1996,d10,74.3862
caf,1994,d01,19.9978
caf,1994,d02,37.5948
caf,1994,d03,33.4177
caf,1994,d04,40.0383
caf,1994,d05,36.8114
caf,1994,d06,48.3641
caf,1994,d07,49.7647
caf,1994,d08,63.181
caf,1994,d09,72.5077
caf,1994,d10,81.2108
caf,2006,d01,19.9973
caf,2006,d02,23.6812
caf,2006,d03,26.3063
caf,2006,d04,29.6084
caf,2006,d05,36.1063
caf,2006,d06,39.1234
caf,2006,d07,41.6398
caf,2006,d08,57.6597
caf,2006,d09,55.9519
caf,2006,d10,69.5685
caf,2010,d01,20.4721
caf,2010,d02,14.3776
caf,2010,d03,22.5573
caf,2010,d04,18.784
caf,2010,d05,24.71
caf,2010,d06,30.5069
caf,2010,d07,41.6961
caf,2010,d08,46.9147
caf,2010,d09,57.7909
caf,2010,d10,61.6044
caf,2018,d01,17.1978
caf,2018,d02,23.9251
caf,2018,d03,23.6409
caf,2018,d04,21.1005
caf,2018,d05,33.2005
caf,2018,d06,28.8903
caf,2018,d07,33.2232
caf,2018,d08,40.9846
caf,2018,d09,53.4871
caf,2018,d10,67.32
civ,1994,d01,21.7812
civ,1994,d02,30.8314
civ,1994,d03,26.9613
civ,1994,d04,42.0089
civ,1994,d05,38.2236
civ,1994,d06,43.0198
civ,1994,d07,63.3037
civ,1994,d08,65.2452
civ,1994,d09,63.4771
civ,1994,d10,86.9435
civ,1998,d01,36.6667
civ,1998,d02,40.5405
civ,1998,d03,57.7511
civ,1998,d04,66.8704
civ,1998,d05,46.5529
civ,1998,d06,55.8093
civ,1998,d07,73.2763
civ,1998,d08,83.2819
civ,1998,d09,89.0581
civ,1998,d10,92.4638
civ,2006,d01,61.5571
civ,2006,d02,59.3574
civ,2006,d03,68.9756
civ,2006,d04,75.3726
civ,2006,d05,79.2071
civ,2006,d06,82.2057
civ,2006,d07,82.4195
civ,2006,d08,93.8278
civ,2006,d09,95.8587
civ,2006,d10,96.2974
civ,2011,d01,45.6484
civ,2011,d02,58.562
civ,2011,d03,58.9325
civ,2011,d04,61.6542
civ,2011,d05,58.3603
civ,2011,d06,57.8824
civ,2011,d07,72.1095
civ,2011,d08,76.2692
civ,2011,d09,70.9261
civ,2011,d10,93.3926
civ,2016,d01,52.1953
civ,2016,d02,58.3913
civ,2016,d03,65.8785
civ,2016,d04,66.6826
civ,2016,d05,60.9334
civ,2016,d06,58.7181
civ,2016,d07,76.7886
civ,2016,d08,78.5557
civ,2016,d09,86.6029
civ,2016,d10,78.6697
cmr,1998,d01,31.1688
cmr,1998,d02,37.7155
cmr,1998,d03,38.6068
cmr,1998,d04,30.7806
cmr,1998,d05,42.3723
cmr,1998,d06,59.686
cmr,1998,d07,63.2976
cmr,1998,d08,74.4682
cmr,1998,d09,71.2414
cmr,1998,d10,78.323
cmr,2004,d01,46.7742
cmr,2004,d02,62.4445
cmr,2004,d03,62.6172
cmr,2004,d04,66.0399
cmr,2004,d05,63.0444
cmr,2004,d06,68.2417
cmr,2004,d07,66.4294
cmr,2004,d08,76.8694
cmr,2004,d09,76.0882
cmr,2004,d10,83.2016
cmr,2006,d01,68.9994
cmr,2006,d02,57.7296
cmr,2006,d03,61.9583
cmr,2006,d04,82.6311
cmr,2006,d05,67.351
cmr,2006,d06,78.6882
cmr,2006,d07,81.0115
cmr,2006,d08,75.2964
cmr,2006,d09,79.8606
cmr,2006,d10,88.5743
cmr,2011,d01,41.5543
cmr,2011,d02,47.6707
cmr,2011,d03,62.9487
cmr,2011,d04,69.7771
cmr,2011,d05,72.2197
cmr,2011,d06,75.9563
cmr,2011,d07,77.0485
cmr,2011,d08,78.7641
cmr,2011,d09,88.5275
cmr,2011,d10,86.4571
cmr,2014,d01,55.6624
cmr,2014,d02,58.6357
cmr,2014,d03,72.2585
cmr,2014,d04,85.5076
cmr,2014,d05,86.7893
cmr,2014,d06,91.6824
cmr,2014,d07,90.8498
cmr,2014,d08,90.7521
cmr,2014,d09,89.7992
cmr,2014,d10,99.901
cmr,2018,d01,44.5081
cmr,2018,d02,60.9728
cmr,2018,d03,64.9034
cmr,2018,d04,74.1944
cmr,2018,d05,74.3329
cmr,2018,d06,75.6762
cmr,2018,d07,80.208
cmr,2018,d08,81.2185
cmr,2018,d09,86.5482
cmr,2018,d10,92.2188
cod,2007,d01,25.9492
cod,2007,d02,30.5857
cod,2007,d03,41.0174
cod,2007,d04,34.9256
cod,2007,d05,39.221
cod,2007,d06,46.3739
cod,2007,d07,50.9068
cod,2007,d08,55.5014
cod,2007,d09,68.3065
cod,2007,d10,80.6672
cod,2010,d01,45.9787
cod,2010,d02,49.3212
cod,2010,d03,49.096
cod,2010,d04,57.3281
cod,2010,d05,59.4821
cod,2010,d06,60.9425
cod,2010,d07,74.8475
cod,2010,d08,68.768
cod,2010,d09,79.1047
cod,2010,d10,79.8134
cod,2013,d01,43.8833
cod,2013,d02,52.0857
cod,2013,d03,54.2835
cod,2013,d04,47.0634
cod,2013,d05,53.5017
cod,2013,d06,59.783
cod,2013,d07,68.2851
cod,2013,d08,71.3735
cod,2013,d09,78.062
cod,2013,d10,87.8987
cod,2017,d01,26.1807
cod,2017,d02,35.2363
cod,2017,d03,39.1246
cod,2017,d04,35.8306
cod,2017,d05,42.7036
cod,2017,d06,44.7995
cod,2017,d07,51.4171
cod,2017,d08,56.5553
cod,2017,d09,63.6157
cod,2017,d10,77.2951
cog,2005,d01,37.8058
cog,2005,d02,48.1692
cog,2005,d03,58.4514
cog,2005,d04,68.6432
cog,2005,d05,66.1936
cog,2005,d06,85.6415
cog,2005,d07,81.0049
cog,2005,d08,82.1964
cog,2005,d09,88.5425
cog,2005,d10,93.1001
cog,2011,d01,46.3259
cog,2011,d02,64.0536
cog,2011,d03,61.5557
cog,2011,d04,62.3069
cog,2011,d05,73.8935
cog,2011,d06,72.9091
cog,2011,d07,78.8496
cog,2011,d08,84.2207
cog,2011,d09,78.4817
cog,2011,d10,84.911
cog,2014,d01,37.7835
cog,2014,d02,55.5637
cog,2014,d03,55.1137
cog,2014,d04,73.7117
cog,2014,d05,73.6333
cog,2014,d06,81.0725
cog,2014,d07,66.3716
cog,2014,d08,76.2835
cog,2014,d09,73.5837
cog,2014,d10,76.2304
col,1995,d01,62.1772
col,1995,d02,69.9646
col,1995,d03,72.292
col,1995,d04,82.9788
col,1995,d05,73.529
col,1995,d06,80.059
col,1995,d07,84.5845
col,1995,d08,86.8972
col,1995,d09,95.4841
col,1995,d10,82.5673
col,2005,d01,65.4297
col,2005,d02,81.9764
col,2005,d03,80.3269
col,2005,d04,81.4141
col,2005,d05,88.2794
col,2005,d06,85.8215
col,2005,d07,80.5941
col,2005,d08,91.689
col,2005,d09,88.2495
col,2005,d10,89.9871
col,2010,d01,81.7315
col,2010,d02,88.5423
col,2010,d03,90.9671
col,2010,d04,93.1589
col,2010,d05,92.1749
col,2010,d06,94.681
col,2010,d07,93.743
col,2010,d08,89.4769
col,2010,d09,91.7884
col,2010,d10,93.1395
com,2012,d01,51.82
com,2012,d02,64.6404
com,2012,d03,70.5573
com,2012,d04,62.9661
com,2012,d05,82.6616
com,2012,d06,78.6892
com,2012,d07,82.0681
com,2012,d08,82.9277
com,2012,d09,81.3242
com,2012,d10,86.2802
cri,2018,d01,91.0095
cri,2018,d02,93.8891
cri,2018,d03,83.6405
cri,2018,d04,91.7246
cri,2018,d05,88.9523
cri,2018,d06,94.8655
cri,2018,d07,98.5955
cri,2018,d08,97.1984
cri,2018,d09,93.2743
cri,2018,d10,99.0457
cub,2019,d01,91.0521
cub,2019,d02,90.0459
cub,2019,d03,99.2534
cub,2019,d04,91.8025
cub,2019,d05,96.0485
cub,2019,d06,95.5066
cub,2019,d07,94.7553
cub,2019,d08,97.4703
cub,2019,d09,98.5794
cub,2019,d10,96.3185
dom,1996,d01,42.8718
dom,1996,d02,55.5922
dom,1996,d03,38.0189
dom,1996,d04,60.8145
dom,1996,d05,58.8156
dom,1996,d06,65.2673
dom,1996,d07,75.7966
dom,1996,d08,65.7579
dom,1996,d09,72.5854
dom,1996,d10,71.8486
dom,2002,d01,76.0075
dom,2002,d02,84.0425
dom,2002,d03,86.5913
dom,2002,d04,85.8965
dom,2002,d05,86.8017
dom,2002,d06,89.3671
dom,2002,d07,86.6098
dom,2002,d08,95.1959
dom,2002,d09,85.1393
dom,2002,d10,86.2797
dom,2007,d01,60.0732
dom,2007,d02,72.9202
dom,2007,d03,75.5296
dom,2007,d04,74.5955
dom,2007,d05,67.5651
dom,2007,d06,83.0932
dom,2007,d07,74.6175
dom,2007,d08,76.5654
dom,2007,d09,80.3123
dom,2007,d10,91.3318
dom,2013,d01,52.0245
dom,2013,d02,87.3735
dom,2013,d03,87.3216
dom,2013,d04,84.8947
dom,2013,d05,74.9551
dom,2013,d06,70.3582
dom,2013,d07,79.3149
dom,2013,d08,80.7514
dom,2013,d09,79.1768
dom,2013,d10,83.5455
dom,2014,d01,51.1928
dom,2014,d02,52.39
dom,2014,d03,58.3403
dom,2014,d04,59.8803
dom,2014,d05,64.1562
dom,2014,d06,62.4112
dom,2014,d07,63.5397
dom,2014,d08,67.9962
dom,2014,d09,65.5005
dom,2014,d10,60.9738
dom,2019,d01,53.2277
dom,2019,d02,58.1855
dom,2019,d03,60.5426
dom,2019,d04,69.3674
dom,2019,d05,67.417
dom,2019,d06,72.23
dom,2019,d07,65.4174
dom,2019,d08,69.7545
dom,2019,d09,65.0143
dom,2019,d10,67.589
dza,2012,d01,80.8471
dza,2012,d02,86.9381
dza,2012,d03,88.4671
dza,2012,d04,90.7706
dza,2012,d05,92.3274
dza,2012,d06,93.3233
dza,2012,d07,95.0664
dza,2012,d08,92.8333
dza,2012,d09,89.0943
dza,2012,d10,89.8249
dza,2018,d01,50.4876
dza,2018,d02,61.5677
dza,2018,d03,66.0319
dza,2018,d04,64.6214
dza,2018,d05,67.6133
dza,2018,d06,57.2802
dza,2018,d07,59.7506
dza,2018,d08,64.1985
dza,2018,d09,72.2668
dza,2018,d10,59.4335
ecu,2012,d01,82.7297
ecu,2012,d02,87.0314
ecu,2012,d03,85.3406
ecu,2012,d04,83.422
ecu,2012,d05,86.3901
ecu,2012,d06,89.5576
ecu,2012,d07,94.8989
ecu,2012,d08,92.4617
ecu,2012,d09,93.9648
ecu,2012,d10,91.4489
ecu,2018,d01,88.1233
ecu,2018,d02,89.9168
ecu,2018,d03,92.5145
ecu,2018,d04,89.7265
ecu,2018,d05,91.4626
ecu,2018,d06,90.2963
ecu,2018,d07,92.299
ecu,2018,d08,90.278
ecu,2018,d09,95.1883
ecu,2018,d10,93.7383
egy,1995,d01,70.9865
egy,1995,d02,71.6994
egy,1995,d03,78.5232
egy,1995,d04,78.2275
egy,1995,d05,81.8966
egy,1995,d06,87.9748
egy,1995,d07,88.7905
egy,1995,d08,91.8912
egy,1995,d09,94.4708
egy,1995,d10,92.2835
egy,2000,d01,89.6019
egy,2000,d02,97.9377
egy,2000,d03,92.8286
egy,2000,d04,95.7655
egy,2000,d05,93.2296
egy,2000,d06,95.6784
egy,2000,d07,95.3594
egy,2000,d08,94.8916
egy,2000,d09,91.7006
egy,2000,d10,93.7079
egy,2005,d01,91.5009
egy,2005,d02,93.6021
egy,2005,d03,94.3494
egy,2005,d04,93.6111
egy,2005,d05,95.555
egy,2005,d06,95.3375
egy,2005,d07,96.053
egy,2005,d08,93.076
egy,2005,d09,94.8277
egy,2005,d10,97.768
egy,2008,d01,96.367
egy,2008,d02,97.7377
egy,2008,d03,96.4949
egy,2008,d04,95.8816
egy,2008,d05,98.4122
egy,2008,d06,97.3242
egy,2008,d07,98.1185
egy,2008,d08,99.4901
egy,2008,d09,99.4293
egy,2008,d10,98.2271
egy,2014,d01,91.3457
egy,2014,d02,95.8672
egy,2014,d03,95.8191
egy,2014,d04,98.0351
egy,2014,d05,97.4641
egy,2014,d06,98.5451
egy,2014,d07,98.7909
egy,2014,d08,97.9425
egy,2014,d09,99.4615
egy,2014,d10,98.6412
eth,2000,d01,16.6822
eth,2000,d02,13.7988
eth,2000,d03,13.3675
eth,2000,d04,10.2089
eth,2000,d05,12.9374
eth,2000,d06,18.2544
eth,2000,d07,18.2807
eth,2000,d08,30.4266
eth,2000,d09,29.3874
eth,2000,d10,64.1529
eth,2005,d01,24.2121
eth,2005,d02,26.958
eth,2005,d03,28.3109
eth,2005,d04,26.3976
eth,2005,d05,32.2653
eth,2005,d06,35.4032
eth,2005,d07,26.0156
eth,2005,d08,39.4276
eth,2005,d09,32.8052
eth,2005,d10,71.8241
eth,2011,d01,24.0713
eth,2011,d02,28.0487
eth,2011,d03,30.9178
eth,2011,d04,27.8096
eth,2011,d05,28.1326
eth,2011,d06,34.3553
eth,2011,d07,45.2512
eth,2011,d08,40.5482
eth,2011,d09,50.1292
eth,2011,d10,78.12
eth,2016,d01,31.6552
eth,2016,d02,40.7306
eth,2016,d03,47.9495
eth,2016,d04,52.3502
eth,2016,d05,51.5839
eth,2016,d06,51.1615
eth,2016,d07,70.0963
eth,2016,d08,56.8268
eth,2016,d09,65.0804
eth,2016,d10,85.8436
eth,2019,d01,36.2373
eth,2019,d02,60.4683
eth,2019,d03,56.2448
eth,2019,d04,62.8263
eth,2019,d05,44.1465
eth,2019,d06,60.5095
eth,2019,d07,61.4914
eth,2019,d08,64.9428
eth,2019,d09,87.7731
eth,2019,d10,79.1447
gab,2000,d01,14.7922
gab,2000,d02,23.6059
gab,2000,d03,29.0248
gab,2000,d04,35.5442
gab,2000,d05,46.1921
gab,2000,d06,43.8552
gab,2000,d07,43.1339
gab,2000,d08,44.7611
gab,2000,d09,53.0505
gab,2000,d10,52.8956
gab,2012,d01,56.0087
gab,2012,d02,67.0297
gab,2012,d03,76.6852
gab,2012,d04,79.9862
gab,2012,d05,71.9245
gab,2012,d06,61.9068
gab,2012,d07,86.0088
gab,2012,d08,90.0033
gab,2012,d09,72.0936
gab,2012,d10,71.4646
gha,1993,d01,48.6111
gha,1993,d02,37.5
gha,1993,d03,64.7059
gha,1993,d04,57.8947
gha,1993,d05,48.3333
gha,1993,d06,65.7895
gha,1993,d07,64.5161
gha,1993,d08,70.8333
gha,1993,d09,74.5763
gha,1993,d10,91.8033
gha,1998,d01,58.8146
gha,1998,d02,63.2568
gha,1998,d03,68.9482
gha,1998,d04,65.4852
gha,1998,d05,75.9778
gha,1998,d06,70.6486
gha,1998,d07,71.8532
gha,1998,d08,83.5033
gha,1998,d09,90.5196
gha,1998,d10,94.3157
gha,2003,d01,56.8294
gha,2003,d02,76.2968
gha,2003,d03,83.6696
gha,2003,d04,77.1768
gha,2003,d05,86.7302
gha,2003,d06,83.8334
gha,2003,d07,93.5415
gha,2003,d08,76.9032
gha,2003,d09,86.3085
gha,2003,d10,88.5411
gha,2006,d01,76.1266
gha,2006,d02,75.2995
gha,2006,d03,80.6689
gha,2006,d04,77.177
gha,2006,d05,91.0487
gha,2006,d06,81.9224
gha,2006,d07,84.4317
gha,2006,d08,91.8935
gha,2006,d09,78.5006
gha,2006,d10,98.7259
gha,2008,d01,87.1488
gha,2008,d02,91.013
gha,2008,d03,89.154
gha,2008,d04,86.1857
gha,2008,d05,82.7631
gha,2008,d06,81.1595
gha,2008,d07,96.3261
gha,2008,d08,95.323
gha,2008,d09,94.1942
gha,2008,d10,92.2094
gha,2011,d01,93.4131
gha,2011,d02,92.3724
gha,2011,d03,96.0245
gha,2011,d04,90.5679
gha,2011,d05,92.6494
gha,2011,d06,86.9264
gha,2011,d07,94.9331
gha,2011,d08,92.9136
gha,2011,d09,91.5968
gha,2011,d10,100
gha,2014,d01,85.148
gha,2014,d02,90.9582
gha,2014,d03,89.1801
gha,2014,d04,84.9161
gha,2014,d05,84.958
gha,2014,d06,95.3952
gha,2014,d07,92.4706
gha,2014,d08,86.0719
gha,2014,d09,91.9645
gha,2014,d10,91.9003
gha,2017,d01,89.2494
gha,2017,d02,84.4503
gha,2017,d03,83.1659
gha,2017,d04,89.9713
gha,2017,d05,88.9842
gha,2017,d06,91.3822
gha,2017,d07,89.5431
gha,2017,d08,95.8559
gha,2017,d09,91.3101
gha,2017,d10,91.075
gin,1999,d01,32.8412
gin,1999,d02,29.3847
gin,1999,d03,36.789
gin,1999,d04,30.4615
gin,1999,d05,41.9972
gin,1999,d06,53.9614
gin,1999,d07,56.1538
gin,1999,d08,55.5628
gin,1999,d09,70.3419
gin,1999,d10,68.3405
gin,2005,d01,37.4419
gin,2005,d02,39.6661
gin,2005,d03,44.4388
gin,2005,d04,48.4151
gin,2005,d05,52.9617
gin,2005,d06,59.6754
gin,2005,d07,64.1004
gin,2005,d08,61.8528
gin,2005,d09,65.7722
gin,2005,d10,54.858
gin,2012,d01,27.6112
gin,2012,d02,37.7963
gin,2012,d03,48.3622
gin,2012,d04,55.4935
gin,2012,d05,49.9979
gin,2012,d06,52.4996
gin,2012,d07,50.2722
gin,2012,d08,61.8996
gin,2012,d09,58.8339
gin,2012,d10,66.0526
gin,2018,d01,24.7094
gin,2018,d02,32.1943
gin,2018,d03,38.0989
gin,2018,d04,39.9958
gin,2018,d05,42.3043
gin,2018,d06,34.7728
gin,2018,d07,45.7483
gin,2018,d08,49.9238
gin,2018,d09,55.5451
gin,2018,d10,53.3917
gmb,2005,d01,88.921
gmb,2005,d02,89.7972
gmb,2005,d03,86.4706
gmb,2005,d04,83.0899
gmb,2005,d05,83.9164
gmb,2005,d06,82.8876
gmb,2005,d07,85.0308
gmb,2005,d08,85.5988
gmb,2005,d09,92.1542
gmb,2005,d10,85.1405
gmb,2010,d01,94.1114
gmb,2010,d02,93.7101
gmb,2010,d03,93.0136
gmb,2010,d04,91.7418
gmb,2010,d05,89.2655
gmb,2010,d06,91.519
gmb,2010,d07,92.8006
gmb,2010,d08,94.6392
gmb,2010,d09,94.2419
gmb,2010,d10,93.7053
gmb,2013,d01,91.3989
gmb,2013,d02,91.2299
gmb,2013,d03,91.0839
gmb,2013,d04,87.8654
gmb,2013,d05,90.4008
gmb,2013,d06,90.7377
gmb,2013,d07,83.9787
gmb,2013,d08,93.8161
gmb,2013,d09,91.6936
gmb,2013,d10,79.123
gmb,2018,d01,95.3461
gmb,2018,d02,92.707
gmb,2018,d03,96.0784
gmb,2018,d04,93.6762
gmb,2018,d05,94.7803
gmb,2018,d06,95.1692
gmb,2018,d07,88.7534
gmb,2018,d08,92.3249
gmb,2018,d09,93.3327
gmb,2018,d10,96.2357
gmb,2019,d01,95.1453
gmb,2019,d02,94.0189
gmb,2019,d03,95.5757
gmb,2019,d04,94.2812
gmb,2019,d05,96.688
gmb,2019,d06,87.4978
gmb,2019,d07,88.947
gmb,2019,d08,92.2126
gmb,2019,d09,98.6253
gmb,2019,d10,92.3789
gnb,2006,d01,57.7049
gnb,2006,d02,55.9871
gnb,2006,d03,60.4131
gnb,2006,d04,63.1723
gnb,2006,d05,66.7449
gnb,2006,d06,61.5175
gnb,2006,d07,70.6547
gnb,2006,d08,63.308
gnb,2006,d09,78.5399
gnb,2006,d10,77.0128
gnb,2014,d01,74.5212
gnb,2014,d02,74.7466
gnb,2014,d03,78.3254
gnb,2014,d04,85.8583
gnb,2014,d05,87.2453
gnb,2014,d06,84.7403
gnb,2014,d07,82.5375
gnb,2014,d08,86.4391
gnb,2014,d09,90.1051
gnb,2014,d10,91.1213
gnb,2018,d01,81.0092
gnb,2018,d02,84.3902
gnb,2018,d03,82.8214
gnb,2018,d04,82.6226
gnb,2018,d05,89.1816
gnb,2018,d06,90.4165
gnb,2018,d07,82.7907
gnb,2018,d08,82.5134
gnb,2018,d09,80.8808
gnb,2018,d10,87.2494
gtm,1995,d01,48.9871
gtm,1995,d02,62.668
gtm,1995,d03,57.4139
gtm,1995,d04,59.8014
gtm,1995,d05,56.9294
gtm,1995,d06,63.631
gtm,1995,d07,58.6048
gtm,1995,d08,63.4807
gtm,1995,d09,77.2456
gtm,1995,d10,65.1877
gtm,1998,d01,60.2984
gtm,1998,d02,69.8914
gtm,1998,d03,70.666
gtm,1998,d04,65.4846
gtm,1998,d05,67.1575
gtm,1998,d06,75.4633
gtm,1998,d07,57.7536
gtm,1998,d08,80.4509
gtm,1998,d09,73.4565
gtm,1998,d10,97.9575
gtm,2014,d01,75.9702
gtm,2014,d02,81.1499
gtm,2014,d03,82.5078
gtm,2014,d04,81.9602
gtm,2014,d05,86.1875
gtm,2014,d06,88.6471
gtm,2014,d07,89.8035
gtm,2014,d08,89.9732
gtm,2014,d09,87.5842
gtm,2014,d10,92.3506
guy,2014,d01,83.2928
guy,2014,d02,90.4786
guy,2014,d03,92.2656
guy,2014,d04,90.2912
guy,2014,d05,93.9523
guy,2014,d06,86.3307
guy,2014,d07,89.0289
guy,2014,d08,95.7868
guy,2014,d09,96.6528
guy,2014,d10,89.228
guy,2019,d01,73.758
guy,2019,d02,89.8943
guy,2019,d03,86.285
guy,2019,d04,93.8335
guy,2019,d05,97.4698
guy,2019,d06,89.2534
guy,2019,d07,92.0944
guy,2019,d08,88.3511
guy,2019,d09,91.854
guy,2019,d10,90.5309
hnd,2005,d01,93.3915
hnd,2005,d02,95.3742
hnd,2005,d03,91.9667
hnd,2005,d04,93.2131
hnd,2005,d05,94.3523
hnd,2005,d06,92.1966
hnd,2005,d07,91.6609
hnd,2005,d08,96.6836
hnd,2005,d09,90.5827
hnd,2005,d10,84.8353
hnd,2011,d01,96.4566
hnd,2011,d02,96.2976
hnd,2011,d03,95.5667
hnd,2011,d04,94.2067
hnd,2011,d05,95.4767
hnd,2011,d06,92.1663
hnd,2011,d07,96.6514
hnd,2011,d08,94.6652
hnd,2011,d09,98.3664
hnd,2011,d10,97.679
hnd,2019,d01,90.7833
hnd,2019,d02,93.6296
hnd,2019,d03,89.3283
hnd,2019,d04,96.6337
hnd,2019,d05,89.8669
hnd,2019,d06,88.5747
hnd,2019,d07,92.4299
hnd,2019,d08,89.1765
hnd,2019,d09,87.7914
hnd,2019,d10,95.1905
hti,1994,d01,32.4324
hti,1994,d02,24.4266
hti,1994,d03,31.1432
hti,1994,d04,30.9529
hti,1994,d05,44.8077
hti,1994,d06,43.883
hti,1994,d07,53.2785
hti,1994,d08,53.562
hti,1994,d09,55.1459
hti,1994,d10,57.7124
hti,2000,d01,30.1652
hti,2000,d02,32.1899
hti,2000,d03,38.1893
hti,2000,d04,35.6004
hti,2000,d05,38.8788
hti,2000,d06,56.9809
hti,2000,d07,43.5836
hti,2000,d08,46.069
hti,2000,d09,46.6164
hti,2000,d10,77.6596
hti,2005,d01,41.4253
hti,2005,d02,51.3906
hti,2005,d03,54.0543
hti,2005,d04,46.0185
hti,2005,d05,59.4599
hti,2005,d06,50.9431
hti,2005,d07,58.0891
hti,2005,d08,45.6303
hti,2005,d09,67.1077
hti,2005,d10,76.9248
hti,2012,d01,61.1036
hti,2012,d02,48.8548
hti,2012,d03,60.3013
hti,2012,d04,65.6817
hti,2012,d05,63.2811
hti,2012,d06,70.3146
hti,2012,d07,56.418
hti,2012,d08,68.8742
hti,2012,d09,74.8238
hti,2012,d10,59.3041
hti,2016,d01,39.051
hti,2016,d02,48.0707
hti,2016,d03,50.7071
hti,2016,d04,48.0587
hti,2016,d05,43.102
hti,2016,d06,57.2661
hti,2016,d07,74.9619
hti,2016,d08,62.9622
hti,2016,d09,77.0337
hti,2016,d10,83.3606
idn,1997,d01,50.5497
idn,1997,d02,55.1934
idn,1997,d03,58.2605
idn,1997,d04,55.2603
idn,1997,d05,64.4321
idn,1997,d06,70.4102
idn,1997,d07,64.4584
idn,1997,d08,68.8446
idn,1997,d09,78.9707
idn,1997,d10,86.1741
idn,2002,d01,40.922
idn,2002,d02,42.4264
idn,2002,d03,48.3148
idn,2002,d04,52.2312
idn,2002,d05,67.9673
idn,2002,d06,62.6634
idn,2002,d07,67.8526
idn,2002,d08,62.684
idn,2002,d09,65.8621
idn,2002,d10,80.1505
idn,2007,d01,41.2384
idn,2007,d02,51.3352
idn,2007,d03,65.2732
idn,2007,d04,60.5699
idn,2007,d05,64.6261
idn,2007,d06,69.1766
idn,2007,d07,77.284
idn,2007,d08,79.174
idn,2007,d09,77.5582
idn,2007,d10,86.2493
idn,2012,d01,45.3229
idn,2012,d02,61.0631
idn,2012,d03,65.0713
idn,2012,d04,73.4375
idn,2012,d05,72.6574
idn,2012,d06,76.8464
idn,2012,d07,77.6207
idn,2012,d08,84.2616
idn,2012,d09,86.4904
idn,2012,d10,83.1167
idn,2017,d01,65.1287
idn,2017,d02,68.7923
idn,2017,d03,67.216
idn,2017,d04,79.6186
idn,2017,d05,78.9175
idn,2017,d06,81.0151
idn,2017,d07,81.3598
idn,2017,d08,82.7681
idn,2017,d09,81.8554
idn,2017,d10,81.2627
ind,1998,d01,33.5956
ind,1998,d02,35.1322
ind,1998,d03,36.9444
ind,1998,d04,47.5575
ind,1998,d05,55.2781
ind,1998,d06,60.5623
ind,1998,d07,68.821
ind,1998,d08,72.8752
ind,1998,d09,78.9426
ind,1998,d10,87.0134
ind,2005,d01,32.0811
ind,2005,d02,35.8195
ind,2005,d03,47.2235
ind,2005,d04,47.203
ind,2005,d05,55.0038
ind,2005,d06,62.3592
ind,2005,d07,67.63
ind,2005,d08,69.9867
ind,2005,d09,77.2124
ind,2005,d10,87.3473
ind,2015,d01,67.3348
ind,2015,d02,73.6837
ind,2015,d03,75.7325
ind,2015,d04,78.4669
ind,2015,d05,81.5657
ind,2015,d06,80.155
ind,2015,d07,83.5261
ind,2015,d08,84.1213
ind,2015,d09,83.0647
ind,2015,d10,88.6659
ind,2019,d01,82.4013
ind,2019,d02,85.0482
ind,2019,d03,86.2932
ind,2019,d04,86.6691
ind,2019,d05,89.6719
ind,2019,d06,89.6482
ind,2019,d07,88.7517
ind,2019,d08,88.6022
ind,2019,d09,89.8016
ind,2019,d10,89.7836
irq,2011,d01,47.3846
irq,2011,d02,61.3567
irq,2011,d03,64.5986
irq,2011,d04,69.8548
irq,2011,d05,72.5599
irq,2011,d06,71.9938
irq,2011,d07,75.9863
irq,2011,d08,81.763
irq,2011,d09,80.5823
irq,2011,d10,82.2582
irq,2018,d01,50.8865
irq,2018,d02,61.0309
irq,2018,d03,61.4125
irq,2018,d04,70.5926
irq,2018,d05,62.6252
irq,2018,d06,74.4807
irq,2018,d07,64.6167
irq,2018,d08,79.8183
irq,2018,d09,85.488
irq,2018,d10,85.5653
jor,1997,d01,95.2569
jor,1997,d02,100
jor,1997,d03,94.1266
jor,1997,d04,96.226
jor,1997,d05,97.4957
jor,1997,d06,95.0728
jor,1997,d07,96.3911
jor,1997,d08,97.2121
jor,1997,d09,97.1323
jor,1997,d10,87.5802
jor,2002,d01,97.6343
jor,2002,d02,99.0221
jor,2002,d03,99.6056
jor,2002,d04,97.4356
jor,2002,d05,96.4333
jor,2002,d06,98.6377
jor,2002,d07,99.5418
jor,2002,d08,96.348
jor,2002,d09,99.057
jor,2002,d10,100
jor,2007,d01,94.6356
jor,2007,d02,98.6
jor,2007,d03,95.6774
jor,2007,d04,99.1283
jor,2007,d05,96.7513
jor,2007,d06,99.1774
jor,2007,d07,96.3102
jor,2007,d08,100
jor,2007,d09,99.7312
jor,2007,d10,95.5949
jor,2012,d01,93.5961
jor,2012,d02,98.5704
jor,2012,d03,99.38
jor,2012,d04,98.8071
jor,2012,d05,99.5296
jor,2012,d06,98.7049
jor,2012,d07,98.7929
jor,2012,d08,99.8631
jor,2012,d09,99.9169
jor,2012,d10,97.9044
jor,2017,d01,86.9665
jor,2017,d02,88.2717
jor,2017,d03,89.9109
jor,2017,d04,91.6304
jor,2017,d05,90.1889
jor,2017,d06,93.3637
jor,2017,d07,89.5156
jor,2017,d08,90.9154
jor,2017,d09,85.4225
jor,2017,d10,95.7884
kaz,2006,d01,98.2278
kaz,2006,d02,97.1768
kaz,2006,d03,98.0386
kaz,2006,d04,96.2578
kaz,2006,d05,96.4769
kaz,2006,d06,96.8227
kaz,2006,d07,98.338
kaz,2006,d08,98.0173
kaz,2006,d09,96.3379
kaz,2006,d10,99.4064
kaz,2010,d01,98.2404
kaz,2010,d02,96.2467
kaz,2010,d03,97.8168
kaz,2010,d04,97.7107
kaz,2010,d05,95.7333
kaz,2010,d06,96.0708
kaz,2010,d07,93.0241
kaz,2010,d08,95.8154
kaz,2010,d09,96.5446
kaz,2010,d10,91.3479
kaz,2015,d01,94.4714
kaz,2015,d02,94.8073
kaz,2015,d03,97.9711
kaz,2015,d04,95.3468
kaz,2015,d05,90.9965
kaz,2015,d06,98.0253
kaz,2015,d07,85.3207
kaz,2015,d08,80.9038
kaz,2015,d09,77.66
kaz,2015,d10,95.6389
ken,1993,d01,75.9061
ken,1993,d02,77.6951
ken,1993,d03,86.249
ken,1993,d04,86.3258
ken,1993,d05,88.4344
ken,1993,d06,83.861
ken,1993,d07,95.9548
ken,1993,d08,90.7733
ken,1993,d09,92.3558
ken,1993,d10,96.0712
ken,1998,d01,64.6779
ken,1998,d02,72.5871
ken,1998,d03,77.0312
ken,1998,d04,80.0542
ken,1998,d05,82.228
ken,1998,d06,90.6734
ken,1998,d07,84.2188
ken,1998,d08,83.7589
ken,1998,d09,82.7746
ken,1998,d10,86.219
ken,2003,d01,58.5985
ken,2003,d02,56.114
ken,2003,d03,66.547
ken,2003,d04,76.2179
ken,2003,d05,84.4941
ken,2003,d06,88.4592
ken,2003,d07,88.6962
ken,2003,d08,72.5302
ken,2003,d09,71.7485
ken,2003,d10,75.6859
ken,2008,d01,76.445
ken,2008,d02,78.9078
ken,2008,d03,85.3372
ken,2008,d04,88.5839
ken,2008,d05,96.038
ken,2008,d06,85.9433
ken,2008,d07,89.4332
ken,2008,d08,88.6027
ken,2008,d09,88.941
ken,2008,d10,90.251
ken,2014,d01,81.0543
ken,2014,d02,86.8174
ken,2014,d03,91.5849
ken,2014,d04,89.3451
ken,2014,d05,94.2962
ken,2014,d06,89.5406
ken,2014,d07,93.3353
ken,2014,d08,94.3276
ken,2014,d09,93.4627
ken,2014,d10,92.3047
kgz,2012,d01,96.2054
kgz,2012,d02,91.8369
kgz,2012,d03,94.5796
kgz,2012,d04,96.3061
kgz,2012,d05,94.3582
kgz,2012,d06,87.6452
kgz,2012,d07,79.2408
kgz,2012,d08,84.8258
kgz,2012,d09,80.1261
kgz,2012,d10,70.0137
kgz,2014,d01,94.8249
kgz,2014,d02,96.4496
kgz,2014,d03,95.8964
kgz,2014,d04,94.9373
kgz,2014,d05,98.8587
kgz,2014,d06,90.9497
kgz,2014,d07,98.314
kgz,2014,d08,98.4928
kgz,2014,d09,87.2049
kgz,2014,d10,93.6169
kgz,2018,d01,95.2567
kgz,2018,d02,79.9363
kgz,2018,d03,93.7161
kgz,2018,d04,93.1709
kgz,2018,d05,86.5395
kgz,2018,d06,85.8886
kgz,2018,d07,83.2928
kgz,2018,d08,83.6113
kgz,2018,d09,74.8987
kgz,2018,d10,70.7443
khm,2000,d01,41.1693
khm,2000,d02,36.7673
khm,2000,d03,35.5452
khm,2000,d04,48.4938
khm,2000,d05,45.3683
khm,2000,d06,51.3404
khm,2000,d07,58.4513
khm,2000,d08,51.1404
khm,2000,d09,73.8314
khm,2000,d10,76.1799
khm,2005,d01,63.3466
khm,2005,d02,68.6419
khm,2005,d03,77.3463
khm,2005,d04,80.638
khm,2005,d05,80.2167
khm,2005,d06,81.8649
khm,2005,d07,91.5406
khm,2005,d08,86.1687
khm,2005,d09,76.9998
khm,2005,d10,91.8452
khm,2010,d01,69.9849
khm,2010,d02,78.0959
khm,2010,d03,79.4643
khm,2010,d04,86.7372
khm,2010,d05,87.8232
khm,2010,d06,89.5419
khm,2010,d07,92.4281
khm,2010,d08,88.7324
khm,2010,d09,89.0536
khm,2010,d10,95.8881
khm,2014,d01,66.8691
khm,2014,d02,76.8673
khm,2014,d03,73.1019
khm,2014,d04,83.1316
khm,2014,d05,77.6195
khm,2014,d06,87.5759
khm,2014,d07,94.5624
khm,2014,d08,94.1371
khm,2014,d09,95.4536
khm,2014,d10,96.8492
kir,2018,d01,48.0778
kir,2018,d02,35.8589
kir,2018,d03,50.3944
kir,2018,d04,48.1818
kir,2018,d05,32.3737
kir,2018,d06,54.0862
kir,2018,d07,45.8409
kir,2018,d08,49.5958
kir,2018,d09,56.1579
kir,2018,d10,49.6409
lao,2006,d01,28.9593
lao,2006,d02,29.2286
lao,2006,d03,33.9193
lao,2006,d04,33.9452
lao,2006,d05,50.9212
lao,2006,d06,55.6955
lao,2006,d07,49.9257
lao,2006,d08,43.0342
lao,2006,d09,50.6055
lao,2006,d10,69.2773
lao,2011,d01,35.3426
lao,2011,d02,38.4861
lao,2011,d03,40.4862
lao,2011,d04,52.7952
lao,2011,d05,55.4876
lao,2011,d06,62.229
lao,2011,d07,63.1093
lao,2011,d08,72.4817
lao,2011,d09,77.8361
lao,2011,d10,84.5312
lao,2017,d01,36.5162
lao,2017,d02,44.8437
lao,2017,d03,53.9396
lao,2017,d04,58.3818
lao,2017,d05,60.4656
lao,2017,d06,63.4634
lao,2017,d07,56.84
lao,2017,d08,75.4623
lao,2017,d09,72.3034
lao,2017,d10,73.5143
lbr,2007,d01,32.6593
lbr,2007,d02,26.9934
lbr,2007,d03,40.7078
lbr,2007,d04,35.7134
lbr,2007,d05,58.2586
lbr,2007,d06,53.3898
lbr,2007,d07,68.4753
lbr,2007,d08,63.3449
lbr,2007,d09,72.7251
lbr,2007,d10,70.4218
lbr,2013,d01,56.2621
lbr,2013,d02,60.4365
lbr,2013,d03,72.5749
lbr,2013,d04,71.4993
lbr,2013,d05,67.2197
lbr,2013,d06,79.6534
lbr,2013,d07,74.1916
lbr,2013,d08,82.0701
lbr,2013,d09,74.0315
lbr,2013,d10,85.1333
lbr,2019,d01,62.8208
lbr,2019,d02,56.9328
lbr,2019,d03,73.9643
lbr,2019,d04,75.3876
lbr,2019,d05,69.2704
lbr,2019,d06,76.809
lbr,2019,d07,65.0084
lbr,2019,d08,73.9207
lbr,2019,d09,82.76
lbr,2019,d10,68.7524
lso,2004,d01,80.8808
lso,2004,d02,83.0946
lso,2004,d03,79.5281
lso,2004,d04,80.6151
lso,2004,d05,92.0264
lso,2004,d06,75.6811
lso,2004,d07,82.1598
lso,2004,d08,84.4937
lso,2004,d09,90.6765
lso,2004,d10,92.6076
lso,2009,d01,68.3107
lso,2009,d02,78.5233
lso,2009,d03,86.6726
lso,2009,d04,79.5231
lso,2009,d05,88.7548
lso,2009,d06,84.5034
lso,2009,d07,89.2016
lso,2009,d08,92.2165
lso,2009,d09,81.8189
lso,2009,d10,93.7037
lso,2014,d01,84.114
lso,2014,d02,88.6292
lso,2014,d03,80.2125
lso,2014,d04,84.9508
lso,2014,d05,93.1035
lso,2014,d06,94.9271
lso,2014,d07,90.7306
lso,2014,d08,85.5476
lso,2014,d09,79.9028
lso,2014,d10,79.4068
lso,2018,d01,78.3546
lso,2018,d02,72.3401
lso,2018,d03,88.3823
lso,2018,d04,78.8128
lso,2018,d05,77.9945
lso,2018,d06,84.7585
lso,2018,d07,90.7922
lso,2018,d08,95.7551
lso,2018,d09,81.4508
lso,2018,d10,85.2578
mar,2003,d01,87.2003
mar,2003,d02,91.2371
mar,2003,d03,95.3132
mar,2003,d04,93.7376
mar,2003,d05,97.9154
mar,2003,d06,95.6615
mar,2003,d07,95.872
mar,2003,d08,97.7758
mar,2003,d09,97.1715
mar,2003,d10,99.5431
mdg,1997,d01,31.1804
mdg,1997,d02,33.3771
mdg,1997,d03,29.9207
mdg,1997,d04,46.8144
mdg,1997,d05,37.6554
mdg,1997,d06,44.7267
mdg,1997,d07,64.5853
mdg,1997,d08,68.0088
mdg,1997,d09,82.3368
mdg,1997,d10,79.1156
mdg,2003,d01,40.348
mdg,2003,d02,36.9739
mdg,2003,d03,51.1724
mdg,2003,d04,55.955
mdg,2003,d05,55.0023
mdg,2003,d06,68.0165
mdg,2003,d07,74.1082
mdg,2003,d08,87.0904
mdg,2003,d09,90.0857
mdg,2003,d10,92.4816
mdg,2008,d01,47.8135
mdg,2008,d02,60.0551
mdg,2008,d03,63.7314
mdg,2008,d04,71.7038
mdg,2008,d05,77.6648
mdg,2008,d06,77.0416
mdg,2008,d07,89.1944
mdg,2008,d08,82.7861
mdg,2008,d09,91.3037
mdg,2008,d10,94.9343
mdg,2018,d01,29.7111
mdg,2018,d02,48.4428
mdg,2018,d03,50.1658
mdg,2018,d04,63.372
mdg,2018,d05,59.8619
mdg,2018,d06,61.5494
mdg,2018,d07,74.326
mdg,2018,d08,67.6846
mdg,2018,d09,74.4362
mdg,2018,d10,80.3006
mdv,2009,d01,96.4163
mdv,2009,d02,98.7852
mdv,2009,d03,100
mdv,2009,d04,98.4281
mdv,2009,d05,96.831
mdv,2009,d06,97.2306
mdv,2009,d07,96.4519
mdv,2009,d08,100
mdv,2009,d09,97.4862
mdv,2009,d10,96.9927
mex,2015,d01,71.2764
mex,2015,d02,67.4514
mex,2015,d03,73.3122
mex,2015,d04,69.8841
mex,2015,d05,56.0754
mex,2015,d06,69.1161
mex,2015,d07,74.1535
mex,2015,d08,68.917
mex,2015,d09,60.4124
mex,2015,d10,84.5147
mex,2018,d01,74.8822
mex,2018,d02,75.577
mex,2018,d03,77.9366
mex,2018,d04,69.5493
mex,2018,d05,71.3059
mex,2018,d06,70.4643
mex,2018,d07,74.9909
mex,2018,d08,73.9023
mex,2018,d09,71.6756
mex,2018,d10,81.799
mkd,2005,d01,76.4071
mkd,2005,d02,82.1978
mkd,2005,d03,89.413
mkd,2005,d04,89.1656
mkd,2005,d05,70.6352
mkd,2005,d06,82.7723
mkd,2005,d07,84.8534
mkd,2005,d08,84.0566
mkd,2005,d09,71.9745
mkd,2005,d10,73.8422
mkd,2018,d01,90.7798
mkd,2018,d02,89.3973
mkd,2018,d03,97.5695
mkd,2018,d04,65.4859
mkd,2018,d05,95.7873
mkd,2018,d06,55.3688
mkd,2018,d07,86.3373
mkd,2018,d08,80.9147
mkd,2018,d09,96.9948
mkd,2018,d10,69.6748
mli,1995,d01,15.5462
mli,1995,d02,22.2246
mli,1995,d03,27.5139
mli,1995,d04,33.7944
mli,1995,d05,26.8414
mli,1995,d06,35.4612
mli,1995,d07,37.436
mli,1995,d08,47.3016
mli,1995,d09,61.7205
mli,1995,d10,73.5232
mli,2001,d01,21.858
mli,2001,d02,33.2533
mli,2001,d03,35.0271
mli,2001,d04,24.258
mli,2001,d05,25.2888
mli,2001,d06,33.1425
mli,2001,d07,40.6246
mli,2001,d08,50.5978
mli,2001,d09,66.5563
mli,2001,d10,76.0308
mli,2006,d01,66.8809
mli,2006,d02,62.4732
mli,2006,d03,64.4825
mli,2006,d04,63.3723
mli,2006,d05,69.6349
mli,2006,d06,65.2685
mli,2006,d07,63.3681
mli,2006,d08,70.0696
mli,2006,d09,71.4637
mli,2006,d10,85.1664
mli,2009,d01,60.92
mli,2009,d02,62.1566
mli,2009,d03,70.6955
mli,2009,d04,72.6745
mli,2009,d05,72.4925
mli,2009,d06,77.5104
mli,2009,d07,85.847
mli,2009,d08,81.3833
mli,2009,d09,85.5554
mli,2009,d10,91.1506
mli,2012,d01,49.6633
mli,2012,d02,47.5919
mli,2012,d03,52.8841
mli,2012,d04,64.153
mli,2012,d05,57.4822
mli,2012,d06,64.7982
mli,2012,d07,73.5948
mli,2012,d08,71.5401
mli,2012,d09,76.9532
mli,2012,d10,78.1739
mli,2015,d01,36.4733
mli,2015,d02,40.4676
mli,2015,d03,44.6163
mli,2015,d04,46.8403
mli,2015,d05,51.5444
mli,2015,d06,59.2943
mli,2015,d07,62.2198
mli,2015,d08,63.1715
mli,2015,d09,70.1516
mli,2015,d10,78.1136
mli,2018,d01,58.6082
mli,2018,d02,64.6696
mli,2018,d03,69.4333
mli,2018,d04,66.7631
mli,2018,d05,68.7187
mli,2018,d06,74.2708
mli,2018,d07,71.4924
mli,2018,d08,76.3651
mli,2018,d09,76.0528
mli,2018,d10,88.2831
mmr,2015,d01,43.1885
mmr,2015,d02,57.5431
mmr,2015,d03,50.104
mmr,2015,d04,48.7321
mmr,2015,d05,65.3596
mmr,2015,d06,70.3531
mmr,2015,d07,70.1235
mmr,2015,d08,80.9546
mmr,2015,d09,79.4015
mmr,2015,d10,90.2633
mng,2005,d01,86.0942
mng,2005,d02,84.1001
mng,2005,d03,89.8225
mng,2005,d04,87.2983
mng,2005,d05,85.3766
mng,2005,d06,96.484
mng,2005,d07,91.7838
mng,2005,d08,98.316
mng,2005,d09,95.8858
mng,2005,d10,86.587
mng,2010,d01,86.8077
mng,2010,d02,93.581
mng,2010,d03,88.6735
mng,2010,d04,92.4534
mng,2010,d05,93.8211
mng,2010,d06,89.994
mng,2010,d07,87.2148
mng,2010,d08,94.5799
mng,2010,d09,92.42
mng,2010,d10,92.456
mng,2013,d01,97.0066
mng,2013,d02,95.2223
mng,2013,d03,96.6845
mng,2013,d04,98.4426
mng,2013,d05,98.6312
mng,2013,d06,98.5566
mng,2013,d07,99.1636
mng,2013,d08,100
mng,2013,d09,98.4556
mng,2013,d10,98.3192
mng,2018,d01,94.5132
mng,2018,d02,87.5592
mng,2018,d03,84.8114
mng,2018,d04,92.6286
mng,2018,d05,90.7961
mng,2018,d06,93.349
mng,2018,d07,95.4866
mng,2018,d08,91.6548
mng,2018,d09,91.8743
mng,2018,d10,84.5148
moz,1997,d01,38.0102
moz,1997,d02,23.8813
moz,1997,d03,58.2042
moz,1997,d04,45.2758
moz,1997,d05,38.4601
moz,1997,d06,63.5666
moz,1997,d07,77.7066
moz,1997,d08,83.8151
moz,1997,d09,92.5272
moz,1997,d10,95.6001
moz,2003,d01,48.4197
moz,2003,d02,58.0343
moz,2003,d03,61.2802
moz,2003,d04,68.7513
moz,2003,d05,72.9414
moz,2003,d06,73.5093
moz,2003,d07,83.2696
moz,2003,d08,88.6609
moz,2003,d09,95.8217
moz,2003,d10,96.237
moz,2008,d01,58.101
moz,2008,d02,59.5284
moz,2008,d03,62.1552
moz,2008,d04,70.2657
moz,2008,d05,74.3662
moz,2008,d06,83.3571
moz,2008,d07,79.6527
moz,2008,d08,83.8101
moz,2008,d09,85.6132
moz,2008,d10,92.21
moz,2011,d01,69.1259
moz,2011,d02,61.3541
moz,2011,d03,70.7806
moz,2011,d04,70.7528
moz,2011,d05,84.7131
moz,2011,d06,77.606
moz,2011,d07,83.5281
moz,2011,d08,88.5025
moz,2011,d09,85.8539
moz,2011,d10,89.685
moz,2015,d01,70.3092
moz,2015,d02,78.5898
moz,2015,d03,67.8951
moz,2015,d04,78.8896
moz,2015,d05,86.7056
moz,2015,d06,84.0725
moz,2015,d07,89.5542
moz,2015,d08,92.7435
moz,2015,d09,93.7971
moz,2015,d10,96.2152
mrt,2007,d01,49.9167
mrt,2007,d02,52.4996
mrt,2007,d03,51.8786
mrt,2007,d04,66.9282
mrt,2007,d05,54.6953
mrt,2007,d06,61.913
mrt,2007,d07,50.4143
mrt,2007,d08,48.2181
mrt,2007,d09,62.2893
mrt,2007,d10,58.679
mrt,2011,d01,45.3377
mrt,2011,d02,53.7404
mrt,2011,d03,59.3397
mrt,2011,d04,46.8922
mrt,2011,d05,57.5773
mrt,2011,d06,52.3468
mrt,2011,d07,59.0382
mrt,2011,d08,59.7634
mrt,2011,d09,66.3195
mrt,2011,d10,57.7381
mrt,2015,d01,43.4407
mrt,2015,d02,44.7184
mrt,2015,d03,46.0299
mrt,2015,d04,55.1148
mrt,2015,d05,61.3603
mrt,2015,d06,59.0728
mrt,2015,d07,70.8481
mrt,2015,d08,70.0051
mrt,2015,d09,81.2195
mrt,2015,d10,85.3972
mrt,2019,d01,62.5978
mrt,2019,d02,70.0725
mrt,2019,d03,60.4012
mrt,2019,d04,76.467
mrt,2019,d05,72.9171
mrt,2019,d06,82.6993
mrt,2019,d07,74.6685
mrt,2019,d08,80.0948
mrt,2019,d09,73.4212
mrt,2019,d10,82.9034
mwi,2000,d01,79.7822
mwi,2000,d02,79.2185
mwi,2000,d03,78.3462
mwi,2000,d04,84.8124
mwi,2000,d05,82.4831
mwi,2000,d06,81.2097
mwi,2000,d07,85.7145
mwi,2000,d08,89.9521
mwi,2000,d09,93.7005
mwi,2000,d10,92.9051
mwi,2004,d01,65.5561
mwi,2004,d02,78.65
mwi,2004,d03,77.1557
mwi,2004,d04,81.1241
mwi,2004,d05,82.1355
mwi,2004,d06,83.9437
mwi,2004,d07,86.5909
mwi,2004,d08,88.0853
mwi,2004,d09,89.0923
mwi,2004,d10,91.0664
mwi,2006,d01,78.3503
mwi,2006,d02,88.0826
mwi,2006,d03,85.7989
mwi,2006,d04,84.0514
mwi,2006,d05,82.4468
mwi,2006,d06,89.2776
mwi,2006,d07,88.1809
mwi,2006,d08,85.5129
mwi,2006,d09,88.6538
mwi,2006,d10,94.8485
mwi,2010,d01,89.2239
mwi,2010,d02,93.7193
mwi,2010,d03,95.3222
mwi,2010,d04,92.2817
mwi,2010,d05,91.7931
mwi,2010,d06,92.6159
mwi,2010,d07,95.0226
mwi,2010,d08,94.6104
mwi,2010,d09,91.7321
mwi,2010,d10,97.9992
mwi,2013,d01,91.5469
mwi,2013,d02,91.7768
mwi,2013,d03,91.6802
mwi,2013,d04,92.3558
mwi,2013,d05,92.3443
mwi,2013,d06,91.6285
mwi,2013,d07,93.5163
mwi,2013,d08,93.112
mwi,2013,d09,93.2389
mwi,2013,d10,96.9318
mwi,2015,d01,92.5615
mwi,2015,d02,92.0162
mwi,2015,d03,93.4535
mwi,2015,d04,92.942
mwi,2015,d05,93.1737
mwi,2015,d06,94.5661
mwi,2015,d07,93.3449
mwi,2015,d08,96.007
mwi,2015,d09,89.4085
mwi,2015,d10,96.8458
mwi,2019,d01,88.1414
mwi,2019,d02,87.0635
mwi,2019,d03,89.0598
mwi,2019,d04,92.0996
mwi,2019,d05,88.252
mwi,2019,d06,91.3218
mwi,2019,d07,90.6553
mwi,2019,d08,89.8617
mwi,2019,d09,95.4266
mwi,2019,d10,95.2161
nam,2000,d01,72.1037
nam,2000,d02,77.9732
nam,2000,d03,80.4027
nam,2000,d04,74.7936
nam,2000,d05,74.3367
nam,2000,d06,82.9195
nam,2000,d07,80.3726
nam,2000,d08,87.9342
nam,2000,d09,79.3547
nam,2000,d10,85.0427
nam,2006,d01,71.8123
nam,2006,d02,78.8406
nam,2006,d03,84.0935
nam,2006,d04,83.1371
nam,2006,d05,75.882
nam,2006,d06,81.7811
nam,2006,d07,93.4643
nam,2006,d08,84.6246
nam,2006,d09,93.4677
nam,2006,d10,94.4168
nam,2013,d01,85.989
nam,2013,d02,87.6461
nam,2013,d03,91.1839
nam,2013,d04,75.1738
nam,2013,d05,86.114
nam,2013,d06,88.3451
nam,2013,d07,88.2071
nam,2013,d08,83.2692
nam,2013,d09,69.5664
nam,2013,d10,78.5879
ner,1998,d01,8.4143
ner,1998,d02,9.7563
ner,1998,d03,15.2267
ner,1998,d04,11.4041
ner,1998,d05,11.0427
ner,1998,d06,13.8159
ner,1998,d07,20.0137
ner,1998,d08,32.809
ner,1998,d09,58.6855
ner,1998,d10,78.7158
ner,2006,d01,31.3439
ner,2006,d02,30.5546
ner,2006,d03,32.0066
ner,2006,d04,38.7618
ner,2006,d05,33.7988
ner,2006,d06,26.9809
ner,2006,d07,35.5499
ner,2006,d08,43.1913
ner,2006,d09,57.4977
ner,2006,d10,69.0407
ner,2012,d01,50.4811
ner,2012,d02,55.4754
ner,2012,d03,64.0816
ner,2012,d04,65.8936
ner,2012,d05,62.543
ner,2012,d06,74.3112
ner,2012,d07,64.2081
ner,2012,d08,77.1813
ner,2012,d09,80.7424
ner,2012,d10,88.6966
ner,2021,d01,47.9003
ner,2021,d02,63.0224
ner,2021,d03,70.5339
ner,2021,d04,68.8786
ner,2021,d05,60.5202
ner,2021,d06,63.9173
ner,2021,d07,59.7787
ner,2021,d08,70.2589
ner,2021,d09,74.4038
ner,2021,d10,66.2838
nga,2003,d01,7.8657
nga,2003,d02,7.2657
nga,2003,d03,7.0563
nga,2003,d04,8.5405
nga,2003,d05,15.4802
nga,2003,d06,13.2699
nga,2003,d07,17.8155
nga,2003,d08,27.8358
nga,2003,d09,53.8427
nga,2003,d10,72.045
nga,2007,d01,8.8471
nga,2007,d02,10.4832
nga,2007,d03,11.3259
nga,2007,d04,17.7043
nga,2007,d05,16.3393
nga,2007,d06,21.7014
nga,2007,d07,40.2602
nga,2007,d08,53.1663
nga,2007,d09,51.7151
nga,2007,d10,63.8743
nga,2008,d01,7.7911
nga,2008,d02,9.5855
nga,2008,d03,19.9893
nga,2008,d04,22.5274
nga,2008,d05,30.1696
nga,2008,d06,35.9875
nga,2008,d07,48.4864
nga,2008,d08,57.4386
nga,2008,d09,70.8365
nga,2008,d10,82.8325
nga,2011,d01,16.0044
nga,2011,d02,16.1218
nga,2011,d03,23.9818
nga,2011,d04,29.8453
nga,2011,d05,41.7289
nga,2011,d06,47.1617
nga,2011,d07,55.9582
nga,2011,d08,61.3966
nga,2011,d09,76.8571
nga,2011,d10,83.4574
nga,2013,d01,4.2665
nga,2013,d02,10.1298
nga,2013,d03,15.8629
nga,2013,d04,22.2246
nga,2013,d05,34.8835
nga,2013,d06,45.4729
nga,2013,d07,53.2273
nga,2013,d08,66.9
nga,2013,d09,74.1811
nga,2013,d10,85.2302
nga,2016,d01,7.0201
nga,2016,d02,11.8492
nga,2016,d03,18.2229
nga,2016,d04,20.6467
nga,2016,d05,24.5078
nga,2016,d06,32.9044
nga,2016,d07,47.2448
nga,2016,d08,52.9767
nga,2016,d09,61.0876
nga,2016,d10,69.5867
nga,2018,d01,18.6987
nga,2018,d02,31.8511
nga,2018,d03,34.8106
nga,2018,d04,36.962
nga,2018,d05,46.5956
nga,2018,d06,57.3461
nga,2018,d07,68.5895
nga,2018,d08,65.1447
nga,2018,d09,78.7782
nga,2018,d10,85.1445
nic,1998,d01,61.9092
nic,1998,d02,79.4223
nic,1998,d03,84.0586
nic,1998,d04,79.2611
nic,1998,d05,87.5039
nic,1998,d06,84.6326
nic,1998,d07,94.2467
nic,1998,d08,84.2094
nic,1998,d09,79.3949
nic,1998,d10,75.564
nic,2001,d01,72.0177
nic,2001,d02,83.6667
nic,2001,d03,84.2061
nic,2001,d04,89.2576
nic,2001,d05,82.1586
nic,2001,d06,89.213
nic,2001,d07,90.2575
nic,2001,d08,84.3699
nic,2001,d09,88.1255
nic,2001,d10,79.4491
npl,1996,d01,39.9753
npl,1996,d02,41.3735
npl,1996,d03,43.3558
npl,1996,d04,51.8744
npl,1996,d05,51.6665
npl,1996,d06,50.9003
npl,1996,d07,53.0763
npl,1996,d08,69.1494
npl,1996,d09,77.77
npl,1996,d10,86.4733
npl,2001,d01,66.6064
npl,2001,d02,57.1181
npl,2001,d03,65.0283
npl,2001,d04,72.4284
npl,2001,d05,70.4892
npl,2001,d06,74.4544
npl,2001,d07,82.8855
npl,2001,d08,77.3626
npl,2001,d09,81.5065
npl,2001,d10,89.2675
npl,2006,d01,68.6687
npl,2006,d02,83.9089
npl,2006,d03,84.05
npl,2006,d04,93.0892
npl,2006,d05,95.9401
npl,2006,d06,96.1588
npl,2006,d07,93.9645
npl,2006,d08,93.8615
npl,2006,d09,97.6235
npl,2006,d10,94.0946
npl,2011,d01,86.6919
npl,2011,d02,97.6352
npl,2011,d03,93.4404
npl,2011,d04,96.0095
npl,2011,d05,95.4683
npl,2011,d06,90.8457
npl,2011,d07,98.707
npl,2011,d08,99.1463
npl,2011,d09,100
npl,2011,d10,100
npl,2014,d01,92.0365
npl,2014,d02,85.471
npl,2014,d03,83.5533
npl,2014,d04,80.8378
npl,2014,d05,94.0621
npl,2014,d06,81.3857
npl,2014,d07,89.7385
npl,2014,d08,89.2767
npl,2014,d09,95.412
npl,2014,d10,93.4269
npl,2016,d01,85.6475
npl,2016,d02,88.9026
npl,2016,d03,87.6635
npl,2016,d04,83.7693
npl,2016,d05,83.0267
npl,2016,d06,79.3305
npl,2016,d07,86.4768
npl,2016,d08,92.7907
npl,2016,d09,89.7302
npl,2016,d10,88.6946
npl,2019,d01,78.7679
npl,2019,d02,87.4257
npl,2019,d03,79.3315
npl,2019,d04,74.8283
npl,2019,d05,81.0307
npl,2019,d06,80.092
npl,2019,d07,77.7323
npl,2019,d08,85.5223
npl,2019,d09,91.539
npl,2019,d10,77.6182
pak,2006,d01,31.7947
pak,2006,d02,39.3102
pak,2006,d03,36.5044
pak,2006,d04,60.346
pak,2006,d05,61.3017
pak,2006,d06,64.636
pak,2006,d07,67.9434
pak,2006,d08,76.674
pak,2006,d09,71.6051
pak,2006,d10,84.9713
pak,2012,d01,21.218
pak,2012,d02,38.7198
pak,2012,d03,65.3787
pak,2012,d04,69.5434
pak,2012,d05,64.7969
pak,2012,d06,72.9212
pak,2012,d07,78.7636
pak,2012,d08,79.1023
pak,2012,d09,87.9397
pak,2012,d10,88.0235
pak,2017,d01,53.7646
pak,2017,d02,49.9897
pak,2017,d03,73.7085
pak,2017,d04,69.725
pak,2017,d05,74.2375
pak,2017,d06,76.9922
pak,2017,d07,88.2467
pak,2017,d08,87.9216
pak,2017,d09,89.2398
pak,2017,d10,93.2452
per,1996,d01,65.6986
per,1996,d02,72.8579
per,1996,d03,73.9052
per,1996,d04,78.1222
per,1996,d05,80.5151
per,1996,d06,77.462
per,1996,d07,83.9825
per,1996,d08,87.3937
per,1996,d09,81.6231
per,1996,d10,89.0826
per,2000,d01,71.4642
per,2000,d02,81.8323
per,2000,d03,82.7137
per,2000,d04,85.0059
per,2000,d05,82.1377
per,2000,d06,92.4348
per,2000,d07,92.6365
per,2000,d08,87.362
per,2000,d09,93.1213
per,2000,d10,92.7646
per,2008,d01,70.796
per,2008,d02,76.6018
per,2008,d03,81.4881
per,2008,d04,85.6497
per,2008,d05,65.9777
per,2008,d06,74.6231
per,2008,d07,73.5314
per,2008,d08,65.3669
per,2008,d09,95.6847
per,2008,d10,82.5909
per,2009,d01,70.7407
per,2009,d02,73.1632
per,2009,d03,75.988
per,2009,d04,77.8878
per,2009,d05,76.5438
per,2009,d06,68.4497
per,2009,d07,73.0719
per,2009,d08,73.4188
per,2009,d09,77.2999
per,2009,d10,76.6807
per,2010,d01,69.8774
per,2010,d02,80.4914
per,2010,d03,70.0218
per,2010,d04,76.3075
per,2010,d05,70.5019
per,2010,d06,85.5388
per,2010,d07,75.4123
per,2010,d08,83.1916
per,2010,d09,65.8032
per,2010,d10,75.435
per,2011,d01,73.6347
per,2011,d02,77.5606
per,2011,d03,80.4249
per,2011,d04,85.0932
per,2011,d05,82.2845
per,2011,d06,84.4773
per,2011,d07,80.0304
per,2011,d08,91.8738
per,2011,d09,88.3176
per,2011,d10,88.083
per,2012,d01,79.8825
per,2012,d02,88.2513
per,2012,d03,83.1082
per,2012,d04,81.8092
per,2012,d05,79.3396
per,2012,d06,91.658
per,2012,d07,81.6934
per,2012,d08,78.2872
per,2012,d09,84.7263
per,2012,d10,92.5388
per,2013,d01,77.2284
per,2013,d02,83.0736
per,2013,d03,81.9121
per,2013,d04,76.6654
per,2013,d05,83.6745
per,2013,d06,88.2085
per,2013,d07,83.259
per,2013,d08,75.5511
per,2013,d09,77.3636
per,2013,d10,80.7772
per,2014,d01,75.5728
per,2014,d02,84.1471
per,2014,d03,82.2491
per,2014,d04,73.0575
per,2014,d05,77.8114
per,2014,d06,84.8256
per,2014,d07,74.5128
per,2014,d08,86.7575
per,2014,d09,81.4821
per,2014,d10,86.6267
per,2015,d01,75.8163
per,2015,d02,84.7832
per,2015,d03,79.3017
per,2015,d04,78.6184
per,2015,d05,81.634
per,2015,d06,86.053
per,2015,d07,79.5751
per,2015,d08,87.1402
per,2015,d09,81.291
per,2015,d10,86.3002
per,2016,d01,78.4414
per,2016,d02,84.5419
per,2016,d03,85.4169
per,2016,d04,79.8366
per,2016,d05,80.1905
per,2016,d06,82.854
per,2016,d07,83.1207
per,2016,d08,87.2906
per,2016,d09,89.8733
per,2016,d10,81.9046
per,2017,d01,81.1645
per,2017,d02,83.698
per,2017,d03,80.4088
per,2017,d04,87.7415
per,2017,d05,82.9759
per,2017,d06,82.8814
per,2017,d07,90.0317
per,2017,d08,86.2086
per,2017,d09,86.2496
per,2017,d10,90.3588
per,2018,d01,83.0861
per,2018,d02,86.7875
per,2018,d03,83.5891
per,2018,d04,86.1209
per,2018,d05,84.2661
per,2018,d06,83.3685
per,2018,d07,84.4416
per,2018,d08,81.4794
per,2018,d09,85.2715
per,2018,d10,91.2192
per,2019,d01,83.5857
per,2019,d02,85.6237
per,2019,d03,79.4074
per,2019,d04,85.0768
per,2019,d05,83.8979
per,2019,d06,83.8409
per,2019,d07,90.5576
per,2019,d08,87.6365
per,2019,d09,84.1635
per,2019,d10,85.552
per,2020,d01,71.7658
per,2020,d02,81.3801
per,2020,d03,81.4463
per,2020,d04,80.1963
per,2020,d05,81.2857
per,2020,d06,75.2963
per,2020,d07,83.0552
per,2020,d08,81.8502
per,2020,d09,69.5344
per,2020,d10,76.2726
phl,1993,d01,63.7433
phl,1993,d02,76.4776
phl,1993,d03,80.3114
phl,1993,d04,80.6684
phl,1993,d05,83.6421
phl,1993,d06,85.2892
phl,1993,d07,81.5021
phl,1993,d08,85.1432
phl,1993,d09,87.1586
phl,1993,d10,92.71
phl,1998,d01,66.5
phl,1998,d02,67.3539
phl,1998,d03,78.7433
phl,1998,d04,81.9713
phl,1998,d05,80.9941
phl,1998,d06,88.0324
phl,1998,d07,93.4638
phl,1998,d08,88.8004
phl,1998,d09,88.4861
phl,1998,d10,97.1284
phl,2003,d01,56.9806
phl,2003,d02,71.7601
phl,2003,d03,79.9045
phl,2003,d04,76.3332
phl,2003,d05,86.723
phl,2003,d06,83.069
phl,2003,d07,78.9413
phl,2003,d08,90.6131
phl,2003,d09,91.2493
phl,2003,d10,93.0733
phl,2008,d01,67.7979
phl,2008,d02,75.8582
phl,2008,d03,88.4393
phl,2008,d04,85.0537
phl,2008,d05,88.0467
phl,2008,d06,88.9521
phl,2008,d07,92.2286
phl,2008,d08,94.4964
phl,2008,d09,94.6952
phl,2008,d10,93.1758
phl,2013,d01,75.5704
phl,2013,d02,81.874
phl,2013,d03,84.1483
phl,2013,d04,83.2644
phl,2013,d05,86.3996
phl,2013,d06,91.6757
phl,2013,d07,91.4399
phl,2013,d08,91.8159
phl,2013,d09,95.0417
phl,2013,d10,89.7855
phl,2017,d01,63.1794
phl,2017,d02,71.625
phl,2017,d03,81.3505
phl,2017,d04,84.7512
phl,2017,d05,82.2898
phl,2017,d06,81.0892
phl,2017,d07,88.8177
phl,2017,d08,86.4685
phl,2017,d09,84.299
phl,2017,d10,95.1058
png,2016,d01,21.1917
png,2016,d02,21.1923
png,2016,d03,24.6036
png,2016,d04,38.6972
png,2016,d05,44.6507
png,2016,d06,48.4296
png,2016,d07,42.1267
png,2016,d08,56.9117
png,2016,d09,64.6843
png,2016,d10,58.0308
pry,2016,d01,82.0403
pry,2016,d02,92.1042
pry,2016,d03,88.813
pry,2016,d04,88.6426
pry,2016,d05,91.6325
pry,2016,d06,90.5012
pry,2016,d07,85.6781
pry,2016,d08,89.0548
pry,2016,d09,89.8376
pry,2016,d10,85.7999
pse,2010,d01,89.7592
pse,2010,d02,91.9059
pse,2010,d03,91.4704
pse,2010,d04,93.1055
pse,2010,d05,90.9408
pse,2010,d06,93.7475
pse,2010,d07,93.0294
pse,2010,d08,86.8788
pse,2010,d09,89.7721
pse,2010,d10,92.4922
pse,2014,d01,98.8293
pse,2014,d02,99.486
pse,2014,d03,100
pse,2014,d04,99.4926
pse,2014,d05,97.8094
pse,2014,d06,98.8485
pse,2014,d07,96.0638
pse,2014,d08,97.1497
pse,2014,d09,97.4164
pse,2014,d10,95.4395
pse,2019,d01,93.2901
pse,2019,d02,97.3353
pse,2019,d03,96.4362
pse,2019,d04,96.7795
pse,2019,d05,81.5996
pse,2019,d06,89.8587
pse,2019,d07,91.4708
pse,2019,d08,89.7016
pse,2019,d09,91.0551
pse,2019,d10,80.8202
rwa,2005,d01,90.9653
rwa,2005,d02,80.2234
rwa,2005,d03,84.4726
rwa,2005,d04,88.1581
rwa,2005,d05,83.5001
rwa,2005,d06,90.3818
rwa,2005,d07,86.9007
rwa,2005,d08,92.9268
rwa,2005,d09,87.6649
rwa,2005,d10,84.5541
rwa,2010,d01,94.4097
rwa,2010,d02,97.9127
rwa,2010,d03,95.8706
rwa,2010,d04,95.4584
rwa,2010,d05,96.7654
rwa,2010,d06,97.3356
rwa,2010,d07,98.0679
rwa,2010,d08,97.7746
rwa,2010,d09,100
rwa,2010,d10,97.1081
rwa,2014,d01,94.0082
rwa,2014,d02,97.2932
rwa,2014,d03,99.3285
rwa,2014,d04,97.7238
rwa,2014,d05,99.446
rwa,2014,d06,97.9168
rwa,2014,d07,100
rwa,2014,d08,100
rwa,2014,d09,98.3297
rwa,2014,d10,99.4352
rwa,2019,d01,98.0151
rwa,2019,d02,98.9567
rwa,2019,d03,98.2522
rwa,2019,d04,98.5359
rwa,2019,d05,99.2948
rwa,2019,d06,100
rwa,2019,d07,98.7557
rwa,2019,d08,100
rwa,2019,d09,100
rwa,2019,d10,97.6052
sdn,2010,d01,37.3904
sdn,2010,d02,44.337
sdn,2010,d03,48.9431
sdn,2010,d04,54.7373
sdn,2010,d05,61.7466
sdn,2010,d06,65.1566
sdn,2010,d07,69.8392
sdn,2010,d08,77.6945
sdn,2010,d09,82.3245
sdn,2010,d10,87.6941
sdn,2014,d01,48.9999
sdn,2014,d02,48.6828
sdn,2014,d03,59.5585
sdn,2014,d04,63.7705
sdn,2014,d05,80.6698
sdn,2014,d06,83.3731
sdn,2014,d07,87.0444
sdn,2014,d08,84.966
sdn,2014,d09,88.0427
sdn,2014,d10,89.0824
sen,2005,d01,76.1242
sen,2005,d02,69.5222
sen,2005,d03,73.0766
sen,2005,d04,75.9686
sen,2005,d05,77.5049
sen,2005,d06,85.9228
sen,2005,d07,82.9865
sen,2005,d08,77.1639
sen,2005,d09,85.7038
sen,2005,d10,83.502
sen,2010,d01,69.2399
sen,2010,d02,80.4074
sen,2010,d03,83.6138
sen,2010,d04,86.0796
sen,2010,d05,81.7602
sen,2010,d06,89.5754
sen,2010,d07,77.7818
sen,2010,d08,87.7056
sen,2010,d09,86.3529
sen,2010,d10,90.7066
sen,2012,d01,74.362
sen,2012,d02,84.8529
sen,2012,d03,86.7363
sen,2012,d04,89.1965
sen,2012,d05,94.5316
sen,2012,d06,91.6172
sen,2012,d07,90.0694
sen,2012,d08,92.271
sen,2012,d09,89.2483
sen,2012,d10,100
sen,2014,d01,82.5744
sen,2014,d02,88.7011
sen,2014,d03,86.4383
sen,2014,d04,93.4608
sen,2014,d05,89.1176
sen,2014,d06,84.3402
sen,2014,d07,91.0267
sen,2014,d08,98.2157
sen,2014,d09,93.2894
sen,2014,d10,89.7558
sen,2015,d01,80.206
sen,2015,d02,82.9895
sen,2015,d03,85.2114
sen,2015,d04,88.1027
sen,2015,d05,90.1741
sen,2015,d06,92.3102
sen,2015,d07,87.3788
sen,2015,d08,95.5153
sen,2015,d09,97.7563
sen,2015,d10,100
sen,2016,d01,78.4967
sen,2016,d02,81.1489
sen,2016,d03,85.2691
sen,2016,d04,92.1433
sen,2016,d05,89.3654
sen,2016,d06,98.747
sen,2016,d07,91.4382
sen,2016,d08,97.288
sen,2016,d09,100
sen,2016,d10,99.2293
sen,2017,d01,81.7152
sen,2017,d02,86.9395
sen,2017,d03,93.2655
sen,2017,d04,92.0084
sen,2017,d05,93.7045
sen,2017,d06,93.6351
sen,2017,d07,93.1645
sen,2017,d08,96.8982
sen,2017,d09,99.735
sen,2017,d10,99.7682
sen,2018,d01,84.7953
sen,2018,d02,92.1688
sen,2018,d03,93.9136
sen,2018,d04,90.2295
sen,2018,d05,90.2289
sen,2018,d06,91.833
sen,2018,d07,97.5938
sen,2018,d08,96.1711
sen,2018,d09,93.7402
sen,2018,d10,100
sen,2019,d01,76.5629
sen,2019,d02,89.6771
sen,2019,d03,92.5245
sen,2019,d04,95.9051
sen,2019,d05,93.7104
sen,2019,d06,90.7296
sen,2019,d07,96.9299
sen,2019,d08,95.1284
sen,2019,d09,96.9963
sen,2019,d10,99.7507
sle,2005,d01,59.6328
sle,2005,d02,47.0727
sle,2005,d03,48.032
sle,2005,d04,58.2476
sle,2005,d05,68.8446
sle,2005,d06,72.9249
sle,2005,d07,67.9259
sle,2005,d08,74.1187
sle,2005,d09,64.8898
sle,2005,d10,70.5965
sle,2008,d01,54.4368
sle,2008,d02,57.555
sle,2008,d03,59.8854
sle,2008,d04,56.9911
sle,2008,d05,57.2575
sle,2008,d06,67.5892
sle,2008,d07,64.7727
sle,2008,d08,52.2144
sle,2008,d09,65.2661
sle,2008,d10,82.9727
sle,2010,d01,77.7684
sle,2010,d02,73.6957
sle,2010,d03,68.4747
sle,2010,d04,72.5881
sle,2010,d05,67.9002
sle,2010,d06,75.4826
sle,2010,d07,75.66
sle,2010,d08,75.3142
sle,2010,d09,73.6694
sle,2010,d10,80.3596
sle,2013,d01,78.0591
sle,2013,d02,80.8011
sle,2013,d03,77.1863
sle,2013,d04,78.0083
sle,2013,d05,78.5431
sle,2013,d06,80.8395
sle,2013,d07,82.2016
sle,2013,d08,81.0882
sle,2013,d09,68.7121
sle,2013,d10,77.1501
sle,2017,d01,82.6308
sle,2017,d02,84.9533
sle,2017,d03,85.4548
sle,2017,d04,85.1303
sle,2017,d05,78.2637
sle,2017,d06,78.91
sle,2017,d07,79.8647
sle,2017,d08,79.6593
sle,2017,d09,81.014
sle,2017,d10,91.9855
sle,2019,d01,78.8689
sle,2019,d02,75.8721
sle,2019,d03,84.0239
sle,2019,d04,76.8795
sle,2019,d05,77.1467
sle,2019,d06,80.2944
sle,2019,d07,76.9009
sle,2019,d08,87.7822
sle,2019,d09,76.3691
sle,2019,d10,75.7885
slv,2014,d01,93.7373
slv,2014,d02,95.3273
slv,2014,d03,95.6224
slv,2014,d04,93.6552
slv,2014,d05,94.4258
slv,2014,d06,95.8044
slv,2014,d07,88.2901
slv,2014,d08,90.8547
slv,2014,d09,90.9849
slv,2014,d10,88.7739
som,2006,d01,4.7671
som,2006,d02,5.9547
som,2006,d03,4.0963
som,2006,d04,10.3173
som,2006,d05,14.3832
som,2006,d06,14.3152
som,2006,d07,13.2631
som,2006,d08,15.8074
som,2006,d09,32.1518
som,2006,d10,24.9281
srb,2005,d01,73.8123
srb,2005,d02,91.0435
srb,2005,d03,82.1653
srb,2005,d04,91.4699
srb,2005,d05,83.5067
srb,2005,d06,91.2818
srb,2005,d07,84.4772
srb,2005,d08,90.7562
srb,2005,d09,84.1582
srb,2005,d10,85.3563
srb,2014,d01,83.7348
srb,2014,d02,93.9836
srb,2014,d03,91.1032
srb,2014,d04,97.2562
srb,2014,d05,85.5416
srb,2014,d06,96.0234
srb,2014,d07,93.3769
srb,2014,d08,98.4474
srb,2014,d09,99.1187
srb,2014,d10,99.3564
ssd,2010,d01,4.6613
ssd,2010,d02,6.7021
ssd,2010,d03,9.5914
ssd,2010,d04,9.6708
ssd,2010,d05,15.4203
ssd,2010,d06,11.2499
ssd,2010,d07,10.5198
ssd,2010,d08,17.7091
ssd,2010,d09,21.6177
ssd,2010,d10,36.7667
stp,2014,d01,88.8663
stp,2014,d02,93.4299
stp,2014,d03,96.0468
stp,2014,d04,95.949
stp,2014,d05,93.1327
stp,2014,d06,96.6194
stp,2014,d07,92.5163
stp,2014,d08,96.8967
stp,2014,d09,98.0324
stp,2014,d10,92.8627
sur,2018,d01,59.0142
sur,2018,d02,70.4965
sur,2018,d03,71.8504
sur,2018,d04,67.8389
sur,2018,d05,78.2765
sur,2018,d06,65.307
sur,2018,d07,61.1381
sur,2018,d08,81.8156
sur,2018,d09,61.4546
sur,2018,d10,68.8428
swz,2006,d01,91.6546
swz,2006,d02,91.7203
swz,2006,d03,86.8722
swz,2006,d04,91.9768
swz,2006,d05,95.3113
swz,2006,d06,92.5554
swz,2006,d07,97.4825
swz,2006,d08,90.3538
swz,2006,d09,93.7223
swz,2006,d10,83.2668
swz,2010,d01,86.3285
swz,2010,d02,91.8204
swz,2010,d03,93.7621
swz,2010,d04,90.0271
swz,2010,d05,94.8297
swz,2010,d06,92.8575
swz,2010,d07,92.8747
swz,2010,d08,91.6461
swz,2010,d09,80.3197
swz,2010,d10,88.2257
swz,2014,d01,82.5134
swz,2014,d02,95.4053
swz,2014,d03,90.8195
swz,2014,d04,89.2462
swz,2014,d05,88.5373
swz,2014,d06,92.2037
swz,2014,d07,90.1763
swz,2014,d08,90.7391
swz,2014,d09,94.9198
swz,2014,d10,97.6026
syr,2006,d01,61.2611
syr,2006,d02,65.4034
syr,2006,d03,74.401
syr,2006,d04,79.2677
syr,2006,d05,75.3361
syr,2006,d06,85.4991
syr,2006,d07,79.921
syr,2006,d08,83.4024
syr,2006,d09,82.5562
syr,2006,d10,78.6403
tcd,1996,d01,8.656
tcd,1996,d02,11.8733
tcd,1996,d03,10.5789
tcd,1996,d04,19.7081
tcd,1996,d05,5.0661
tcd,1996,d06,12.814
tcd,1996,d07,23.0272
tcd,1996,d08,28.6297
tcd,1996,d09,36.8967
tcd,1996,d10,51.3566
tcd,2004,d01,3.5987
tcd,2004,d02,8.3851
tcd,2004,d03,21.3105
tcd,2004,d04,8.8008
tcd,2004,d05,14.7634
tcd,2004,d06,18.6061
tcd,2004,d07,22.5827
tcd,2004,d08,24.221
tcd,2004,d09,33.6109
tcd,2004,d10,50.5194
tcd,2010,d01,8.8149
tcd,2010,d02,14.5192
tcd,2010,d03,16.1434
tcd,2010,d04,19.4619
tcd,2010,d05,19.03
tcd,2010,d06,19.0846
tcd,2010,d07,17.1615
tcd,2010,d08,23.1112
tcd,2010,d09,17.9438
tcd,2010,d10,34.5296
tcd,2014,d01,29.2438
tcd,2014,d02,27.6249
tcd,2014,d03,30.7651
tcd,2014,d04,34.6174
tcd,2014,d05,34.3099
tcd,2014,d06,29.5716
tcd,2014,d07,30.1074
tcd,2014,d08,37.3139
tcd,2014,d09,46.5132
tcd,2014,d10,43.339
tgo,1998,d01,33.4889
tgo,1998,d02,24.1962
tgo,1998,d03,34.3121
tgo,1998,d04,34.8135
tgo,1998,d05,39.5741
tgo,1998,d06,50.1461
tgo,1998,d07,51.1348
tgo,1998,d08,45.0253
tgo,1998,d09,63.6627
tgo,1998,d10,73.3046
tgo,2006,d01,50.9867
tgo,2006,d02,57.5089
tgo,2006,d03,60.038
tgo,2006,d04,61.9102
tgo,2006,d05,65.438
tgo,2006,d06,50.7125
tgo,2006,d07,71.4785
tgo,2006,d08,62.6959
tgo,2006,d09,71.1384
tgo,2006,d10,80.395
tgo,2010,d01,59.3575
tgo,2010,d02,64.8001
tgo,2010,d03,71.5042
tgo,2010,d04,76.5238
tgo,2010,d05,68.0971
tgo,2010,d06,73.3153
tgo,2010,d07,71.6896
tgo,2010,d08,72.5584
tgo,2010,d09,81.911
tgo,2010,d10,80.931
tgo,2013,d01,85.9781
tgo,2013,d02,82.4483
tgo,2013,d03,79.3176
tgo,2013,d04,75.8932
tgo,2013,d05,78.7524
tgo,2013,d06,78.489
tgo,2013,d07,83.4664
tgo,2013,d08,82.6224
tgo,2013,d09,89.0712
tgo,2013,d10,93.315
tgo,2017,d01,70.6241
tgo,2017,d02,76.9352
tgo,2017,d03,78.5829
tgo,2017,d04,74.0634
tgo,2017,d05,80.2858
tgo,2017,d06,78.2946
tgo,2017,d07,80.1459
tgo,2017,d08,79.0818
tgo,2017,d09,78.7486
tgo,2017,d10,85.9355
tha,2005,d01,93.2948
tha,2005,d02,95.1216
tha,2005,d03,95.6208
tha,2005,d04,95.9365
tha,2005,d05,90.284
tha,2005,d06,93.9754
tha,2005,d07,94.0128
tha,2005,d08,95.5029
tha,2005,d09,89.5298
tha,2005,d10,92.2933
tha,2012,d01,91.9406
tha,2012,d02,94.0221
tha,2012,d03,92.3478
tha,2012,d04,92.2461
tha,2012,d05,83.1153
tha,2012,d06,87.2898
tha,2012,d07,90.7813
tha,2012,d08,89.2123
tha,2012,d09,82.76
tha,2012,d10,85.4466
tha,2015,d01,95.5362
tha,2015,d02,82.3027
tha,2015,d03,83.3286
tha,2015,d04,89.142
tha,2015,d05,81.7873
tha,2015,d06,94.0505
tha,2015,d07,95.18
tha,2015,d08,92.5951
tha,2015,d09,90.6908
tha,2015,d10,82.0787
tha,2019,d01,91.278
tha,2019,d02,91.8382
tha,2019,d03,94.9705
tha,2019,d04,88.5492
tha,2019,d05,88.5212
tha,2019,d06,90.2081
tha,2019,d07,93.5066
tha,2019,d08,86.2908
tha,2019,d09,84.7563
tha,2019,d10,87.017
tjk,2005,d01,86.9509
tjk,2005,d02,75.3473
tjk,2005,d03,88.364
tjk,2005,d04,75.6715
tjk,2005,d05,89.1576
tjk,2005,d06,84.6054
tjk,2005,d07,89.4816
tjk,2005,d08,89.2294
tjk,2005,d09,86.6014
tjk,2005,d10,89.9693
tjk,2012,d01,92.6157
tjk,2012,d02,93.1864
tjk,2012,d03,95.1076
tjk,2012,d04,96.0781
tjk,2012,d05,92.6815
tjk,2012,d06,94.0032
tjk,2012,d07,93.8804
tjk,2012,d08,89.6773
tjk,2012,d09,94.091
tjk,2012,d10,88.9023
tjk,2017,d01,90.9583
tjk,2017,d02,86.9617
tjk,2017,d03,89.8449
tjk,2017,d04,90.5769
tjk,2017,d05,87.7266
tjk,2017,d06,91.7279
tjk,2017,d07,87.8119
tjk,2017,d08,83.7487
tjk,2017,d09,82.2127
tjk,2017,d10,71.521
tkm,2006,d01,100
tkm,2006,d02,100
tkm,2006,d03,100
tkm,2006,d04,100
tkm,2006,d05,100
tkm,2006,d06,100
tkm,2006,d07,100
tkm,2006,d08,98.4213
tkm,2006,d09,100
tkm,2006,d10,97.6423
tkm,2015,d01,100
tkm,2015,d02,100
tkm,2015,d03,100
tkm,2015,d04,100
tkm,2015,d05,100
tkm,2015,d06,100
tkm,2015,d07,98.4586
tkm,2015,d08,99.1326
tkm,2015,d09,93.5655
tkm,2015,d10,90.9948
tls,2009,d01,55.1814
tls,2009,d02,55.3472
tls,2009,d03,61.87
tls,2009,d04,62.2989
tls,2009,d05,65.6018
tls,2009,d06,70.6335
tls,2009,d07,75.6607
tls,2009,d08,74.7713
tls,2009,d09,73.6156
tls,2009,d10,72.8463
tls,2016,d01,37.3159
tls,2016,d02,58.8185
tls,2016,d03,54.133
tls,2016,d04,60.6604
tls,2016,d05,59.3354
tls,2016,d06,63.5906
tls,2016,d07,69.4441
tls,2016,d08,67.8811
tls,2016,d09,68.544
tls,2016,d10,76.021
tun,2011,d01,97.7402
tun,2011,d02,93.4774
tun,2011,d03,100
tun,2011,d04,92.6788
tun,2011,d05,88.6292
tun,2011,d06,87.6799
tun,2011,d07,93.0233
tun,2011,d08,97.2714
tun,2011,d09,100
tun,2011,d10,99.1587
tun,2018,d01,96.8229
tun,2018,d02,94.5796
tun,2018,d03,86.3878
tun,2018,d04,89.2255
tun,2018,d05,84.0483
tun,2018,d06,78.5768
tun,2018,d07,81.0605
tun,2018,d08,76.3634
tun,2018,d09,67.4609
tun,2018,d10,49.2421
tur,1993,d01,57.0384
tur,1993,d02,56.0184
tur,1993,d03,67.8699
tur,1993,d04,78.1201
tur,1993,d05,84.7547
tur,1993,d06,80.7739
tur,1993,d07,94.9057
tur,1993,d08,91.0867
tur,1993,d09,92.6405
tur,1993,d10,92.8947
tur,1998,d01,39.9396
tur,1998,d02,50.9549
tur,1998,d03,44.6431
tur,1998,d04,52.2718
tur,1998,d05,59.9669
tur,1998,d06,66.6896
tur,1998,d07,63.596
tur,1998,d08,66.1735
tur,1998,d09,84.9501
tur,1998,d10,77.1414
tur,2003,d01,32.9635
tur,2003,d02,46.3269
tur,2003,d03,52.5848
tur,2003,d04,64.3401
tur,2003,d05,61.6862
tur,2003,d06,76.7074
tur,2003,d07,72.4885
tur,2003,d08,86.7857
tur,2003,d09,87.5792
tur,2003,d10,73.3363
tur,2013,d01,72.9135
tur,2013,d02,85.0501
tur,2013,d03,76.8925
tur,2013,d04,92.0707
tur,2013,d05,86.4563
tur,2013,d06,88.8811
tur,2013,d07,94.9168
tur,2013,d08,91.1778
tur,2013,d09,89.5717
tur,2013,d10,91.1692
tza,1996,d01,68.8836
tza,1996,d02,81.1877
tza,1996,d03,84.2397
tza,1996,d04,86.9859
tza,1996,d05,76.6567
tza,1996,d06,90.7208
tza,1996,d07,93.9539
tza,1996,d08,88.7938
tza,1996,d09,94.3623
tza,1996,d10,94.2925
tza,1999,d01,61.6435
tza,1999,d02,70.8158
tza,1999,d03,83.493
tza,1999,d04,91.8119
tza,1999,d05,85.0719
tza,1999,d06,71.2785
tza,1999,d07,86.5437
tza,1999,d08,96.0623
tza,1999,d09,86.3539
tza,1999,d10,91.0794
tza,2004,d01,75.9989
tza,2004,d02,74.3484
tza,2004,d03,82.2491
tza,2004,d04,83.0558
tza,2004,d05,84.3134
tza,2004,d06,92.3619
tza,2004,d07,92.4897
tza,2004,d08,94.3132
tza,2004,d09,96.5213
tza,2004,d10,94.3124
tza,2010,d01,81.3265
tza,2010,d02,86.8598
tza,2010,d03,85.2872
tza,2010,d04,83.4701
tza,2010,d05,84.3361
tza,2010,d06,90.8442
tza,2010,d07,91.4773
tza,2010,d08,88.5377
tza,2010,d09,96.43
tza,2010,d10,97.5403
tza,2015,d01,76.7466
tza,2015,d02,84.5107
tza,2015,d03,90.8005
tza,2015,d04,85.5635
tza,2015,d05,89.8648
tza,2015,d06,91.3079
tza,2015,d07,91.232
tza,2015,d08,96.9296
tza,2015,d09,94.2825
tza,2015,d10,96.9903
uga,1995,d01,52.7246
uga,1995,d02,40.5063
uga,1995,d03,52.2291
uga,1995,d04,67.7649
uga,1995,d05,53.9029
uga,1995,d06,64.0581
uga,1995,d07,63.8333
uga,1995,d08,64.6089
uga,1995,d09,78.5403
uga,1995,d10,84.1085
uga,2000,d01,33.9181
uga,2000,d02,35.8328
uga,2000,d03,38.2593
uga,2000,d04,53.9645
uga,2000,d05,52.8369
uga,2000,d06,50.005
uga,2000,d07,51.3165
uga,2000,d08,45.3322
uga,2000,d09,47.0267
uga,2000,d10,63.964
uga,2006,d01,67.7402
uga,2006,d02,60.412
uga,2006,d03,53.0125
uga,2006,d04,66.982
uga,2006,d05,70.0701
uga,2006,d06,63.5055
uga,2006,d07,61.2199
uga,2006,d08,71.592
uga,2006,d09,62.1269
uga,2006,d10,67.2531
uga,2011,d01,77.3797
uga,2011,d02,71.6548
uga,2011,d03,71.9494
uga,2011,d04,74.1618
uga,2011,d05,67.187
uga,2011,d06,66.0037
uga,2011,d07,72.936
uga,2011,d08,69.4098
uga,2011,d09,69.8476
uga,2011,d10,79.4478
uga,2016,d01,76.862
uga,2016,d02,80.6187
uga,2016,d03,78.7204
uga,2016,d04,79.7452
uga,2016,d05,79.0862
uga,2016,d06,78.9992
uga,2016,d07,77.6707
uga,2016,d08,85.783
uga,2016,d09,81.3685
uga,2016,d10,75.6785
ukr,2012,d01,62.2003
ukr,2012,d02,69.8798
ukr,2012,d03,75.3007
ukr,2012,d04,73.1327
ukr,2012,d05,82.1398
ukr,2012,d06,74.294
ukr,2012,d07,84.513
ukr,2012,d08,64.4505
ukr,2012,d09,77.784
ukr,2012,d10,63.5164
uzb,1996,d01,91.7796
uzb,1996,d02,90.7758
uzb,1996,d03,91.0921
uzb,1996,d04,94.3068
uzb,1996,d05,96.1076
uzb,1996,d06,81.0525
uzb,1996,d07,86.6632
uzb,1996,d08,90.6907
uzb,1996,d09,85.1023
uzb,1996,d10,78.2065
uzb,2006,d01,90.5252
uzb,2006,d02,97.0152
uzb,2006,d03,97.4591
uzb,2006,d04,94.361
uzb,2006,d05,93.7786
uzb,2006,d06,92.8837
uzb,2006,d07,89.0701
uzb,2006,d08,94.6072
uzb,2006,d09,98.5883
uzb,2006,d10,89.5095
vnm,1997,d01,50.8626
vnm,1997,d02,60.4766
vnm,1997,d03,69.4379
vnm,1997,d04,68.7526
vnm,1997,d05,64.3549
vnm,1997,d06,66.7209
vnm,1997,d07,72.6427
vnm,1997,d08,61.0642
vnm,1997,d09,81.3918
vnm,1997,d10,81.1316
vnm,2002,d01,55.2369
vnm,2002,d02,49.6678
vnm,2002,d03,67.0783
vnm,2002,d04,64.1841
vnm,2002,d05,83.7204
vnm,2002,d06,73.0301
vnm,2002,d07,80.7511
vnm,2002,d08,81.9761
vnm,2002,d09,89.9686
vnm,2002,d10,96.0096
vnm,2006,d01,53.9941
vnm,2006,d02,65.3083
vnm,2006,d03,83.4361
vnm,2006,d04,75.9602
vnm,2006,d05,79.3231
vnm,2006,d06,89.5037
vnm,2006,d07,87.4476
vnm,2006,d08,87.5857
vnm,2006,d09,92.3186
vnm,2006,d10,96.3596
vnm,2010,d01,42.6507
vnm,2010,d02,77.0979
vnm,2010,d03,72.1387
vnm,2010,d04,69.0655
vnm,2010,d05,70.3521
vnm,2010,d06,74.8284
vnm,2010,d07,83.7744
vnm,2010,d08,68.5406
vnm,2010,d09,86.2571
vnm,2010,d10,84.3926
vnm,2013,d01,70.7773
vnm,2013,d02,94.0266
vnm,2013,d03,88.1183
vnm,2013,d04,84.204
vnm,2013,d05,92.588
vnm,2013,d06,89.3065
vnm,2013,d07,90.4725
vnm,2013,d08,91.338
vnm,2013,d09,89.6997
vnm,2013,d10,94.0067
vut,2007,d01,34.5864
vut,2007,d02,60.5581
vut,2007,d03,77.925
vut,2007,d04,62.9854
vut,2007,d05,53.6725
vut,2007,d06,75.921
vut,2007,d07,71.1234
vut,2007,d08,71.5397
vut,2007,d09,72.5201
vut,2007,d10,61.7726
wsm,2019,d01,30.2369
wsm,2019,d02,36.684
wsm,2019,d03,32.4435
wsm,2019,d04,33.3917
wsm,2019,d05,42.6733
wsm,2019,d06,56.7125
wsm,2019,d07,37.695
wsm,2019,d08,47.8443
wsm,2019,d09,33.0857
wsm,2019,d10,45.345
yem,2006,d01,33.5335
yem,2006,d02,37.8248
yem,2006,d03,49.9169
yem,2006,d04,46.9914
yem,2006,d05,57.9627
yem,2006,d06,57.5794
yem,2006,d07,57.6288
yem,2006,d08,70.4267
yem,2006,d09,86.7774
yem,2006,d10,93.6397
yem,2013,d01,38.7102
yem,2013,d02,47.1878
yem,2013,d03,49.8009
yem,2013,d04,59.0852
yem,2013,d05,53.8545
yem,2013,d06,62.2192
yem,2013,d07,59.7287
yem,2013,d08,73.8155
yem,2013,d09,80.7673
yem,2013,d10,86.7618
zaf,1998,d01,60.4571
zaf,1998,d02,67.5509
zaf,1998,d03,74.8469
zaf,1998,d04,77.7575
zaf,1998,d05,75.1077
zaf,1998,d06,83.6167
zaf,1998,d07,90.4552
zaf,1998,d08,82.0264
zaf,1998,d09,82.4714
zaf,1998,d10,87.7081
zmb,1996,d01,80.3659
zmb,1996,d02,79.2387
zmb,1996,d03,81.467
zmb,1996,d04,85.3873
zmb,1996,d05,89.3744
zmb,1996,d06,85.4573
zmb,1996,d07,84.8402
zmb,1996,d08,85.9772
zmb,1996,d09,94.5016
zmb,1996,d10,98.2495
zmb,2001,d01,69.6074
zmb,2001,d02,78.957
zmb,2001,d03,77.3957
zmb,2001,d04,76.1616
zmb,2001,d05,74.8905
zmb,2001,d06,76.579
zmb,2001,d07,85.407
zmb,2001,d08,96.3881
zmb,2001,d09,84.4033
zmb,2001,d10,97.3026
zmb,2007,d01,77.7505
zmb,2007,d02,79.1031
zmb,2007,d03,71.8713
zmb,2007,d04,76.1534
zmb,2007,d05,79.3227
zmb,2007,d06,77.8328
zmb,2007,d07,85.802
zmb,2007,d08,85.342
zmb,2007,d09,90.7915
zmb,2007,d10,98.4841
zmb,2013,d01,81.2533
zmb,2013,d02,79.4525
zmb,2013,d03,82.3506
zmb,2013,d04,86.7913
zmb,2013,d05,86.4748
zmb,2013,d06,84.4599
zmb,2013,d07,94.018
zmb,2013,d08,92.1893
zmb,2013,d09,95.5563
zmb,2013,d10,94.5416
zmb,2018,d01,87.1481
zmb,2018,d02,89.8778
zmb,2018,d03,92.2066
zmb,2018,d04,89.0865
zmb,2018,d05,92.5049
zmb,2018,d06,93.7878
zmb,2018,d07,94.3918
zmb,2018,d08,94.7919
zmb,2018,d09,95.8695
zmb,2018,d10,96.1385
zwe,1994,d01,76.408
zwe,1994,d02,79.0796
zwe,1994,d03,87.763
zwe,1994,d04,79.0224
zwe,1994,d05,87.4348
zwe,1994,d06,87.1582
zwe,1994,d07,82.8337
zwe,1994,d08,89.8552
zwe,1994,d09,93.8536
zwe,1994,d10,87.5168
zwe,1999,d01,78.0858
zwe,1999,d02,83.3612
zwe,1999,d03,85.6956
zwe,1999,d04,80.7063
zwe,1999,d05,78.2702
zwe,1999,d06,77.6475
zwe,1999,d07,63.6263
zwe,1999,d08,90.9288
zwe,1999,d09,84.0165
zwe,1999,d10,88.008
zwe,2005,d01,60.6557
zwe,2005,d02,55.8048
zwe,2005,d03,62.1757
zwe,2005,d04,57.2889
zwe,2005,d05,60.788
zwe,2005,d06,65.3099
zwe,2005,d07,70.7761
zwe,2005,d08,67.4962
zwe,2005,d09,69.2712
zwe,2005,d10,70.8753
zwe,2009,d01,51.6138
zwe,2009,d02,64.7708
zwe,2009,d03,61.1068
zwe,2009,d04,59.3756
zwe,2009,d05,65.4578
zwe,2009,d06,67.036
zwe,2009,d07,71.6835
zwe,2009,d08,81.759
zwe,2009,d09,87.2564
zwe,2009,d10,81.1225
zwe,2010,d01,64.4563
zwe,2010,d02,70.6819
zwe,2010,d03,72.6983
zwe,2010,d04,69.6125
zwe,2010,d05,63.3517
zwe,2010,d06,78.0311
zwe,2010,d07,71.0038
zwe,2010,d08,86.1405
zwe,2010,d09,79.5443
zwe,2010,d10,83.2462
zwe,2014,d01,86.2242
zwe,2014,d02,82.7356
zwe,2014,d03,79.8247
zwe,2014,d04,82.3453
zwe,2014,d05,85.8202
zwe,2014,d06,86.7756
zwe,2014,d07,89.2838
zwe,2014,d08,90.4118
zwe,2014,d09,94.452
zwe,2014,d10,95.2557
zwe,2015,d01,76.905
zwe,2015,d02,83.6764
zwe,2015,d03,79.9379
zwe,2015,d04,71.3513
zwe,2015,d05,89.9692
zwe,2015,d06,93.2014
zwe,2015,d07,80.4397
zwe,2015,d08,91.4967
zwe,2015,d09,86.2772
zwe,2015,d10,87.7577
zwe,2019,d01,86.8689
zwe,2019,d02,87.238
zwe,2019,d03,87.8283
zwe,2019,d04,91.568
zwe,2019,d05,92.8848
zwe,2019,d06,87.7309
zwe,2019,d07,89.0683
zwe,2019,d08,94.4333
zwe,2019,d09,94.2134
zwe,2019,d10,99.5575
