country,time,decile,vfull
afg,2010,d01,24.2814
afg,2010,d02,23.9871
afg,2010,d03,29.8167
afg,2010,d04,34.8116
afg,2010,d05,27.5585
afg,2010,d06,32.828
afg,2010,d07,35.1273
afg,2010,d08,36.7864
afg,2010,d09,31.8972
afg,2010,d10,51.9992
afg,2015,d01,35.6939
afg,2015,d02,41.0993
afg,2015,d03,42.9129
afg,2015,d04,39.7795
afg,2015,d05,38.7969
afg,2015,d06,43.0821
afg,2015,d07,50.4198
afg,2015,d08,52.7086
afg,2015,d09,54.8548
afg,2015,d10,55.569
ago,2015,d01,13.7136
ago,2015,d02,11.6595
ago,2015,d03,15.0565
ago,2015,d04,18.6352
ago,2015,d05,29.0104
ago,2015,d06,38.3356
ago,2015,d07,47.8932
ago,2015,d08,51.1965
ago,2015,d09,54.4492
ago,2015,d10,62.5006
arm,2015,d01,93.7907
arm,2015,d02,89.854
arm,2015,d03,80.2823
arm,2015,d04,83.7246
arm,2015,d05,77.5579
arm,2015,d06,87.0891
arm,2015,d07,82.8504
arm,2015,d08,79.7314
arm,2015,d09,84.6751
arm,2015,d10,74.7187
aze,2006,d01,29.7884
aze,2006,d02,38.5986
aze,2006,d03,53.9874
aze,2006,d04,43.7158
aze,2006,d05,52.855
aze,2006,d06,61.035
aze,2006,d07,33.8304
aze,2006,d08,64.7117
aze,2006,d09,59.5389
aze,2006,d10,67.2714
bdi,2005,d01,59.3252
bdi,2005,d02,47.2154
bdi,2005,d03,64.083
bdi,2005,d04,57.975
bdi,2005,d05,53.9304
bdi,2005,d06,52.8651
bdi,2005,d07,61.3771
bdi,2005,d08,59.457
bdi,2005,d09,49.3318
bdi,2005,d10,60.7081
bdi,2010,d01,81.3734
bdi,2010,d02,75.6397
bdi,2010,d03,81.0688
bdi,2010,d04,83.9233
bdi,2010,d05,89.6567
bdi,2010,d06,82.8202
bdi,2010,d07,86.964
bdi,2010,d08,82.1899
bdi,2010,d09,81.9478
bdi,2010,d10,85.9926
bdi,2016,d01,81.2497
bdi,2016,d02,84.5858
bdi,2016,d03,87.9205
bdi,2016,d04,86.6122
bdi,2016,d05,82.1143
bdi,2016,d06,91.415
bdi,2016,d07,86.0153
bdi,2016,d08,89.4037
bdi,2016,d09,87.6705
bdi,2016,d10,84.6681
ben,1996,d01,33.9107
ben,1996,d02,42.8578
ben,1996,d03,46.8071
ben,1996,d04,61.4975
ben,1996,d05,63.7641
ben,1996,d06,63.3392
ben,1996,d07,58.3307
ben,1996,d08,59.324
ben,1996,d09,73.8371
ben,1996,d10,74.9646
ben,2001,d01,43.328
ben,2001,d02,57.0879
ben,2001,d03,50.7319
ben,2001,d04,55.7889
ben,2001,d05,55.534
ben,2001,d06,58.7822
ben,2001,d07,64.4117
ben,2001,d08,65.3727
ben,2001,d09,65.9032
ben,2001,d10,82.7846
ben,2006,d01,31.2238
ben,2006,d02,36.6972
ben,2006,d03,42.456
ben,2006,d04,44.813
ben,2006,d05,44.7621
ben,2006,d06,51.8115
ben,2006,d07,46.9145
ben,2006,d08,51.3691
ben,2006,d09,56.4488
ben,2006,d10,75.1506
ben,2011,d01,35.4939
ben,2011,d02,36.5715
ben,2011,d03,40.9021
ben,2011,d04,42.8904
ben,2011,d05,48.6172
ben,2011,d06,56.2166
ben,2011,d07,54.5158
ben,2011,d08,48.6919
ben,2011,d09,53.261
ben,2011,d10,61.6911
ben,2014,d01,31.9069
ben,2014,d02,56.0986
ben,2014,d03,50.0113
ben,2014,d04,54.7251
ben,2014,d05,49.8654
ben,2014,d06,57.0439
ben,2014,d07,58.3971
ben,2014,d08,58.0122
ben,2014,d09,71.1617
ben,2014,d10,70.0423
ben,2017,d01,39.2516
ben,2017,d02,46.6618
ben,2017,d03,52.6169
ben,2017,d04,53.515
ben,2017,d05,58.7396
ben,2017,d06,65.8477
ben,2017,d07,59.7027
ben,2017,d08,61.6583
ben,2017,d09,65.5277
ben,2017,d10,65.8365
bfa,1998,d01,15.8018
bfa,1998,d02,20.6075
bfa,1998,d03,26.5418
bfa,1998,d04,28.6806
bfa,1998,d05,21.0302
bfa,1998,d06,21.8239
bfa,1998,d07,37.8779
bfa,1998,d08,29.1518
bfa,1998,d09,47.7765
bfa,1998,d10,56.6773
bfa,2003,d01,34.6396
bfa,2003,d02,31.525
bfa,2003,d03,43.1735
bfa,2003,d04,48.7603
bfa,2003,d05,44.8634
bfa,2003,d06,33.8731
bfa,2003,d07,48.2015
bfa,2003,d08,45.411
bfa,2003,d09,51.5854
bfa,2003,d10,77.9449
bfa,2006,d01,56.6029
bfa,2006,d02,70.1756
bfa,2006,d03,66.7688
bfa,2006,d04,47.8678
bfa,2006,d05,65.6016
bfa,2006,d06,65.6387
bfa,2006,d07,66.4907
bfa,2006,d08,68.656
bfa,2006,d09,84.1583
bfa,2006,d10,76.6316
bfa,2010,d01,72.7582
bfa,2010,d02,73.7334
bfa,2010,d03,80.3204
bfa,2010,d04,81.2691
bfa,2010,d05,82.2491
bfa,2010,d06,85.8647
bfa,2010,d07,85.276
bfa,2010,d08,84.6855
bfa,2010,d09,87.609
bfa,2010,d10,79.353
bgd,1993,d01,51.0623
bgd,1993,d02,45.7142
bgd,1993,d03,53.7994
bgd,1993,d04,57.4544
bgd,1993,d05,63.0001
bgd,1993,d06,57.2705
bgd,1993,d07,58.7329
bgd,1993,d08,67.0748
bgd,1993,d09,67.9168
bgd,1993,d10,78.5338
bgd,1996,d01,46.3949
bgd,1996,d02,51.3767
bgd,1996,d03,40.0257
bgd,1996,d04,47.198
bgd,1996,d05,61.0564
bgd,1996,d06,61.8172
bgd,1996,d07,59.3042
bgd,1996,d08,56.9728
bgd,1996,d09,65.1642
bgd,1996,d10,70.7405
bgd,1999,d01,45.9164
bgd,1999,d02,54.8676
bgd,1999,d03,54.0996
bgd,1999,d04,55.6195
bgd,1999,d05,57.6474
bgd,1999,d06,63.4246
bgd,1999,d07,63.7216
bgd,1999,d08,74.1358
bgd,1999,d09,73.2372
bgd,1999,d10,76.7258
bgd,2004,d01,51.6311
bgd,2004,d02,63.2185
bgd,2004,d03,75.5388
bgd,2004,d04,77.3098
bgd,2004,d05,73.13
bgd,2004,d06,75.0519
bgd,2004,d07,76.174
bgd,2004,d08,81.6353
bgd,2004,d09,77.9271
bgd,2004,d10,94.9824
bgd,2006,d01,75.954
bgd,2006,d02,80.5288
bgd,2006,d03,81.968
bgd,2006,d04,77.9122
bgd,2006,d05,81.4146
bgd,2006,d06,85.0547
bgd,2006,d07,88.2054
bgd,2006,d08,90.782
bgd,2006,d09,90.2623
bgd,2006,d10,90.9216
bgd,2007,d01,80.7235
bgd,2007,d02,78.9624
bgd,2007,d03,70.1663
bgd,2007,d04,81.4217
bgd,2007,d05,78.2508
bgd,2007,d06,79.7587
bgd,2007,d07,85.6412
bgd,2007,d08,88.3408
bgd,2007,d09,89.4104
bgd,2007,d10,87.3414
bgd,2011,d01,74.4923
bgd,2011,d02,79.6785
bgd,2011,d03,85.3802
bgd,2011,d04,84.5032
bgd,2011,d05,87.3409
bgd,2011,d06,86.4568
bgd,2011,d07,88.5599
bgd,2011,d08,89.6038
bgd,2011,d09,92.0007
bgd,2011,d10,95.1477
bgd,2014,d01,69.0031
bgd,2014,d02,69.8285
bgd,2014,d03,82.6956
bgd,2014,d04,84.0553
bgd,2014,d05,85.7517
bgd,2014,d06,88.5912
bgd,2014,d07,91.4539
bgd,2014,d08,87.9107
bgd,2014,d09,90.9756
bgd,2014,d10,92.9584
bgd,2017,d01,85.9148
bgd,2017,d02,87.3678
bgd,2017,d03,85.8244
bgd,2017,d04,85.8049
bgd,2017,d05,90.116
bgd,2017,d06,90.6348
bgd,2017,d07,89.2472
bgd,2017,d08,85.2417
bgd,2017,d09,89.0871
bgd,2017,d10,95.2105
bih,2006,d01,62.9032
bih,2006,d02,67.116
bih,2006,d03,84.8595
bih,2006,d04,68.3544
bih,2006,d05,66.1925
bih,2006,d06,73.1436
bih,2006,d07,72.9131
bih,2006,d08,80.7692
bih,2006,d09,64.9164
bih,2006,d10,80.0226
bih,2011,d01,75.649
bih,2011,d02,92.5988
bih,2011,d03,86.3593
bih,2011,d04,78.2308
bih,2011,d05,91.5329
bih,2011,d06,84.7403
bih,2011,d07,83.4336
bih,2011,d08,87.0705
bih,2011,d09,66.5336
bih,2011,d10,86.2443
blr,2005,d01,100
blr,2005,d02,100
blr,2005,d03,96.6451
blr,2005,d04,94.7901
blr,2005,d05,98.5482
blr,2005,d06,98.5168
blr,2005,d07,96.7057
blr,2005,d08,96.8527
blr,2005,d09,98.9268
blr,2005,d10,95.7324
blz,2015,d01,67.1319
blz,2015,d02,63.3118
blz,2015,d03,61.7437
blz,2015,d04,68.3774
blz,2015,d05,68.7257
blz,2015,d06,57.3641
blz,2015,d07,69.8626
blz,2015,d08,55.4068
blz,2015,d09,39.9327
blz,2015,d10,43.2274
bol,1994,d01,24.1486
bol,1994,d02,26.9843
bol,1994,d03,30.0445
bol,1994,d04,32.1028
bol,1994,d05,28.3964
bol,1994,d06,34.6843
bol,1994,d07,39.2013
bol,1994,d08,55.7208
bol,1994,d09,62.0746
bol,1994,d10,59.7586
bol,1998,d01,21.0007
bol,1998,d02,24.5957
bol,1998,d03,28.1332
bol,1998,d04,22.4268
bol,1998,d05,20.8528
bol,1998,d06,21.2098
bol,1998,d07,27.7516
bol,1998,d08,40.2624
bol,1998,d09,31.8247
bol,1998,d10,29.2237
bol,2003,d01,50.8934
bol,2003,d02,45.0905
bol,2003,d03,52.0766
bol,2003,d04,45.6506
bol,2003,d05,42.3268
bol,2003,d06,46.0805
bol,2003,d07,64.6873
bol,2003,d08,53.6896
bol,2003,d09,49.1031
bol,2003,d10,68.8458
bol,2008,d01,78.4692
bol,2008,d02,77.3465
bol,2008,d03,71.6382
bol,2008,d04,84.7076
bol,2008,d05,78.7
bol,2008,d06,76.0866
bol,2008,d07,76.8111
bol,2008,d08,84.7735
bol,2008,d09,82.6103
bol,2008,d10,77.5298
bol,2016,d01,80.6012
bol,2016,d02,85.4228
bol,2016,d03,76.1015
bol,2016,d04,79.0765
bol,2016,d05,84.4783
bol,2016,d06,81.8208
bol,2016,d07,85.2539
bol,2016,d08,79.0718
bol,2016,d09,80.4979
bol,2016,d10,79.8936
bra,1996,d01,50.0549
bra,1996,d02,64.7448
bra,1996,d03,74.6398
bra,1996,d04,73.7177
bra,1996,d05,83.7203
bra,1996,d06,86.1152
bra,1996,d07,76.3538
bra,1996,d08,87.9346
bra,1996,d09,79.6866
bra,1996,d10,68.951
caf,1994,d01,12.9439
caf,1994,d02,26.3653
caf,1994,d03,19.373
caf,1994,d04,29.6869
caf,1994,d05,24.8943
caf,1994,d06,34.5768
caf,1994,d07,43.0722
caf,1994,d08,48.0547
caf,1994,d09,59.3983
caf,1994,d10,68.8826
caf,2006,d01,16.9788
caf,2006,d02,17.8206
caf,2006,d03,20.8768
caf,2006,d04,25.8181
caf,2006,d05,23.8173
caf,2006,d06,28.9748
caf,2006,d07,35.6584
caf,2006,d08,49.25
caf,2006,d09,45.7383
caf,2006,d10,62.9223
caf,2010,d01,8.0714
caf,2010,d02,6.7943
caf,2010,d03,10.2407
caf,2010,d04,8.907
caf,2010,d05,10.6241
caf,2010,d06,14.5338
caf,2010,d07,21.8251
caf,2010,d08,27.7167
caf,2010,d09,38.0922
caf,2010,d10,32.6104
caf,2018,d01,4.1974
caf,2018,d02,7.0853
caf,2018,d03,10.8029
caf,2018,d04,9.079
caf,2018,d05,10.9077
caf,2018,d06,12.3403
caf,2018,d07,15.1493
caf,2018,d08,16.2603
caf,2018,d09,24.816
caf,2018,d10,39.2797
civ,1994,d01,12.6345
civ,1994,d02,19.3166
civ,1994,d03,21.3238
civ,1994,d04,33.1171
civ,1994,d05,31.085
civ,1994,d06,34.3991
civ,1994,d07,54.4053
civ,1994,d08,51.4372
civ,1994,d09,53.7569
civ,1994,d10,76.9374
civ,1998,d01,26.6667
civ,1998,d02,32.4324
civ,1998,d03,42.7274
civ,1998,d04,51.7079
civ,1998,d05,42.5931
civ,1998,d06,40.2513
civ,1998,d07,60.2519
civ,1998,d08,71.7812
civ,1998,d09,83.9893
civ,1998,d10,86.7575
civ,2006,d01,58.2438
civ,2006,d02,56.9388
civ,2006,d03,65.5114
civ,2006,d04,74.2418
civ,2006,d05,75.4731
civ,2006,d06,79.4254
civ,2006,d07,78.1226
civ,2006,d08,92.6617
civ,2006,d09,92.3782
civ,2006,d10,90.306
civ,2011,d01,34.4793
civ,2011,d02,43.9907
civ,2011,d03,47.0303
civ,2011,d04,46.336
civ,2011,d05,47.4591
civ,2011,d06,45.3088
civ,2011,d07,56.3255
civ,2011,d08,60.6901
civ,2011,d09,60.568
civ,2011,d10,77.8271
civ,2016,d01,30.8924
civ,2016,d02,34.3526
civ,2016,d03,38.8774
civ,2016,d04,35.931
civ,2016,d05,40.757
civ,2016,d06,34.3093
civ,2016,d07,52.02
civ,2016,d08,53.8552
civ,2016,d09,61.965
civ,2016,d10,62.3305
cmr,1998,d01,20.7792
cmr,1998,d02,25.8836
cmr,1998,d03,24.8448
cmr,1998,d04,23.5659
cmr,1998,d05,27.9947
cmr,1998,d06,44.9402
cmr,1998,d07,39.3399
cmr,1998,d08,54.4824
cmr,1998,d09,51.1315
cmr,1998,d10,63.9378
cmr,2004,d01,30.2619
cmr,2004,d02,44.0153
cmr,2004,d03,46.3881
cmr,2004,d04,49.2541
cmr,2004,d05,48.615
cmr,2004,d06,52.541
cmr,2004,d07,44.1461
cmr,2004,d08,60.3105
cmr,2004,d09,59.5188
cmr,2004,d10,62.4166
cmr,2006,d01,51.6003
cmr,2006,d02,39.0261
cmr,2006,d03,45.5307
cmr,2006,d04,70.5485
cmr,2006,d05,45.3849
cmr,2006,d06,63.0184
cmr,2006,d07,73.4888
cmr,2006,d08,61.3171
cmr,2006,d09,67.6891
cmr,2006,d10,71.7149
cmr,2011,d01,30.5732
cmr,2011,d02,35.2598
cmr,2011,d03,50.6509
cmr,2011,d04,53.5206
cmr,2011,d05,54.2653
cmr,2011,d06,60.2416
cmr,2011,d07,59.2473
cmr,2011,d08,63.5061
cmr,2011,d09,68.2824
cmr,2011,d10,72.776
cmr,2014,d01,49.2769
cmr,2014,d02,53.9596
cmr,2014,d03,67.8866
cmr,2014,d04,81.9854
cmr,2014,d05,76.5004
cmr,2014,d06,85.4511
cmr,2014,d07,84.4728
cmr,2014,d08,87.4293
cmr,2014,d09,85.9296
cmr,2014,d10,94.6829
cmr,2018,d01,26.7717
cmr,2018,d02,42.0264
cmr,2018,d03,42.7206
cmr,2018,d04,56.0445
cmr,2018,d05,49.2459
cmr,2018,d06,56.8901
cmr,2018,d07,62.5529
cmr,2018,d08,61.1257
cmr,2018,d09,65.3357
cmr,2018,d10,79.0988
cod,2007,d01,16.7446
cod,2007,d02,22.8853
cod,2007,d03,28.2322
cod,2007,d04,24.4171
cod,2007,d05,27.6659
cod,2007,d06,32.4817
cod,2007,d07,36.2794
cod,2007,d08,30.6565
cod,2007,d09,43.2183
cod,2007,d10,59.3408
cod,2010,d01,36.4176
cod,2010,d02,40.3723
cod,2010,d03,40.876
cod,2010,d04,51.0839
cod,2010,d05,50.4416
cod,2010,d06,50.4686
cod,2010,d07,60.9737
cod,2010,d08,45.3404
cod,2010,d09,56.4301
cod,2010,d10,60.9769
cod,2013,d01,28.9098
cod,2013,d02,43.0223
cod,2013,d03,40.9933
cod,2013,d04,31.1996
cod,2013,d05,43.1389
cod,2013,d06,44.3621
cod,2013,d07,46.359
cod,2013,d08,52.5756
cod,2013,d09,56.9941
cod,2013,d10,72.9719
cod,2017,d01,9.3733
cod,2017,d02,13.2077
cod,2017,d03,15.6126
cod,2017,d04,15.358
cod,2017,d05,17.4477
cod,2017,d06,27.084
cod,2017,d07,22.0422
cod,2017,d08,29.7476
cod,2017,d09,32.1259
cod,2017,d10,48.9379
cog,2005,d01,28.3313
cog,2005,d02,31.2742
cog,2005,d03,42.0363
cog,2005,d04,48.9334
cog,2005,d05,55.8152
cog,2005,d06,66.5908
cog,2005,d07,63.4058
cog,2005,d08,61.8436
cog,2005,d09,72.9778
cog,2005,d10,74.6418
cog,2011,d01,31.2688
cog,2011,d02,46.1565
cog,2011,d03,41.6508
cog,2011,d04,43.8147
cog,2011,d05,45.4029
cog,2011,d06,39.3328
cog,2011,d07,50.4095
cog,2011,d08,58.1983
cog,2011,d09,46.9675
cog,2011,d10,50.4688
cog,2014,d01,16.3616
cog,2014,d02,25.3015
cog,2014,d03,23.4179
cog,2014,d04,49.5366
cog,2014,d05,37.9745
cog,2014,d06,33.6961
cog,2014,d07,29.5145
cog,2014,d08,43.5137
cog,2014,d09,32.1325
cog,2014,d10,33.4659
col,1995,d01,50.8074
col,1995,d02,58.0782
col,1995,d03,61.5687
col,1995,d04,71.6129
col,1995,d05,67.1059
col,1995,d06,69.1526
col,1995,d07,73.2496
col,1995,d08,70.1361
col,1995,d09,79.1494
col,1995,d10,65.6057
col,2005,d01,41.1774
col,2005,d02,56.481
col,2005,d03,61.6867
col,2005,d04,52.8359
col,2005,d05,66.9649
col,2005,d06,62.7591
col,2005,d07,60.3885
col,2005,d08,68.2224
col,2005,d09,70.1188
col,2005,d10,72.7424
col,2010,d01,59.5306
col,2010,d02,69.493
col,2010,d03,68.825
col,2010,d04,67.7563
col,2010,d05,68.0045
col,2010,d06,75.9292
col,2010,d07,70.2803
col,2010,d08,69.8126
col,2010,d09,68.1482
col,2010,d10,66.5507
com,2012,d01,33.1366
com,2012,d02,48.8811
com,2012,d03,59.0054
com,2012,d04,54.3988
com,2012,d05,79.2231
com,2012,d06,73.2012
com,2012,d07,74.2264
com,2012,d08,65.0828
com,2012,d09,71.7903
com,2012,d10,74.2443
cri,2018,d01,67.2641
cri,2018,d02,72.9032
cri,2018,d03,61.3715
cri,2018,d04,72.9484
cri,2018,d05,71.259
cri,2018,d06,73.2907
cri,2018,d07,68.6818
cri,2018,d08,46.9783
cri,2018,d09,63.8008
cri,2018,d10,81.1608
dom,1996,d01,24.6286
dom,1996,d02,35.649
dom,1996,d03,19.2487
dom,1996,d04,45.0323
dom,1996,d05,42.281
dom,1996,d06,50.4699
dom,1996,d07,44.2384
dom,1996,d08,46.1764
dom,1996,d09,51.425
dom,1996,d10,53.689
dom,2002,d01,30.8023
dom,2002,d02,29.9085
dom,2002,d03,28.2476
dom,2002,d04,41.7143
dom,2002,d05,44.5826
dom,2002,d06,46.225
dom,2002,d07,40.1848
dom,2002,d08,52.6768
dom,2002,d09,31.3421
dom,2002,d10,43.2075
dom,2007,d01,40.3979
dom,2007,d02,56.0733
dom,2007,d03,56.1619
dom,2007,d04,57.0938
dom,2007,d05,54.2686
dom,2007,d06,68.5195
dom,2007,d07,55.2299
dom,2007,d08,60.7214
dom,2007,d09,71.6134
dom,2007,d10,80.2377
dom,2013,d01,33.9105
dom,2013,d02,54.0211
dom,2013,d03,61.4988
dom,2013,d04,68.1381
dom,2013,d05,52.944
dom,2013,d06,52.3563
dom,2013,d07,52.8916
dom,2013,d08,49.7351
dom,2013,d09,67.2268
dom,2013,d10,48.789
dom,2014,d01,32.232
dom,2014,d02,37.0748
dom,2014,d03,41.341
dom,2014,d04,42.5284
dom,2014,d05,49.4572
dom,2014,d06,48.6102
dom,2014,d07,37.4522
dom,2014,d08,49.8812
dom,2014,d09,54.0396
dom,2014,d10,46.4058
dom,2019,d01,26.8673
dom,2019,d02,28.4752
dom,2019,d03,29.9212
dom,2019,d04,38.5335
dom,2019,d05,41.2704
dom,2019,d06,37.8879
dom,2019,d07,38.1614
dom,2019,d08,27.5852
dom,2019,d09,30.821
dom,2019,d10,25.3291
dza,2012,d01,76.0771
dza,2012,d02,80.4739
dza,2012,d03,84.6987
dza,2012,d04,86.6913
dza,2012,d05,87.5044
dza,2012,d06,87.0979
dza,2012,d07,91.226
dza,2012,d08,88.4287
dza,2012,d09,84.2792
dza,2012,d10,81.3969
dza,2018,d01,44.9532
dza,2018,d02,57.989
dza,2018,d03,59.7268
dza,2018,d04,59.4632
dza,2018,d05,63.0737
dza,2018,d06,54.3805
dza,2018,d07,56.5533
dza,2018,d08,57.2631
dza,2018,d09,66.0039
dza,2018,d10,56.4611
ecu,2012,d01,64.4597
ecu,2012,d02,67.3903
ecu,2012,d03,68.7818
ecu,2012,d04,70.8205
ecu,2012,d05,61.9056
ecu,2012,d06,66.7997
ecu,2012,d07,69.2546
ecu,2012,d08,62.974
ecu,2012,d09,75.5465
ecu,2012,d10,76.451
ecu,2018,d01,67.2522
ecu,2018,d02,73.4256
ecu,2018,d03,75.3764
ecu,2018,d04,71.6193
ecu,2018,d05,67.2236
ecu,2018,d06,67.6891
ecu,2018,d07,70.6938
ecu,2018,d08,69.0429
ecu,2018,d09,75.0637
ecu,2018,d10,68.0827
egy,1995,d01,64.7346
egy,1995,d02,66.0454
egy,1995,d03,72.4451
egy,1995,d04,73.5052
egy,1995,d05,79.4361
egy,1995,d06,82.8513
egy,1995,d07,85.9081
egy,1995,d08,87.4793
egy,1995,d09,94.2697
egy,1995,d10,89.7011
egy,2000,d01,87.6257
egy,2000,d02,94.5875
egy,2000,d03,90.1247
egy,2000,d04,93.7651
egy,2000,d05,89.5568
egy,2000,d06,94.4156
egy,2000,d07,93.6314
egy,2000,d08,94.4916
egy,2000,d09,91.3205
egy,2000,d10,92.8154
egy,2005,d01,76.8298
egy,2005,d02,79.0563
egy,2005,d03,83.1667
egy,2005,d04,79.3588
egy,2005,d05,89.1017
egy,2005,d06,82.1329
egy,2005,d07,81.3079
egy,2005,d08,84.37
egy,2005,d09,83.0308
egy,2005,d10,84.0841
egy,2008,d01,87.6154
egy,2008,d02,91.3221
egy,2008,d03,88.9474
egy,2008,d04,89.9396
egy,2008,d05,93.0542
egy,2008,d06,92.5371
egy,2008,d07,90.7772
egy,2008,d08,94.806
egy,2008,d09,95.7239
egy,2008,d10,92.9606
egy,2014,d01,83.0473
egy,2014,d02,88.7372
egy,2014,d03,91.6435
egy,2014,d04,93.2734
egy,2014,d05,91.8956
egy,2014,d06,92.1294
egy,2014,d07,92.792
egy,2014,d08,91.4074
egy,2014,d09,90.1772
egy,2014,d10,94.4915
eth,2000,d01,8.1463
eth,2000,d02,6.9347
eth,2000,d03,10.3261
eth,2000,d04,7.363
eth,2000,d05,6.3137
eth,2000,d06,12.2614
eth,2000,d07,11.5622
eth,2000,d08,21.6428
eth,2000,d09,23.9447
eth,2000,d10,49.7276
eth,2005,d01,12.5365
eth,2005,d02,16.339
eth,2005,d03,15.9675
eth,2005,d04,17.3172
eth,2005,d05,21.8011
eth,2005,d06,22.5718
eth,2005,d07,14.8945
eth,2005,d08,22.998
eth,2005,d09,23.5323
eth,2005,d10,53.0864
eth,2011,d01,15.9786
eth,2011,d02,17.6247
eth,2011,d03,20.1779
eth,2011,d04,17.1879
eth,2011,d05,20.0612
eth,2011,d06,17.421
eth,2011,d07,24.1626
eth,2011,d08,25.9537
eth,2011,d09,34.9237
eth,2011,d10,67.6017
eth,2016,d01,24.4298
eth,2016,d02,20.2247
eth,2016,d03,36.6952
eth,2016,d04,39.2161
eth,2016,d05,40.2641
eth,2016,d06,34.1855
eth,2016,d07,47.4103
eth,2016,d08,41.9585
eth,2016,d09,50.3908
eth,2016,d10,73.642
eth,2019,d01,22.5396
eth,2019,d02,32.0872
eth,2019,d03,48.1603
eth,2019,d04,37.919
eth,2019,d05,32.0703
eth,2019,d06,38.832
eth,2019,d07,48.1048
eth,2019,d08,42.2886
eth,2019,d09,66.9169
eth,2019,d10,67.1155
gab,2000,d01,3.4902
gab,2000,d02,8.6522
gab,2000,d03,7.4289
gab,2000,d04,12.565
gab,2000,d05,19.0079
gab,2000,d06,21.1348
gab,2000,d07,20.7025
gab,2000,d08,20.5622
gab,2000,d09,29.5559
gab,2000,d10,20.0288
gab,2012,d01,30.139
gab,2012,d02,40.7429
gab,2012,d03,40.8723
gab,2012,d04,46.4175
gab,2012,d05,22.8853
gab,2012,d06,15.513
gab,2012,d07,37.5439
gab,2012,d08,39.4839
gab,2012,d09,19.0299
gab,2012,d10,7.7072
gha,1993,d01,43.0556
gha,1993,d02,31.25
gha,1993,d03,60.2941
gha,1993,d04,50.8772
gha,1993,d05,40
gha,1993,d06,55.2632
gha,1993,d07,51.6129
gha,1993,d08,59.7222
gha,1993,d09,69.4915
gha,1993,d10,88.5246
gha,1998,d01,47.8599
gha,1998,d02,50.1456
gha,1998,d03,53.9015
gha,1998,d04,58.3564
gha,1998,d05,70.8475
gha,1998,d06,58.5002
gha,1998,d07,63.1102
gha,1998,d08,78.0374
gha,1998,d09,82.4597
gha,1998,d10,78.802
gha,2003,d01,47.5587
gha,2003,d02,63.1229
gha,2003,d03,73.7105
gha,2003,d04,69.4581
gha,2003,d05,79.1668
gha,2003,d06,68.0398
gha,2003,d07,78.8185
gha,2003,d08,71.2781
gha,2003,d09,77.6232
gha,2003,d10,80.8442
gha,2006,d01,66.1468
gha,2006,d02,59.7086
gha,2006,d03,72.6094
gha,2006,d04,70.589
gha,2006,d05,84.4687
gha,2006,d06,64.4582
gha,2006,d07,73.3381
gha,2006,d08,78.2899
gha,2006,d09,77.6027
gha,2006,d10,91.5467
gha,2008,d01,69.0698
gha,2008,d02,82.6361
gha,2008,d03,82.1189
gha,2008,d04,72.4871
gha,2008,d05,76.0977
gha,2008,d06,73.6403
gha,2008,d07,83.9767
gha,2008,d08,88.2734
gha,2008,d09,82.0613
gha,2008,d10,87.084
gha,2011,d01,83.37
gha,2011,d02,84.3661
gha,2011,d03,85.1158
gha,2011,d04,85.1033
gha,2011,d05,86.4367
gha,2011,d06,81.7733
gha,2011,d07,81.8936
gha,2011,d08,91.0755
gha,2011,d09,84.4108
gha,2011,d10,84.8175
gha,2014,d01,75.6067
gha,2014,d02,81.4792
gha,2014,d03,80.613
gha,2014,d04,76.419
gha,2014,d05,70.7463
gha,2014,d06,90.4829
gha,2014,d07,79.6347
gha,2014,d08,77.4204
gha,2014,d09,76.2349
gha,2014,d10,75.7434
gha,2017,d01,75.717
gha,2017,d02,78.0442
gha,2017,d03,74.9613
gha,2017,d04,84.4339
gha,2017,d05,75.5086
gha,2017,d06,74.7208
gha,2017,d07,80.1617
gha,2017,d08,76.9691
gha,2017,d09,84.0553
gha,2017,d10,78.8475
gin,1999,d01,20.9775
gin,1999,d02,14.5066
gin,1999,d03,22.4399
gin,1999,d04,23.5685
gin,1999,d05,28.6695
gin,1999,d06,38.0334
gin,1999,d07,40.4319
gin,1999,d08,39.4555
gin,1999,d09,47.8393
gin,1999,d10,55.4223
gin,2005,d01,28.4232
gin,2005,d02,29.3159
gin,2005,d03,31.3263
gin,2005,d04,33.7
gin,2005,d05,39.4123
gin,2005,d06,46.6133
gin,2005,d07,43.7487
gin,2005,d08,43.67
gin,2005,d09,47.3084
gin,2005,d10,41.2767
gin,2012,d01,21.2954
gin,2012,d02,25.2122
gin,2012,d03,32.1095
gin,2012,d04,38.399
gin,2012,d05,37.2326
gin,2012,d06,38.7307
gin,2012,d07,39.4494
gin,2012,d08,43.9152
gin,2012,d09,38.5998
gin,2012,d10,59.1312
gin,2018,d01,13.4961
gin,2018,d02,18.663
gin,2018,d03,18.7609
gin,2018,d04,25.3271
gin,2018,d05,24.7866
gin,2018,d06,20.4763
gin,2018,d07,26.03
gin,2018,d08,27.2621
gin,2018,d09,40.1771
gin,2018,d10,31.3749
gmb,2005,d01,84.0856
gmb,2005,d02,83.9583
gmb,2005,d03,75.0463
gmb,2005,d04,75.1114
gmb,2005,d05,76.7824
gmb,2005,d06,73.5353
gmb,2005,d07,77.818
gmb,2005,d08,70.0221
gmb,2005,d09,81.812
gmb,2005,d10,68.8866
gmb,2010,d01,89.3983
gmb,2010,d02,91.8216
gmb,2010,d03,89.2007
gmb,2010,d04,81.8645
gmb,2010,d05,85.7986
gmb,2010,d06,88.5193
gmb,2010,d07,87.2747
gmb,2010,d08,90.8177
gmb,2010,d09,90.6708
gmb,2010,d10,90.4518
gmb,2013,d01,85.8723
gmb,2013,d02,84.4575
gmb,2013,d03,75.5991
gmb,2013,d04,79.9264
gmb,2013,d05,82.6861
gmb,2013,d06,81.8232
gmb,2013,d07,77.7889
gmb,2013,d08,78.1131
gmb,2013,d09,67.4556
gmb,2013,d10,52.435
gmb,2018,d01,85.2522
gmb,2018,d02,80.5855
gmb,2018,d03,88.5427
gmb,2018,d04,81.0816
gmb,2018,d05,80.7921
gmb,2018,d06,78.6799
gmb,2018,d07,77.4138
gmb,2018,d08,87.9684
gmb,2018,d09,88.262
gmb,2018,d10,86.6747
gmb,2019,d01,89.2073
gmb,2019,d02,88.5565
gmb,2019,d03,86.0101
gmb,2019,d04,88.1953
gmb,2019,d05,86.9226
gmb,2019,d06,78.9381
gmb,2019,d07,82.4915
gmb,2019,d08,84.895
gmb,2019,d09,85.8694
gmb,2019,d10,83.0258
gnb,2006,d01,34.9862
gnb,2006,d02,44.1585
gnb,2006,d03,45.1009
gnb,2006,d04,52.4282
gnb,2006,d05,48.2982
gnb,2006,d06,45.4408
gnb,2006,d07,55.9505
gnb,2006,d08,48.1724
gnb,2006,d09,64.8899
gnb,2006,d10,64.733
gnb,2014,d01,58.6952
gnb,2014,d02,62.5838
gnb,2014,d03,70.203
gnb,2014,d04,75.5995
gnb,2014,d05,71.8236
gnb,2014,d06,72.4528
gnb,2014,d07,62.0962
gnb,2014,d08,70.3366
gnb,2014,d09,76.6541
gnb,2014,d10,77.083
gnb,2018,d01,64.44
gnb,2018,d02,64.7033
gnb,2018,d03,71.7896
gnb,2018,d04,63.8353
gnb,2018,d05,76.8619
gnb,2018,d06,74.9471
gnb,2018,d07,69.5298
gnb,2018,d08,64.3872
gnb,2018,d09,68.0404
gnb,2018,d10,86.0699
gtm,1995,d01,33.6844
gtm,1995,d02,51.8249
gtm,1995,d03,45.2251
gtm,1995,d04,43.1604
gtm,1995,d05,49.0062
gtm,1995,d06,47.0994
gtm,1995,d07,35.5459
gtm,1995,d08,41.8793
gtm,1995,d09,45.5517
gtm,1995,d10,42.5084
gtm,1998,d01,55.5383
gtm,1998,d02,65.1067
gtm,1998,d03,65.3669
gtm,1998,d04,54.0541
gtm,1998,d05,52.6304
gtm,1998,d06,61.8945
gtm,1998,d07,41.769
gtm,1998,d08,75.8704
gtm,1998,d09,48.149
gtm,1998,d10,82.2171
gtm,2014,d01,52.2882
gtm,2014,d02,51.2249
gtm,2014,d03,55.522
gtm,2014,d04,57.8916
gtm,2014,d05,61.1794
gtm,2014,d06,58.6582
gtm,2014,d07,67.8937
gtm,2014,d08,70.0611
gtm,2014,d09,60.0759
gtm,2014,d10,65.5193
guy,2014,d01,62.4728
guy,2014,d02,79.6243
guy,2014,d03,78.817
guy,2014,d04,58.7046
guy,2014,d05,67.5247
guy,2014,d06,61.5253
guy,2014,d07,76.2857
guy,2014,d08,62.9456
guy,2014,d09,84.4984
guy,2014,d10,69.7589
guy,2019,d01,48.6906
guy,2019,d02,73.6736
guy,2019,d03,51.143
guy,2019,d04,58.1826
guy,2019,d05,73.9796
guy,2019,d06,68.8878
guy,2019,d07,70.3357
guy,2019,d08,54.395
guy,2019,d09,89.4981
guy,2019,d10,63.5249
hnd,2005,d01,75.0786
hnd,2005,d02,78.9695
hnd,2005,d03,75.7034
hnd,2005,d04,79.3049
hnd,2005,d05,78.2935
hnd,2005,d06,77.064
hnd,2005,d07,71.9617
hnd,2005,d08,71.6379
hnd,2005,d09,72.2594
hnd,2005,d10,63.1759
hnd,2011,d01,86.6758
hnd,2011,d02,87.8233
hnd,2011,d03,85.5258
hnd,2011,d04,84.5236
hnd,2011,d05,87.8448
hnd,2011,d06,77.0107
hnd,2011,d07,83.2231
hnd,2011,d08,84.1395
hnd,2011,d09,89.4135
hnd,2011,d10,85.4434
hnd,2019,d01,73.5914
hnd,2019,d02,87.2276
hnd,2019,d03,79.6228
hnd,2019,d04,88.26
hnd,2019,d05,78.754
hnd,2019,d06,76.9265
hnd,2019,d07,83.6293
hnd,2019,d08,79.5739
hnd,2019,d09,79.3734
hnd,2019,d10,85.8712
hti,1994,d01,24.3243
hti,1994,d02,12.2133
hti,1994,d03,21.9447
hti,1994,d04,17.2554
hti,1994,d05,33.2862
hti,1994,d06,37.1792
hti,1994,d07,39.5528
hti,1994,d08,36.5513
hti,1994,d09,45.417
hti,1994,d10,42.2876
hti,2000,d01,24.3591
hti,2000,d02,26.7907
hti,2000,d03,31.6372
hti,2000,d04,28.9497
hti,2000,d05,30.9197
hti,2000,d06,50.5044
hti,2000,d07,25.163
hti,2000,d08,37.7699
hti,2000,d09,32.549
hti,2000,d10,60.0976
hti,2005,d01,28.1785
hti,2005,d02,41.0084
hti,2005,d03,38.4582
hti,2005,d04,41.0072
hti,2005,d05,51.6146
hti,2005,d06,38.7899
hti,2005,d07,43.0114
hti,2005,d08,29.618
hti,2005,d09,53.0893
hti,2005,d10,59.6629
hti,2012,d01,50.8304
hti,2012,d02,35.681
hti,2012,d03,47.8623
hti,2012,d04,45.1013
hti,2012,d05,49.338
hti,2012,d06,56.3241
hti,2012,d07,39.2634
hti,2012,d08,44.2194
hti,2012,d09,50.2825
hti,2012,d10,32.926
hti,2016,d01,24.2251
hti,2016,d02,35.9642
hti,2016,d03,35.9201
hti,2016,d04,37.2376
hti,2016,d05,33.9701
hti,2016,d06,40.4151
hti,2016,d07,57.9611
hti,2016,d08,42.056
hti,2016,d09,67.4414
hti,2016,d10,66.345
idn,1997,d01,38.9461
idn,1997,d02,47.8603
idn,1997,d03,49.576
idn,1997,d04,47.4694
idn,1997,d05,53.6821
idn,1997,d06,59.8692
idn,1997,d07,54.349
idn,1997,d08,62.3939
idn,1997,d09,67.9911
idn,1997,d10,76.8972
idn,2002,d01,36.248
idn,2002,d02,37.8785
idn,2002,d03,44.5774
idn,2002,d04,47.4058
idn,2002,d05,57.3886
idn,2002,d06,48.0806
idn,2002,d07,60.1231
idn,2002,d08,57.3658
idn,2002,d09,58.9157
idn,2002,d10,71.7957
idn,2007,d01,35.722
idn,2007,d02,45.2087
idn,2007,d03,55.4566
idn,2007,d04,51.0355
idn,2007,d05,57.4381
idn,2007,d06,58.9154
idn,2007,d07,69.2258
idn,2007,d08,67.2425
idn,2007,d09,71.078
idn,2007,d10,79.6074
idn,2012,d01,39.7701
idn,2012,d02,56.3691
idn,2012,d03,57.3976
idn,2012,d04,68.0206
idn,2012,d05,68.5603
idn,2012,d06,69.7531
idn,2012,d07,66.1045
idn,2012,d08,75.2188
idn,2012,d09,80.5125
idn,2012,d10,79.7877
idn,2017,d01,57.6974
idn,2017,d02,56.9429
idn,2017,d03,58.4591
idn,2017,d04,68.9631
idn,2017,d05,67.056
idn,2017,d06,67.8282
idn,2017,d07,67.1367
idn,2017,d08,70.7703
idn,2017,d09,69.9244
idn,2017,d10,68.3348
ind,1998,d01,20.8953
ind,1998,d02,21.8285
ind,1998,d03,23.0469
ind,1998,d04,33.3558
ind,1998,d05,37.9727
ind,1998,d06,44.477
ind,1998,d07,49.2985
ind,1998,d08,55.6181
ind,1998,d09,60.2602
ind,1998,d10,68.1989
ind,2005,d01,23.5567
ind,2005,d02,25.3864
ind,2005,d03,31.5315
ind,2005,d04,34.9076
ind,2005,d05,42.6397
ind,2005,d06,51.5832
ind,2005,d07,56.0098
ind,2005,d08,54.9089
ind,2005,d09,64.6087
ind,2005,d10,78.1226
ind,2015,d01,49.9952
ind,2015,d02,57.1001
ind,2015,d03,59.9103
ind,2015,d04,62.4114
ind,2015,d05,64.4591
ind,2015,d06,64.6577
ind,2015,d07,66.4086
ind,2015,d08,68.2584
ind,2015,d09,67.3512
ind,2015,d10,73.6383
irq,2011,d01,40.6047
irq,2011,d02,51.2898
irq,2011,d03,58.2376
irq,2011,d04,61.956
irq,2011,d05,64.3748
irq,2011,d06,64.0343
irq,2011,d07,69.3074
irq,2011,d08,75.5643
irq,2011,d09,70.6844
irq,2011,d10,71.9976
irq,2018,d01,40.061
irq,2018,d02,50.0228
irq,2018,d03,54.1671
irq,2018,d04,64.2134
irq,2018,d05,55.091
irq,2018,d06,64.4584
irq,2018,d07,55.6989
irq,2018,d08,72.4118
irq,2018,d09,79.6044
irq,2018,d10,82.2178
jor,1997,d01,17.2708
jor,1997,d02,25.5581
jor,1997,d03,24.8168
jor,1997,d04,19.4181
jor,1997,d05,21.0397
jor,1997,d06,19.0444
jor,1997,d07,25.8431
jor,1997,d08,14.6912
jor,1997,d09,16.0485
jor,1997,d10,18.2763
jor,2002,d01,32.6738
jor,2002,d02,25.3565
jor,2002,d03,23.7722
jor,2002,d04,32.9563
jor,2002,d05,33.9965
jor,2002,d06,21.4566
jor,2002,d07,13.1616
jor,2002,d08,24.3185
jor,2002,d09,31.0769
jor,2002,d10,37.3475
jor,2007,d01,79.6607
jor,2007,d02,84.8943
jor,2007,d03,87.1468
jor,2007,d04,88.6758
jor,2007,d05,89.125
jor,2007,d06,91.1668
jor,2007,d07,83.9962
jor,2007,d08,91.8388
jor,2007,d09,92.9844
jor,2007,d10,84.5576
jor,2012,d01,87.6509
jor,2012,d02,91.4188
jor,2012,d03,95.1971
jor,2012,d04,92.0038
jor,2012,d05,97.7948
jor,2012,d06,96.2921
jor,2012,d07,95.6001
jor,2012,d08,92.7562
jor,2012,d09,95.5505
jor,2012,d10,84.7354
jor,2017,d01,74.3084
jor,2017,d02,77.5209
jor,2017,d03,73.6912
jor,2017,d04,78.5939
jor,2017,d05,72.9139
jor,2017,d06,76.6066
jor,2017,d07,76.5252
jor,2017,d08,80.9961
jor,2017,d09,60.9238
jor,2017,d10,68.3013
kaz,2006,d01,98.2278
kaz,2006,d02,96.2006
kaz,2006,d03,96.7309
kaz,2006,d04,93.3296
kaz,2006,d05,94.1282
kaz,2006,d06,95.4953
kaz,2006,d07,94.353
kaz,2006,d08,96.9178
kaz,2006,d09,93.8127
kaz,2006,d10,98.8128
kaz,2010,d01,88.1769
kaz,2010,d02,79.7017
kaz,2010,d03,85.3001
kaz,2010,d04,83.954
kaz,2010,d05,81.8456
kaz,2010,d06,84.0012
kaz,2010,d07,81.9476
kaz,2010,d08,79.5094
kaz,2010,d09,83.944
kaz,2010,d10,82.005
kaz,2015,d01,83.6484
kaz,2015,d02,85.3661
kaz,2015,d03,91.232
kaz,2015,d04,90.6866
kaz,2015,d05,80.371
kaz,2015,d06,89.1237
kaz,2015,d07,80.1109
kaz,2015,d08,67.4847
kaz,2015,d09,61.4507
kaz,2015,d10,86.1651
ken,1993,d01,66.3677
ken,1993,d02,63.0274
ken,1993,d03,75.1605
ken,1993,d04,80.8369
ken,1993,d05,78.3874
ken,1993,d06,75.9204
ken,1993,d07,92.9939
ken,1993,d08,82.8644
ken,1993,d09,83.957
ken,1993,d10,88.5976
ken,1998,d01,41.9086
ken,1998,d02,57.3619
ken,1998,d03,56.2934
ken,1998,d04,60.1842
ken,1998,d05,65.6231
ken,1998,d06,77.7967
ken,1998,d07,62.9146
ken,1998,d08,66.5055
ken,1998,d09,64.5017
ken,1998,d10,55.9386
ken,2003,d01,39.4525
ken,2003,d02,36.9836
ken,2003,d03,43.5096
ken,2003,d04,56.8474
ken,2003,d05,58.924
ken,2003,d06,65.1772
ken,2003,d07,62.2947
ken,2003,d08,50.3521
ken,2003,d09,55.0309
ken,2003,d10,63.8836
ken,2008,d01,58.624
ken,2008,d02,64.6992
ken,2008,d03,69.0416
ken,2008,d04,66.7265
ken,2008,d05,78.4757
ken,2008,d06,72.6003
ken,2008,d07,74.69
ken,2008,d08,65.8465
ken,2008,d09,75.2513
ken,2008,d10,63.6802
ken,2014,d01,56.568
ken,2014,d02,68.5874
ken,2014,d03,73.4862
ken,2014,d04,72.3539
ken,2014,d05,79.9347
ken,2014,d06,68.8183
ken,2014,d07,75.1104
ken,2014,d08,79.7142
ken,2014,d09,73.7828
ken,2014,d10,72.6062
kgz,2012,d01,84.5378
kgz,2012,d02,83.2133
kgz,2012,d03,92.048
kgz,2012,d04,90.0975
kgz,2012,d05,82.9891
kgz,2012,d06,70.5163
kgz,2012,d07,68.8964
kgz,2012,d08,74.9003
kgz,2012,d09,68.8518
kgz,2012,d10,58.0653
kgz,2014,d01,82.8257
kgz,2014,d02,83.5186
kgz,2014,d03,87.2229
kgz,2014,d04,85.4308
kgz,2014,d05,86.5985
kgz,2014,d06,83.5724
kgz,2014,d07,80.6129
kgz,2014,d08,90.8515
kgz,2014,d09,63.0127
kgz,2014,d10,86.5486
kgz,2018,d01,86.6648
kgz,2018,d02,75.0438
kgz,2018,d03,87.1141
kgz,2018,d04,85.3446
kgz,2018,d05,76.0689
kgz,2018,d06,71.3514
kgz,2018,d07,76.9884
kgz,2018,d08,75.9081
kgz,2018,d09,61.7184
kgz,2018,d10,52.1351
khm,2000,d01,29.3796
khm,2000,d02,27.8742
khm,2000,d03,28.179
khm,2000,d04,41.8224
khm,2000,d05,37.2176
khm,2000,d06,39.8721
khm,2000,d07,45.6957
khm,2000,d08,45.6073
khm,2000,d09,68.4145
khm,2000,d10,66.5981
khm,2005,d01,52.8252
khm,2005,d02,59.6947
khm,2005,d03,64.6461
khm,2005,d04,67.3325
khm,2005,d05,71.9564
khm,2005,d06,60.7581
khm,2005,d07,77.9885
khm,2005,d08,70.6319
khm,2005,d09,69.5215
khm,2005,d10,84.1926
khm,2010,d01,61.7138
khm,2010,d02,70.1438
khm,2010,d03,72.2489
khm,2010,d04,83.1486
khm,2010,d05,81.0123
khm,2010,d06,86.6495
khm,2010,d07,82.5547
khm,2010,d08,86.1638
khm,2010,d09,83.9672
khm,2010,d10,92.1226
khm,2014,d01,57.4783
khm,2014,d02,64.6808
khm,2014,d03,58.8536
khm,2014,d04,71.4258
khm,2014,d05,61.6676
khm,2014,d06,76.7564
khm,2014,d07,85.6712
khm,2014,d08,84.8047
khm,2014,d09,89.9252
khm,2014,d10,93.1573
kir,2018,d01,12.9958
kir,2018,d02,6.108
kir,2018,d03,14.883
kir,2018,d04,9.8712
kir,2018,d05,17.0276
kir,2018,d06,16.1349
kir,2018,d07,9.3626
kir,2018,d08,15.4315
kir,2018,d09,18.7193
kir,2018,d10,12.9024
lao,2006,d01,16.1317
lao,2006,d02,19.9839
lao,2006,d03,20.8358
lao,2006,d04,18.7903
lao,2006,d05,33.3293
lao,2006,d06,36.811
lao,2006,d07,36.3125
lao,2006,d08,26.1386
lao,2006,d09,35.3637
lao,2006,d10,54.6806
lao,2011,d01,27.6975
lao,2011,d02,30.612
lao,2011,d03,30.5088
lao,2011,d04,41.9427
lao,2011,d05,41.8946
lao,2011,d06,54.2037
lao,2011,d07,50.1223
lao,2011,d08,53.8497
lao,2011,d09,55.7708
lao,2011,d10,65.5061
lao,2017,d01,28.2005
lao,2017,d02,31.2843
lao,2017,d03,39.8917
lao,2017,d04,43.9428
lao,2017,d05,47.1402
lao,2017,d06,49.5789
lao,2017,d07,50.158
lao,2017,d08,60.8013
lao,2017,d09,62.2554
lao,2017,d10,61.187
lbr,2007,d01,27.0963
lbr,2007,d02,19.8464
lbr,2007,d03,32.8238
lbr,2007,d04,27.6047
lbr,2007,d05,44.2748
lbr,2007,d06,38.6893
lbr,2007,d07,54.6603
lbr,2007,d08,48.8141
lbr,2007,d09,56.6619
lbr,2007,d10,53.9667
lbr,2013,d01,41.952
lbr,2013,d02,46.6963
lbr,2013,d03,57.5636
lbr,2013,d04,55.7467
lbr,2013,d05,45.8137
lbr,2013,d06,60.9563
lbr,2013,d07,51.5794
lbr,2013,d08,58.4588
lbr,2013,d09,63.7067
lbr,2013,d10,75.8198
lbr,2019,d01,43.2639
lbr,2019,d02,40.5479
lbr,2019,d03,51.2825
lbr,2019,d04,56.0407
lbr,2019,d05,51.3533
lbr,2019,d06,52.3634
lbr,2019,d07,48.6588
lbr,2019,d08,61.7425
lbr,2019,d09,57.3155
lbr,2019,d10,55.7819
lso,2004,d01,66.3076
lso,2004,d02,67.2352
lso,2004,d03,65.9205
lso,2004,d04,71.7884
lso,2004,d05,75.1073
lso,2004,d06,63.6447
lso,2004,d07,68.6469
lso,2004,d08,68.7315
lso,2004,d09,66.1932
lso,2004,d10,72.241
lso,2009,d01,47.283
lso,2009,d02,59.8883
lso,2009,d03,62.6557
lso,2009,d04,59.1729
lso,2009,d05,66.5041
lso,2009,d06,64.8347
lso,2009,d07,63.5181
lso,2009,d08,62.7184
lso,2009,d09,71.7858
lso,2009,d10,74.0702
lso,2014,d01,57.9753
lso,2014,d02,68.8595
lso,2014,d03,58.8205
lso,2014,d04,72.1448
lso,2014,d05,79.1408
lso,2014,d06,85.3961
lso,2014,d07,74.9861
lso,2014,d08,66.8049
lso,2014,d09,61.5934
lso,2014,d10,76.7027
lso,2018,d01,63.3381
lso,2018,d02,57.8166
lso,2018,d03,75.2924
lso,2018,d04,70.6954
lso,2018,d05,49.887
lso,2018,d06,68.5059
lso,2018,d07,71.6627
lso,2018,d08,79.5128
lso,2018,d09,69.275
lso,2018,d10,61.6058
mar,2003,d01,74.7606
mar,2003,d02,86.3781
mar,2003,d03,83.7265
mar,2003,d04,87.3112
mar,2003,d05,90.8018
mar,2003,d06,90.4233
mar,2003,d07,91.5354
mar,2003,d08,97.7758
mar,2003,d09,96.2255
mar,2003,d10,98.9875
mdg,1997,d01,20.5081
mdg,1997,d02,23.4727
mdg,1997,d03,18.6124
mdg,1997,d04,32.9567
mdg,1997,d05,23.837
mdg,1997,d06,30.2025
mdg,1997,d07,52.3766
mdg,1997,d08,59.081
mdg,1997,d09,65.3496
mdg,1997,d10,66.1469
mdg,2003,d01,31.9291
mdg,2003,d02,30.7864
mdg,2003,d03,40.1638
mdg,2003,d04,53.772
mdg,2003,d05,48.1586
mdg,2003,d06,58.2443
mdg,2003,d07,65.6999
mdg,2003,d08,75.2801
mdg,2003,d09,78.6591
mdg,2003,d10,84.4267
mdg,2008,d01,37.0632
mdg,2008,d02,46.09
mdg,2008,d03,48.6703
mdg,2008,d04,60.6785
mdg,2008,d05,68.0714
mdg,2008,d06,61.4066
mdg,2008,d07,81.2131
mdg,2008,d08,74.0853
mdg,2008,d09,80.3496
mdg,2008,d10,86.5605
mdg,2018,d01,20.0859
mdg,2018,d02,31.3708
mdg,2018,d03,30.7345
mdg,2018,d04,43.9621
mdg,2018,d05,45.0102
mdg,2018,d06,40.8774
mdg,2018,d07,49.6904
mdg,2018,d08,54.5304
mdg,2018,d09,54.4583
mdg,2018,d10,63.1266
mdv,2009,d01,92.0898
mdv,2009,d02,96.9478
mdv,2009,d03,99.6845
mdv,2009,d04,92.2867
mdv,2009,d05,88.5374
mdv,2009,d06,92.8597
mdv,2009,d07,88.8705
mdv,2009,d08,92.0895
mdv,2009,d09,90.843
mdv,2009,d10,93.4772
mex,2015,d01,61.7537
mex,2015,d02,52.3152
mex,2015,d03,49.2401
mex,2015,d04,48.2298
mex,2015,d05,36.9328
mex,2015,d06,40.8517
mex,2015,d07,41.6724
mex,2015,d08,52.1738
mex,2015,d09,43.6211
mex,2015,d10,75.1217
mex,2018,d01,48.4198
mex,2018,d02,46.9005
mex,2018,d03,54.6366
mex,2018,d04,42.9945
mex,2018,d05,51.3437
mex,2018,d06,51.5594
mex,2018,d07,54.3644
mex,2018,d08,53.7614
mex,2018,d09,51.3069
mex,2018,d10,52.4864
mkd,2005,d01,60.8967
mkd,2005,d02,48.7181
mkd,2005,d03,81.8753
mkd,2005,d04,71.8003
mkd,2005,d05,58.4908
mkd,2005,d06,73.5148
mkd,2005,d07,77.1417
mkd,2005,d08,72.582
mkd,2005,d09,65.2784
mkd,2005,d10,60.5086
mkd,2018,d01,56.9245
mkd,2018,d02,62.5473
mkd,2018,d03,92.1149
mkd,2018,d04,54.707
mkd,2018,d05,60.1666
mkd,2018,d06,46.045
mkd,2018,d07,42.5251
mkd,2018,d08,47.7958
mkd,2018,d09,53.8664
mkd,2018,d10,42.3943
mli,1995,d01,14.656
mli,1995,d02,19.2654
mli,1995,d03,23.2209
mli,1995,d04,27.8439
mli,1995,d05,22.6604
mli,1995,d06,30.4191
mli,1995,d07,32.7172
mli,1995,d08,36.7885
mli,1995,d09,49.3912
mli,1995,d10,62.3313
mli,2001,d01,14.6298
mli,2001,d02,23.6023
mli,2001,d03,20.2513
mli,2001,d04,21.0109
mli,2001,d05,16.5429
mli,2001,d06,22.1925
mli,2001,d07,28.9541
mli,2001,d08,35.1081
mli,2001,d09,48.7184
mli,2001,d10,65.6191
mli,2006,d01,51.7844
mli,2006,d02,45.0989
mli,2006,d03,46.7062
mli,2006,d04,42.9647
mli,2006,d05,49.318
mli,2006,d06,47.9447
mli,2006,d07,39.3531
mli,2006,d08,50.1664
mli,2006,d09,49.9049
mli,2006,d10,63.5959
mli,2009,d01,40.2908
mli,2009,d02,43.6332
mli,2009,d03,44.1914
mli,2009,d04,50.6563
mli,2009,d05,48.5159
mli,2009,d06,52.7058
mli,2009,d07,64.3301
mli,2009,d08,56.242
mli,2009,d09,64.0751
mli,2009,d10,61.9209
mli,2012,d01,31.2926
mli,2012,d02,26.6186
mli,2012,d03,31.7397
mli,2012,d04,39.8654
mli,2012,d05,33.619
mli,2012,d06,37.1965
mli,2012,d07,48.546
mli,2012,d08,45.6346
mli,2012,d09,44.8399
mli,2012,d10,51.9309
mli,2015,d01,15.6796
mli,2015,d02,21.7948
mli,2015,d03,21.1596
mli,2015,d04,22.8196
mli,2015,d05,27.1394
mli,2015,d06,31.4556
mli,2015,d07,39.46
mli,2015,d08,36.9256
mli,2015,d09,37.7369
mli,2015,d10,49.5558
mli,2018,d01,38.1936
mli,2018,d02,36.3346
mli,2018,d03,44.2574
mli,2018,d04,46.2991
mli,2018,d05,48.5772
mli,2018,d06,49.1154
mli,2018,d07,39.0681
mli,2018,d08,41.7726
mli,2018,d09,49.8411
mli,2018,d10,56.6227
mmr,2015,d01,36.7095
mmr,2015,d02,47.9624
mmr,2015,d03,41.673
mmr,2015,d04,39.1821
mmr,2015,d05,65.026
mmr,2015,d06,66.0925
mmr,2015,d07,59.0025
mmr,2015,d08,74.3594
mmr,2015,d09,76.6464
mmr,2015,d10,78.142
mng,2005,d01,74.9838
mng,2005,d02,74.3691
mng,2005,d03,73.0733
mng,2005,d04,71.2654
mng,2005,d05,70.86
mng,2005,d06,85.9558
mng,2005,d07,70.4612
mng,2005,d08,84.9669
mng,2005,d09,79.4085
mng,2005,d10,78.2177
mng,2010,d01,72.4797
mng,2010,d02,80.0766
mng,2010,d03,74.7649
mng,2010,d04,75.2438
mng,2010,d05,80.1007
mng,2010,d06,74.9874
mng,2010,d07,77.3582
mng,2010,d08,83.2215
mng,2010,d09,76.4234
mng,2010,d10,73.4561
mng,2013,d01,93.811
mng,2013,d02,82.5164
mng,2013,d03,96.6845
mng,2013,d04,95.5688
mng,2013,d05,95.2508
mng,2013,d06,92.0225
mng,2013,d07,95.0504
mng,2013,d08,92.663
mng,2013,d09,95.2392
mng,2013,d10,92.5582
mng,2018,d01,92.8099
mng,2018,d02,82.6039
mng,2018,d03,71.9806
mng,2018,d04,87.2433
mng,2018,d05,84.9947
mng,2018,d06,91.2148
mng,2018,d07,88.2046
mng,2018,d08,80.7338
mng,2018,d09,81.8596
mng,2018,d10,83.4652
moz,1997,d01,21.1538
moz,1997,d02,17.6279
moz,1997,d03,27.7085
moz,1997,d04,35.0914
moz,1997,d05,26.9706
moz,1997,d06,46.343
moz,1997,d07,73.2029
moz,1997,d08,69.3049
moz,1997,d09,81.8313
moz,1997,d10,90.0161
moz,2003,d01,41.0524
moz,2003,d02,51.6212
moz,2003,d03,56.0986
moz,2003,d04,50.5765
moz,2003,d05,64.6965
moz,2003,d06,60.6894
moz,2003,d07,74.8423
moz,2003,d08,81.9923
moz,2003,d09,89.1955
moz,2003,d10,92.5971
moz,2008,d01,46.1245
moz,2008,d02,48.6994
moz,2008,d03,45.9402
moz,2008,d04,55.4804
moz,2008,d05,63.0095
moz,2008,d06,64.4355
moz,2008,d07,71.3742
moz,2008,d08,70.0195
moz,2008,d09,74.0139
moz,2008,d10,85.0567
moz,2011,d01,58.9198
moz,2011,d02,50.1328
moz,2011,d03,58.5997
moz,2011,d04,56.9896
moz,2011,d05,72.2787
moz,2011,d06,61.3771
moz,2011,d07,71.6287
moz,2011,d08,76.7984
moz,2011,d09,75.2436
moz,2011,d10,77.4924
moz,2015,d01,54.5623
moz,2015,d02,56.1853
moz,2015,d03,51.4188
moz,2015,d04,59.9848
moz,2015,d05,69.5872
moz,2015,d06,63.7575
moz,2015,d07,77.9123
moz,2015,d08,84.4085
moz,2015,d09,85.4222
moz,2015,d10,84.7314
mrt,2007,d01,38.4915
mrt,2007,d02,36.2669
mrt,2007,d03,39.8145
mrt,2007,d04,53.4098
mrt,2007,d05,40.9205
mrt,2007,d06,40.9793
mrt,2007,d07,20.9035
mrt,2007,d08,30.3735
mrt,2007,d09,27.811
mrt,2007,d10,19.641
mrt,2011,d01,25.5039
mrt,2011,d02,27.2359
mrt,2011,d03,31.2524
mrt,2011,d04,23.5803
mrt,2011,d05,23.4641
mrt,2011,d06,17.0343
mrt,2011,d07,20.5441
mrt,2011,d08,22.3868
mrt,2011,d09,22.2694
mrt,2011,d10,16.5297
mrt,2015,d01,22.3732
mrt,2015,d02,20.9898
mrt,2015,d03,21.4114
mrt,2015,d04,22.6007
mrt,2015,d05,31.0867
mrt,2015,d06,22.94
mrt,2015,d07,32.9516
mrt,2015,d08,26.0845
mrt,2015,d09,29.7454
mrt,2015,d10,50.7415
mrt,2019,d01,37.298
mrt,2019,d02,36.9832
mrt,2019,d03,35.3781
mrt,2019,d04,44.8054
mrt,2019,d05,43.7417
mrt,2019,d06,40.3083
mrt,2019,d07,39.4499
mrt,2019,d08,37.3358
mrt,2019,d09,28.1963
mrt,2019,d10,42.7011
mwi,2000,d01,67.4607
mwi,2000,d02,63.6856
mwi,2000,d03,58.5998
mwi,2000,d04,71.6427
mwi,2000,d05,70.854
mwi,2000,d06,67.6354
mwi,2000,d07,70.426
mwi,2000,d08,74.4414
mwi,2000,d09,80.5349
mwi,2000,d10,83.1766
mwi,2004,d01,44.6662
mwi,2004,d02,56.2462
mwi,2004,d03,59.6455
mwi,2004,d04,59.4502
mwi,2004,d05,64.8602
mwi,2004,d06,66.0565
mwi,2004,d07,75.7048
mwi,2004,d08,72.9494
mwi,2004,d09,76.8555
mwi,2004,d10,78.9466
mwi,2006,d01,62.7101
mwi,2006,d02,69.5244
mwi,2006,d03,68.9145
mwi,2006,d04,71.1276
mwi,2006,d05,64.2433
mwi,2006,d06,74.0755
mwi,2006,d07,73.6249
mwi,2006,d08,67.775
mwi,2006,d09,73.0458
mwi,2006,d10,83.2204
mwi,2010,d01,77.178
mwi,2010,d02,79.8373
mwi,2010,d03,82.01
mwi,2010,d04,82.4169
mwi,2010,d05,80.1992
mwi,2010,d06,82.1419
mwi,2010,d07,85.1313
mwi,2010,d08,81.0067
mwi,2010,d09,80.5074
mwi,2010,d10,84.2192
mwi,2013,d01,78.3682
mwi,2013,d02,75.8356
mwi,2013,d03,75.3238
mwi,2013,d04,77.7101
mwi,2013,d05,77.9599
mwi,2013,d06,80.8939
mwi,2013,d07,76.3929
mwi,2013,d08,79.3102
mwi,2013,d09,76.8552
mwi,2013,d10,86.6902
mwi,2015,d01,71.3499
mwi,2015,d02,73.2658
mwi,2015,d03,80.3912
mwi,2015,d04,77.011
mwi,2015,d05,74.6986
mwi,2015,d06,75.2883
mwi,2015,d07,82.6268
mwi,2015,d08,76.5098
mwi,2015,d09,79.2236
mwi,2015,d10,78.5026
mwi,2019,d01,66.334
mwi,2019,d02,69.108
mwi,2019,d03,71.9105
mwi,2019,d04,70.465
mwi,2019,d05,76.3356
mwi,2019,d06,80.1931
mwi,2019,d07,76.9146
mwi,2019,d08,70.6144
mwi,2019,d09,73.0446
mwi,2019,d10,84.5481
nam,2000,d01,56.5787
nam,2000,d02,55.0981
nam,2000,d03,65.5148
nam,2000,d04,67.6472
nam,2000,d05,56.6291
nam,2000,d06,65.9107
nam,2000,d07,71.2475
nam,2000,d08,73.7955
nam,2000,d09,63.2938
nam,2000,d10,75.31
nam,2006,d01,59.0228
nam,2006,d02,59.6784
nam,2006,d03,69.5351
nam,2006,d04,68.8909
nam,2006,d05,59.7396
nam,2006,d06,66.2655
nam,2006,d07,79.4301
nam,2006,d08,70.5244
nam,2006,d09,84.7542
nam,2006,d10,76.3302
nam,2013,d01,73.0641
nam,2013,d02,75.8905
nam,2013,d03,75.2118
nam,2013,d04,65.7229
nam,2013,d05,73.4754
nam,2013,d06,71.5978
nam,2013,d07,73.6313
nam,2013,d08,63.5606
nam,2013,d09,46.7714
nam,2013,d10,57.2079
ner,1998,d01,5.2118
ner,1998,d02,5.2254
ner,1998,d03,10.6139
ner,1998,d04,11.4041
ner,1998,d05,8.6547
ner,1998,d06,8.9385
ner,1998,d07,16.5603
ner,1998,d08,24.3083
ner,1998,d09,44.7534
ner,1998,d10,59.3852
ner,2006,d01,22.9318
ner,2006,d02,18.1764
ner,2006,d03,20.7533
ner,2006,d04,30.9704
ner,2006,d05,26.1004
ner,2006,d06,24.0311
ner,2006,d07,27.0322
ner,2006,d08,32.621
ner,2006,d09,44.4044
ner,2006,d10,54.6917
ner,2012,d01,33.7454
ner,2012,d02,36.2815
ner,2012,d03,50.2465
ner,2012,d04,48.7844
ner,2012,d05,48.789
ner,2012,d06,58.0671
ner,2012,d07,46.9977
ner,2012,d08,64.7665
ner,2012,d09,63.7369
ner,2012,d10,71.1795
ner,2021,d01,22.7733
ner,2021,d02,25.1244
ner,2021,d03,38.1098
ner,2021,d04,34.637
ner,2021,d05,43.5957
ner,2021,d06,33.439
ner,2021,d07,37.4142
ner,2021,d08,36.2706
ner,2021,d09,50.6616
ner,2021,d10,33.3609
nga,2003,d01,3.9345
nga,2003,d02,3.1317
nga,2003,d03,2.8839
nga,2003,d04,4.746
nga,2003,d05,10.4272
nga,2003,d06,9.8376
nga,2003,d07,8.7348
nga,2003,d08,12.9807
nga,2003,d09,26.2827
nga,2003,d10,55.8864
nga,2007,d01,6.3502
nga,2007,d02,4.8286
nga,2007,d03,6.0408
nga,2007,d04,11.0024
nga,2007,d05,9.9587
nga,2007,d06,7.8555
nga,2007,d07,20.9429
nga,2007,d08,31.3075
nga,2007,d09,27.753
nga,2007,d10,41.2232
nga,2008,d01,3.6415
nga,2008,d02,5.9963
nga,2008,d03,10.4308
nga,2008,d04,13.5635
nga,2008,d05,16.3132
nga,2008,d06,23.0506
nga,2008,d07,31.2737
nga,2008,d08,36.416
nga,2008,d09,48.5579
nga,2008,d10,57.5148
nga,2011,d01,12.9031
nga,2011,d02,13.6944
nga,2011,d03,17.3724
nga,2011,d04,21.9543
nga,2011,d05,31.6693
nga,2011,d06,26.7935
nga,2011,d07,38.2759
nga,2011,d08,44.004
nga,2011,d09,57.5068
nga,2011,d10,66.3815
nga,2013,d01,1.5221
nga,2013,d02,5.7455
nga,2013,d03,9.9823
nga,2013,d04,13.9453
nga,2013,d05,22.1694
nga,2013,d06,26.7948
nga,2013,d07,34.3382
nga,2013,d08,44.8095
nga,2013,d09,50.3494
nga,2013,d10,65.5541
nga,2016,d01,3.2104
nga,2016,d02,6.9916
nga,2016,d03,9.2263
nga,2016,d04,11.6665
nga,2016,d05,15.3905
nga,2016,d06,22.5881
nga,2016,d07,32.0715
nga,2016,d08,35.81
nga,2016,d09,44.6079
nga,2016,d10,55.5117
nga,2018,d01,11.0895
nga,2018,d02,18.7614
nga,2018,d03,19.0718
nga,2018,d04,21.596
nga,2018,d05,28.6607
nga,2018,d06,32.942
nga,2018,d07,41.2857
nga,2018,d08,40.1973
nga,2018,d09,59.787
nga,2018,d10,59.1259
nic,1998,d01,51.414
nic,1998,d02,74.0766
nic,1998,d03,78.504
nic,1998,d04,70.657
nic,1998,d05,76.2936
nic,1998,d06,74.882
nic,1998,d07,92.8113
nic,1998,d08,77.6648
nic,1998,d09,73.4086
nic,1998,d10,72.7487
nic,2001,d01,60.6405
nic,2001,d02,68.7202
nic,2001,d03,75.0976
nic,2001,d04,80.707
nic,2001,d05,74.6631
nic,2001,d06,82.3445
nic,2001,d07,70.8041
nic,2001,d08,73.0335
nic,2001,d09,80.0352
nic,2001,d10,64.4191
npl,1996,d01,33.6707
npl,1996,d02,30.4888
npl,1996,d03,30.8456
npl,1996,d04,41.5794
npl,1996,d05,40.3196
npl,1996,d06,38.8847
npl,1996,d07,42.3834
npl,1996,d08,59.6971
npl,1996,d09,66.6302
npl,1996,d10,76.8961
npl,2001,d01,57.4175
npl,2001,d02,50.6323
npl,2001,d03,60.5591
npl,2001,d04,63.2248
npl,2001,d05,60.32
npl,2001,d06,69.9801
npl,2001,d07,79.0092
npl,2001,d08,70.2141
npl,2001,d09,75.0789
npl,2001,d10,88.1155
npl,2006,d01,59.966
npl,2006,d02,78.6447
npl,2006,d03,79.066
npl,2006,d04,86.6006
npl,2006,d05,84.7051
npl,2006,d06,89.538
npl,2006,d07,91.4667
npl,2006,d08,90.7339
npl,2006,d09,96.777
npl,2006,d10,88.2903
npl,2011,d01,78.3974
npl,2011,d02,91.6132
npl,2011,d03,85.3772
npl,2011,d04,82.1998
npl,2011,d05,89.6249
npl,2011,d06,80.147
npl,2011,d07,91.1395
npl,2011,d08,92.2734
npl,2011,d09,95.6768
npl,2011,d10,98.5877
npl,2014,d01,82.3562
npl,2014,d02,80.8159
npl,2014,d03,81.5385
npl,2014,d04,75.3323
npl,2014,d05,88.8354
npl,2014,d06,79.0563
npl,2014,d07,84.3777
npl,2014,d08,86.1442
npl,2014,d09,92.3923
npl,2014,d10,93.4269
npl,2016,d01,72.0911
npl,2016,d02,83.2371
npl,2016,d03,81.8349
npl,2016,d04,76.0149
npl,2016,d05,72.8753
npl,2016,d06,70.2716
npl,2016,d07,83.7952
npl,2016,d08,86.0836
npl,2016,d09,80.177
npl,2016,d10,86.2687
npl,2019,d01,51.792
npl,2019,d02,69.2942
npl,2019,d03,59.9195
npl,2019,d04,59.2914
npl,2019,d05,55.0695
npl,2019,d06,54.1898
npl,2019,d07,64.2588
npl,2019,d08,70.3505
npl,2019,d09,67.6037
npl,2019,d10,63.211
pak,2006,d01,22.2272
pak,2006,d02,29.8364
pak,2006,d03,30.1515
pak,2006,d04,51.2641
pak,2006,d05,51.3849
pak,2006,d06,51.9009
pak,2006,d07,57.9462
pak,2006,d08,58.047
pak,2006,d09,56.7977
pak,2006,d10,71.271
pak,2012,d01,14.226
pak,2012,d02,32.8687
pak,2012,d03,53.6878
pak,2012,d04,55.0152
pak,2012,d05,48.5992
pak,2012,d06,64.6986
pak,2012,d07,59.6084
pak,2012,d08,72.7146
pak,2012,d09,74.9126
pak,2012,d10,75.8759
pak,2017,d01,36.8533
pak,2017,d02,39.4771
pak,2017,d03,67.8208
pak,2017,d04,60.3993
pak,2017,d05,67.543
pak,2017,d06,67.5704
pak,2017,d07,78.5721
pak,2017,d08,78.6648
pak,2017,d09,78.0955
pak,2017,d10,83.1391
per,1996,d01,50.6482
per,1996,d02,62.1116
per,1996,d03,62.3011
per,1996,d04,65.7447
per,1996,d05,67.8894
per,1996,d06,59.1021
per,1996,d07,69.4036
per,1996,d08,74.761
per,1996,d09,62.4468
per,1996,d10,69.7038
per,2000,d01,51.8591
per,2000,d02,64.848
per,2000,d03,62.6706
per,2000,d04,62.3207
per,2000,d05,60.5849
per,2000,d06,74.926
per,2000,d07,74.993
per,2000,d08,68.8436
per,2000,d09,77.1915
per,2000,d10,85.5932
per,2008,d01,51.8644
per,2008,d02,51.7887
per,2008,d03,64.071
per,2008,d04,58.8733
per,2008,d05,51.5555
per,2008,d06,55.5614
per,2008,d07,56.992
per,2008,d08,50.2831
per,2008,d09,80.5679
per,2008,d10,64.906
per,2009,d01,42.3494
per,2009,d02,49.1545
per,2009,d03,54.5335
per,2009,d04,54.1924
per,2009,d05,54.7469
per,2009,d06,53.8446
per,2009,d07,55.6739
per,2009,d08,58.946
per,2009,d09,53.7012
per,2009,d10,51.2555
per,2010,d01,48.0712
per,2010,d02,62.194
per,2010,d03,56.9687
per,2010,d04,59.376
per,2010,d05,60.5531
per,2010,d06,64.3759
per,2010,d07,59.1195
per,2010,d08,71.2114
per,2010,d09,56.7758
per,2010,d10,67.8848
per,2011,d01,58.2829
per,2011,d02,68.3448
per,2011,d03,73.7504
per,2011,d04,74.5163
per,2011,d05,67.5084
per,2011,d06,75.9495
per,2011,d07,65.0442
per,2011,d08,80.6353
per,2011,d09,83.5516
per,2011,d10,82.6744
per,2012,d01,63.5466
per,2012,d02,79.1742
per,2012,d03,77.6435
per,2012,d04,75.0631
per,2012,d05,68.1518
per,2012,d06,83.0722
per,2012,d07,75.6864
per,2012,d08,73.4619
per,2012,d09,69.9158
per,2012,d10,82.3593
per,2013,d01,63.4716
per,2013,d02,71.9241
per,2013,d03,71.0797
per,2013,d04,67.6214
per,2013,d05,73.6616
per,2013,d06,76.9814
per,2013,d07,72.8172
per,2013,d08,66.3987
per,2013,d09,59.8483
per,2013,d10,64.4156
per,2014,d01,60.6637
per,2014,d02,73.5204
per,2014,d03,64.5245
per,2014,d04,62.8173
per,2014,d05,70.054
per,2014,d06,75.6694
per,2014,d07,61.3733
per,2014,d08,69.4027
per,2014,d09,70.9747
per,2014,d10,77.6015
per,2015,d01,57.8913
per,2015,d02,68.532
per,2015,d03,68.6645
per,2015,d04,67.5449
per,2015,d05,71.5427
per,2015,d06,77.0398
per,2015,d07,69.7993
per,2015,d08,76.8571
per,2015,d09,69.6902
per,2015,d10,74.8892
per,2016,d01,64
per,2016,d02,75.7467
per,2016,d03,75.5435
per,2016,d04,73.1563
per,2016,d05,68.7929
per,2016,d06,74.2556
per,2016,d07,74.1363
per,2016,d08,79.3119
per,2016,d09,79.4007
per,2016,d10,68.9879
per,2017,d01,66.6437
per,2017,d02,73.5371
per,2017,d03,70.7894
per,2017,d04,77.2678
per,2017,d05,73.6308
per,2017,d06,74.4725
per,2017,d07,81.6164
per,2017,d08,76.098
per,2017,d09,78.0742
per,2017,d10,84.7527
per,2018,d01,70.2024
per,2018,d02,78.2921
per,2018,d03,76.0375
per,2018,d04,77.1398
per,2018,d05,73.7587
per,2018,d06,78.8828
per,2018,d07,77.9173
per,2018,d08,73.1928
per,2018,d09,74.2632
per,2018,d10,79.4134
per,2019,d01,73.8341
per,2019,d02,76.4694
per,2019,d03,72.8282
per,2019,d04,79.1859
per,2019,d05,75.7391
per,2019,d06,79.7108
per,2019,d07,82.1741
per,2019,d08,80.7514
per,2019,d09,75.5816
per,2019,d10,78.5029
per,2020,d01,65.3104
per,2020,d02,69.4018
per,2020,d03,71.5121
per,2020,d04,70.0125
per,2020,d05,72.7745
per,2020,d06,63.4354
per,2020,d07,72.6342
per,2020,d08,73.0368
per,2020,d09,61.0554
per,2020,d10,70.4924
phl,1993,d01,56.373
phl,1993,d02,66.5244
phl,1993,d03,71.8568
phl,1993,d04,71.6036
phl,1993,d05,77.5983
phl,1993,d06,82.7889
phl,1993,d07,73.3747
phl,1993,d08,76.931
phl,1993,d09,72.0153
phl,1993,d10,80.2764
phl,1998,d01,59.2339
phl,1998,d02,60.363
phl,1998,d03,71.4408
phl,1998,d04,73.5868
phl,1998,d05,72.3402
phl,1998,d06,81.2235
phl,1998,d07,82.1569
phl,1998,d08,77.2025
phl,1998,d09,82.4745
phl,1998,d10,90.5326
phl,2003,d01,47.7004
phl,2003,d02,63.4666
phl,2003,d03,71.2102
phl,2003,d04,67.3682
phl,2003,d05,79.0685
phl,2003,d06,77.6553
phl,2003,d07,65.5142
phl,2003,d08,78.9422
phl,2003,d09,82.9524
phl,2003,d10,82.9695
phl,2008,d01,63.1534
phl,2008,d02,64.0715
phl,2008,d03,82.8126
phl,2008,d04,80.4213
phl,2008,d05,80.93
phl,2008,d06,83.9158
phl,2008,d07,90.2517
phl,2008,d08,88.5125
phl,2008,d09,86.5999
phl,2008,d10,87.6993
phl,2013,d01,63.0454
phl,2013,d02,70.5716
phl,2013,d03,73.9975
phl,2013,d04,75.7641
phl,2013,d05,76.2883
phl,2013,d06,84.5465
phl,2013,d07,82.6699
phl,2013,d08,82.2135
phl,2013,d09,87.0248
phl,2013,d10,79.5902
phl,2017,d01,55.4104
phl,2017,d02,59.6488
phl,2017,d03,70.4146
phl,2017,d04,72.4741
phl,2017,d05,75.3749
phl,2017,d06,71.1836
phl,2017,d07,79.6541
phl,2017,d08,81.5284
phl,2017,d09,63.1744
phl,2017,d10,85.9563
png,2016,d01,17.4619
png,2016,d02,13.9537
png,2016,d03,20.551
png,2016,d04,28.552
png,2016,d05,39.3131
png,2016,d06,41.1263
png,2016,d07,36.9089
png,2016,d08,50.5178
png,2016,d09,55.7878
png,2016,d10,50.9581
pry,2016,d01,63.778
pry,2016,d02,57.2763
pry,2016,d03,46.815
pry,2016,d04,56.7234
pry,2016,d05,68.3183
pry,2016,d06,61.7525
pry,2016,d07,66.3817
pry,2016,d08,54.3355
pry,2016,d09,63.7448
pry,2016,d10,52.0678
pse,2010,d01,73.2915
pse,2010,d02,77.4736
pse,2010,d03,75.9866
pse,2010,d04,81.0322
pse,2010,d05,78.1232
pse,2010,d06,78.3052
pse,2010,d07,74.2585
pse,2010,d08,66.3438
pse,2010,d09,69.0133
pse,2010,d10,59.7897
pse,2014,d01,92.2206
pse,2014,d02,91.4993
pse,2014,d03,87.3076
pse,2014,d04,82.439
pse,2014,d05,86.7917
pse,2014,d06,86.6321
pse,2014,d07,82.2857
pse,2014,d08,78.0538
pse,2014,d09,75.8101
pse,2014,d10,64.9654
pse,2019,d01,84.814
pse,2019,d02,91.4099
pse,2019,d03,86.6326
pse,2019,d04,89.2422
pse,2019,d05,76.14
pse,2019,d06,82.1262
pse,2019,d07,84.3227
pse,2019,d08,80.6799
pse,2019,d09,79.1376
pse,2019,d10,66.6581
rwa,2005,d01,80.2618
rwa,2005,d02,68.6132
rwa,2005,d03,75.5155
rwa,2005,d04,75.0791
rwa,2005,d05,71.4304
rwa,2005,d06,74.9566
rwa,2005,d07,74.8028
rwa,2005,d08,82.5177
rwa,2005,d09,73.1882
rwa,2005,d10,76.0936
rwa,2010,d01,84.9231
rwa,2010,d02,89.478
rwa,2010,d03,86.4347
rwa,2010,d04,87.8709
rwa,2010,d05,91.458
rwa,2010,d06,91.9177
rwa,2010,d07,94.6394
rwa,2010,d08,90.366
rwa,2010,d09,95.2399
rwa,2010,d10,95.8828
rwa,2014,d01,82.0048
rwa,2014,d02,91.4363
rwa,2014,d03,93.8919
rwa,2014,d04,93.5532
rwa,2014,d05,95.7475
rwa,2014,d06,89.9876
rwa,2014,d07,94.0863
rwa,2014,d08,99.6808
rwa,2014,d09,95.08
rwa,2014,d10,95.3062
rwa,2019,d01,94.2627
rwa,2019,d02,92.1249
rwa,2019,d03,94.879
rwa,2019,d04,95.4107
rwa,2019,d05,93.5285
rwa,2019,d06,96.5381
rwa,2019,d07,97.7226
rwa,2019,d08,97.3314
rwa,2019,d09,98.4953
rwa,2019,d10,95.0611
sdn,2010,d01,31.3151
sdn,2010,d02,37.7417
sdn,2010,d03,39.4354
sdn,2010,d04,43.4379
sdn,2010,d05,48.499
sdn,2010,d06,51.7064
sdn,2010,d07,57.9049
sdn,2010,d08,63.5643
sdn,2010,d09,69.5678
sdn,2010,d10,64.0948
sdn,2014,d01,41.5018
sdn,2014,d02,43.1931
sdn,2014,d03,54.0877
sdn,2014,d04,58.7741
sdn,2014,d05,74.3572
sdn,2014,d06,77.7473
sdn,2014,d07,81.7443
sdn,2014,d08,78.1832
sdn,2014,d09,79.9989
sdn,2014,d10,84.958
sen,2005,d01,64.0159
sen,2005,d02,54.3723
sen,2005,d03,56.2827
sen,2005,d04,58.3111
sen,2005,d05,58.5389
sen,2005,d06,60.2885
sen,2005,d07,54.0652
sen,2005,d08,55.3434
sen,2005,d09,61.9785
sen,2005,d10,67.9584
sen,2010,d01,53.5238
sen,2010,d02,59.6927
sen,2010,d03,64.0469
sen,2010,d04,61.2192
sen,2010,d05,64.9308
sen,2010,d06,62.5611
sen,2010,d07,63.4518
sen,2010,d08,65.1036
sen,2010,d09,67.0803
sen,2010,d10,73.7086
sen,2012,d01,56.3634
sen,2012,d02,64.7917
sen,2012,d03,69.6128
sen,2012,d04,69.6489
sen,2012,d05,77.8204
sen,2012,d06,73.7746
sen,2012,d07,75.6183
sen,2012,d08,76.5734
sen,2012,d09,75.0071
sen,2012,d10,71.3326
sen,2014,d01,68.5848
sen,2014,d02,70.9776
sen,2014,d03,70.5511
sen,2014,d04,73.9766
sen,2014,d05,74.8736
sen,2014,d06,73.4672
sen,2014,d07,73.3691
sen,2014,d08,80.0129
sen,2014,d09,79.1775
sen,2014,d10,74.7035
sen,2015,d01,66.8955
sen,2015,d02,63.0367
sen,2015,d03,63.7457
sen,2015,d04,63.8802
sen,2015,d05,65.6127
sen,2015,d06,72.1218
sen,2015,d07,68.135
sen,2015,d08,74.0192
sen,2015,d09,72.8955
sen,2015,d10,81.502
sen,2016,d01,58.0152
sen,2016,d02,60.8247
sen,2016,d03,67.0371
sen,2016,d04,72.3982
sen,2016,d05,67.7127
sen,2016,d06,77.4838
sen,2016,d07,68.6799
sen,2016,d08,79.2715
sen,2016,d09,80.0237
sen,2016,d10,85.8104
sen,2017,d01,56.9213
sen,2017,d02,66.1734
sen,2017,d03,72.7941
sen,2017,d04,75.5935
sen,2017,d05,81.08
sen,2017,d06,78.6755
sen,2017,d07,75.8402
sen,2017,d08,80.8857
sen,2017,d09,88.6713
sen,2017,d10,78.223
sen,2018,d01,64.9691
sen,2018,d02,77.8715
sen,2018,d03,82.4903
sen,2018,d04,70.203
sen,2018,d05,70.4727
sen,2018,d06,78.3012
sen,2018,d07,73.5061
sen,2018,d08,82.9576
sen,2018,d09,78.1999
sen,2018,d10,89.5379
sen,2019,d01,58.5627
sen,2019,d02,73.0184
sen,2019,d03,80.9152
sen,2019,d04,82.6264
sen,2019,d05,78.3989
sen,2019,d06,77.22
sen,2019,d07,81.4079
sen,2019,d08,81.3777
sen,2019,d09,72.0913
sen,2019,d10,85.1932
sle,2005,d01,47.6327
sle,2005,d02,36.6685
sle,2005,d03,41.8813
sle,2005,d04,49.8294
sle,2005,d05,60.6414
sle,2005,d06,63.8249
sle,2005,d07,57.6004
sle,2005,d08,65.4971
sle,2005,d09,58.0429
sle,2005,d10,59.3387
sle,2008,d01,35.8299
sle,2008,d02,42.3267
sle,2008,d03,38.8936
sle,2008,d04,42.3266
sle,2008,d05,35.4236
sle,2008,d06,43.4065
sle,2008,d07,45.9056
sle,2008,d08,35.9369
sle,2008,d09,33.2703
sle,2008,d10,49.867
sle,2010,d01,56.5274
sle,2010,d02,52.7537
sle,2010,d03,50.5336
sle,2010,d04,53.7644
sle,2010,d05,47.8246
sle,2010,d06,55.0159
sle,2010,d07,54.7815
sle,2010,d08,49.9843
sle,2010,d09,47.5641
sle,2010,d10,54.3576
sle,2013,d01,72.5353
sle,2013,d02,75.077
sle,2013,d03,67.8674
sle,2013,d04,64.722
sle,2013,d05,66.9979
sle,2013,d06,66.5834
sle,2013,d07,72.5706
sle,2013,d08,68.4289
sle,2013,d09,60.0658
sle,2013,d10,65.5672
sle,2017,d01,67.7499
sle,2017,d02,70.2121
sle,2017,d03,71.2792
sle,2017,d04,69.3379
sle,2017,d05,64.7153
sle,2017,d06,64.2221
sle,2017,d07,64.7861
sle,2017,d08,62.3875
sle,2017,d09,66.9245
sle,2017,d10,75.4777
sle,2019,d01,56.6774
sle,2019,d02,56.1445
sle,2019,d03,58.8674
sle,2019,d04,55.9531
sle,2019,d05,57.3215
sle,2019,d06,55.5331
sle,2019,d07,53.093
sle,2019,d08,57.3123
sle,2019,d09,54.9581
sle,2019,d10,60.556
slv,2014,d01,79.6133
slv,2014,d02,82.5045
slv,2014,d03,86.6034
slv,2014,d04,78.4994
slv,2014,d05,81.4772
slv,2014,d06,82.7563
slv,2014,d07,72.1759
slv,2014,d08,75.5002
slv,2014,d09,77.9548
slv,2014,d10,68.1638
som,2006,d01,4.7671
som,2006,d02,5.9547
som,2006,d03,3.2202
som,2006,d04,6.5239
som,2006,d05,11.4226
som,2006,d06,14.3152
som,2006,d07,11.3137
som,2006,d08,14.7094
som,2006,d09,24.8858
som,2006,d10,18.342
srb,2005,d01,35.5149
srb,2005,d02,44.3335
srb,2005,d03,37.1272
srb,2005,d04,45.5186
srb,2005,d05,50.7529
srb,2005,d06,50.9136
srb,2005,d07,55.8851
srb,2005,d08,61.4591
srb,2005,d09,42.7637
srb,2005,d10,60.6472
srb,2014,d01,57.6331
srb,2014,d02,85.3191
srb,2014,d03,80.914
srb,2014,d04,78.4667
srb,2014,d05,68.8047
srb,2014,d06,78.1028
srb,2014,d07,70.0089
srb,2014,d08,76.3244
srb,2014,d09,72.1725
srb,2014,d10,45.4227
ssd,2010,d01,0.5279
ssd,2010,d02,3.8776
ssd,2010,d03,3.1035
ssd,2010,d04,3.3586
ssd,2010,d05,5.1483
ssd,2010,d06,4.4812
ssd,2010,d07,3.4424
ssd,2010,d08,8.4676
ssd,2010,d09,7.9031
ssd,2010,d10,19.3162
stp,2014,d01,83.2126
stp,2014,d02,87.2615
stp,2014,d03,92.0691
stp,2014,d04,87.6746
stp,2014,d05,76.344
stp,2014,d06,70.1215
stp,2014,d07,72.4836
stp,2014,d08,90.6357
stp,2014,d09,92.6265
stp,2014,d10,83.3269
swz,2006,d01,80.1624
swz,2006,d02,83.8793
swz,2006,d03,77.2982
swz,2006,d04,83.0763
swz,2006,d05,88.4013
swz,2006,d06,77.1367
swz,2006,d07,91.5543
swz,2006,d08,77.9158
swz,2006,d09,80.5626
swz,2006,d10,76.1441
swz,2010,d01,81.8749
swz,2010,d02,78.891
swz,2010,d03,91.9313
swz,2010,d04,77.1838
swz,2010,d05,79.7738
swz,2010,d06,84.2269
swz,2010,d07,73.6415
swz,2010,d08,86.7148
swz,2010,d09,77.1749
swz,2010,d10,78.7798
swz,2014,d01,74.5998
swz,2014,d02,89.1703
swz,2014,d03,70.1224
swz,2014,d04,75.5898
swz,2014,d05,75.7888
swz,2014,d06,69.9942
swz,2014,d07,77.6003
swz,2014,d08,76.5733
swz,2014,d09,90.2644
swz,2014,d10,74.3706
syr,2006,d01,45.0455
syr,2006,d02,55.4494
syr,2006,d03,64.845
syr,2006,d04,69.9194
syr,2006,d05,63.2272
syr,2006,d06,76.4986
syr,2006,d07,70.0721
syr,2006,d08,74.4667
syr,2006,d09,80.2314
syr,2006,d10,70.8728
tcd,1996,d01,3.808
tcd,1996,d02,3.3924
tcd,1996,d03,6.171
tcd,1996,d04,14.8138
tcd,1996,d05,2.533
tcd,1996,d06,8.0237
tcd,1996,d07,13.0422
tcd,1996,d08,22.1316
tcd,1996,d09,17.5411
tcd,1996,d10,29.9947
tcd,2004,d01,1.4704
tcd,2004,d02,2.1493
tcd,2004,d03,11.5318
tcd,2004,d04,3.7349
tcd,2004,d05,9.3197
tcd,2004,d06,14.6369
tcd,2004,d07,13.1457
tcd,2004,d08,12.8352
tcd,2004,d09,16.7245
tcd,2004,d10,30.0293
tcd,2010,d01,6.0974
tcd,2010,d02,8.2072
tcd,2010,d03,7.9029
tcd,2010,d04,10.3156
tcd,2010,d05,11.1109
tcd,2010,d06,12.1491
tcd,2010,d07,12.8902
tcd,2010,d08,12.7054
tcd,2010,d09,12.9502
tcd,2010,d10,19.8061
tcd,2014,d01,24.4239
tcd,2014,d02,19.4627
tcd,2014,d03,22.3908
tcd,2014,d04,27.2579
tcd,2014,d05,26.9533
tcd,2014,d06,24.7971
tcd,2014,d07,20.7316
tcd,2014,d08,26.1547
tcd,2014,d09,36.3033
tcd,2014,d10,32.4227
tgo,1998,d01,26.8776
tgo,1998,d02,16.9171
tgo,1998,d03,25.9052
tgo,1998,d04,26.6037
tgo,1998,d05,27.6068
tgo,1998,d06,38.397
tgo,1998,d07,31.109
tgo,1998,d08,29.2991
tgo,1998,d09,45.9749
tgo,1998,d10,60.7036
tgo,2006,d01,33.5445
tgo,2006,d02,41.4259
tgo,2006,d03,50.3096
tgo,2006,d04,48.897
tgo,2006,d05,39.6133
tgo,2006,d06,33.2726
tgo,2006,d07,61.8673
tgo,2006,d08,49.126
tgo,2006,d09,55.2577
tgo,2006,d10,73.0041
tgo,2010,d01,29.8091
tgo,2010,d02,40.5036
tgo,2010,d03,49.8413
tgo,2010,d04,53.5224
tgo,2010,d05,50.5115
tgo,2010,d06,54.554
tgo,2010,d07,49.6868
tgo,2010,d08,59.6986
tgo,2010,d09,50.7789
tgo,2010,d10,62.6839
tgo,2013,d01,64.7604
tgo,2013,d02,59.3513
tgo,2013,d03,59.1304
tgo,2013,d04,52.7266
tgo,2013,d05,53.9698
tgo,2013,d06,55.0416
tgo,2013,d07,61.3248
tgo,2013,d08,65.1078
tgo,2013,d09,71.95
tgo,2013,d10,71.955
tgo,2017,d01,39.4241
tgo,2017,d02,53.8995
tgo,2017,d03,52.5922
tgo,2017,d04,54.367
tgo,2017,d05,52.7
tgo,2017,d06,59.0018
tgo,2017,d07,61.2931
tgo,2017,d08,56.0937
tgo,2017,d09,60.9072
tgo,2017,d10,68.7041
tha,2005,d01,91.3531
tha,2005,d02,92.2303
tha,2005,d03,91.6263
tha,2005,d04,94.8992
tha,2005,d05,84.0655
tha,2005,d06,90.7575
tha,2005,d07,86.8383
tha,2005,d08,92.2248
tha,2005,d09,84.6992
tha,2005,d10,87.4055
tha,2012,d01,91.4468
tha,2012,d02,88.8221
tha,2012,d03,90.3196
tha,2012,d04,86.3972
tha,2012,d05,77.6211
tha,2012,d06,79.3101
tha,2012,d07,84.0155
tha,2012,d08,78.7668
tha,2012,d09,77.1554
tha,2012,d10,72.8718
tha,2015,d01,86.1727
tha,2015,d02,78.6484
tha,2015,d03,80.0277
tha,2015,d04,86.6605
tha,2015,d05,75.1809
tha,2015,d06,80.1926
tha,2015,d07,85.7617
tha,2015,d08,89.957
tha,2015,d09,87.8577
tha,2015,d10,58.6797
tha,2019,d01,79.8729
tha,2019,d02,87.4348
tha,2019,d03,91.2923
tha,2019,d04,84.8705
tha,2019,d05,80.3323
tha,2019,d06,87.3724
tha,2019,d07,91.7236
tha,2019,d08,77.1734
tha,2019,d09,76.8173
tha,2019,d10,81.5607
tjk,2005,d01,78.7515
tjk,2005,d02,70.4348
tjk,2005,d03,88.2132
tjk,2005,d04,66.1926
tjk,2005,d05,72.9987
tjk,2005,d06,76.0834
tjk,2005,d07,81.1614
tjk,2005,d08,77.1674
tjk,2005,d09,82.3325
tjk,2005,d10,80.0352
tjk,2012,d01,87.8486
tjk,2012,d02,89.5541
tjk,2012,d03,92.6604
tjk,2012,d04,92.1976
tjk,2012,d05,88.6609
tjk,2012,d06,89.6862
tjk,2012,d07,88.4158
tjk,2012,d08,83.8624
tjk,2012,d09,88.1041
tjk,2012,d10,85.1791
tjk,2017,d01,80.7006
tjk,2017,d02,75.9925
tjk,2017,d03,83.1681
tjk,2017,d04,84.5012
tjk,2017,d05,75.1537
tjk,2017,d06,87.1524
tjk,2017,d07,78.9593
tjk,2017,d08,72.6822
tjk,2017,d09,73.3986
tjk,2017,d10,63.0925
tkm,2006,d01,100
tkm,2006,d02,100
tkm,2006,d03,97.3468
tkm,2006,d04,98.8116
tkm,2006,d05,94.4119
tkm,2006,d06,98.8885
tkm,2006,d07,98.261
tkm,2006,d08,91.037
tkm,2006,d09,95.9664
tkm,2006,d10,94.751
tkm,2015,d01,97.3011
tkm,2015,d02,97.0415
tkm,2015,d03,98.2173
tkm,2015,d04,95.4987
tkm,2015,d05,92.5913
tkm,2015,d06,92.9634
tkm,2015,d07,93.8263
tkm,2015,d08,90.5929
tkm,2015,d09,88.539
tkm,2015,d10,90.0178
tls,2009,d01,43.8648
tls,2009,d02,42.5336
tls,2009,d03,49.8261
tls,2009,d04,56.9675
tls,2009,d05,54.2886
tls,2009,d06,57.9231
tls,2009,d07,67.776
tls,2009,d08,62.0656
tls,2009,d09,56.2565
tls,2009,d10,33.4256
tls,2016,d01,29.0794
tls,2016,d02,46.0282
tls,2016,d03,36.908
tls,2016,d04,49.3693
tls,2016,d05,47.2944
tls,2016,d06,54.4654
tls,2016,d07,56.3378
tls,2016,d08,55.4965
tls,2016,d09,55.1293
tls,2016,d10,58.3028
tun,2011,d01,84.4291
tun,2011,d02,85.5199
tun,2011,d03,84.9375
tun,2011,d04,77.1037
tun,2011,d05,79.294
tun,2011,d06,72.3578
tun,2011,d07,72.327
tun,2011,d08,86.0765
tun,2011,d09,94.7356
tun,2011,d10,71.8888
tun,2018,d01,84.2851
tun,2018,d02,76.758
tun,2018,d03,77.7934
tun,2018,d04,75.1449
tun,2018,d05,73.6506
tun,2018,d06,61.0075
tun,2018,d07,73.3533
tun,2018,d08,54.8416
tun,2018,d09,50.1978
tun,2018,d10,28.9523
tur,1993,d01,37.8816
tur,1993,d02,43.4178
tur,1993,d03,56.6119
tur,1993,d04,62.8679
tur,1993,d05,67.2266
tur,1993,d06,65.3413
tur,1993,d07,86.1846
tur,1993,d08,79.333
tur,1993,d09,82.0621
tur,1993,d10,81.7789
tur,1998,d01,23.2982
tur,1998,d02,32.5679
tur,1998,d03,35.634
tur,1998,d04,37.9349
tur,1998,d05,51.1229
tur,1998,d06,44.7515
tur,1998,d07,54.136
tur,1998,d08,56.7596
tur,1998,d09,77.5821
tur,1998,d10,60.5797
tur,2003,d01,22.99
tur,2003,d02,38.4213
tur,2003,d03,46.9919
tur,2003,d04,51.2673
tur,2003,d05,49.1512
tur,2003,d06,64.4453
tur,2003,d07,65.9593
tur,2003,d08,73.984
tur,2003,d09,82.3965
tur,2003,d10,55.2423
tur,2013,d01,63.6158
tur,2013,d02,77.4568
tur,2013,d03,71.3957
tur,2013,d04,83.747
tur,2013,d05,81.9063
tur,2013,d06,80.8085
tur,2013,d07,86.1121
tur,2013,d08,79.33
tur,2013,d09,87.5938
tur,2013,d10,91.1692
tza,1996,d01,49.2339
tza,1996,d02,67.5888
tza,1996,d03,70.6985
tza,1996,d04,65.5856
tza,1996,d05,64.7916
tza,1996,d06,69.8089
tza,1996,d07,85.1557
tza,1996,d08,73.3787
tza,1996,d09,81.7793
tza,1996,d10,83.3647
tza,1999,d01,48.1288
tza,1999,d02,58.9659
tza,1999,d03,69.2886
tza,1999,d04,85.8773
tza,1999,d05,65.5573
tza,1999,d06,61.7247
tza,1999,d07,80.7249
tza,1999,d08,80.9094
tza,1999,d09,79.3084
tza,1999,d10,77.4957
tza,2004,d01,55.9494
tza,2004,d02,60.7472
tza,2004,d03,69.9351
tza,2004,d04,72.3279
tza,2004,d05,67.1516
tza,2004,d06,75.698
tza,2004,d07,78.5346
tza,2004,d08,82.698
tza,2004,d09,83.2532
tza,2004,d10,77.4294
tza,2010,d01,66.3412
tza,2010,d02,72.5915
tza,2010,d03,73.4937
tza,2010,d04,73.8751
tza,2010,d05,71.6952
tza,2010,d06,73.3603
tza,2010,d07,76.7169
tza,2010,d08,79.4421
tza,2010,d09,82.8796
tza,2010,d10,87.552
tza,2015,d01,61.7508
tza,2015,d02,72.8778
tza,2015,d03,74.7897
tza,2015,d04,72.1728
tza,2015,d05,78.1014
tza,2015,d06,81.1745
tza,2015,d07,79.1381
tza,2015,d08,82.585
tza,2015,d09,82.064
tza,2015,d10,84.5235
uga,1995,d01,37.0899
uga,1995,d02,31.5548
uga,1995,d03,41.1908
uga,1995,d04,53.6296
uga,1995,d05,42.4127
uga,1995,d06,54.7869
uga,1995,d07,46.1262
uga,1995,d08,47.5039
uga,1995,d09,59.4139
uga,1995,d10,68.9272
uga,2000,d01,22.6984
uga,2000,d02,30.216
uga,2000,d03,32.7281
uga,2000,d04,43.9792
uga,2000,d05,41.9431
uga,2000,d06,38.0225
uga,2000,d07,44.792
uga,2000,d08,35.8151
uga,2000,d09,38.6227
uga,2000,d10,46.549
uga,2006,d01,43.6851
uga,2006,d02,40.4275
uga,2006,d03,39.4629
uga,2006,d04,52.481
uga,2006,d05,53.7394
uga,2006,d06,42.2074
uga,2006,d07,46.031
uga,2006,d08,56.7769
uga,2006,d09,45.5068
uga,2006,d10,50.6235
uga,2011,d01,50.0564
uga,2011,d02,54.1048
uga,2011,d03,53.4485
uga,2011,d04,49.5403
uga,2011,d05,49.7759
uga,2011,d06,51.6434
uga,2011,d07,54.2546
uga,2011,d08,51.1524
uga,2011,d09,47.9951
uga,2011,d10,62.2943
uga,2016,d01,54.4144
uga,2016,d02,61.8166
uga,2016,d03,52.1294
uga,2016,d04,61.0649
uga,2016,d05,61.2102
uga,2016,d06,58.9815
uga,2016,d07,53.2672
uga,2016,d08,61.6352
uga,2016,d09,56.7477
uga,2016,d10,54.0181
ukr,2012,d01,42.9399
ukr,2012,d02,58.8158
ukr,2012,d03,58.6115
ukr,2012,d04,59.1554
ukr,2012,d05,68.5159
ukr,2012,d06,60.3864
ukr,2012,d07,73.3993
ukr,2012,d08,45.2825
ukr,2012,d09,68.4688
ukr,2012,d10,47.9786
uzb,1996,d01,86.0513
uzb,1996,d02,77.5848
uzb,1996,d03,75.4599
uzb,1996,d04,78.5746
uzb,1996,d05,85.6682
uzb,1996,d06,70.5913
uzb,1996,d07,75.6281
uzb,1996,d08,78.8018
uzb,1996,d09,82.3058
uzb,1996,d10,71.1087
uzb,2006,d01,86.7189
uzb,2006,d02,93.6373
uzb,2006,d03,94.6566
uzb,2006,d04,85.6538
uzb,2006,d05,93.7786
uzb,2006,d06,88.3362
uzb,2006,d07,83.3601
uzb,2006,d08,84.5273
uzb,2006,d09,82.8928
uzb,2006,d10,78.9913
vnm,1997,d01,40.9052
vnm,1997,d02,43.3017
vnm,1997,d03,47.8474
vnm,1997,d04,54.9679
vnm,1997,d05,43.1896
vnm,1997,d06,53.7616
vnm,1997,d07,59.1231
vnm,1997,d08,53.8192
vnm,1997,d09,57.8436
vnm,1997,d10,61.8341
vnm,2002,d01,46.3595
vnm,2002,d02,41.7026
vnm,2002,d03,64.071
vnm,2002,d04,58.219
vnm,2002,d05,77.5807
vnm,2002,d06,66.9926
vnm,2002,d07,78.6099
vnm,2002,d08,74.4969
vnm,2002,d09,88.3414
vnm,2002,d10,95.056
vnm,2006,d01,34.8633
vnm,2006,d02,62.0428
vnm,2006,d03,66.1879
vnm,2006,d04,60.8232
vnm,2006,d05,63.7259
vnm,2006,d06,78.2548
vnm,2006,d07,61.8475
vnm,2006,d08,81.4585
vnm,2006,d09,82.6441
vnm,2006,d10,88.5892
vnm,2010,d01,30.5814
vnm,2010,d02,63.0922
vnm,2010,d03,64.4896
vnm,2010,d04,60.6595
vnm,2010,d05,59.3139
vnm,2010,d06,54.0841
vnm,2010,d07,62.6688
vnm,2010,d08,59.2411
vnm,2010,d09,77.5689
vnm,2010,d10,64.8782
vnm,2013,d01,64.3894
vnm,2013,d02,86.8101
vnm,2013,d03,87.0992
vnm,2013,d04,81.821
vnm,2013,d05,90.0545
vnm,2013,d06,88.4232
vnm,2013,d07,86.4799
vnm,2013,d08,88.1373
vnm,2013,d09,81.4774
vnm,2013,d10,86.1083
vut,2007,d01,8.0178
vut,2007,d02,47.9644
vut,2007,d03,57.2445
vut,2007,d04,43.335
vut,2007,d05,28.8779
vut,2007,d06,56.5488
vut,2007,d07,44.4457
vut,2007,d08,41.7301
vut,2007,d09,51.4651
vut,2007,d10,48.5318
wsm,2019,d01,17.8902
wsm,2019,d02,19.8413
wsm,2019,d03,14.1058
wsm,2019,d04,26.5506
wsm,2019,d05,29.0374
wsm,2019,d06,36.793
wsm,2019,d07,28.6706
wsm,2019,d08,41.6016
wsm,2019,d09,24.5669
wsm,2019,d10,38.7244
yem,2006,d01,16.4312
yem,2006,d02,19.7348
yem,2006,d03,26.5418
yem,2006,d04,23.6682
yem,2006,d05,39.5823
yem,2006,d06,36.4505
yem,2006,d07,38.2218
yem,2006,d08,41.5363
yem,2006,d09,72.2131
yem,2006,d10,65.4662
yem,2013,d01,18.3853
yem,2013,d02,29.6611
yem,2013,d03,32.0362
yem,2013,d04,40.5975
yem,2013,d05,41.7366
yem,2013,d06,48.2507
yem,2013,d07,41.7176
yem,2013,d08,62.0037
yem,2013,d09,64.7093
yem,2013,d10,59.9952
zaf,1998,d01,42.6547
zaf,1998,d02,60.4849
zaf,1998,d03,61.5641
zaf,1998,d04,60.4942
zaf,1998,d05,62.4674
zaf,1998,d06,76.9271
zaf,1998,d07,77.2635
zaf,1998,d08,68.3143
zaf,1998,d09,70.5696
zaf,1998,d10,68.9912
zmb,1996,d01,72.4548
zmb,1996,d02,70.1339
zmb,1996,d03,77.2939
zmb,1996,d04,75.5742
zmb,1996,d05,84.8269
zmb,1996,d06,77.9535
zmb,1996,d07,77.3945
zmb,1996,d08,82.4422
zmb,1996,d09,86.26
zmb,1996,d10,86.5674
zmb,2001,d01,59.3726
zmb,2001,d02,69.948
zmb,2001,d03,62.3042
zmb,2001,d04,68.2842
zmb,2001,d05,65.2157
zmb,2001,d06,67.6706
zmb,2001,d07,76.5034
zmb,2001,d08,82.6977
zmb,2001,d09,73.7923
zmb,2001,d10,91.1115
zmb,2007,d01,72.8003
zmb,2007,d02,71.24
zmb,2007,d03,57.0179
zmb,2007,d04,64.3948
zmb,2007,d05,64.3277
zmb,2007,d06,67.1396
zmb,2007,d07,69.4882
zmb,2007,d08,65.6307
zmb,2007,d09,76.6786
zmb,2007,d10,82.9239
zmb,2013,d01,63.0966
zmb,2013,d02,65.5174
zmb,2013,d03,62.481
zmb,2013,d04,66.2763
zmb,2013,d05,71.8569
zmb,2013,d06,65.0269
zmb,2013,d07,78.2643
zmb,2013,d08,75.3225
zmb,2013,d09,81.1489
zmb,2013,d10,81.2713
zmb,2018,d01,70.2503
zmb,2018,d02,73.1887
zmb,2018,d03,70.6373
zmb,2018,d04,78.1722
zmb,2018,d05,78.4622
zmb,2018,d06,76.1714
zmb,2018,d07,78.0094
zmb,2018,d08,74.5005
zmb,2018,d09,73.0424
zmb,2018,d10,83.4441
zwe,1994,d01,70.6838
zwe,1994,d02,73.2691
zwe,1994,d03,81.4792
zwe,1994,d04,74.4182
zwe,1994,d05,85.8249
zwe,1994,d06,83.0559
zwe,1994,d07,77.8505
zwe,1994,d08,83.2165
zwe,1994,d09,91.817
zwe,1994,d10,80.118
zwe,1999,d01,60.1902
zwe,1999,d02,67.6969
zwe,1999,d03,73.9229
zwe,1999,d04,62.7723
zwe,1999,d05,66.8158
zwe,1999,d06,69.9779
zwe,1999,d07,46.4992
zwe,1999,d08,67.7353
zwe,1999,d09,58.1133
zwe,1999,d10,68.7552
zwe,2005,d01,44.3467
zwe,2005,d02,42.6287
zwe,2005,d03,53.2931
zwe,2005,d04,53.6254
zwe,2005,d05,50.4375
zwe,2005,d06,54.8126
zwe,2005,d07,62.0748
zwe,2005,d08,52.1141
zwe,2005,d09,65.2423
zwe,2005,d10,64.553
zwe,2009,d01,39.2274
zwe,2009,d02,49.9211
zwe,2009,d03,48.2049
zwe,2009,d04,44.2149
zwe,2009,d05,51.0732
zwe,2009,d06,56.4495
zwe,2009,d07,56.5469
zwe,2009,d08,63.1494
zwe,2009,d09,75.7325
zwe,2009,d10,71.4253
zwe,2010,d01,54.6626
zwe,2010,d02,59.8728
zwe,2010,d03,64.4831
zwe,2010,d04,62.8162
zwe,2010,d05,54.6734
zwe,2010,d06,70.4493
zwe,2010,d07,65.1457
zwe,2010,d08,82.5668
zwe,2010,d09,71.5471
zwe,2010,d10,76.5662
zwe,2014,d01,75.1556
zwe,2014,d02,75.6484
zwe,2014,d03,74.4287
zwe,2014,d04,79.648
zwe,2014,d05,80.1331
zwe,2014,d06,79.2616
zwe,2014,d07,84.0246
zwe,2014,d08,81.3001
zwe,2014,d09,90.2621
zwe,2014,d10,87.3627
zwe,2015,d01,71.586
zwe,2015,d02,70.5066
zwe,2015,d03,73.242
zwe,2015,d04,64.2354
zwe,2015,d05,87.1272
zwe,2015,d06,82.6644
zwe,2015,d07,73.338
zwe,2015,d08,83.7533
zwe,2015,d09,80.7733
zwe,2015,d10,79.9647
zwe,2019,d01,79.3869
zwe,2019,d02,83.9642
zwe,2019,d03,77.974
zwe,2019,d04,83.1725
zwe,2019,d05,87.0562
zwe,2019,d06,77.466
zwe,2019,d07,85.6192
zwe,2019,d08,90.2992
zwe,2019,d09,91.1667
zwe,2019,d10,94.6893
