country,time,decile,sba
afg,2010,d01,13.649
afg,2010,d02,17.1996
afg,2010,d03,23.3962
afg,2010,d04,26.4167
afg,2010,d05,28.4241
afg,2010,d06,33.9696
afg,2010,d07,41.5758
afg,2010,d08,51.8159
afg,2010,d09,66.7171
afg,2010,d10,85.7786
afg,2015,d01,23.0041
afg,2015,d02,30.5663
afg,2015,d03,37.7307
afg,2015,d04,41.7709
afg,2015,d05,42.241
afg,2015,d06,52.4053
afg,2015,d07,61.6809
afg,2015,d08,75.4658
afg,2015,d09,85.5362
afg,2015,d10,90.997
ago,2015,d01,20.6301
ago,2015,d02,17.2978
ago,2015,d03,22.9035
ago,2015,d04,36.1295
ago,2015,d05,54.7798
ago,2015,d06,62.7805
ago,2015,d07,73.2983
ago,2015,d08,80.5469
ago,2015,d09,86.8796
ago,2015,d10,92.6922
alb,2005,d01,97.9991
alb,2005,d02,100
alb,2005,d03,100
alb,2005,d04,100
alb,2005,d05,100
alb,2005,d06,100
alb,2005,d07,100
alb,2005,d08,100
alb,2005,d09,100
alb,2005,d10,100
alb,2008,d01,98.7943
alb,2008,d02,100
alb,2008,d03,98.8243
alb,2008,d04,100
alb,2008,d05,98.1334
alb,2008,d06,100
alb,2008,d07,100
alb,2008,d08,100
alb,2008,d09,100
alb,2008,d10,100
alb,2017,d01,98.7522
alb,2017,d02,99.75
alb,2017,d03,100
alb,2017,d04,99.8219
alb,2017,d05,100
alb,2017,d06,100
alb,2017,d07,100
alb,2017,d08,100
alb,2017,d09,100
alb,2017,d10,100
arg,2019,d01,98.9113
arg,2019,d02,97.9536
arg,2019,d03,98.4172
arg,2019,d04,99.0427
arg,2019,d05,98.7372
arg,2019,d06,99.4955
arg,2019,d07,97.8907
arg,2019,d08,99.8483
arg,2019,d09,98.2782
arg,2019,d10,100
arm,2000,d01,92.2667
arm,2000,d02,96.7264
arm,2000,d03,87.418
arm,2000,d04,95.5405
arm,2000,d05,99.2621
arm,2000,d06,100
arm,2000,d07,100
arm,2000,d08,97.0872
arm,2000,d09,100
arm,2000,d10,100
arm,2005,d01,97.1465
arm,2005,d02,97.999
arm,2005,d03,96.5984
arm,2005,d04,100
arm,2005,d05,100
arm,2005,d06,100
arm,2005,d07,100
arm,2005,d08,97.9842
arm,2005,d09,100
arm,2005,d10,100
arm,2010,d01,100
arm,2010,d02,100
arm,2010,d03,99.83
arm,2010,d04,100
arm,2010,d05,100
arm,2010,d06,100
arm,2010,d07,98.58
arm,2010,d08,100
arm,2010,d09,100
arm,2010,d10,100
arm,2015,d01,99.2946
arm,2015,d02,99.6708
arm,2015,d03,100
arm,2015,d04,100
arm,2015,d05,100
arm,2015,d06,100
arm,2015,d07,97.6961
arm,2015,d08,100
arm,2015,d09,100
arm,2015,d10,100
aze,2006,d01,77.5472
aze,2006,d02,73.9998
aze,2006,d03,85.3948
aze,2006,d04,90.1033
aze,2006,d05,90.8764
aze,2006,d06,91.274
aze,2006,d07,98.7308
aze,2006,d08,98.468
aze,2006,d09,100
aze,2006,d10,100
bdi,2005,d01,20.8416
bdi,2005,d02,29.6883
bdi,2005,d03,26.8817
bdi,2005,d04,31.6247
bdi,2005,d05,26.2117
bdi,2005,d06,33.3925
bdi,2005,d07,23.9949
bdi,2005,d08,37.9237
bdi,2005,d09,39.8054
bdi,2005,d10,74.5235
bdi,2010,d01,53.9132
bdi,2010,d02,56.6644
bdi,2010,d03,57.9046
bdi,2010,d04,59.952
bdi,2010,d05,65.4207
bdi,2010,d06,63.2002
bdi,2010,d07,61.8762
bdi,2010,d08,70.4184
bdi,2010,d09,75.327
bdi,2010,d10,93.2415
bdi,2016,d01,76.6261
bdi,2016,d02,81.5007
bdi,2016,d03,85.4047
bdi,2016,d04,84.9432
bdi,2016,d05,85.92
bdi,2016,d06,87.5623
bdi,2016,d07,86.326
bdi,2016,d08,88.2924
bdi,2016,d09,93.5368
bdi,2016,d10,98.9429
ben,1996,d01,29.3667
ben,1996,d02,40.0671
ben,1996,d03,51.3622
ben,1996,d04,54.8958
ben,1996,d05,61.0071
ben,1996,d06,71.3862
ben,1996,d07,84.7209
ben,1996,d08,91.037
ben,1996,d09,96.0974
ben,1996,d10,99.2899
ben,2001,d01,48.8211
ben,2001,d02,54.6016
ben,2001,d03,60.4216
ben,2001,d04,63.9104
ben,2001,d05,79.664
ben,2001,d06,79.7423
ben,2001,d07,89.5056
ben,2001,d08,93.7094
ben,2001,d09,98.7683
ben,2001,d10,99.0095
ben,2006,d01,54.5258
ben,2006,d02,63.7747
ben,2006,d03,69.2235
ben,2006,d04,74.7867
ben,2006,d05,80.6296
ben,2006,d06,83.2427
ben,2006,d07,90.0389
ben,2006,d08,94.8088
ben,2006,d09,99.0732
ben,2006,d10,97.198
ben,2011,d01,62.8221
ben,2011,d02,68.6373
ben,2011,d03,77.9281
ben,2011,d04,81.0722
ben,2011,d05,84.3035
ben,2011,d06,86.97
ben,2011,d07,94.9015
ben,2011,d08,98.477
ben,2011,d09,98.8192
ben,2011,d10,98.7666
ben,2014,d01,50.6124
ben,2014,d02,70.4938
ben,2014,d03,68.614
ben,2014,d04,71.7548
ben,2014,d05,79.8885
ben,2014,d06,83.7623
ben,2014,d07,80.2731
ben,2014,d08,88.9324
ben,2014,d09,88.591
ben,2014,d10,93.7358
ben,2017,d01,49.5563
ben,2017,d02,64.7841
ben,2017,d03,69.8949
ben,2017,d04,79.5675
ben,2017,d05,78.375
ben,2017,d06,83.9246
ben,2017,d07,88.4031
ben,2017,d08,91.4302
ben,2017,d09,96.5654
ben,2017,d10,95.7708
bfa,1998,d01,18.7004
bfa,1998,d02,20.7923
bfa,1998,d03,18.8696
bfa,1998,d04,25.0197
bfa,1998,d05,23.4712
bfa,1998,d06,25.1761
bfa,1998,d07,37.3678
bfa,1998,d08,25.3248
bfa,1998,d09,65.2234
bfa,1998,d10,91.7023
bfa,2003,d01,19.3256
bfa,2003,d02,16.7785
bfa,2003,d03,27.2285
bfa,2003,d04,27.0587
bfa,2003,d05,23.3464
bfa,2003,d06,38.6698
bfa,2003,d07,41.3813
bfa,2003,d08,48.782
bfa,2003,d09,77.9981
bfa,2003,d10,97.0846
bfa,2006,d01,56.9104
bfa,2006,d02,55.1448
bfa,2006,d03,58.0809
bfa,2006,d04,51.1127
bfa,2006,d05,48.103
bfa,2006,d06,45.1031
bfa,2006,d07,53.5731
bfa,2006,d08,43.6208
bfa,2006,d09,64.2202
bfa,2006,d10,65.1097
bfa,2010,d01,49.8129
bfa,2010,d02,51.6826
bfa,2010,d03,62.8628
bfa,2010,d04,65.2581
bfa,2010,d05,71.8544
bfa,2010,d06,75.6346
bfa,2010,d07,82.3582
bfa,2010,d08,84.2613
bfa,2010,d09,93.8518
bfa,2010,d10,98.1743
bgd,1993,d01,3.2185
bgd,1993,d02,4.6227
bgd,1993,d03,3.5954
bgd,1993,d04,4.5715
bgd,1993,d05,4.1272
bgd,1993,d06,6.6109
bgd,1993,d07,5.47
bgd,1993,d08,11.6143
bgd,1993,d09,19.9515
bgd,1993,d10,43.9457
bgd,1996,d01,1.3533
bgd,1996,d02,2.6702
bgd,1996,d03,1.9231
bgd,1996,d04,2.7672
bgd,1996,d05,4.1642
bgd,1996,d06,4.5816
bgd,1996,d07,7.8617
bgd,1996,d08,12.2706
bgd,1996,d09,17.7728
bgd,1996,d10,49.0242
bgd,1999,d01,3.3023
bgd,1999,d02,4.3856
bgd,1999,d03,5.0634
bgd,1999,d04,6.8124
bgd,1999,d05,7.4637
bgd,1999,d06,7.0421
bgd,1999,d07,10.1608
bgd,1999,d08,19.8888
bgd,1999,d09,28.7389
bgd,1999,d10,60.9425
bgd,2004,d01,3.4308
bgd,2004,d02,4.0052
bgd,2004,d03,3.5108
bgd,2004,d04,5.3798
bgd,2004,d05,9.5248
bgd,2004,d06,14.536
bgd,2004,d07,18.3486
bgd,2004,d08,22.1941
bgd,2004,d09,32.7836
bgd,2004,d10,58.3858
bgd,2006,d01,5.9244
bgd,2006,d02,7.0145
bgd,2006,d03,8.6007
bgd,2006,d04,9.6025
bgd,2006,d05,13.0882
bgd,2006,d06,16.0216
bgd,2006,d07,21.2469
bgd,2006,d08,28.4342
bgd,2006,d09,39.1884
bgd,2006,d10,73.0607
bgd,2007,d01,8.2072
bgd,2007,d02,5.0058
bgd,2007,d03,5.4288
bgd,2007,d04,9.0882
bgd,2007,d05,11.7812
bgd,2007,d06,14.1647
bgd,2007,d07,21.5188
bgd,2007,d08,30.7424
bgd,2007,d09,46.8271
bgd,2007,d10,67.6229
bgd,2011,d01,10.0985
bgd,2011,d02,13.1213
bgd,2011,d03,15.0644
bgd,2011,d04,22.339
bgd,2011,d05,22.7237
bgd,2011,d06,33.943
bgd,2011,d07,36.7015
bgd,2011,d08,49.6344
bgd,2011,d09,52.2565
bgd,2011,d10,76.7454
bgd,2012,d01,24.1647
bgd,2012,d02,29.1399
bgd,2012,d03,32.0674
bgd,2012,d04,34.892
bgd,2012,d05,35.2125
bgd,2012,d06,40.766
bgd,2012,d07,48.394
bgd,2012,d08,51.7559
bgd,2012,d09,64.0827
bgd,2012,d10,81.4775
bgd,2014,d01,15.7126
bgd,2014,d02,20.2633
bgd,2014,d03,25.4787
bgd,2014,d04,34.086
bgd,2014,d05,32.7319
bgd,2014,d06,44.8035
bgd,2014,d07,46.4419
bgd,2014,d08,57.3714
bgd,2014,d09,65.8389
bgd,2014,d10,84.1634
bgd,2017,d01,21.6646
bgd,2017,d02,34.5585
bgd,2017,d03,38.7383
bgd,2017,d04,41.7534
bgd,2017,d05,48.7194
bgd,2017,d06,56.5745
bgd,2017,d07,60.5592
bgd,2017,d08,64.2692
bgd,2017,d09,74.6793
bgd,2017,d10,91.4644
bgd,2019,d01,25.9707
bgd,2019,d02,39.2513
bgd,2019,d03,46.2582
bgd,2019,d04,47.7694
bgd,2019,d05,52.8402
bgd,2019,d06,65.4752
bgd,2019,d07,67.0672
bgd,2019,d08,73.0865
bgd,2019,d09,80.6698
bgd,2019,d10,91.6951
bih,2006,d01,98.4898
bih,2006,d02,100
bih,2006,d03,100
bih,2006,d04,100
bih,2006,d05,100
bih,2006,d06,100
bih,2006,d07,99.4498
bih,2006,d08,98.4535
bih,2006,d09,99.2895
bih,2006,d10,100
bih,2011,d01,100
bih,2011,d02,100
bih,2011,d03,100
bih,2011,d04,99.2616
bih,2011,d05,100
bih,2011,d06,100
bih,2011,d07,100
bih,2011,d08,100
bih,2011,d09,100
bih,2011,d10,100
blr,2005,d01,100
blr,2005,d02,100
blr,2005,d03,100
blr,2005,d04,100
blr,2005,d05,100
blr,2005,d06,100
blr,2005,d07,100
blr,2005,d08,100
blr,2005,d09,100
blr,2005,d10,100
blr,2012,d01,100
blr,2012,d02,100
blr,2012,d03,100
blr,2012,d04,100
blr,2012,d05,99.4638
blr,2012,d06,100
blr,2012,d07,100
blr,2012,d08,100
blr,2012,d09,100
blr,2012,d10,100
blr,2019,d01,100
blr,2019,d02,99.3166
blr,2019,d03,100
blr,2019,d04,100
blr,2019,d05,100
blr,2019,d06,100
blr,2019,d07,100
blr,2019,d08,100
blr,2019,d09,100
blr,2019,d10,100
blz,2011,d01,84.1313
blz,2011,d02,94.2391
blz,2011,d03,97.9874
blz,2011,d04,98.9696
blz,2011,d05,97.7559
blz,2011,d06,97.5127
blz,2011,d07,100
blz,2011,d08,99.1026
blz,2011,d09,98.2357
blz,2011,d10,97.909
blz,2015,d01,94.2547
blz,2015,d02,91.7096
blz,2015,d03,97.1374
blz,2015,d04,97.5136
blz,2015,d05,98.5591
blz,2015,d06,98.142
blz,2015,d07,97.4374
blz,2015,d08,98.1668
blz,2015,d09,98.8596
blz,2015,d10,100
bol,1994,d01,7.5607
bol,1994,d02,16.7635
bol,1994,d03,28.8016
bol,1994,d04,40.1248
bol,1994,d05,43.3751
bol,1994,d06,54.5875
bol,1994,d07,70.357
bol,1994,d08,80.6255
bol,1994,d09,95.7428
bol,1994,d10,97.6613
bol,1998,d01,17.1035
bol,1998,d02,29.4812
bol,1998,d03,41.5022
bol,1998,d04,55.7842
bol,1998,d05,63.0263
bol,1998,d06,77.9737
bol,1998,d07,88.0295
bol,1998,d08,91.6737
bol,1998,d09,97.8775
bol,1998,d10,97.6415
bol,2003,d01,24.5642
bol,2003,d02,34.2071
bol,2003,d03,47.8235
bol,2003,d04,57.4161
bol,2003,d05,71.1368
bol,2003,d06,77.7518
bol,2003,d07,84.0726
bol,2003,d08,95.1871
bol,2003,d09,98.1259
bol,2003,d10,99.3391
bol,2008,d01,34.7634
bol,2008,d02,45.4808
bol,2008,d03,62.167
bol,2008,d04,75.7692
bol,2008,d05,81.9471
bol,2008,d06,84.9884
bol,2008,d07,91.0761
bol,2008,d08,96.7636
bol,2008,d09,99.0965
bol,2008,d10,98.4005
bol,2016,d01,54.655
bol,2016,d02,80.1347
bol,2016,d03,82.6956
bol,2016,d04,94.4307
bol,2016,d05,96.3876
bol,2016,d06,97.5085
bol,2016,d07,98.6997
bol,2016,d08,99.3856
bol,2016,d09,99.6148
bol,2016,d10,100
bra,1996,d01,64.6938
bra,1996,d02,83.134
bra,1996,d03,87.4704
bra,1996,d04,91.4695
bra,1996,d05,95.6531
bra,1996,d06,96.7022
bra,1996,d07,97.8548
bra,1996,d08,99.1025
bra,1996,d09,98.2074
bra,1996,d10,100
bra,2013,d01,87.8953
bra,2013,d02,94.1593
bra,2013,d03,96.3226
bra,2013,d04,98.9772
bra,2013,d05,98.9446
bra,2013,d06,98.6663
bra,2013,d07,99.8659
bra,2013,d08,99.1459
bra,2013,d09,99.2867
bra,2013,d10,99.8443
bra,2019,d01,73.4618
bra,2019,d02,80.2715
bra,2019,d03,84.0446
bra,2019,d04,87.5149
bra,2019,d05,84.6305
bra,2019,d06,90.0713
bra,2019,d07,97.6655
bra,2019,d08,91.3569
bra,2019,d09,95.9724
bra,2019,d10,97.5918
btn,2010,d01,26.6899
btn,2010,d02,41.9481
btn,2010,d03,41.7831
btn,2010,d04,44.27
btn,2010,d05,60.7307
btn,2010,d06,72.6584
btn,2010,d07,79.9057
btn,2010,d08,81.6616
btn,2010,d09,94.0162
btn,2010,d10,96.4377
caf,1994,d01,10.4381
caf,1994,d02,17.5628
caf,1994,d03,23.97
caf,1994,d04,27.4507
caf,1994,d05,34.9424
caf,1994,d06,47.8699
caf,1994,d07,60.037
caf,1994,d08,79.9584
caf,1994,d09,78.6534
caf,1994,d10,85.3912
caf,2006,d01,22.5119
caf,2006,d02,30.9724
caf,2006,d03,35.3312
caf,2006,d04,40.4863
caf,2006,d05,43.4226
caf,2006,d06,60.7579
caf,2006,d07,70.4525
caf,2006,d08,67.1518
caf,2006,d09,84.623
caf,2006,d10,94.0768
caf,2010,d01,29.8765
caf,2010,d02,36.3143
caf,2010,d03,39.1456
caf,2010,d04,39.0731
caf,2010,d05,45.7374
caf,2010,d06,54.2866
caf,2010,d07,65.3108
caf,2010,d08,74.6207
caf,2010,d09,84.4795
caf,2010,d10,90.8396
caf,2018,d01,19.6741
caf,2018,d02,25.5071
caf,2018,d03,27.0079
caf,2018,d04,31.7203
caf,2018,d05,31.6979
caf,2018,d06,37.116
caf,2018,d07,49.3463
caf,2018,d08,61.5493
caf,2018,d09,84.2263
caf,2018,d10,92.8121
civ,1994,d01,11.3344
civ,1994,d02,23.2424
civ,1994,d03,25.5541
civ,1994,d04,34.1759
civ,1994,d05,36.5043
civ,1994,d06,55.3069
civ,1994,d07,63.4342
civ,1994,d08,68.0308
civ,1994,d09,76.8912
civ,1994,d10,92.0304
civ,1998,d01,13.8889
civ,1998,d02,17.7083
civ,1998,d03,24.2429
civ,1998,d04,42.9352
civ,1998,d05,44.2101
civ,1998,d06,53.7258
civ,1998,d07,70.0769
civ,1998,d08,78.3544
civ,1998,d09,86.2033
civ,1998,d10,88.9532
civ,2006,d01,24.5085
civ,2006,d02,32.6067
civ,2006,d03,39.3037
civ,2006,d04,41.2346
civ,2006,d05,50.7428
civ,2006,d06,66.3639
civ,2006,d07,74.1925
civ,2006,d08,84.6669
civ,2006,d09,93.8943
civ,2006,d10,95.3935
civ,2011,d01,28.9388
civ,2011,d02,45.165
civ,2011,d03,48.1138
civ,2011,d04,59.1819
civ,2011,d05,51.0857
civ,2011,d06,59.8313
civ,2011,d07,74.9952
civ,2011,d08,84.6625
civ,2011,d09,86.9471
civ,2011,d10,97.3854
civ,2016,d01,47.1221
civ,2016,d02,50.8406
civ,2016,d03,58.2674
civ,2016,d04,74.226
civ,2016,d05,73.4792
civ,2016,d06,85.8576
civ,2016,d07,92.9156
civ,2016,d08,95.0821
civ,2016,d09,94.2202
civ,2016,d10,96.3992
cmr,1998,d01,30.4769
cmr,1998,d02,25.4674
cmr,1998,d03,50.1526
cmr,1998,d04,36.4766
cmr,1998,d05,57.0582
cmr,1998,d06,68.8854
cmr,1998,d07,83.5456
cmr,1998,d08,85.2313
cmr,1998,d09,88.1208
cmr,1998,d10,90.4007
cmr,2004,d01,26.4742
cmr,2004,d02,34.5881
cmr,2004,d03,41.5873
cmr,2004,d04,50.5263
cmr,2004,d05,71.9785
cmr,2004,d06,75.5651
cmr,2004,d07,82.6355
cmr,2004,d08,92.4929
cmr,2004,d09,92.4359
cmr,2004,d10,98.2673
cmr,2006,d01,16.1698
cmr,2006,d02,20.7359
cmr,2006,d03,36.6293
cmr,2006,d04,63.98
cmr,2006,d05,59.8386
cmr,2006,d06,71.4711
cmr,2006,d07,85.0641
cmr,2006,d08,87.9768
cmr,2006,d09,95.9397
cmr,2006,d10,96.9316
cmr,2011,d01,14.6356
cmr,2011,d02,22.6753
cmr,2011,d03,49.2025
cmr,2011,d04,63.2818
cmr,2011,d05,74.8342
cmr,2011,d06,80.1786
cmr,2011,d07,89.5712
cmr,2011,d08,91.7431
cmr,2011,d09,97.6742
cmr,2011,d10,97.4617
cmr,2014,d01,18.2728
cmr,2014,d02,24.173
cmr,2014,d03,45.1802
cmr,2014,d04,60.4088
cmr,2014,d05,79.5471
cmr,2014,d06,82.4339
cmr,2014,d07,90.9224
cmr,2014,d08,95.0095
cmr,2014,d09,97.5162
cmr,2014,d10,98.3641
cmr,2018,d01,26.2431
cmr,2018,d02,35.0411
cmr,2018,d03,57.0301
cmr,2018,d04,67.2559
cmr,2018,d05,74.226
cmr,2018,d06,86.0065
cmr,2018,d07,87.1983
cmr,2018,d08,95.728
cmr,2018,d09,97.2865
cmr,2018,d10,99.0091
cod,2007,d01,60.5844
cod,2007,d02,64.7703
cod,2007,d03,68.1629
cod,2007,d04,61.3229
cod,2007,d05,79.5426
cod,2007,d06,71.0044
cod,2007,d07,80.4547
cod,2007,d08,93.4237
cod,2007,d09,97.6363
cod,2007,d10,98.3704
cod,2010,d01,59.7027
cod,2010,d02,59.9528
cod,2010,d03,63.3182
cod,2010,d04,71.8211
cod,2010,d05,66.7571
cod,2010,d06,71.3283
cod,2010,d07,77.4752
cod,2010,d08,92.4945
cod,2010,d09,97.8104
cod,2010,d10,95.1586
cod,2013,d01,66.0581
cod,2013,d02,67.4784
cod,2013,d03,71.9429
cod,2013,d04,73.3668
cod,2013,d05,78.4233
cod,2013,d06,80.1784
cod,2013,d07,90.5582
cod,2013,d08,93.8085
cod,2013,d09,97.4629
cod,2013,d10,98.1063
cod,2017,d01,69.4986
cod,2017,d02,77.2486
cod,2017,d03,77.8611
cod,2017,d04,81.8918
cod,2017,d05,81.7933
cod,2017,d06,90.5268
cod,2017,d07,92.2972
cod,2017,d08,96.7275
cod,2017,d09,98.4784
cod,2017,d10,99.3602
cog,2005,d01,71.2136
cog,2005,d02,73.137
cog,2005,d03,72.5191
cog,2005,d04,87.1948
cog,2005,d05,90.912
cog,2005,d06,96.3565
cog,2005,d07,98.4389
cog,2005,d08,99.4049
cog,2005,d09,98.2271
cog,2005,d10,99.1932
cog,2011,d01,75.5952
cog,2011,d02,87.8185
cog,2011,d03,92.5171
cog,2011,d04,98.029
cog,2011,d05,97.0037
cog,2011,d06,99.2353
cog,2011,d07,99.1113
cog,2011,d08,98.8719
cog,2011,d09,99.8633
cog,2011,d10,98.3545
cog,2014,d01,70.6203
cog,2014,d02,86.3656
cog,2014,d03,92.8046
cog,2014,d04,96.4618
cog,2014,d05,98.2444
cog,2014,d06,97.1266
cog,2014,d07,98.095
cog,2014,d08,99.8065
cog,2014,d09,98.6454
cog,2014,d10,100
col,1995,d01,52.2228
col,1995,d02,71.3684
col,1995,d03,85.1293
col,1995,d04,87.5306
col,1995,d05,92.7484
col,1995,d06,94.3474
col,1995,d07,98.7183
col,1995,d08,100
col,1995,d09,98.3424
col,1995,d10,98.97
col,2005,d01,66.8116
col,2005,d02,85.9218
col,2005,d03,94.2028
col,2005,d04,97.0456
col,2005,d05,97.8964
col,2005,d06,98.4346
col,2005,d07,99.7282
col,2005,d08,98.7114
col,2005,d09,99.6324
col,2005,d10,99.5219
col,2010,d01,79.0157
col,2010,d02,92.4362
col,2010,d03,96.1655
col,2010,d04,98.2973
col,2010,d05,98.8826
col,2010,d06,99.2302
col,2010,d07,99.438
col,2010,d08,99.5005
col,2010,d09,98.9261
col,2010,d10,99.8059
col,2015,d01,80.203
col,2015,d02,97.6249
col,2015,d03,99.211
col,2015,d04,99.4712
col,2015,d05,99.1677
col,2015,d06,99.3393
col,2015,d07,99.5052
col,2015,d08,98.8931
col,2015,d09,98.05
col,2015,d10,100
com,1996,d01,14.0741
com,1996,d02,38.2353
com,1996,d03,34.7518
com,1996,d04,46.5517
com,1996,d05,52.9412
com,1996,d06,56.5657
com,1996,d07,62.9032
com,1996,d08,72.1154
com,1996,d09,75.5319
com,1996,d10,96.1039
com,2012,d01,57.7612
com,2012,d02,74.4532
com,2012,d03,75.2975
com,2012,d04,84.7465
com,2012,d05,91.399
com,2012,d06,90.3077
com,2012,d07,95.164
com,2012,d08,93.9061
com,2012,d09,92.9936
com,2012,d10,97.6708
cri,2011,d01,95.6648
cri,2011,d02,97.9636
cri,2011,d03,98.8737
cri,2011,d04,99.4324
cri,2011,d05,99.5327
cri,2011,d06,100
cri,2011,d07,95.733
cri,2011,d08,100
cri,2011,d09,99.2241
cri,2011,d10,99.7214
cri,2018,d01,98.6928
cri,2018,d02,100
cri,2018,d03,98.9014
cri,2018,d04,95.891
cri,2018,d05,98.6592
cri,2018,d06,97.6457
cri,2018,d07,99.7459
cri,2018,d08,98.9319
cri,2018,d09,100
cri,2018,d10,96.2826
cub,2019,d01,100
cub,2019,d02,100
cub,2019,d03,100
cub,2019,d04,100
cub,2019,d05,100
cub,2019,d06,100
cub,2019,d07,100
cub,2019,d08,99.8616
cub,2019,d09,100
cub,2019,d10,100
dom,1996,d01,85.8433
dom,1996,d02,94.2003
dom,1996,d03,96.2912
dom,1996,d04,97.8001
dom,1996,d05,98.513
dom,1996,d06,97.8055
dom,1996,d07,99.0491
dom,1996,d08,97.4535
dom,1996,d09,98.5538
dom,1996,d10,96.6951
dom,2002,d01,90.377
dom,2002,d02,97.6738
dom,2002,d03,98.7232
dom,2002,d04,98.8113
dom,2002,d05,98.5667
dom,2002,d06,99.7814
dom,2002,d07,99.5221
dom,2002,d08,99.7834
dom,2002,d09,99.46
dom,2002,d10,99.8888
dom,2007,d01,91.8092
dom,2007,d02,98.4776
dom,2007,d03,98.6947
dom,2007,d04,99.3679
dom,2007,d05,98.7136
dom,2007,d06,97.6714
dom,2007,d07,98.8254
dom,2007,d08,99.7168
dom,2007,d09,99.2243
dom,2007,d10,99.5261
dom,2013,d01,94.8345
dom,2013,d02,99.1291
dom,2013,d03,99.7461
dom,2013,d04,99.3514
dom,2013,d05,98.3755
dom,2013,d06,99.5408
dom,2013,d07,100
dom,2013,d08,98.7048
dom,2013,d09,95.4432
dom,2013,d10,100
dom,2014,d01,97.5844
dom,2014,d02,98.1863
dom,2014,d03,99.0561
dom,2014,d04,99.0483
dom,2014,d05,99.2156
dom,2014,d06,99.6866
dom,2014,d07,96.9972
dom,2014,d08,99.8588
dom,2014,d09,98.8925
dom,2014,d10,99.0261
dom,2019,d01,94.0705
dom,2019,d02,98.631
dom,2019,d03,99.9526
dom,2019,d04,99.0886
dom,2019,d05,97.9903
dom,2019,d06,99.8827
dom,2019,d07,99.8507
dom,2019,d08,97.9597
dom,2019,d09,98.3444
dom,2019,d10,99.5541
dza,2012,d01,93.4505
dza,2012,d02,95.6957
dza,2012,d03,96.0825
dza,2012,d04,97.0466
dza,2012,d05,96.5672
dza,2012,d06,96.3282
dza,2012,d07,97.2978
dza,2012,d08,97.3972
dza,2012,d09,98.6838
dza,2012,d10,98.7228
dza,2018,d01,95.9611
dza,2018,d02,98.262
dza,2018,d03,99.0491
dza,2018,d04,99.6866
dza,2018,d05,99.198
dza,2018,d06,99.8118
dza,2018,d07,99.8969
dza,2018,d08,98.2954
dza,2018,d09,99.6241
dza,2018,d10,99.183
ecu,2012,d01,70.3656
ecu,2012,d02,87.4195
ecu,2012,d03,90.4059
ecu,2012,d04,94.6756
ecu,2012,d05,95.9713
ecu,2012,d06,95.828
ecu,2012,d07,98.2083
ecu,2012,d08,94.5752
ecu,2012,d09,98.6811
ecu,2012,d10,97.2863
ecu,2018,d01,79.2685
ecu,2018,d02,92.7867
ecu,2018,d03,97.4884
ecu,2018,d04,98.253
ecu,2018,d05,97.9878
ecu,2018,d06,98.2007
ecu,2018,d07,99.0245
ecu,2018,d08,98.8913
ecu,2018,d09,99.2831
ecu,2018,d10,99.7147
egy,1995,d01,19.7012
egy,1995,d02,24.9785
egy,1995,d03,29.0734
egy,1995,d04,34.801
egy,1995,d05,44.98
egy,1995,d06,52.4075
egy,1995,d07,58.8624
egy,1995,d08,70.6135
egy,1995,d09,84.2557
egy,1995,d10,91.106
egy,2000,d01,31.9706
egy,2000,d02,37.5594
egy,2000,d03,46.3233
egy,2000,d04,53.294
egy,2000,d05,58.4303
egy,2000,d06,69.1037
egy,2000,d07,72.7553
egy,2000,d08,84.3112
egy,2000,d09,91.5957
egy,2000,d10,97.6348
egy,2005,d01,47.0907
egy,2005,d02,57.3141
egy,2005,d03,62.3435
egy,2005,d04,71.1508
egy,2005,d05,78.3712
egy,2005,d06,82.5106
egy,2005,d07,86.4102
egy,2005,d08,89.6247
egy,2005,d09,95.521
egy,2005,d10,98.4678
egy,2008,d01,54.7911
egy,2008,d02,61.5759
egy,2008,d03,68.7433
egy,2008,d04,76.6065
egy,2008,d05,82.4776
egy,2008,d06,87.2529
egy,2008,d07,89.7606
egy,2008,d08,92.1996
egy,2008,d09,96.4292
egy,2008,d10,98.6227
egy,2014,d01,84.9945
egy,2014,d02,84.9755
egy,2014,d03,84.4606
egy,2014,d04,89.4971
egy,2014,d05,93.3812
egy,2014,d06,95.7988
egy,2014,d07,97.3366
egy,2014,d08,97.0969
egy,2014,d09,98.2941
egy,2014,d10,99.6842
eth,2000,d01,1.5088
eth,2000,d02,0.7055
eth,2000,d03,0.7145
eth,2000,d04,1.9323
eth,2000,d05,1.02
eth,2000,d06,2.7081
eth,2000,d07,3.6074
eth,2000,d08,2.6839
eth,2000,d09,10.6718
eth,2000,d10,48.5369
eth,2005,d01,1.5592
eth,2005,d02,1.0434
eth,2005,d03,2.021
eth,2005,d04,0.8648
eth,2005,d05,1.1379
eth,2005,d06,2.4401
eth,2005,d07,4.2593
eth,2005,d08,5.6324
eth,2005,d09,8.5988
eth,2005,d10,60.4779
eth,2011,d01,3.4839
eth,2011,d02,2.1906
eth,2011,d03,4.0174
eth,2011,d04,3.5403
eth,2011,d05,3.7279
eth,2011,d06,4.4954
eth,2011,d07,6.1355
eth,2011,d08,12.2854
eth,2011,d09,29.9539
eth,2011,d10,78.1763
eth,2016,d01,10.7414
eth,2016,d02,17.266
eth,2016,d03,26.8966
eth,2016,d04,27.5768
eth,2016,d05,27.629
eth,2016,d06,33.1807
eth,2016,d07,36.7289
eth,2016,d08,34.8706
eth,2016,d09,60.6631
eth,2016,d10,95.7938
eth,2019,d01,19.374
eth,2019,d02,27.5134
eth,2019,d03,38.7559
eth,2019,d04,47.4483
eth,2019,d05,49.192
eth,2019,d06,50.8881
eth,2019,d07,72.8147
eth,2019,d08,61.4663
eth,2019,d09,80.6836
eth,2019,d10,95.5142
gab,2000,d01,54.9861
gab,2000,d02,75.6777
gab,2000,d03,82.201
gab,2000,d04,88.8135
gab,2000,d05,94.3717
gab,2000,d06,94.0581
gab,2000,d07,92.5263
gab,2000,d08,96.2242
gab,2000,d09,96.1737
gab,2000,d10,96.621
gab,2012,d01,65.1079
gab,2012,d02,85.5473
gab,2012,d03,90.3965
gab,2012,d04,94.7199
gab,2012,d05,94.245
gab,2012,d06,95.1685
gab,2012,d07,95.0396
gab,2012,d08,95.262
gab,2012,d09,96.381
gab,2012,d10,94.7164
geo,2005,d01,95.7509
geo,2005,d02,94.4388
geo,2005,d03,97.9921
geo,2005,d04,100
geo,2005,d05,100
geo,2005,d06,97.6885
geo,2005,d07,100
geo,2005,d08,98.7426
geo,2005,d09,96.7004
geo,2005,d10,100
gha,1993,d01,30.9013
gha,1993,d02,19.0476
gha,1993,d03,24.9071
gha,1993,d04,22.7679
gha,1993,d05,24.5763
gha,1993,d06,39.207
gha,1993,d07,56.3877
gha,1993,d08,69.1943
gha,1993,d09,79.0816
gha,1993,d10,92.3977
gha,1998,d01,18.9023
gha,1998,d02,22.0097
gha,1998,d03,21.8027
gha,1998,d04,31.4656
gha,1998,d05,47.1586
gha,1998,d06,51.3551
gha,1998,d07,61.8009
gha,1998,d08,68.5907
gha,1998,d09,81.4331
gha,1998,d10,93.9046
gha,2003,d01,15.0698
gha,2003,d02,24.3364
gha,2003,d03,25.9252
gha,2003,d04,36.0733
gha,2003,d05,36.756
gha,2003,d06,47.7364
gha,2003,d07,63.9903
gha,2003,d08,80.4714
gha,2003,d09,83.9292
gha,2003,d10,96.2502
gha,2006,d01,21.355
gha,2006,d02,23.7026
gha,2006,d03,31.0633
gha,2006,d04,34.1557
gha,2006,d05,46.69
gha,2006,d06,45.1119
gha,2006,d07,73.4197
gha,2006,d08,76.4586
gha,2006,d09,83.0713
gha,2006,d10,96.5408
gha,2008,d01,15.5838
gha,2008,d02,28.8244
gha,2008,d03,46.8127
gha,2008,d04,56.701
gha,2008,d05,60.807
gha,2008,d06,72.243
gha,2008,d07,78.7702
gha,2008,d08,85.6614
gha,2008,d09,94.9393
gha,2008,d10,96.7375
gha,2011,d01,37.6609
gha,2011,d02,39.6171
gha,2011,d03,55.3766
gha,2011,d04,59.4611
gha,2011,d05,63.61
gha,2011,d06,78.7591
gha,2011,d07,80.8425
gha,2011,d08,91
gha,2011,d09,95.2946
gha,2011,d10,100
gha,2014,d01,47.6759
gha,2014,d02,53.4679
gha,2014,d03,59.6966
gha,2014,d04,67.7218
gha,2014,d05,72.4521
gha,2014,d06,84.4355
gha,2014,d07,93.8792
gha,2014,d08,96.2434
gha,2014,d09,96.6489
gha,2014,d10,98.8773
gha,2017,d01,64.8679
gha,2017,d02,61.9847
gha,2017,d03,71.2473
gha,2017,d04,72.1692
gha,2017,d05,74.2629
gha,2017,d06,81.1662
gha,2017,d07,84.1273
gha,2017,d08,91.0649
gha,2017,d09,96.4756
gha,2017,d10,97.2454
gin,1999,d01,14.092
gin,1999,d02,10.7276
gin,1999,d03,15.6858
gin,1999,d04,16.3734
gin,1999,d05,21.2402
gin,1999,d06,32.9412
gin,1999,d07,45.7209
gin,1999,d08,65.5228
gin,1999,d09,78.2747
gin,1999,d10,91.4755
gin,2005,d01,14.0299
gin,2005,d02,15.9922
gin,2005,d03,18.6049
gin,2005,d04,22.6082
gin,2005,d05,36.1047
gin,2005,d06,34.019
gin,2005,d07,52.1392
gin,2005,d08,63.0195
gin,2005,d09,82.7771
gin,2005,d10,91.9176
gin,2012,d01,16.3823
gin,2012,d02,21.3094
gin,2012,d03,26.2839
gin,2012,d04,30.62
gin,2012,d05,32.7644
gin,2012,d06,44.7488
gin,2012,d07,58.5329
gin,2012,d08,78.0977
gin,2012,d09,87.7913
gin,2012,d10,96.4417
gin,2016,d01,19.4849
gin,2016,d02,35.2664
gin,2016,d03,51.7542
gin,2016,d04,45.9525
gin,2016,d05,58.6344
gin,2016,d06,62.6237
gin,2016,d07,83.6731
gin,2016,d08,90.6794
gin,2016,d09,93.5756
gin,2016,d10,97.8298
gin,2018,d01,24.303
gin,2018,d02,33.1358
gin,2018,d03,42.0482
gin,2018,d04,44.5579
gin,2018,d05,48.3768
gin,2018,d06,57.6525
gin,2018,d07,74.04
gin,2018,d08,90.0922
gin,2018,d09,94.5418
gin,2018,d10,97.5539
gmb,2005,d01,25.567
gmb,2005,d02,31.0228
gmb,2005,d03,43.6648
gmb,2005,d04,47.8823
gmb,2005,d05,56.8896
gmb,2005,d06,60.8729
gmb,2005,d07,68.8389
gmb,2005,d08,77.1755
gmb,2005,d09,84.1457
gmb,2005,d10,94.8676
gmb,2010,d01,28.5026
gmb,2010,d02,42.9409
gmb,2010,d03,48.8402
gmb,2010,d04,45.4081
gmb,2010,d05,50.3276
gmb,2010,d06,58.1857
gmb,2010,d07,61.0063
gmb,2010,d08,70.2203
gmb,2010,d09,84.3243
gmb,2010,d10,92.2782
gmb,2013,d01,47.6516
gmb,2013,d02,47.3442
gmb,2013,d03,45.4871
gmb,2013,d04,48.7826
gmb,2013,d05,52.4678
gmb,2013,d06,45.5366
gmb,2013,d07,65.6064
gmb,2013,d08,71.4719
gmb,2013,d09,79.1754
gmb,2013,d10,84.8383
gmb,2018,d01,69.2329
gmb,2018,d02,76.2115
gmb,2018,d03,76.0842
gmb,2018,d04,78.0683
gmb,2018,d05,78.5043
gmb,2018,d06,80.2466
gmb,2018,d07,90.1756
gmb,2018,d08,96.8662
gmb,2018,d09,94.6722
gmb,2018,d10,98.5045
gmb,2019,d01,71.3702
gmb,2019,d02,80.1618
gmb,2019,d03,80.404
gmb,2019,d04,83.8256
gmb,2019,d05,84.9482
gmb,2019,d06,86.9101
gmb,2019,d07,88.3061
gmb,2019,d08,94.9585
gmb,2019,d09,96.4761
gmb,2019,d10,96.4716
gnb,2006,d01,19.0607
gnb,2006,d02,19.8286
gnb,2006,d03,26.6345
gnb,2006,d04,25.1151
gnb,2006,d05,25.9746
gnb,2006,d06,36.1896
gnb,2006,d07,42.6787
gnb,2006,d08,64.9053
gnb,2006,d09,71.7445
gnb,2006,d10,88.0623
gnb,2014,d01,25.0111
gnb,2014,d02,27.1393
gnb,2014,d03,29.3413
gnb,2014,d04,31.2709
gnb,2014,d05,31.6769
gnb,2014,d06,37.7222
gnb,2014,d07,65.8704
gnb,2014,d08,71.6046
gnb,2014,d09,83.5511
gnb,2014,d10,81.6704
gnb,2018,d01,41.986
gnb,2018,d02,39.3547
gnb,2018,d03,45.8182
gnb,2018,d04,41.7004
gnb,2018,d05,42.6971
gnb,2018,d06,46.553
gnb,2018,d07,53.1065
gnb,2018,d08,75.5584
gnb,2018,d09,88.0331
gnb,2018,d10,94.8792
gtm,1995,d01,8.4025
gtm,1995,d02,11.8347
gtm,1995,d03,14.4393
gtm,1995,d04,18.6955
gtm,1995,d05,28.6762
gtm,1995,d06,39.167
gtm,1995,d07,54.171
gtm,1995,d08,73.4428
gtm,1995,d09,91.7846
gtm,1995,d10,94.2487
gtm,1998,d01,7.9466
gtm,1998,d02,10.3708
gtm,1998,d03,16.199
gtm,1998,d04,23.6623
gtm,1998,d05,39.6823
gtm,1998,d06,42.2086
gtm,1998,d07,66.5403
gtm,1998,d08,82.7274
gtm,1998,d09,93.2368
gtm,1998,d10,91.1843
gtm,2014,d01,36.1204
gtm,2014,d02,43.9922
gtm,2014,d03,50.3424
gtm,2014,d04,64.0528
gtm,2014,d05,74.2136
gtm,2014,d06,83.3447
gtm,2014,d07,90.2132
gtm,2014,d08,94.054
gtm,2014,d09,95.1374
gtm,2014,d10,98.273
guy,2006,d01,43.2682
guy,2006,d02,86.9974
guy,2006,d03,89.776
guy,2006,d04,92.8749
guy,2006,d05,93.583
guy,2006,d06,93.2293
guy,2006,d07,93.5683
guy,2006,d08,87.8605
guy,2006,d09,94.2871
guy,2006,d10,92.1338
guy,2009,d01,74.0306
guy,2009,d02,93.156
guy,2009,d03,93.3512
guy,2009,d04,97.9958
guy,2009,d05,93.4289
guy,2009,d06,98.4467
guy,2009,d07,95.1498
guy,2009,d08,100
guy,2009,d09,95.1118
guy,2009,d10,98.7943
guy,2014,d01,65.6571
guy,2014,d02,94.5215
guy,2014,d03,96.1584
guy,2014,d04,96.0035
guy,2014,d05,95.3475
guy,2014,d06,99.476
guy,2014,d07,100
guy,2014,d08,100
guy,2014,d09,100
guy,2014,d10,100
guy,2019,d01,88.3729
guy,2019,d02,98.3621
guy,2019,d03,99.577
guy,2019,d04,99.0054
guy,2019,d05,100
guy,2019,d06,100
guy,2019,d07,100
guy,2019,d08,99.2729
guy,2019,d09,96.0826
guy,2019,d10,100
hnd,2005,d01,31.8457
hnd,2005,d02,43.3402
hnd,2005,d03,50.6798
hnd,2005,d04,62.377
hnd,2005,d05,75.9927
hnd,2005,d06,85.4845
hnd,2005,d07,88.4168
hnd,2005,d08,92.9431
hnd,2005,d09,97.5575
hnd,2005,d10,99.1001
hnd,2011,d01,52.9631
hnd,2011,d02,70.7799
hnd,2011,d03,79.6467
hnd,2011,d04,86.9976
hnd,2011,d05,89.6466
hnd,2011,d06,93.7843
hnd,2011,d07,95.5079
hnd,2011,d08,98.5067
hnd,2011,d09,98.2499
hnd,2011,d10,98.3441
hnd,2019,d01,76.0773
hnd,2019,d02,91.9303
hnd,2019,d03,93.2979
hnd,2019,d04,95.3354
hnd,2019,d05,97.0049
hnd,2019,d06,98.0303
hnd,2019,d07,98.7316
hnd,2019,d08,99.1024
hnd,2019,d09,100
hnd,2019,d10,100
hti,1994,d01,2.1763
hti,1994,d02,3.3427
hti,1994,d03,1.7885
hti,1994,d04,9.436
hti,1994,d05,11.7455
hti,1994,d06,17.5069
hti,1994,d07,30.5655
hti,1994,d08,38.6917
hti,1994,d09,52.1537
hti,1994,d10,75.9976
hti,2000,d01,3.7044
hti,2000,d02,8.1354
hti,2000,d03,10.9791
hti,2000,d04,9.5458
hti,2000,d05,13.1422
hti,2000,d06,13.7715
hti,2000,d07,32.8853
hti,2000,d08,47.3224
hti,2000,d09,66.582
hti,2000,d10,78.5218
hti,2005,d01,6.6275
hti,2005,d02,9.0241
hti,2005,d03,12.5229
hti,2005,d04,12.0782
hti,2005,d05,13.6576
hti,2005,d06,29.656
hti,2005,d07,34.1524
hti,2005,d08,50.5329
hti,2005,d09,66.5279
hti,2005,d10,75.1592
hti,2012,d01,10.0447
hti,2012,d02,11.717
hti,2012,d03,16.3509
hti,2012,d04,28.2616
hti,2012,d05,38.0292
hti,2012,d06,48.5028
hti,2012,d07,46.7091
hti,2012,d08,63.6496
hti,2012,d09,78.9521
hti,2012,d10,86.3815
hti,2016,d01,12.8228
hti,2016,d02,17.7647
hti,2016,d03,23.5134
hti,2016,d04,32.8594
hti,2016,d05,39.5325
hti,2016,d06,48.6922
hti,2016,d07,53.1425
hti,2016,d08,67.925
hti,2016,d09,76.4028
hti,2016,d10,88.3341
idn,1997,d01,17.2551
idn,1997,d02,27.4302
idn,1997,d03,38.485
idn,1997,d04,35.235
idn,1997,d05,50.0766
idn,1997,d06,51.2342
idn,1997,d07,60.7877
idn,1997,d08,72.5115
idn,1997,d09,83.8637
idn,1997,d10,96.8689
idn,2002,d01,36.8478
idn,2002,d02,46.5801
idn,2002,d03,53.7321
idn,2002,d04,62.3279
idn,2002,d05,67.2043
idn,2002,d06,69.8939
idn,2002,d07,82.7843
idn,2002,d08,85.084
idn,2002,d09,93.8124
idn,2002,d10,96.2755
idn,2007,d01,39.3175
idn,2007,d02,55.1918
idn,2007,d03,63.8544
idn,2007,d04,73.6242
idn,2007,d05,75.8396
idn,2007,d06,84.618
idn,2007,d07,86.318
idn,2007,d08,90.666
idn,2007,d09,93.8037
idn,2007,d10,98.6541
idn,2012,d01,49.7375
idn,2012,d02,72.5916
idn,2012,d03,81.0819
idn,2012,d04,86.8609
idn,2012,d05,89.2781
idn,2012,d06,92.2555
idn,2012,d07,94.1091
idn,2012,d08,96.4618
idn,2012,d09,96.2977
idn,2012,d10,98.7909
idn,2017,d01,67.4973
idn,2017,d02,85.0068
idn,2017,d03,89.3085
idn,2017,d04,92.5909
idn,2017,d05,94.9297
idn,2017,d06,97.2332
idn,2017,d07,95.9101
idn,2017,d08,98.1635
idn,2017,d09,98.8153
idn,2017,d10,99.6485
ind,1998,d01,15.4482
ind,1998,d02,17.3585
ind,1998,d03,22.5311
ind,1998,d04,29.2543
ind,1998,d05,37.6041
ind,1998,d06,46.4424
ind,1998,d07,55.6087
ind,1998,d08,65.8872
ind,1998,d09,78.9786
ind,1998,d10,91.3655
ind,2005,d01,18.2067
ind,2005,d02,23.9081
ind,2005,d03,31.137
ind,2005,d04,36.9784
ind,2005,d05,48.8688
ind,2005,d06,54.8974
ind,2005,d07,63.7294
ind,2005,d08,76.0606
ind,2005,d09,85.3041
ind,2005,d10,95.1414
ind,2015,d01,61.9135
ind,2015,d02,72.9669
ind,2015,d03,77.6807
ind,2015,d04,83.4588
ind,2015,d05,87.0441
ind,2015,d06,90.0347
ind,2015,d07,91.7067
ind,2015,d08,93.5316
ind,2015,d09,94.5396
ind,2015,d10,97.4832
ind,2019,d01,78.0344
ind,2019,d02,84.612
ind,2019,d03,88.4103
ind,2019,d04,90.4675
ind,2019,d05,92.4977
ind,2019,d06,93.9308
ind,2019,d07,94.9476
ind,2019,d08,95.7494
ind,2019,d09,96.3041
ind,2019,d10,97.7048
irq,2011,d01,77.4978
irq,2011,d02,86.906
irq,2011,d03,89.75
irq,2011,d04,89.5645
irq,2011,d05,93.5121
irq,2011,d06,93.8225
irq,2011,d07,95.9466
irq,2011,d08,94.9685
irq,2011,d09,95.3663
irq,2011,d10,96.7745
irq,2018,d01,91.4833
irq,2018,d02,93.6125
irq,2018,d03,95.3633
irq,2018,d04,95.6353
irq,2018,d05,94.8589
irq,2018,d06,96.581
irq,2018,d07,95.6184
irq,2018,d08,95.659
irq,2018,d09,99.0645
irq,2018,d10,99.5889
jam,2011,d01,93.2233
jam,2011,d02,98.6838
jam,2011,d03,100
jam,2011,d04,99.1192
jam,2011,d05,100
jam,2011,d06,100
jam,2011,d07,100
jam,2011,d08,100
jam,2011,d09,100
jam,2011,d10,100
jor,1997,d01,91.7085
jor,1997,d02,93.3929
jor,1997,d03,97.2888
jor,1997,d04,97.8222
jor,1997,d05,98.8866
jor,1997,d06,98.4516
jor,1997,d07,98.1871
jor,1997,d08,97.6699
jor,1997,d09,98.9694
jor,1997,d10,99.7411
jor,2002,d01,94.8094
jor,2002,d02,96.3292
jor,2002,d03,98.932
jor,2002,d04,98.7499
jor,2002,d05,99.4411
jor,2002,d06,99.1918
jor,2002,d07,99.7575
jor,2002,d08,100
jor,2002,d09,99.1811
jor,2002,d10,100
jor,2007,d01,97.766
jor,2007,d02,99.0182
jor,2007,d03,98.52
jor,2007,d04,98.8744
jor,2007,d05,99.6706
jor,2007,d06,99.3786
jor,2007,d07,99.9221
jor,2007,d08,100
jor,2007,d09,100
jor,2007,d10,100
jor,2012,d01,98.2857
jor,2012,d02,99.0208
jor,2012,d03,100
jor,2012,d04,99.9624
jor,2012,d05,100
jor,2012,d06,100
jor,2012,d07,99.978
jor,2012,d08,98.3508
jor,2012,d09,100
jor,2012,d10,100
jor,2017,d01,99.447
jor,2017,d02,99.5083
jor,2017,d03,99.2857
jor,2017,d04,100
jor,2017,d05,100
jor,2017,d06,99.6086
jor,2017,d07,100
jor,2017,d08,99.9205
jor,2017,d09,100
jor,2017,d10,99.7027
kaz,1995,d01,99.0195
kaz,1995,d02,100
kaz,1995,d03,100
kaz,1995,d04,100
kaz,1995,d05,98.0591
kaz,1995,d06,100
kaz,1995,d07,100
kaz,1995,d08,100
kaz,1995,d09,100
kaz,1995,d10,100
kaz,1999,d01,99.0307
kaz,1999,d02,100
kaz,1999,d03,98.5313
kaz,1999,d04,100
kaz,1999,d05,100
kaz,1999,d06,97.5881
kaz,1999,d07,100
kaz,1999,d08,100
kaz,1999,d09,98.2578
kaz,1999,d10,100
kaz,2006,d01,100
kaz,2006,d02,100
kaz,2006,d03,100
kaz,2006,d04,100
kaz,2006,d05,100
kaz,2006,d06,100
kaz,2006,d07,98.4246
kaz,2006,d08,100
kaz,2006,d09,99.6971
kaz,2006,d10,100
kaz,2010,d01,98.9374
kaz,2010,d02,100
kaz,2010,d03,100
kaz,2010,d04,100
kaz,2010,d05,100
kaz,2010,d06,99.6636
kaz,2010,d07,100
kaz,2010,d08,100
kaz,2010,d09,100
kaz,2010,d10,100
kaz,2015,d01,99.5936
kaz,2015,d02,99.7478
kaz,2015,d03,99.204
kaz,2015,d04,98.9299
kaz,2015,d05,99.769
kaz,2015,d06,99.1962
kaz,2015,d07,99.5496
kaz,2015,d08,98.5338
kaz,2015,d09,100
kaz,2015,d10,99.3692
ken,1993,d01,18.773
ken,1993,d02,23.8314
ken,1993,d03,30.2248
ken,1993,d04,35.5799
ken,1993,d05,40.7774
ken,1993,d06,46.1071
ken,1993,d07,52.9291
ken,1993,d08,58.9499
ken,1993,d09,64.5765
ken,1993,d10,85.757
ken,1998,d01,21.4045
ken,1998,d02,25.4361
ken,1998,d03,31.0584
ken,1998,d04,36.6579
ken,1998,d05,42.9139
ken,1998,d06,39.9811
ken,1998,d07,53.3174
ken,1998,d08,59.1021
ken,1998,d09,72.5045
ken,1998,d10,87.6746
ken,2003,d01,12.9407
ken,2003,d02,21.53
ken,2003,d03,29.121
ken,2003,d04,37.9701
ken,2003,d05,32.2033
ken,2003,d06,41.6304
ken,2003,d07,51.0447
ken,2003,d08,58.8185
ken,2003,d09,65.6961
ken,2003,d10,89.9153
ken,2008,d01,15.5128
ken,2008,d02,29.0066
ken,2008,d03,25.8845
ken,2008,d04,38.6558
ken,2008,d05,34.5592
ken,2008,d06,49.2339
ken,2008,d07,53.2051
ken,2008,d08,57.9572
ken,2008,d09,75.0796
ken,2008,d10,88.7333
ken,2014,d01,25.0522
ken,2014,d02,44.3779
ken,2014,d03,50.4786
ken,2014,d04,57.7778
ken,2014,d05,63.5764
ken,2014,d06,69.7003
ken,2014,d07,82.4075
ken,2014,d08,85.7135
ken,2014,d09,90.6361
ken,2014,d10,95.2136
kgz,1997,d01,97.1599
kgz,1997,d02,94.5673
kgz,1997,d03,97.9152
kgz,1997,d04,98.4706
kgz,1997,d05,97.3355
kgz,1997,d06,98.7024
kgz,1997,d07,100
kgz,1997,d08,99.5556
kgz,1997,d09,100
kgz,1997,d10,100
kgz,2005,d01,94.1228
kgz,2005,d02,92.6576
kgz,2005,d03,99.3799
kgz,2005,d04,98.4266
kgz,2005,d05,94.509
kgz,2005,d06,99.7671
kgz,2005,d07,96.2729
kgz,2005,d08,100
kgz,2005,d09,100
kgz,2005,d10,100
kgz,2012,d01,99.3328
kgz,2012,d02,98.8114
kgz,2012,d03,100
kgz,2012,d04,99.5861
kgz,2012,d05,97.7749
kgz,2012,d06,99.489
kgz,2012,d07,96.9526
kgz,2012,d08,99.2357
kgz,2012,d09,100
kgz,2012,d10,100
kgz,2014,d01,95.6483
kgz,2014,d02,97.3895
kgz,2014,d03,98.6097
kgz,2014,d04,99.2595
kgz,2014,d05,97.8142
kgz,2014,d06,99.8249
kgz,2014,d07,97.0696
kgz,2014,d08,100
kgz,2014,d09,99.4131
kgz,2014,d10,98.9773
kgz,2018,d01,100
kgz,2018,d02,97.9418
kgz,2018,d03,100
kgz,2018,d04,100
kgz,2018,d05,100
kgz,2018,d06,100
kgz,2018,d07,100
kgz,2018,d08,100
kgz,2018,d09,100
kgz,2018,d10,100
khm,2000,d01,12.9784
khm,2000,d02,15.3827
khm,2000,d03,23.342
khm,2000,d04,22.1817
khm,2000,d05,28.1972
khm,2000,d06,32.2521
khm,2000,d07,39.2868
khm,2000,d08,47.3769
khm,2000,d09,72.2357
khm,2000,d10,95.4743
khm,2005,d01,17.9667
khm,2005,d02,27.4377
khm,2005,d03,30.192
khm,2005,d04,35.6538
khm,2005,d05,40.8736
khm,2005,d06,46.1422
khm,2005,d07,56.2106
khm,2005,d08,73.3572
khm,2005,d09,86.2085
khm,2005,d10,99.5031
khm,2010,d01,51.6852
khm,2010,d02,61.4147
khm,2010,d03,65.404
khm,2010,d04,74.2307
khm,2010,d05,77.5871
khm,2010,d06,80.5592
khm,2010,d07,86.2426
khm,2010,d08,93.7458
khm,2010,d09,95.2022
khm,2010,d10,99.7185
khm,2014,d01,76.5215
khm,2014,d02,81.8482
khm,2014,d03,89.0649
khm,2014,d04,92.7296
khm,2014,d05,93.8664
khm,2014,d06,96.861
khm,2014,d07,97.032
khm,2014,d08,98.8469
khm,2014,d09,98.8821
khm,2014,d10,98.4935
kir,2018,d01,86.7529
kir,2018,d02,92.7644
kir,2018,d03,88.4463
kir,2018,d04,94.8555
kir,2018,d05,90.8577
kir,2018,d06,94.2011
kir,2018,d07,89.6452
kir,2018,d08,96.5512
kir,2018,d09,90.5369
kir,2018,d10,94.268
kos,2013,d01,98.2144
kos,2013,d02,96.903
kos,2013,d03,98.587
kos,2013,d04,100
kos,2013,d05,100
kos,2013,d06,100
kos,2013,d07,97.3065
kos,2013,d08,100
kos,2013,d09,100
kos,2013,d10,100
kos,2019,d01,97.5006
kos,2019,d02,100
kos,2019,d03,100
kos,2019,d04,100
kos,2019,d05,100
kos,2019,d06,100
kos,2019,d07,98.0491
kos,2019,d08,100
kos,2019,d09,100
kos,2019,d10,100
lao,2006,d01,2.41
lao,2006,d02,3.563
lao,2006,d03,4.4637
lao,2006,d04,13.0632
lao,2006,d05,8.987
lao,2006,d06,20.0132
lao,2006,d07,21.1899
lao,2006,d08,46.5996
lao,2006,d09,74.6849
lao,2006,d10,88.7605
lao,2011,d01,8.9865
lao,2011,d02,12.7828
lao,2011,d03,19.2131
lao,2011,d04,28.6806
lao,2011,d05,40.4246
lao,2011,d06,49.8337
lao,2011,d07,55.7324
lao,2011,d08,74.2478
lao,2011,d09,87.011
lao,2011,d10,95.0483
lao,2017,d01,28.4207
lao,2017,d02,37.0122
lao,2017,d03,47.4719
lao,2017,d04,54.8796
lao,2017,d05,72.4578
lao,2017,d06,71.8671
lao,2017,d07,84.3414
lao,2017,d08,90.7037
lao,2017,d09,96.1705
lao,2017,d10,97.5483
lbr,2007,d01,27.3162
lbr,2007,d02,32.3172
lbr,2007,d03,30.1993
lbr,2007,d04,33.1809
lbr,2007,d05,40.8299
lbr,2007,d06,49.6625
lbr,2007,d07,67.1152
lbr,2007,d08,82.2191
lbr,2007,d09,78.6303
lbr,2007,d10,86.1153
lbr,2013,d01,42.4404
lbr,2013,d02,49.8901
lbr,2013,d03,52.3265
lbr,2013,d04,60.2547
lbr,2013,d05,62.4673
lbr,2013,d06,65.2659
lbr,2013,d07,71.7017
lbr,2013,d08,84.0719
lbr,2013,d09,86.4221
lbr,2013,d10,91.2737
lbr,2019,d01,77.2885
lbr,2019,d02,82.5842
lbr,2019,d03,88.995
lbr,2019,d04,84.9382
lbr,2019,d05,90.8435
lbr,2019,d06,85.8799
lbr,2019,d07,85.1164
lbr,2019,d08,88.875
lbr,2019,d09,95.6127
lbr,2019,d10,99.5351
lso,2004,d01,33.8367
lso,2004,d02,34.7141
lso,2004,d03,34.9807
lso,2004,d04,44.9076
lso,2004,d05,49.283
lso,2004,d06,64.2568
lso,2004,d07,66.2759
lso,2004,d08,75.7298
lso,2004,d09,74.5629
lso,2004,d10,88.5256
lso,2009,d01,32.3888
lso,2009,d02,40.2867
lso,2009,d03,46.7775
lso,2009,d04,53.8678
lso,2009,d05,54.2362
lso,2009,d06,65.886
lso,2009,d07,75.1364
lso,2009,d08,80.4882
lso,2009,d09,92.2983
lso,2009,d10,92.932
lso,2014,d01,62.6236
lso,2014,d02,67.8988
lso,2014,d03,67.5331
lso,2014,d04,77.2524
lso,2014,d05,80.8033
lso,2014,d06,83.9111
lso,2014,d07,89.8311
lso,2014,d08,90.4515
lso,2014,d09,95.3894
lso,2014,d10,93.2458
lso,2018,d01,72.8705
lso,2018,d02,80.2413
lso,2018,d03,85.1282
lso,2018,d04,84.6328
lso,2018,d05,83.2455
lso,2018,d06,88.7462
lso,2018,d07,94.9722
lso,2018,d08,90.1404
lso,2018,d09,92.2179
lso,2018,d10,94.7439
mar,2003,d01,25.8848
mar,2003,d02,39.0993
mar,2003,d03,45.8052
mar,2003,d04,59.0731
mar,2003,d05,65.2283
mar,2003,d06,81.8882
mar,2003,d07,84.5039
mar,2003,d08,90.9338
mar,2003,d09,94.861
mar,2003,d10,97.1651
mda,2005,d01,97.5544
mda,2005,d02,100
mda,2005,d03,100
mda,2005,d04,98.7733
mda,2005,d05,100
mda,2005,d06,100
mda,2005,d07,99.362
mda,2005,d08,100
mda,2005,d09,100
mda,2005,d10,100
mda,2012,d01,94.4333
mda,2012,d02,100
mda,2012,d03,100
mda,2012,d04,100
mda,2012,d05,100
mda,2012,d06,100
mda,2012,d07,99.0292
mda,2012,d08,100
mda,2012,d09,97.5632
mda,2012,d10,99.3487
mdg,1997,d01,28.1704
mdg,1997,d02,31.2302
mdg,1997,d03,31.1635
mdg,1997,d04,44.568
mdg,1997,d05,37.3747
mdg,1997,d06,43.4383
mdg,1997,d07,60.0313
mdg,1997,d08,71.1265
mdg,1997,d09,83.4002
mdg,1997,d10,95.8559
mdg,2003,d01,21.1543
mdg,2003,d02,24.729
mdg,2003,d03,31.1279
mdg,2003,d04,32.8963
mdg,2003,d05,39.2184
mdg,2003,d06,44.2674
mdg,2003,d07,45.8657
mdg,2003,d08,78.3652
mdg,2003,d09,87.66
mdg,2003,d10,95.0533
mdg,2008,d01,20.8739
mdg,2008,d02,23.9732
mdg,2008,d03,25.2245
mdg,2008,d04,31.153
mdg,2008,d05,39.3003
mdg,2008,d06,45.7039
mdg,2008,d07,51.0711
mdg,2008,d08,66.5303
mdg,2008,d09,87.584
mdg,2008,d10,94.577
mdg,2018,d01,18.2137
mdg,2018,d02,20.8223
mdg,2018,d03,26.5916
mdg,2018,d04,36.5633
mdg,2018,d05,42.4192
mdg,2018,d06,52.2357
mdg,2018,d07,52.8498
mdg,2018,d08,72.0366
mdg,2018,d09,86.3171
mdg,2018,d10,98.2594
mdv,2009,d01,89.559
mdv,2009,d02,94.4073
mdv,2009,d03,94.4876
mdv,2009,d04,96.1459
mdv,2009,d05,97.1671
mdv,2009,d06,96.9798
mdv,2009,d07,98.7141
mdv,2009,d08,100
mdv,2009,d09,100
mdv,2009,d10,100
mdv,2016,d01,100
mdv,2016,d02,100
mdv,2016,d03,100
mdv,2016,d04,100
mdv,2016,d05,99.4636
mdv,2016,d06,100
mdv,2016,d07,100
mdv,2016,d08,97.924
mdv,2016,d09,97.3036
mdv,2016,d10,100
mex,2015,d01,85.7953
mex,2015,d02,97.2301
mex,2015,d03,99.567
mex,2015,d04,99.4335
mex,2015,d05,99.5594
mex,2015,d06,99.8761
mex,2015,d07,98.9517
mex,2015,d08,99.8306
mex,2015,d09,99.6927
mex,2015,d10,100
mkd,2005,d01,94.2646
mkd,2005,d02,96.5834
mkd,2005,d03,98.3383
mkd,2005,d04,98.7497
mkd,2005,d05,98.898
mkd,2005,d06,97.2391
mkd,2005,d07,100
mkd,2005,d08,100
mkd,2005,d09,100
mkd,2005,d10,100
mkd,2011,d01,98.0822
mkd,2011,d02,96.6004
mkd,2011,d03,98.4525
mkd,2011,d04,91.0567
mkd,2011,d05,100
mkd,2011,d06,100
mkd,2011,d07,100
mkd,2011,d08,100
mkd,2011,d09,94.5229
mkd,2011,d10,100
mkd,2018,d01,100
mkd,2018,d02,100
mkd,2018,d03,100
mkd,2018,d04,100
mkd,2018,d05,100
mkd,2018,d06,100
mkd,2018,d07,100
mkd,2018,d08,100
mkd,2018,d09,100
mkd,2018,d10,100
mli,1995,d01,10.7606
mli,1995,d02,14.8756
mli,1995,d03,19.5042
mli,1995,d04,26.9216
mli,1995,d05,32.4271
mli,1995,d06,39.1955
mli,1995,d07,42.4223
mli,1995,d08,63.1595
mli,1995,d09,74.7781
mli,1995,d10,90.6914
mli,2001,d01,20.8276
mli,2001,d02,25.8525
mli,2001,d03,27.7094
mli,2001,d04,27.6278
mli,2001,d05,23.4579
mli,2001,d06,32.6069
mli,2001,d07,42.334
mli,2001,d08,53.5343
mli,2001,d09,87.6777
mli,2001,d10,93.7274
mli,2006,d01,37.292
mli,2006,d02,39.6219
mli,2006,d03,42.2788
mli,2006,d04,33.876
mli,2006,d05,39.4856
mli,2006,d06,41.7838
mli,2006,d07,49.7529
mli,2006,d08,68.204
mli,2006,d09,77.7892
mli,2006,d10,92.5777
mli,2009,d01,7.5654
mli,2009,d02,7.5384
mli,2009,d03,10.0024
mli,2009,d04,13.3965
mli,2009,d05,15.8974
mli,2009,d06,18.8881
mli,2009,d07,30.1834
mli,2009,d08,54.6741
mli,2009,d09,78.8086
mli,2009,d10,84.0719
mli,2012,d01,38.0076
mli,2012,d02,37.6295
mli,2012,d03,45.3215
mli,2012,d04,49.3763
mli,2012,d05,47.8981
mli,2012,d06,57.1669
mli,2012,d07,71.4977
mli,2012,d08,85.7261
mli,2012,d09,93.267
mli,2012,d10,96.2313
mli,2015,d01,14.1295
mli,2015,d02,22.2201
mli,2015,d03,25.0974
mli,2015,d04,34.7343
mli,2015,d05,37.3833
mli,2015,d06,36.5137
mli,2015,d07,44.212
mli,2015,d08,61.2601
mli,2015,d09,81.9996
mli,2015,d10,88.9495
mli,2018,d01,42.7719
mli,2018,d02,51.566
mli,2018,d03,55.6193
mli,2018,d04,56.0374
mli,2018,d05,59.5094
mli,2018,d06,67.9926
mli,2018,d07,82.9153
mli,2018,d08,91.136
mli,2018,d09,96.1353
mli,2018,d10,98.4555
mmr,2015,d01,32.8059
mmr,2015,d02,48.1382
mmr,2015,d03,51.7631
mmr,2015,d04,60.8203
mmr,2015,d05,66.0636
mmr,2015,d06,74.3814
mmr,2015,d07,81.0501
mmr,2015,d08,83.8056
mmr,2015,d09,96.8211
mmr,2015,d10,100
mne,2005,d01,97.6173
mne,2005,d02,97.4281
mne,2005,d03,100
mne,2005,d04,97.1105
mne,2005,d05,100
mne,2005,d06,100
mne,2005,d07,100
mne,2005,d08,96.8093
mne,2005,d09,100
mne,2005,d10,100
mne,2013,d01,97.1602
mne,2013,d02,100
mne,2013,d03,100
mne,2013,d04,100
mne,2013,d05,100
mne,2013,d06,97.1531
mne,2013,d07,95.6472
mne,2013,d08,100
mne,2013,d09,100
mne,2013,d10,100
mne,2018,d01,100
mne,2018,d02,100
mne,2018,d03,100
mne,2018,d04,100
mne,2018,d05,100
mne,2018,d06,91.3516
mne,2018,d07,100
mne,2018,d08,100
mne,2018,d09,100
mne,2018,d10,100
mng,2005,d01,98.102
mng,2005,d02,98.1105
mng,2005,d03,98.8286
mng,2005,d04,100
mng,2005,d05,99.3032
mng,2005,d06,100
mng,2005,d07,100
mng,2005,d08,98.2222
mng,2005,d09,100
mng,2005,d10,100
mng,2010,d01,95.6321
mng,2010,d02,99.6368
mng,2010,d03,99.2076
mng,2010,d04,98.9008
mng,2010,d05,98.0806
mng,2010,d06,99.194
mng,2010,d07,99.5597
mng,2010,d08,100
mng,2010,d09,98.6678
mng,2010,d10,100
mng,2013,d01,97.015
mng,2013,d02,97.381
mng,2013,d03,98.7433
mng,2013,d04,100
mng,2013,d05,97.7605
mng,2013,d06,98.8908
mng,2013,d07,97.7705
mng,2013,d08,99.282
mng,2013,d09,99.1352
mng,2013,d10,98.226
mng,2018,d01,95.7271
mng,2018,d02,99.8643
mng,2018,d03,99.1934
mng,2018,d04,100
mng,2018,d05,100
mng,2018,d06,98.5274
mng,2018,d07,100
mng,2018,d08,100
mng,2018,d09,100
mng,2018,d10,100
moz,1997,d01,19.5808
moz,1997,d02,16.5299
moz,1997,d03,31.8454
moz,1997,d04,38.8965
moz,1997,d05,22.6359
moz,1997,d06,42.3224
moz,1997,d07,54.9602
moz,1997,d08,74.7089
moz,1997,d09,78.3113
moz,1997,d10,86.3582
moz,2003,d01,22.0762
moz,2003,d02,31.0684
moz,2003,d03,30.2357
moz,2003,d04,39.467
moz,2003,d05,45.3363
moz,2003,d06,46.0144
moz,2003,d07,61.1458
moz,2003,d08,76.9302
moz,2003,d09,86.2741
moz,2003,d10,94.1797
moz,2008,d01,35.0066
moz,2008,d02,38.0422
moz,2008,d03,45.7727
moz,2008,d04,44.5011
moz,2008,d05,50.7572
moz,2008,d06,54.3755
moz,2008,d07,59.2018
moz,2008,d08,73.1826
moz,2008,d09,86.0659
moz,2008,d10,91.7581
moz,2011,d01,33.2753
moz,2011,d02,35.2313
moz,2011,d03,36.2057
moz,2011,d04,43.4552
moz,2011,d05,49.7378
moz,2011,d06,57.1213
moz,2011,d07,72.3304
moz,2011,d08,78.2685
moz,2011,d09,88.7604
moz,2011,d10,93.1446
moz,2015,d01,53.1552
moz,2015,d02,50.0578
moz,2015,d03,50.4462
moz,2015,d04,61.6146
moz,2015,d05,66.0482
moz,2015,d06,65.3557
moz,2015,d07,78.4034
moz,2015,d08,74.7032
moz,2015,d09,81.7997
moz,2015,d10,85.761
mrt,2007,d01,18.8106
mrt,2007,d02,22.1006
mrt,2007,d03,31.7166
mrt,2007,d04,49.4211
mrt,2007,d05,65.6743
mrt,2007,d06,80.2056
mrt,2007,d07,88.1048
mrt,2007,d08,91.9306
mrt,2007,d09,97.4033
mrt,2007,d10,94.3664
mrt,2011,d01,25.4927
mrt,2011,d02,27.3527
mrt,2011,d03,39.4977
mrt,2011,d04,52.7671
mrt,2011,d05,66.2279
mrt,2011,d06,79.7193
mrt,2011,d07,90.8497
mrt,2011,d08,87.6842
mrt,2011,d09,93.9714
mrt,2011,d10,98.2293
mrt,2015,d01,21.7153
mrt,2015,d02,37.932
mrt,2015,d03,47.0106
mrt,2015,d04,61.4749
mrt,2015,d05,75.4
mrt,2015,d06,83.5318
mrt,2015,d07,93.6216
mrt,2015,d08,96.6169
mrt,2015,d09,96.356
mrt,2015,d10,97.6296
mrt,2019,d01,35.2412
mrt,2019,d02,43.6089
mrt,2019,d03,49.7893
mrt,2019,d04,69.1031
mrt,2019,d05,75.7697
mrt,2019,d06,90.4572
mrt,2019,d07,95.6692
mrt,2019,d08,98.6195
mrt,2019,d09,98.8706
mrt,2019,d10,99.2601
mwi,2000,d01,42.4331
mwi,2000,d02,40.5869
mwi,2000,d03,43.7677
mwi,2000,d04,51.7026
mwi,2000,d05,47.605
mwi,2000,d06,50.0511
mwi,2000,d07,52.9734
mwi,2000,d08,61.2749
mwi,2000,d09,80.1233
mwi,2000,d10,87.2568
mwi,2004,d01,36.9059
mwi,2004,d02,50.1447
mwi,2004,d03,46.4637
mwi,2004,d04,44.7465
mwi,2004,d05,47.8949
mwi,2004,d06,54.3964
mwi,2004,d07,59.2712
mwi,2004,d08,65.9193
mwi,2004,d09,84.6603
mwi,2004,d10,89.748
mwi,2006,d01,42.7926
mwi,2006,d02,42.0927
mwi,2006,d03,46.6762
mwi,2006,d04,48.451
mwi,2006,d05,52.0206
mwi,2006,d06,51.4762
mwi,2006,d07,48.3331
mwi,2006,d08,61.5172
mwi,2006,d09,69.3851
mwi,2006,d10,89.1274
mwi,2010,d01,64.2051
mwi,2010,d02,67.6046
mwi,2010,d03,68.6232
mwi,2010,d04,67.1184
mwi,2010,d05,67.6931
mwi,2010,d06,71.9399
mwi,2010,d07,80.9843
mwi,2010,d08,76.9468
mwi,2010,d09,86.9173
mwi,2010,d10,93.1345
mwi,2013,d01,82.925
mwi,2013,d02,83.2637
mwi,2013,d03,83.6378
mwi,2013,d04,87.4473
mwi,2013,d05,86.8378
mwi,2013,d06,88.4514
mwi,2013,d07,88.9802
mwi,2013,d08,89.074
mwi,2013,d09,92.8516
mwi,2013,d10,97.0654
mwi,2015,d01,86.0491
mwi,2015,d02,89.4436
mwi,2015,d03,89.6437
mwi,2015,d04,89.8466
mwi,2015,d05,89.186
mwi,2015,d06,90.1274
mwi,2015,d07,93.0486
mwi,2015,d08,92.6664
mwi,2015,d09,93.058
mwi,2015,d10,97.982
mwi,2019,d01,96.3244
mwi,2019,d02,93.6431
mwi,2019,d03,94.5292
mwi,2019,d04,96.0685
mwi,2019,d05,97.4308
mwi,2019,d06,94.9886
mwi,2019,d07,97.7259
mwi,2019,d08,98.2055
mwi,2019,d09,98.4028
mwi,2019,d10,98.9183
nam,2000,d01,51.787
nam,2000,d02,60.5096
nam,2000,d03,55.3205
nam,2000,d04,70.5831
nam,2000,d05,80.8043
nam,2000,d06,80.0897
nam,2000,d07,78.177
nam,2000,d08,94.0526
nam,2000,d09,94.685
nam,2000,d10,98.5091
nam,2006,d01,56.4372
nam,2006,d02,66.9004
nam,2006,d03,72.3357
nam,2006,d04,76.9537
nam,2006,d05,84.9827
nam,2006,d06,85.7347
nam,2006,d07,93.7393
nam,2006,d08,95.6724
nam,2006,d09,96.408
nam,2006,d10,99.1985
nam,2013,d01,69.6947
nam,2013,d02,82.1147
nam,2013,d03,87.7106
nam,2013,d04,90.8014
nam,2013,d05,89.1698
nam,2013,d06,89.4478
nam,2013,d07,93.3737
nam,2013,d08,97.7398
nam,2013,d09,98.5731
nam,2013,d10,98.0629
ner,1998,d01,4.7416
ner,1998,d02,3.1976
ner,1998,d03,7.9896
ner,1998,d04,7.5783
ner,1998,d05,5.8346
ner,1998,d06,9.4541
ner,1998,d07,10.4683
ner,1998,d08,20.6195
ner,1998,d09,49.4702
ner,1998,d10,78.4431
ner,2006,d01,6.0212
ner,2006,d02,4.6428
ner,2006,d03,6.5735
ner,2006,d04,9.934
ner,2006,d05,8.0023
ner,2006,d06,11.2725
ner,2006,d07,12.9368
ner,2006,d08,16.8725
ner,2006,d09,42.7094
ner,2006,d10,80.9761
ner,2012,d01,13.6346
ner,2012,d02,14.2884
ner,2012,d03,22.2762
ner,2012,d04,22.0106
ner,2012,d05,19.6212
ner,2012,d06,28.9731
ner,2012,d07,27.145
ner,2012,d08,37.1119
ner,2012,d09,59.0309
ner,2012,d10,89.0867
ner,2021,d01,27.2485
ner,2021,d02,25.6853
ner,2021,d03,32.7118
ner,2021,d04,37.8715
ner,2021,d05,38.8931
ner,2021,d06,38.9666
ner,2021,d07,40.213
ner,2021,d08,51.8727
ner,2021,d09,75.647
ner,2021,d10,95.3908
nga,2003,d01,9.5905
nga,2003,d02,14.4279
nga,2003,d03,19.7197
nga,2003,d04,19.1663
nga,2003,d05,25.0275
nga,2003,d06,32.9886
nga,2003,d07,45.1803
nga,2003,d08,55.4945
nga,2003,d09,80.4596
nga,2003,d10,90.9096
nga,2007,d01,10.2535
nga,2007,d02,13.144
nga,2007,d03,17.9387
nga,2007,d04,24.9347
nga,2007,d05,28.4078
nga,2007,d06,39.7091
nga,2007,d07,56.4358
nga,2007,d08,65.6353
nga,2007,d09,78.9915
nga,2007,d10,91.1937
nga,2008,d01,8.3689
nga,2008,d02,9.1652
nga,2008,d03,15.6254
nga,2008,d04,20.5735
nga,2008,d05,32.6387
nga,2008,d06,43.3486
nga,2008,d07,56.905
nga,2008,d08,71.0668
nga,2008,d09,82.1785
nga,2008,d10,90.0649
nga,2011,d01,9.6973
nga,2011,d02,12.215
nga,2011,d03,20.3879
nga,2011,d04,31.639
nga,2011,d05,42.0621
nga,2011,d06,58.5438
nga,2011,d07,69.0873
nga,2011,d08,76.2163
nga,2011,d09,86.7259
nga,2011,d10,93.1341
nga,2013,d01,3.9659
nga,2013,d02,8.1292
nga,2013,d03,13.4326
nga,2013,d04,24.8297
nga,2013,d05,35.1732
nga,2013,d06,45.643
nga,2013,d07,57.6491
nga,2013,d08,69.6468
nga,2013,d09,82.2948
nga,2013,d10,90.7479
nga,2016,d01,11.0329
nga,2016,d02,15.1465
nga,2016,d03,21.332
nga,2016,d04,29.7206
nga,2016,d05,35.1368
nga,2016,d06,45.2257
nga,2016,d07,59.9786
nga,2016,d08,70.7515
nga,2016,d09,78.4312
nga,2016,d10,89.0743
nga,2018,d01,9.0884
nga,2018,d02,16.0356
nga,2018,d03,20.8175
nga,2018,d04,26.8422
nga,2018,d05,41.2246
nga,2018,d06,53.0343
nga,2018,d07,63.6843
nga,2018,d08,72.2696
nga,2018,d09,80.9413
nga,2018,d10,93.8021
nic,1998,d01,27.6763
nic,1998,d02,45.807
nic,1998,d03,56.8012
nic,1998,d04,67.1643
nic,1998,d05,80.2729
nic,1998,d06,82.5814
nic,1998,d07,88.5014
nic,1998,d08,92.4758
nic,1998,d09,94.1682
nic,1998,d10,94.042
nic,2001,d01,75.4919
nic,2001,d02,83.5605
nic,2001,d03,89.0504
nic,2001,d04,89.9494
nic,2001,d05,95.9067
nic,2001,d06,96.901
nic,2001,d07,96.4454
nic,2001,d08,98.3464
nic,2001,d09,99.5653
nic,2001,d10,99.8165
npl,1996,d01,2.5031
npl,1996,d02,3.5347
npl,1996,d03,3.3814
npl,1996,d04,7.5053
npl,1996,d05,6.9014
npl,1996,d06,5.8303
npl,1996,d07,8.4058
npl,1996,d08,9.8511
npl,1996,d09,17.3929
npl,1996,d10,55.8005
npl,2001,d01,3.2787
npl,2001,d02,5.2991
npl,2001,d03,5.8013
npl,2001,d04,4.7792
npl,2001,d05,10.4863
npl,2001,d06,10.6238
npl,2001,d07,14.2467
npl,2001,d08,18.3141
npl,2001,d09,32.9841
npl,2001,d10,66.3911
npl,2006,d01,4.144
npl,2006,d02,6.6064
npl,2006,d03,12.9906
npl,2006,d04,8.748
npl,2006,d05,10.552
npl,2006,d06,16.1202
npl,2006,d07,23.4281
npl,2006,d08,27.8898
npl,2006,d09,50.526
npl,2006,d10,74.8308
npl,2011,d01,9.8343
npl,2011,d02,15.4805
npl,2011,d03,26.3995
npl,2011,d04,29.3182
npl,2011,d05,40.6736
npl,2011,d06,44.5548
npl,2011,d07,55.2887
npl,2011,d08,60.2003
npl,2011,d09,83.3813
npl,2011,d10,91.2572
npl,2014,d01,24.9241
npl,2014,d02,26.1026
npl,2014,d03,38.3955
npl,2014,d04,51.5808
npl,2014,d05,46.4024
npl,2014,d06,63.0501
npl,2014,d07,68.6315
npl,2014,d08,73.3164
npl,2014,d09,91.2925
npl,2014,d10,97.692
npl,2016,d01,31.7217
npl,2016,d02,44.9168
npl,2016,d03,48.6196
npl,2016,d04,59.1984
npl,2016,d05,67.1815
npl,2016,d06,65.544
npl,2016,d07,68.6154
npl,2016,d08,79.2984
npl,2016,d09,87.3012
npl,2016,d10,95.5025
npl,2019,d01,55.7207
npl,2019,d02,60.1328
npl,2019,d03,72.3588
npl,2019,d04,72.3989
npl,2019,d05,81.4462
npl,2019,d06,78.9569
npl,2019,d07,83.2907
npl,2019,d08,91.8163
npl,2019,d09,91.7292
npl,2019,d10,98.6694
pak,2006,d01,16.6835
pak,2006,d02,19.0847
pak,2006,d03,25.1245
pak,2006,d04,30.5298
pak,2006,d05,33.3598
pak,2006,d06,45.8432
pak,2006,d07,55.2284
pak,2006,d08,56.3416
pak,2006,d09,73.4508
pak,2006,d10,85.628
pak,2012,d01,35.5006
pak,2012,d02,32.4005
pak,2012,d03,40.1954
pak,2012,d04,46.5755
pak,2012,d05,52.5607
pak,2012,d06,58.3715
pak,2012,d07,65.3964
pak,2012,d08,81.5897
pak,2012,d09,79.3241
pak,2012,d10,92.7136
pak,2017,d01,53.3849
pak,2017,d02,46.0608
pak,2017,d03,59.6121
pak,2017,d04,63.0809
pak,2017,d05,75.3733
pak,2017,d06,79.6021
pak,2017,d07,83.9418
pak,2017,d08,87.6078
pak,2017,d09,90.8167
pak,2017,d10,97.2747
pan,2013,d01,58.5613
pan,2013,d02,91.3822
pan,2013,d03,98.8009
pan,2013,d04,99.2744
pan,2013,d05,99.7253
pan,2013,d06,100
pan,2013,d07,99.4019
pan,2013,d08,100
pan,2013,d09,100
pan,2013,d10,100
per,1996,d01,11.5718
per,1996,d02,18.5608
per,1996,d03,39.8383
per,1996,d04,61.6647
per,1996,d05,74.8111
per,1996,d06,81.0877
per,1996,d07,89.8638
per,1996,d08,92.8475
per,1996,d09,97.4583
per,1996,d10,98.1526
per,2000,d01,18.3013
per,2000,d02,28.6065
per,2000,d03,38.8309
per,2000,d04,60.6149
per,2000,d05,76.5398
per,2000,d06,87.1942
per,2000,d07,91.6656
per,2000,d08,95.4544
per,2000,d09,98.4597
per,2000,d10,98.0639
per,2004,d01,21.2826
per,2004,d02,38.6559
per,2004,d03,69.6296
per,2004,d04,83.1497
per,2004,d05,86.6697
per,2004,d06,96.2776
per,2004,d07,96.746
per,2004,d08,99.7799
per,2004,d09,99.7256
per,2004,d10,100
per,2005,d01,27.9142
per,2005,d02,43.8041
per,2005,d03,60.0244
per,2005,d04,73.3009
per,2005,d05,94.9658
per,2005,d06,96.7383
per,2005,d07,95.5639
per,2005,d08,100
per,2005,d09,99.2225
per,2005,d10,98.6492
per,2006,d01,36.0905
per,2006,d02,54.857
per,2006,d03,60.796
per,2006,d04,74.8871
per,2006,d05,94.8322
per,2006,d06,95.6145
per,2006,d07,96.623
per,2006,d08,100
per,2006,d09,96.9893
per,2006,d10,100
per,2007,d01,37.7944
per,2007,d02,52.4196
per,2007,d03,68.2805
per,2007,d04,88.2332
per,2007,d05,89.6687
per,2007,d06,96.3371
per,2007,d07,98.2021
per,2007,d08,100
per,2007,d09,99.73
per,2007,d10,100
per,2008,d01,44.1202
per,2008,d02,64.6382
per,2008,d03,77.4686
per,2008,d04,85.8251
per,2008,d05,92.6857
per,2008,d06,98.3318
per,2008,d07,98.4943
per,2008,d08,98.5481
per,2008,d09,99.679
per,2008,d10,100
per,2009,d01,46.1348
per,2009,d02,66.775
per,2009,d03,76.6636
per,2009,d04,88.3166
per,2009,d05,95.5359
per,2009,d06,97.1346
per,2009,d07,98.6623
per,2009,d08,98.9955
per,2009,d09,98.5524
per,2009,d10,100
per,2010,d01,46.6265
per,2010,d02,70.9945
per,2010,d03,81.9209
per,2010,d04,89.1076
per,2010,d05,95.7694
per,2010,d06,97.9578
per,2010,d07,98.5686
per,2010,d08,99.6057
per,2010,d09,99.496
per,2010,d10,100
per,2011,d01,47.2283
per,2011,d02,72.7018
per,2011,d03,81.4667
per,2011,d04,94.1765
per,2011,d05,97.7975
per,2011,d06,97.5172
per,2011,d07,99.3794
per,2011,d08,99.5712
per,2011,d09,99.9383
per,2011,d10,100
per,2012,d01,54.0223
per,2012,d02,77.9328
per,2012,d03,85.6743
per,2012,d04,91.8863
per,2012,d05,96.3124
per,2012,d06,98.7148
per,2012,d07,99.0735
per,2012,d08,99.6606
per,2012,d09,99.0885
per,2012,d10,100
per,2013,d01,53.9943
per,2013,d02,82.4233
per,2013,d03,90.4182
per,2013,d04,96.022
per,2013,d05,97.62
per,2013,d06,97.9921
per,2013,d07,98.5665
per,2013,d08,99.1834
per,2013,d09,99.5938
per,2013,d10,100
per,2014,d01,56.8668
per,2014,d02,85.304
per,2014,d03,92.8872
per,2014,d04,95.2251
per,2014,d05,98.0466
per,2014,d06,98.4138
per,2014,d07,99.7837
per,2014,d08,99.6395
per,2014,d09,98.822
per,2014,d10,99.0921
per,2015,d01,59.3539
per,2015,d02,87.5128
per,2015,d03,95.2494
per,2015,d04,97.068
per,2015,d05,98.1342
per,2015,d06,99.105
per,2015,d07,99.1927
per,2015,d08,99.6705
per,2015,d09,99.6442
per,2015,d10,99.4294
per,2016,d01,61.2611
per,2016,d02,88.6336
per,2016,d03,95.2106
per,2016,d04,97.8622
per,2016,d05,98.6443
per,2016,d06,99.3555
per,2016,d07,99.6518
per,2016,d08,99.9171
per,2016,d09,100
per,2016,d10,100
per,2017,d01,66.4917
per,2017,d02,92.961
per,2017,d03,96.748
per,2017,d04,98.7838
per,2017,d05,98.488
per,2017,d06,99.1865
per,2017,d07,99.6954
per,2017,d08,99.8684
per,2017,d09,99.8945
per,2017,d10,100
per,2018,d01,68.6485
per,2018,d02,89.8306
per,2018,d03,96.7999
per,2018,d04,98.9168
per,2018,d05,99.2123
per,2018,d06,99.1255
per,2018,d07,99.2326
per,2018,d08,99.7619
per,2018,d09,99.2111
per,2018,d10,99.9309
per,2019,d01,72.8966
per,2019,d02,91.7039
per,2019,d03,98.1567
per,2019,d04,99.418
per,2019,d05,99.7472
per,2019,d06,99.3165
per,2019,d07,99.8072
per,2019,d08,99.7786
per,2019,d09,99.7165
per,2019,d10,100
per,2020,d01,75.8998
per,2020,d02,93.2887
per,2020,d03,97.7323
per,2020,d04,99.1226
per,2020,d05,99.2289
per,2020,d06,99.4736
per,2020,d07,99.7171
per,2020,d08,99.8732
per,2020,d09,100
per,2020,d10,99.7995
phl,1993,d01,19.6877
phl,1993,d02,26.1431
phl,1993,d03,35.0782
phl,1993,d04,46.4303
phl,1993,d05,60.252
phl,1993,d06,68.7621
phl,1993,d07,78.7623
phl,1993,d08,82.655
phl,1993,d09,91.7438
phl,1993,d10,93.9408
phl,1998,d01,18.1415
phl,1998,d02,26.8516
phl,1998,d03,37.5601
phl,1998,d04,58.3506
phl,1998,d05,68.769
phl,1998,d06,78.9903
phl,1998,d07,81.3148
phl,1998,d08,88.4406
phl,1998,d09,91.7054
phl,1998,d10,94.0227
phl,2003,d01,19.2
phl,2003,d02,33.4395
phl,2003,d03,49.1989
phl,2003,d04,55.2278
phl,2003,d05,71.9257
phl,2003,d06,78.5054
phl,2003,d07,84.5959
phl,2003,d08,87.1568
phl,2003,d09,88.934
phl,2003,d10,94.9226
phl,2008,d01,19.0898
phl,2008,d02,36.3494
phl,2008,d03,53.6052
phl,2008,d04,58.4724
phl,2008,d05,77.7919
phl,2008,d06,80.1002
phl,2008,d07,83.591
phl,2008,d08,92.0766
phl,2008,d09,94.4925
phl,2008,d10,96.2274
phl,2013,d01,38.7704
phl,2013,d02,55.6199
phl,2013,d03,66.8305
phl,2013,d04,82.2232
phl,2013,d05,83.5448
phl,2013,d06,87.6995
phl,2013,d07,92.5122
phl,2013,d08,96.9463
phl,2013,d09,97.6374
phl,2013,d10,96.1368
phl,2017,d01,57.9965
phl,2017,d02,81.7839
phl,2017,d03,84.1385
phl,2017,d04,89.2022
phl,2017,d05,94.6979
phl,2017,d06,93.6933
phl,2017,d07,98.5695
phl,2017,d08,98.2551
phl,2017,d09,97.4719
phl,2017,d10,99.1453
png,2016,d01,32.6117
png,2016,d02,33.0433
png,2016,d03,34.3765
png,2016,d04,43.5466
png,2016,d05,48.2091
png,2016,d06,65.3681
png,2016,d07,63.0994
png,2016,d08,77.1596
png,2016,d09,88.1787
png,2016,d10,96.1795
pry,2016,d01,83.387
pry,2016,d02,93.53
pry,2016,d03,91.7757
pry,2016,d04,98.5359
pry,2016,d05,98.1545
pry,2016,d06,98.9326
pry,2016,d07,98.7624
pry,2016,d08,100
pry,2016,d09,100
pry,2016,d10,100
pse,2010,d01,98.3156
pse,2010,d02,99.2232
pse,2010,d03,99.325
pse,2010,d04,98.8746
pse,2010,d05,98.3537
pse,2010,d06,100
pse,2010,d07,99.3941
pse,2010,d08,99.425
pse,2010,d09,99.7388
pse,2010,d10,97.4827
pse,2014,d01,99.7636
pse,2014,d02,99.6432
pse,2014,d03,98.7736
pse,2014,d04,100
pse,2014,d05,99.6768
pse,2014,d06,99.3477
pse,2014,d07,100
pse,2014,d08,99.7028
pse,2014,d09,99.5802
pse,2014,d10,99.1034
pse,2019,d01,100
pse,2019,d02,100
pse,2019,d03,100
pse,2019,d04,100
pse,2019,d05,99.2142
pse,2019,d06,99.4275
pse,2019,d07,100
pse,2019,d08,100
pse,2019,d09,99.4813
pse,2019,d10,97.7837
rwa,2005,d01,25.8032
rwa,2005,d02,33.043
rwa,2005,d03,31.8799
rwa,2005,d04,33.3107
rwa,2005,d05,31.6523
rwa,2005,d06,38.0281
rwa,2005,d07,36.7585
rwa,2005,d08,46.0424
rwa,2005,d09,59.4162
rwa,2005,d10,78.624
rwa,2010,d01,67.3349
rwa,2010,d02,72.8805
rwa,2010,d03,69.0928
rwa,2010,d04,74.995
rwa,2010,d05,75.1726
rwa,2010,d06,76.6873
rwa,2010,d07,82.0275
rwa,2010,d08,81.3157
rwa,2010,d09,86.4818
rwa,2010,d10,95.8706
rwa,2014,d01,85.682
rwa,2014,d02,86.5286
rwa,2014,d03,89.1142
rwa,2014,d04,93.1129
rwa,2014,d05,92.6424
rwa,2014,d06,91.2701
rwa,2014,d07,93.2687
rwa,2014,d08,94.3193
rwa,2014,d09,96.4442
rwa,2014,d10,98.6122
rwa,2019,d01,85.6672
rwa,2019,d02,91.1302
rwa,2019,d03,93.0533
rwa,2019,d04,93.8948
rwa,2019,d05,95.1889
rwa,2019,d06,94.7689
rwa,2019,d07,96.8468
rwa,2019,d08,97.955
rwa,2019,d09,98.6651
rwa,2019,d10,99.6707
sdn,2010,d01,42.1233
sdn,2010,d02,54.5692
sdn,2010,d03,57.1169
sdn,2010,d04,63.0311
sdn,2010,d05,70.4989
sdn,2010,d06,85.7116
sdn,2010,d07,91.5496
sdn,2010,d08,95.681
sdn,2010,d09,95.2085
sdn,2010,d10,94.1226
sdn,2014,d01,42.329
sdn,2014,d02,53.309
sdn,2014,d03,65.674
sdn,2014,d04,74.3059
sdn,2014,d05,82.0473
sdn,2014,d06,85.4266
sdn,2014,d07,94.682
sdn,2014,d08,94.4829
sdn,2014,d09,95.8713
sdn,2014,d10,96.6163
sen,1997,d01,19.9675
sen,1997,d02,21.6544
sen,1997,d03,24.7175
sen,1997,d04,29.1118
sen,1997,d05,39.9269
sen,1997,d06,52.2549
sen,1997,d07,66.1893
sen,1997,d08,75.4473
sen,1997,d09,85.4352
sen,1997,d10,88.0655
sen,2005,d01,16.3607
sen,2005,d02,26.0371
sen,2005,d03,28.5542
sen,2005,d04,34.6045
sen,2005,d05,47.6304
sen,2005,d06,64.7872
sen,2005,d07,79.4335
sen,2005,d08,87.985
sen,2005,d09,88.3341
sen,2005,d10,93.4045
sen,2010,d01,27.5109
sen,2010,d02,32.7518
sen,2010,d03,45.0539
sen,2010,d04,58.6011
sen,2010,d05,66.6568
sen,2010,d06,83.3337
sen,2010,d07,84.3572
sen,2010,d08,88.8226
sen,2010,d09,93.4102
sen,2010,d10,96.6533
sen,2012,d01,12.6963
sen,2012,d02,25.041
sen,2012,d03,32.6245
sen,2012,d04,45.4011
sen,2012,d05,53.8206
sen,2012,d06,56.2029
sen,2012,d07,67.2996
sen,2012,d08,69.3493
sen,2012,d09,81.4223
sen,2012,d10,93.484
sen,2014,d01,29.4504
sen,2014,d02,34.1143
sen,2014,d03,39.9621
sen,2014,d04,51.7009
sen,2014,d05,62.8697
sen,2014,d06,70.1927
sen,2014,d07,83.3537
sen,2014,d08,82.7671
sen,2014,d09,75.5656
sen,2014,d10,93.2372
sen,2015,d01,28.8458
sen,2015,d02,32.8425
sen,2015,d03,41.4631
sen,2015,d04,52.1051
sen,2015,d05,55.0442
sen,2015,d06,62.8536
sen,2015,d07,69.6206
sen,2015,d08,62.4979
sen,2015,d09,75.5654
sen,2015,d10,83.676
sen,2016,d01,27.4346
sen,2016,d02,36.5536
sen,2016,d03,48.1624
sen,2016,d04,57.1316
sen,2016,d05,60.3615
sen,2016,d06,68.9936
sen,2016,d07,77.7824
sen,2016,d08,80.2611
sen,2016,d09,90.1905
sen,2016,d10,92.4993
sen,2017,d01,35.7979
sen,2017,d02,43.2157
sen,2017,d03,57.9058
sen,2017,d04,64.6185
sen,2017,d05,74.0373
sen,2017,d06,85.7839
sen,2017,d07,88.2036
sen,2017,d08,89.1589
sen,2017,d09,94.2396
sen,2017,d10,97.1373
sen,2018,d01,39.6095
sen,2018,d02,58.4742
sen,2018,d03,68.0116
sen,2018,d04,71.7526
sen,2018,d05,82.6995
sen,2018,d06,83.9318
sen,2018,d07,90.5258
sen,2018,d08,95.4789
sen,2018,d09,96.4729
sen,2018,d10,94.4491
sen,2019,d01,41.3475
sen,2019,d02,58.4091
sen,2019,d03,65.2545
sen,2019,d04,71.0652
sen,2019,d05,86.6211
sen,2019,d06,90.5996
sen,2019,d07,92.8075
sen,2019,d08,93.1312
sen,2019,d09,90.8366
sen,2019,d10,98.468
sle,2005,d01,23.8485
sle,2005,d02,30.9981
sle,2005,d03,31.186
sle,2005,d04,37.0941
sle,2005,d05,34.7971
sle,2005,d06,40.4744
sle,2005,d07,42.1843
sle,2005,d08,58.8133
sle,2005,d09,74.7562
sle,2005,d10,92.3933
sle,2008,d01,25.7142
sle,2008,d02,30.3173
sle,2008,d03,35.8963
sle,2008,d04,34.899
sle,2008,d05,36.6926
sle,2008,d06,38.2574
sle,2008,d07,41.0406
sle,2008,d08,55.5932
sle,2008,d09,65.6499
sle,2008,d10,79.5215
sle,2010,d01,43.4634
sle,2010,d02,44.5285
sle,2010,d03,56.2582
sle,2010,d04,54.9039
sle,2010,d05,61.6803
sle,2010,d06,66.252
sle,2010,d07,71.0396
sle,2010,d08,72.5775
sle,2010,d09,83.4671
sle,2010,d10,86.9871
sle,2013,d01,50.0197
sle,2013,d02,56.4213
sle,2013,d03,53.8933
sle,2013,d04,56.2212
sle,2013,d05,55.2409
sle,2013,d06,59.4766
sle,2013,d07,66.3509
sle,2013,d08,75.2353
sle,2013,d09,82.3817
sle,2013,d10,88.2381
sle,2017,d01,74.6348
sle,2017,d02,75.4377
sle,2017,d03,79.1067
sle,2017,d04,74.9203
sle,2017,d05,79.0757
sle,2017,d06,83.1374
sle,2017,d07,85.0414
sle,2017,d08,89.8249
sle,2017,d09,88.8864
sle,2017,d10,97.1999
sle,2019,d01,84.1676
sle,2019,d02,84.539
sle,2019,d03,81.4284
sle,2019,d04,85.0835
sle,2019,d05,86.8845
sle,2019,d06,89.5871
sle,2019,d07,92.7637
sle,2019,d08,94.0444
sle,2019,d09,96.4397
sle,2019,d10,97.2292
slv,2014,d01,91.9037
slv,2014,d02,95.7464
slv,2014,d03,98.0205
slv,2014,d04,98.1775
slv,2014,d05,99.5473
slv,2014,d06,99.123
slv,2014,d07,99.12
slv,2014,d08,100
slv,2014,d09,98.6879
slv,2014,d10,100
som,2006,d01,10.923
som,2006,d02,10.379
som,2006,d03,15.548
som,2006,d04,13.1058
som,2006,d05,14.8035
som,2006,d06,24.4661
som,2006,d07,38.3933
som,2006,d08,52.2017
som,2006,d09,73.6425
som,2006,d10,80.7465
srb,2005,d01,97.8044
srb,2005,d02,97.7376
srb,2005,d03,99.9391
srb,2005,d04,99.0669
srb,2005,d05,99.0936
srb,2005,d06,100
srb,2005,d07,100
srb,2005,d08,96.1377
srb,2005,d09,100
srb,2005,d10,100
srb,2010,d01,99.468
srb,2010,d02,99.0447
srb,2010,d03,100
srb,2010,d04,100
srb,2010,d05,99.7034
srb,2010,d06,100
srb,2010,d07,100
srb,2010,d08,100
srb,2010,d09,99.1494
srb,2010,d10,100
srb,2014,d01,95.6882
srb,2014,d02,99.2048
srb,2014,d03,100
srb,2014,d04,100
srb,2014,d05,100
srb,2014,d06,100
srb,2014,d07,100
srb,2014,d08,99.6102
srb,2014,d09,100
srb,2014,d10,91.3453
srb,2019,d01,100
srb,2019,d02,100
srb,2019,d03,98.6293
srb,2019,d04,100
srb,2019,d05,100
srb,2019,d06,100
srb,2019,d07,100
srb,2019,d08,100
srb,2019,d09,100
srb,2019,d10,100
ssd,2010,d01,7.9047
ssd,2010,d02,8.6669
ssd,2010,d03,6.764
ssd,2010,d04,11.9491
ssd,2010,d05,12.4184
ssd,2010,d06,14.7339
ssd,2010,d07,19.9212
ssd,2010,d08,26.2388
ssd,2010,d09,33.2981
ssd,2010,d10,49.9505
stp,2008,d01,77.9719
stp,2008,d02,73.546
stp,2008,d03,72.8742
stp,2008,d04,77.3952
stp,2008,d05,84.3005
stp,2008,d06,86.5235
stp,2008,d07,83.3994
stp,2008,d08,92.4639
stp,2008,d09,92.7057
stp,2008,d10,90.9395
stp,2014,d01,85.3426
stp,2014,d02,84.603
stp,2014,d03,91.8959
stp,2014,d04,93.2561
stp,2014,d05,93.6132
stp,2014,d06,90.542
stp,2014,d07,94.4639
stp,2014,d08,98.3596
stp,2014,d09,100
stp,2014,d10,94.4981
stp,2019,d01,96.1685
stp,2019,d02,96.0048
stp,2019,d03,98.8566
stp,2019,d04,91.6561
stp,2019,d05,96.3732
stp,2019,d06,99.2575
stp,2019,d07,97.4723
stp,2019,d08,97.3236
stp,2019,d09,96.3514
stp,2019,d10,100
sur,2006,d01,73.9168
sur,2006,d02,89.2299
sur,2006,d03,89.4119
sur,2006,d04,92.8484
sur,2006,d05,98.2486
sur,2006,d06,96.98
sur,2006,d07,94.6547
sur,2006,d08,90.6794
sur,2006,d09,98.6622
sur,2006,d10,90.868
sur,2010,d01,77.9998
sur,2010,d02,92.0576
sur,2010,d03,92.0098
sur,2010,d04,95.9346
sur,2010,d05,100
sur,2010,d06,95.6618
sur,2010,d07,99.3022
sur,2010,d08,98.1667
sur,2010,d09,100
sur,2010,d10,91.9952
sur,2018,d01,95.5443
sur,2018,d02,97.2022
sur,2018,d03,98.0499
sur,2018,d04,96.8877
sur,2018,d05,97.1617
sur,2018,d06,99.5659
sur,2018,d07,99.1882
sur,2018,d08,96.0848
sur,2018,d09,98.5468
sur,2018,d10,100
swz,2006,d01,48.9702
swz,2006,d02,52.4927
swz,2006,d03,63.2856
swz,2006,d04,69.4558
swz,2006,d05,83.4037
swz,2006,d06,81.158
swz,2006,d07,87.2234
swz,2006,d08,88.327
swz,2006,d09,90.2564
swz,2006,d10,96.1563
swz,2010,d01,57.3999
swz,2010,d02,71.9894
swz,2010,d03,74.48
swz,2010,d04,77.1576
swz,2010,d05,85.6509
swz,2010,d06,88.137
swz,2010,d07,89.7311
swz,2010,d08,88.7286
swz,2010,d09,95.1348
swz,2010,d10,92.7155
swz,2014,d01,68.8387
swz,2014,d02,84.943
swz,2014,d03,82.5308
swz,2014,d04,91.2467
swz,2014,d05,91.2165
swz,2014,d06,89.3827
swz,2014,d07,92.8208
swz,2014,d08,96.4603
swz,2014,d09,93.528
swz,2014,d10,97.2551
syr,2006,d01,72.1377
syr,2006,d02,82.4122
syr,2006,d03,93.9227
syr,2006,d04,96.3758
syr,2006,d05,97.4671
syr,2006,d06,98.6244
syr,2006,d07,96.9457
syr,2006,d08,97.5933
syr,2006,d09,99.2971
syr,2006,d10,99.0109
tcd,1996,d01,13.2523
tcd,1996,d02,17.8001
tcd,1996,d03,14.502
tcd,1996,d04,13.2558
tcd,1996,d05,13.6778
tcd,1996,d06,14.3675
tcd,1996,d07,26.1824
tcd,1996,d08,25.747
tcd,1996,d09,44.5204
tcd,1996,d10,58.4169
tcd,2004,d01,1.1675
tcd,2004,d02,10.4846
tcd,2004,d03,9.1107
tcd,2004,d04,14.0755
tcd,2004,d05,10.4914
tcd,2004,d06,20.3922
tcd,2004,d07,15.5654
tcd,2004,d08,22.7718
tcd,2004,d09,42.3681
tcd,2004,d10,70.0505
tcd,2010,d01,5.7349
tcd,2010,d02,10.9793
tcd,2010,d03,11.5106
tcd,2010,d04,9.8109
tcd,2010,d05,10.999
tcd,2010,d06,12.6464
tcd,2010,d07,14.6599
tcd,2010,d08,30.2001
tcd,2010,d09,47.788
tcd,2010,d10,77.2676
tcd,2014,d01,14.392
tcd,2014,d02,14.7803
tcd,2014,d03,19.4928
tcd,2014,d04,18.1397
tcd,2014,d05,17.6322
tcd,2014,d06,18.9248
tcd,2014,d07,19.7156
tcd,2014,d08,19.1565
tcd,2014,d09,54.2803
tcd,2014,d10,79.3179
tcd,2019,d01,27.9583
tcd,2019,d02,33.1404
tcd,2019,d03,35.2945
tcd,2019,d04,40.2089
tcd,2019,d05,41.86
tcd,2019,d06,43.8328
tcd,2019,d07,51.0642
tcd,2019,d08,59.4237
tcd,2019,d09,65.2722
tcd,2019,d10,85.1796
tgo,1998,d01,22.4255
tgo,1998,d02,28.2533
tgo,1998,d03,31.3407
tgo,1998,d04,38.5324
tgo,1998,d05,47.2599
tgo,1998,d06,58.5627
tgo,1998,d07,64.2413
tgo,1998,d08,80.1267
tgo,1998,d09,90.1572
tgo,1998,d10,92.6064
tgo,2006,d01,32.2677
tgo,2006,d02,33.7133
tgo,2006,d03,41.5453
tgo,2006,d04,44.0196
tgo,2006,d05,49.472
tgo,2006,d06,72.3413
tgo,2006,d07,76.7039
tgo,2006,d08,89.4892
tgo,2006,d09,92.0122
tgo,2006,d10,88.1954
tgo,2010,d01,23.651
tgo,2010,d02,32.3314
tgo,2010,d03,37.3196
tgo,2010,d04,43.2165
tgo,2010,d05,56.2137
tgo,2010,d06,66.6008
tgo,2010,d07,78.7885
tgo,2010,d08,88.3696
tgo,2010,d09,92.8721
tgo,2010,d10,96.1051
tgo,2013,d01,28.2624
tgo,2013,d02,27.2199
tgo,2013,d03,42.0648
tgo,2013,d04,35.9026
tgo,2013,d05,50.5056
tgo,2013,d06,65.5672
tgo,2013,d07,84.6361
tgo,2013,d08,94.9355
tgo,2013,d09,95.9602
tgo,2013,d10,96.4758
tgo,2017,d01,27.355
tgo,2017,d02,44.3694
tgo,2017,d03,46.797
tgo,2017,d04,48.8
tgo,2017,d05,74.1661
tgo,2017,d06,79.3001
tgo,2017,d07,96.077
tgo,2017,d08,93.9419
tgo,2017,d09,96.2346
tgo,2017,d10,99.2188
tha,2005,d01,92.1295
tha,2005,d02,93.3583
tha,2005,d03,98.3178
tha,2005,d04,97.2624
tha,2005,d05,96.9774
tha,2005,d06,98.0024
tha,2005,d07,98.5341
tha,2005,d08,99.6369
tha,2005,d09,99.6704
tha,2005,d10,100
tha,2012,d01,98.4365
tha,2012,d02,98.3793
tha,2012,d03,99.071
tha,2012,d04,100
tha,2012,d05,100
tha,2012,d06,100
tha,2012,d07,99.6491
tha,2012,d08,99.6733
tha,2012,d09,99.8272
tha,2012,d10,100
tha,2015,d01,94.2682
tha,2015,d02,96.7596
tha,2015,d03,96.4262
tha,2015,d04,97.0669
tha,2015,d05,98.4491
tha,2015,d06,98.8946
tha,2015,d07,99.4008
tha,2015,d08,99.0294
tha,2015,d09,99.9811
tha,2015,d10,99.9517
tha,2019,d01,97.7114
tha,2019,d02,98.0423
tha,2019,d03,98.6686
tha,2019,d04,99.7701
tha,2019,d05,99.9243
tha,2019,d06,99.7091
tha,2019,d07,99.6757
tha,2019,d08,98.9923
tha,2019,d09,99.3442
tha,2019,d10,99.1262
tjk,2005,d01,68.6667
tjk,2005,d02,71.75
tjk,2005,d03,81.0563
tjk,2005,d04,80.8894
tjk,2005,d05,81.258
tjk,2005,d06,91.445
tjk,2005,d07,89.3027
tjk,2005,d08,90.5234
tjk,2005,d09,88.1734
tjk,2005,d10,94.6666
tjk,2012,d01,69.4667
tjk,2012,d02,78.0501
tjk,2012,d03,87.4114
tjk,2012,d04,86.4908
tjk,2012,d05,90.7923
tjk,2012,d06,92.4214
tjk,2012,d07,95.4934
tjk,2012,d08,93.59
tjk,2012,d09,97.0408
tjk,2012,d10,96.545
tjk,2017,d01,90.0477
tjk,2017,d02,91.6463
tjk,2017,d03,91.4129
tjk,2017,d04,95.7065
tjk,2017,d05,95.1916
tjk,2017,d06,96.3779
tjk,2017,d07,97.8633
tjk,2017,d08,97.5911
tjk,2017,d09,97.2323
tjk,2017,d10,99.4245
tkm,2006,d01,98.9022
tkm,2006,d02,99.2239
tkm,2006,d03,98.4035
tkm,2006,d04,98.7013
tkm,2006,d05,100
tkm,2006,d06,100
tkm,2006,d07,100
tkm,2006,d08,100
tkm,2006,d09,100
tkm,2006,d10,100
tkm,2015,d01,100
tkm,2015,d02,100
tkm,2015,d03,100
tkm,2015,d04,100
tkm,2015,d05,100
tkm,2015,d06,100
tkm,2015,d07,100
tkm,2015,d08,100
tkm,2015,d09,100
tkm,2015,d10,100
tkm,2019,d01,100
tkm,2019,d02,100
tkm,2019,d03,100
tkm,2019,d04,100
tkm,2019,d05,100
tkm,2019,d06,100
tkm,2019,d07,100
tkm,2019,d08,100
tkm,2019,d09,100
tkm,2019,d10,100
tls,2009,d01,11.0523
tls,2009,d02,13.6044
tls,2009,d03,16.1856
tls,2009,d04,16.265
tls,2009,d05,22.4368
tls,2009,d06,26.5006
tls,2009,d07,32.6155
tls,2009,d08,51.2498
tls,2009,d09,61.916
tls,2009,d10,81.239
tls,2016,d01,22.8721
tls,2016,d02,33.1991
tls,2016,d03,37.3809
tls,2016,d04,44.9937
tls,2016,d05,53.2564
tls,2016,d06,64.1912
tls,2016,d07,69.7546
tls,2016,d08,79.9823
tls,2016,d09,88.2904
tls,2016,d10,94.8514
tto,2006,d01,97.9216
tto,2006,d02,97.4743
tto,2006,d03,100
tto,2006,d04,98.0346
tto,2006,d05,91.8093
tto,2006,d06,96.2439
tto,2006,d07,100
tto,2006,d08,98.0537
tto,2006,d09,100
tto,2006,d10,100
tun,2011,d01,89.4058
tun,2011,d02,97.6692
tun,2011,d03,99.5678
tun,2011,d04,100
tun,2011,d05,100
tun,2011,d06,100
tun,2011,d07,100
tun,2011,d08,99.6313
tun,2011,d09,99.3363
tun,2011,d10,100
tun,2018,d01,100
tun,2018,d02,98.1209
tun,2018,d03,98.3444
tun,2018,d04,99.3199
tun,2018,d05,99.397
tun,2018,d06,100
tun,2018,d07,100
tun,2018,d08,100
tun,2018,d09,100
tun,2018,d10,100
tur,1993,d01,34.0668
tur,1993,d02,57.1467
tur,1993,d03,71.726
tur,1993,d04,75.4359
tur,1993,d05,84.5604
tur,1993,d06,89.1824
tur,1993,d07,95.331
tur,1993,d08,97.349
tur,1993,d09,98.0179
tur,1993,d10,100
tur,1998,d01,50.2735
tur,1998,d02,67.2264
tur,1998,d03,75.1706
tur,1998,d04,82.8477
tur,1998,d05,90.0379
tur,1998,d06,89.8526
tur,1998,d07,96.0133
tur,1998,d08,98.3622
tur,1998,d09,97.7039
tur,1998,d10,99.552
tur,2003,d01,57.8043
tur,2003,d02,63.5038
tur,2003,d03,75.8293
tur,2003,d04,84.8736
tur,2003,d05,93.7544
tur,2003,d06,91.0019
tur,2003,d07,96.0381
tur,2003,d08,98.009
tur,2003,d09,99.4747
tur,2003,d10,99.6454
tur,2013,d01,90.8279
tur,2013,d02,94.6663
tur,2013,d03,98.9976
tur,2013,d04,98.1012
tur,2013,d05,98.4142
tur,2013,d06,100
tur,2013,d07,99.8164
tur,2013,d08,100
tur,2013,d09,100
tur,2013,d10,100
tza,1996,d01,17.6914
tza,1996,d02,34.6602
tza,1996,d03,38.8024
tza,1996,d04,42.9563
tza,1996,d05,36.1398
tza,1996,d06,40.5737
tza,1996,d07,52.1721
tza,1996,d08,50.96
tza,1996,d09,74.5763
tza,1996,d10,87.1701
tza,1999,d01,31.105
tza,1999,d02,21.9555
tza,1999,d03,36.0289
tza,1999,d04,28.6749
tza,1999,d05,37.4792
tza,1999,d06,31.5747
tza,1999,d07,43.4317
tza,1999,d08,47.928
tza,1999,d09,78.5226
tza,1999,d10,92.5881
tza,2004,d01,28.9389
tza,2004,d02,29.8877
tza,2004,d03,33.794
tza,2004,d04,35.124
tza,2004,d05,35.7312
tza,2004,d06,36.4676
tza,2004,d07,47.8913
tza,2004,d08,56.6671
tza,2004,d09,80.4134
tza,2004,d10,96.439
tza,2010,d01,31.5402
tza,2010,d02,33.9534
tza,2010,d03,36.7638
tza,2010,d04,36.9038
tza,2010,d05,43.8912
tza,2010,d06,46.9904
tza,2010,d07,55.7632
tza,2010,d08,64.6691
tza,2010,d09,84.0047
tza,2010,d10,93.875
tza,2015,d01,40.3423
tza,2015,d02,47.5706
tza,2015,d03,51.5142
tza,2015,d04,54.4712
tza,2015,d05,58.5761
tza,2015,d06,65.1706
tza,2015,d07,73.6457
tza,2015,d08,86.4903
tza,2015,d09,95.4428
tza,2015,d10,97.0956
uga,1995,d01,20.1691
uga,1995,d02,21.5972
uga,1995,d03,27.7649
uga,1995,d04,31.7507
uga,1995,d05,32.677
uga,1995,d06,30.4157
uga,1995,d07,39.4336
uga,1995,d08,39.4378
uga,1995,d09,58.0101
uga,1995,d10,80.4883
uga,2000,d01,21.1725
uga,2000,d02,17.9122
uga,2000,d03,26.8161
uga,2000,d04,28.9221
uga,2000,d05,31.8024
uga,2000,d06,36.9879
uga,2000,d07,38.5617
uga,2000,d08,54.8362
uga,2000,d09,69.4502
uga,2000,d10,89.5901
uga,2006,d01,25.995
uga,2006,d02,35.5289
uga,2006,d03,31.5315
uga,2006,d04,33.5466
uga,2006,d05,36.0538
uga,2006,d06,37.2326
uga,2006,d07,46.9319
uga,2006,d08,54.5789
uga,2006,d09,68.8183
uga,2006,d10,88.9484
uga,2011,d01,40.4421
uga,2011,d02,48.4435
uga,2011,d03,50.4835
uga,2011,d04,52.7509
uga,2011,d05,55.7668
uga,2011,d06,56.5338
uga,2011,d07,55.317
uga,2011,d08,68.6137
uga,2011,d09,87.0417
uga,2011,d10,91.4467
uga,2016,d01,66.9496
uga,2016,d02,65.1807
uga,2016,d03,66.0336
uga,2016,d04,68.0637
uga,2016,d05,71.915
uga,2016,d06,74.9762
uga,2016,d07,79.5982
uga,2016,d08,82.0335
uga,2016,d09,92.8767
uga,2016,d10,96.1737
ukr,2005,d01,99.1693
ukr,2005,d02,100
ukr,2005,d03,100
ukr,2005,d04,98.9273
ukr,2005,d05,100
ukr,2005,d06,100
ukr,2005,d07,100
ukr,2005,d08,100
ukr,2005,d09,100
ukr,2005,d10,100
ukr,2007,d01,97.6925
ukr,2007,d02,100
ukr,2007,d03,96.9015
ukr,2007,d04,99.1616
ukr,2007,d05,98.976
ukr,2007,d06,100
ukr,2007,d07,98.8075
ukr,2007,d08,100
ukr,2007,d09,100
ukr,2007,d10,100
ukr,2012,d01,99.5663
ukr,2012,d02,99.2398
ukr,2012,d03,96.5593
ukr,2012,d04,98.4001
ukr,2012,d05,98.8834
ukr,2012,d06,100
ukr,2012,d07,100
ukr,2012,d08,100
ukr,2012,d09,100
ukr,2012,d10,98.9326
uzb,1996,d01,86.9607
uzb,1996,d02,97.9283
uzb,1996,d03,100
uzb,1996,d04,100
uzb,1996,d05,100
uzb,1996,d06,97.8997
uzb,1996,d07,99.639
uzb,1996,d08,98.848
uzb,1996,d09,100
uzb,1996,d10,100
uzb,2006,d01,100
uzb,2006,d02,100
uzb,2006,d03,99.7053
uzb,2006,d04,100
uzb,2006,d05,100
uzb,2006,d06,99.4229
uzb,2006,d07,100
uzb,2006,d08,100
uzb,2006,d09,100
uzb,2006,d10,100
vnm,1997,d01,42.9572
vnm,1997,d02,55.2478
vnm,1997,d03,70.345
vnm,1997,d04,87.6463
vnm,1997,d05,77.6208
vnm,1997,d06,90.7313
vnm,1997,d07,93.652
vnm,1997,d08,93.4644
vnm,1997,d09,100
vnm,1997,d10,98.4489
vnm,2002,d01,52.3501
vnm,2002,d02,65.2467
vnm,2002,d03,83.938
vnm,2002,d04,87.7545
vnm,2002,d05,96.5144
vnm,2002,d06,93.767
vnm,2002,d07,97.7947
vnm,2002,d08,97.0999
vnm,2002,d09,99.4203
vnm,2002,d10,100
vnm,2006,d01,41.0246
vnm,2006,d02,83.7391
vnm,2006,d03,88.26
vnm,2006,d04,92.8299
vnm,2006,d05,93.4692
vnm,2006,d06,100
vnm,2006,d07,100
vnm,2006,d08,100
vnm,2006,d09,98.5256
vnm,2006,d10,100
vnm,2010,d01,61.0027
vnm,2010,d02,84.6073
vnm,2010,d03,93.2999
vnm,2010,d04,99.5132
vnm,2010,d05,99.1116
vnm,2010,d06,100
vnm,2010,d07,99.2767
vnm,2010,d08,100
vnm,2010,d09,100
vnm,2010,d10,98.4439
vnm,2013,d01,56.9669
vnm,2013,d02,93.502
vnm,2013,d03,94.9914
vnm,2013,d04,98.6794
vnm,2013,d05,99.3339
vnm,2013,d06,100
vnm,2013,d07,98.8949
vnm,2013,d08,99.211
vnm,2013,d09,100
vnm,2013,d10,100
vut,2007,d01,48.9492
vut,2007,d02,61.599
vut,2007,d03,72.0416
vut,2007,d04,84.4363
vut,2007,d05,79.0891
vut,2007,d06,64.3988
vut,2007,d07,85.8586
vut,2007,d08,87.7884
vut,2007,d09,85.1049
vut,2007,d10,94.517
wsm,2019,d01,85.8323
wsm,2019,d02,79.7835
wsm,2019,d03,94.6701
wsm,2019,d04,88.8539
wsm,2019,d05,82.0897
wsm,2019,d06,90.7507
wsm,2019,d07,92.0497
wsm,2019,d08,92.7184
wsm,2019,d09,91.4199
wsm,2019,d10,96.6948
yem,2006,d01,16.4805
yem,2006,d02,17.7484
yem,2006,d03,15.9341
yem,2006,d04,24.2496
yem,2006,d05,24.5791
yem,2006,d06,38.9594
yem,2006,d07,49.8168
yem,2006,d08,50.6463
yem,2006,d09,70.5339
yem,2006,d10,76.866
yem,2013,d01,16.4831
yem,2013,d02,24.2096
yem,2013,d03,30.4674
yem,2013,d04,34.2515
yem,2013,d05,41.945
yem,2013,d06,49.2978
yem,2013,d07,60.2299
yem,2013,d08,68.7121
yem,2013,d09,77.9511
yem,2013,d10,87.328
zaf,1998,d01,61.8417
zaf,1998,d02,78.4466
zaf,1998,d03,79.0585
zaf,1998,d04,85.9464
zaf,1998,d05,90.1444
zaf,1998,d06,92.3941
zaf,1998,d07,95.0956
zaf,1998,d08,97.0089
zaf,1998,d09,97.6824
zaf,1998,d10,98.1785
zaf,2016,d01,91.053
zaf,2016,d02,93.4986
zaf,2016,d03,98.8948
zaf,2016,d04,95.3977
zaf,2016,d05,97.9493
zaf,2016,d06,98.2442
zaf,2016,d07,98.6617
zaf,2016,d08,98.2132
zaf,2016,d09,97.3781
zaf,2016,d10,100
zmb,1996,d01,16.0267
zmb,1996,d02,20.9463
zmb,1996,d03,21.6472
zmb,1996,d04,26.9056
zmb,1996,d05,29.053
zmb,1996,d06,40.7548
zmb,1996,d07,64.27
zmb,1996,d08,67.9204
zmb,1996,d09,88.776
zmb,1996,d10,95.727
zmb,2001,d01,19.8542
zmb,2001,d02,20.2116
zmb,2001,d03,18.334
zmb,2001,d04,23.2355
zmb,2001,d05,29.6307
zmb,2001,d06,38.552
zmb,2001,d07,55.8976
zmb,2001,d08,80.927
zmb,2001,d09,87.7806
zmb,2001,d10,96.5863
zmb,2007,d01,24.1877
zmb,2007,d02,28.6644
zmb,2007,d03,24.7375
zmb,2007,d04,30.0043
zmb,2007,d05,33.2677
zmb,2007,d06,38.6114
zmb,2007,d07,61.3935
zmb,2007,d08,82.1433
zmb,2007,d09,89.2638
zmb,2007,d10,94.1623
zmb,2013,d01,44.9076
zmb,2013,d02,52.8368
zmb,2013,d03,57.1207
zmb,2013,d04,53.8379
zmb,2013,d05,59.6548
zmb,2013,d06,70.2
zmb,2013,d07,84.3478
zmb,2013,d08,90.0421
zmb,2013,d09,92.7833
zmb,2013,d10,96.7319
zmb,2018,d01,64.2556
zmb,2018,d02,74.5459
zmb,2018,d03,75.2114
zmb,2018,d04,77.3088
zmb,2018,d05,80.4657
zmb,2018,d06,88.2726
zmb,2018,d07,90.7731
zmb,2018,d08,91.0719
zmb,2018,d09,94.4587
zmb,2018,d10,98.0731
zwe,1994,d01,56.168
zwe,1994,d02,53.7063
zwe,1994,d03,57.5532
zwe,1994,d04,61.522
zwe,1994,d05,63.1602
zwe,1994,d06,67.9209
zwe,1994,d07,69.1447
zwe,1994,d08,85.6527
zwe,1994,d09,94.991
zwe,1994,d10,89.9956
zwe,1999,d01,60.2176
zwe,1999,d02,55.1978
zwe,1999,d03,67.7305
zwe,1999,d04,64.2218
zwe,1999,d05,68.9648
zwe,1999,d06,62.251
zwe,1999,d07,76.4968
zwe,1999,d08,87.1197
zwe,1999,d09,90.7998
zwe,1999,d10,95.7861
zwe,2005,d01,39.7785
zwe,2005,d02,47.8752
zwe,2005,d03,50.1701
zwe,2005,d04,58.1529
zwe,2005,d05,71.898
zwe,2005,d06,68.4102
zwe,2005,d07,73.9938
zwe,2005,d08,95.1773
zwe,2005,d09,97.1922
zwe,2005,d10,97.3612
zwe,2009,d01,38.8496
zwe,2009,d02,38.4218
zwe,2009,d03,41.8722
zwe,2009,d04,49.8162
zwe,2009,d05,51.9822
zwe,2009,d06,60.095
zwe,2009,d07,72.6775
zwe,2009,d08,88.7579
zwe,2009,d09,94.6297
zwe,2009,d10,88.8059
zwe,2010,d01,46.6453
zwe,2010,d02,45.0477
zwe,2010,d03,51.4739
zwe,2010,d04,57.811
zwe,2010,d05,56.5948
zwe,2010,d06,66.9512
zwe,2010,d07,71.5194
zwe,2010,d08,86.3416
zwe,2010,d09,89.5235
zwe,2010,d10,91.1758
zwe,2014,d01,67.7335
zwe,2014,d02,71.676
zwe,2014,d03,67.5555
zwe,2014,d04,75.21
zwe,2014,d05,76.1128
zwe,2014,d06,80.0033
zwe,2014,d07,80.934
zwe,2014,d08,89.3458
zwe,2014,d09,94.8073
zwe,2014,d10,98.0272
zwe,2015,d01,62.7735
zwe,2015,d02,69.2707
zwe,2015,d03,74.3007
zwe,2015,d04,73.7015
zwe,2015,d05,78.7115
zwe,2015,d06,81.3944
zwe,2015,d07,85.3863
zwe,2015,d08,93.2602
zwe,2015,d09,96.3471
zwe,2015,d10,96.5877
zwe,2019,d01,72.1637
zwe,2019,d02,74.6085
zwe,2019,d03,81.9247
zwe,2019,d04,86.0374
zwe,2019,d05,90.0695
zwe,2019,d06,83.9483
zwe,2019,d07,87.4674
zwe,2019,d08,95.1215
zwe,2019,d09,96.9364
zwe,2019,d10,97.8845
