country,time,decile,filtwater
afg,2010,d01,0.1785
afg,2010,d02,0.1949
afg,2010,d03,0.113
afg,2010,d04,0.2312
afg,2010,d05,0.4392
afg,2010,d06,0.2569
afg,2010,d07,0.1703
afg,2010,d08,0.5856
afg,2010,d09,0.4755
afg,2010,d10,0.4106
afg,2015,d01,0.6455
afg,2015,d02,0.4954
afg,2015,d03,0.8181
afg,2015,d04,0.9778
afg,2015,d05,0.8144
afg,2015,d06,1.1235
afg,2015,d07,0.3513
afg,2015,d08,0.3214
afg,2015,d09,0.7747
afg,2015,d10,1.8035
ago,2015,d01,0
ago,2015,d02,0.0716
ago,2015,d03,0
ago,2015,d04,0
ago,2015,d05,0.0071
ago,2015,d06,0
ago,2015,d07,0
ago,2015,d08,0.1475
ago,2015,d09,0.1502
ago,2015,d10,1.6816
alb,2005,d01,0
alb,2005,d02,0.125
alb,2005,d03,0
alb,2005,d04,0
alb,2005,d05,0.326
alb,2005,d06,0.2228
alb,2005,d07,0.8886
alb,2005,d08,1.5096
alb,2005,d09,0.9089
alb,2005,d10,0.7554
alb,2008,d01,0.2286
alb,2008,d02,0.2772
alb,2008,d03,0.2104
alb,2008,d04,0.2804
alb,2008,d05,0.5105
alb,2008,d06,0.9218
alb,2008,d07,0.4831
alb,2008,d08,0.6756
alb,2008,d09,1.0513
alb,2008,d10,2.7033
alb,2017,d01,0.1412
alb,2017,d02,0.5657
alb,2017,d03,0.9231
alb,2017,d04,0.5484
alb,2017,d05,1.1555
alb,2017,d06,1.9504
alb,2017,d07,2.1461
alb,2017,d08,2.3522
alb,2017,d09,3.2922
alb,2017,d10,2.2149
arg,2011,d01,0
arg,2011,d02,0.0225
arg,2011,d03,0.0835
arg,2011,d04,1.5564
arg,2011,d05,0.0981
arg,2011,d06,0.0291
arg,2011,d07,2.0019
arg,2011,d08,2.8485
arg,2011,d09,8.1227
arg,2011,d10,0.3588
arg,2019,d01,0.668
arg,2019,d02,0.9054
arg,2019,d03,2.0186
arg,2019,d04,3.2515
arg,2019,d05,3.6112
arg,2019,d06,5.6137
arg,2019,d07,8.2831
arg,2019,d08,9.4828
arg,2019,d09,14.7742
arg,2019,d10,20.7671
arm,2010,d01,0
arm,2010,d02,0.682
arm,2010,d03,0.3472
arm,2010,d04,1.6293
arm,2010,d05,1.3294
arm,2010,d06,0.8034
arm,2010,d07,2.8798
arm,2010,d08,1.4339
arm,2010,d09,2.1589
arm,2010,d10,5.3157
arm,2015,d01,0.318
arm,2015,d02,0.4058
arm,2015,d03,2.1284
arm,2015,d04,0.7332
arm,2015,d05,1.4079
arm,2015,d06,0.7845
arm,2015,d07,0.4378
arm,2015,d08,2.6388
arm,2015,d09,1.9449
arm,2015,d10,1.4834
aze,2006,d01,0.6832
aze,2006,d02,0.5458
aze,2006,d03,0.8795
aze,2006,d04,0.1185
aze,2006,d05,1.9359
aze,2006,d06,0.7244
aze,2006,d07,0.4614
aze,2006,d08,0.7608
aze,2006,d09,1.8938
aze,2006,d10,5.3324
bdi,2005,d01,0
bdi,2005,d02,0.0208
bdi,2005,d03,0
bdi,2005,d04,0
bdi,2005,d05,0.3584
bdi,2005,d06,0
bdi,2005,d07,0
bdi,2005,d08,0.2245
bdi,2005,d09,0.0602
bdi,2005,d10,0.2747
bdi,2010,d01,0
bdi,2010,d02,0
bdi,2010,d03,0
bdi,2010,d04,0
bdi,2010,d05,0
bdi,2010,d06,0.2109
bdi,2010,d07,0
bdi,2010,d08,0.0112
bdi,2010,d09,0
bdi,2010,d10,0.3632
bdi,2016,d01,0.0445
bdi,2016,d02,0.0581
bdi,2016,d03,0.1027
bdi,2016,d04,0
bdi,2016,d05,0
bdi,2016,d06,0.0518
bdi,2016,d07,0.0499
bdi,2016,d08,0.332
bdi,2016,d09,0.1801
bdi,2016,d10,0.7832
ben,2006,d01,0.0528
ben,2006,d02,0.0279
ben,2006,d03,0.1134
ben,2006,d04,0.1869
ben,2006,d05,0
ben,2006,d06,0.0509
ben,2006,d07,0.1166
ben,2006,d08,0.4522
ben,2006,d09,0.1961
ben,2006,d10,0.2345
ben,2011,d01,0.2824
ben,2011,d02,0.0146
ben,2011,d03,0.0287
ben,2011,d04,0.0305
ben,2011,d05,0.043
ben,2011,d06,0
ben,2011,d07,0.1023
ben,2011,d08,0.2336
ben,2011,d09,0.0754
ben,2011,d10,0.5246
ben,2014,d01,0.2999
ben,2014,d02,0.3149
ben,2014,d03,0.1146
ben,2014,d04,0.3534
ben,2014,d05,0.0059
ben,2014,d06,0
ben,2014,d07,0
ben,2014,d08,0.148
ben,2014,d09,0.3498
ben,2014,d10,0.3517
ben,2017,d01,0.0435
ben,2017,d02,0.0233
ben,2017,d03,0.1287
ben,2017,d04,0.1999
ben,2017,d05,0.1211
ben,2017,d06,0.1725
ben,2017,d07,0.0662
ben,2017,d08,0.1174
ben,2017,d09,0.2979
ben,2017,d10,0.1025
bfa,2006,d01,0.4559
bfa,2006,d02,1.4517
bfa,2006,d03,1.7996
bfa,2006,d04,1.1157
bfa,2006,d05,0.5053
bfa,2006,d06,5.2576
bfa,2006,d07,2.0591
bfa,2006,d08,4.8483
bfa,2006,d09,1.4382
bfa,2006,d10,3.835
bfa,2010,d01,0.2334
bfa,2010,d02,0.1129
bfa,2010,d03,0.2482
bfa,2010,d04,0.141
bfa,2010,d05,0.1418
bfa,2010,d06,0.2442
bfa,2010,d07,0.3902
bfa,2010,d08,0.556
bfa,2010,d09,0.0538
bfa,2010,d10,1.7625
bgd,2006,d01,0.1184
bgd,2006,d02,0.4403
bgd,2006,d03,0.7259
bgd,2006,d04,0.8386
bgd,2006,d05,1.2254
bgd,2006,d06,1.2936
bgd,2006,d07,1.7053
bgd,2006,d08,1.9888
bgd,2006,d09,2.3503
bgd,2006,d10,9.4384
bgd,2007,d01,0.4203
bgd,2007,d02,0.1064
bgd,2007,d03,0.7485
bgd,2007,d04,0.8081
bgd,2007,d05,1.3949
bgd,2007,d06,1.4443
bgd,2007,d07,1.8595
bgd,2007,d08,3.133
bgd,2007,d09,3.0105
bgd,2007,d10,7.6561
bgd,2011,d01,0.5164
bgd,2011,d02,0.6345
bgd,2011,d03,0.8179
bgd,2011,d04,0.639
bgd,2011,d05,1.1377
bgd,2011,d06,2.4805
bgd,2011,d07,2.2573
bgd,2011,d08,4.2334
bgd,2011,d09,8.1169
bgd,2011,d10,25.5643
bgd,2012,d01,0.7635
bgd,2012,d02,0.5498
bgd,2012,d03,0.4795
bgd,2012,d04,0.5824
bgd,2012,d05,0.8192
bgd,2012,d06,0.7991
bgd,2012,d07,0.648
bgd,2012,d08,1.9776
bgd,2012,d09,4.4889
bgd,2012,d10,19.5595
bgd,2014,d01,0.2373
bgd,2014,d02,0.4267
bgd,2014,d03,0.9835
bgd,2014,d04,1.2209
bgd,2014,d05,1.2984
bgd,2014,d06,2.3993
bgd,2014,d07,2.322
bgd,2014,d08,3.6116
bgd,2014,d09,6.99
bgd,2014,d10,26.1996
bgd,2017,d01,1.4074
bgd,2017,d02,1.6662
bgd,2017,d03,1.9411
bgd,2017,d04,2.8381
bgd,2017,d05,2.0511
bgd,2017,d06,2.6948
bgd,2017,d07,4.2306
bgd,2017,d08,3.7569
bgd,2017,d09,8.4598
bgd,2017,d10,25.7034
bgd,2019,d01,0.9195
bgd,2019,d02,0.5493
bgd,2019,d03,0.4758
bgd,2019,d04,0.9769
bgd,2019,d05,1.834
bgd,2019,d06,2.5079
bgd,2019,d07,3.8962
bgd,2019,d08,4.6295
bgd,2019,d09,9.4898
bgd,2019,d10,35.8005
bih,2006,d01,0.258
bih,2006,d02,0.2166
bih,2006,d03,1.369
bih,2006,d04,0.5303
bih,2006,d05,1.1262
bih,2006,d06,1.1131
bih,2006,d07,1.3467
bih,2006,d08,1.0358
bih,2006,d09,0.6386
bih,2006,d10,1.0813
bih,2011,d01,0
bih,2011,d02,0.1392
bih,2011,d03,0.1548
bih,2011,d04,0.4106
bih,2011,d05,0.6215
bih,2011,d06,0.077
bih,2011,d07,0.6604
bih,2011,d08,0.7321
bih,2011,d09,0.8999
bih,2011,d10,1.7687
blr,2005,d01,0.8457
blr,2005,d02,1.3355
blr,2005,d03,5.2242
blr,2005,d04,9.7223
blr,2005,d05,9.4704
blr,2005,d06,15.0532
blr,2005,d07,17.2448
blr,2005,d08,20.1426
blr,2005,d09,27.2784
blr,2005,d10,39.3082
blr,2012,d01,3.783
blr,2012,d02,14.1773
blr,2012,d03,28.3823
blr,2012,d04,26.472
blr,2012,d05,30.387
blr,2012,d06,38.7429
blr,2012,d07,35.402
blr,2012,d08,45.0269
blr,2012,d09,49.3592
blr,2012,d10,62.9871
blr,2019,d01,12.1615
blr,2019,d02,20.8905
blr,2019,d03,30.4773
blr,2019,d04,35.0848
blr,2019,d05,26.2544
blr,2019,d06,33.064
blr,2019,d07,33.8148
blr,2019,d08,38.7042
blr,2019,d09,43.1938
blr,2019,d10,45.3401
blz,2006,d01,0
blz,2006,d02,1.4077
blz,2006,d03,1.2422
blz,2006,d04,0
blz,2006,d05,2.7474
blz,2006,d06,3.7502
blz,2006,d07,1.2348
blz,2006,d08,2.3677
blz,2006,d09,2.5898
blz,2006,d10,0.8594
blz,2011,d01,0.1475
blz,2011,d02,0.8352
blz,2011,d03,0
blz,2011,d04,2.3975
blz,2011,d05,0.5268
blz,2011,d06,1.5402
blz,2011,d07,1.5664
blz,2011,d08,1.0466
blz,2011,d09,3.6922
blz,2011,d10,2.3296
blz,2015,d01,0.7638
blz,2015,d02,1.0274
blz,2015,d03,0.4809
blz,2015,d04,2.007
blz,2015,d05,1.2683
blz,2015,d06,0.7896
blz,2015,d07,3.8938
blz,2015,d08,1.8805
blz,2015,d09,0.9152
blz,2015,d10,2.7839
bol,2008,d01,0.5012
bol,2008,d02,0.1515
bol,2008,d03,0.3299
bol,2008,d04,0.015
bol,2008,d05,0.1161
bol,2008,d06,0
bol,2008,d07,0
bol,2008,d08,0.0568
bol,2008,d09,0
bol,2008,d10,0.001
bra,2019,d01,23.0305
bra,2019,d02,26.9675
bra,2019,d03,26.7453
bra,2019,d04,31.1603
bra,2019,d05,36.3378
bra,2019,d06,43.479
bra,2019,d07,51.4431
bra,2019,d08,62.622
bra,2019,d09,70.1623
bra,2019,d10,78.5383
brb,2012,d01,2.7183
brb,2012,d02,4.3609
brb,2012,d03,9.7749
brb,2012,d04,12.1732
brb,2012,d05,8.872
brb,2012,d06,21.1329
brb,2012,d07,20.2121
brb,2012,d08,30.9023
brb,2012,d09,37.7188
brb,2012,d10,48.8709
btn,2010,d01,0.4596
btn,2010,d02,0.924
btn,2010,d03,1.7829
btn,2010,d04,3.0866
btn,2010,d05,5.3778
btn,2010,d06,12.6943
btn,2010,d07,24.4337
btn,2010,d08,37.3965
btn,2010,d09,64.0183
btn,2010,d10,81.4534
caf,2006,d01,0
caf,2006,d02,0
caf,2006,d03,0
caf,2006,d04,0
caf,2006,d05,0.0113
caf,2006,d06,0.196
caf,2006,d07,0.0309
caf,2006,d08,0.3265
caf,2006,d09,0.0397
caf,2006,d10,1.6286
caf,2010,d01,0.0151
caf,2010,d02,0
caf,2010,d03,0
caf,2010,d04,0
caf,2010,d05,0
caf,2010,d06,0.0974
caf,2010,d07,0
caf,2010,d08,0
caf,2010,d09,0.2988
caf,2010,d10,1.8972
caf,2018,d01,0
caf,2018,d02,0
caf,2018,d03,0
caf,2018,d04,0.004
caf,2018,d05,0
caf,2018,d06,0.068
caf,2018,d07,0
caf,2018,d08,0.2831
caf,2018,d09,0.4424
caf,2018,d10,3.1032
civ,2006,d01,0.6406
civ,2006,d02,0.092
civ,2006,d03,0.1763
civ,2006,d04,0.3672
civ,2006,d05,0.1937
civ,2006,d06,0.1474
civ,2006,d07,1.5027
civ,2006,d08,1.5427
civ,2006,d09,0.4359
civ,2006,d10,1.1113
civ,2011,d01,0.4993
civ,2011,d02,0.4824
civ,2011,d03,0.1573
civ,2011,d04,0.4538
civ,2011,d05,0.4389
civ,2011,d06,0.0827
civ,2011,d07,0.7014
civ,2011,d08,0.4351
civ,2011,d09,0.7835
civ,2011,d10,1.0177
civ,2016,d01,0.3926
civ,2016,d02,0.493
civ,2016,d03,0.5751
civ,2016,d04,0.6867
civ,2016,d05,0.6154
civ,2016,d06,0.0803
civ,2016,d07,1.2021
civ,2016,d08,0.3111
civ,2016,d09,0.2017
civ,2016,d10,2.9995
cmr,2006,d01,0
cmr,2006,d02,0
cmr,2006,d03,0
cmr,2006,d04,0
cmr,2006,d05,0.3243
cmr,2006,d06,0.0876
cmr,2006,d07,0.5745
cmr,2006,d08,1.1093
cmr,2006,d09,3.7115
cmr,2006,d10,10.4777
cmr,2011,d01,0
cmr,2011,d02,0.1539
cmr,2011,d03,0.1883
cmr,2011,d04,0.3944
cmr,2011,d05,0.2209
cmr,2011,d06,0.6102
cmr,2011,d07,0.7474
cmr,2011,d08,1.1336
cmr,2011,d09,4.2945
cmr,2011,d10,16.8857
cmr,2014,d01,0.0587
cmr,2014,d02,0.5556
cmr,2014,d03,0
cmr,2014,d04,0.1993
cmr,2014,d05,0.4142
cmr,2014,d06,0.1728
cmr,2014,d07,0.6345
cmr,2014,d08,3.5324
cmr,2014,d09,5.0829
cmr,2014,d10,24.0876
cmr,2018,d01,0.1592
cmr,2018,d02,0.0974
cmr,2018,d03,0.018
cmr,2018,d04,0.907
cmr,2018,d05,0.4371
cmr,2018,d06,0.8728
cmr,2018,d07,2.945
cmr,2018,d08,6.6059
cmr,2018,d09,9.162
cmr,2018,d10,21.0626
cod,2010,d01,0
cod,2010,d02,0.0401
cod,2010,d03,0
cod,2010,d04,0
cod,2010,d05,0
cod,2010,d06,0.0469
cod,2010,d07,0.2022
cod,2010,d08,0.1394
cod,2010,d09,0.1463
cod,2010,d10,1.6967
cod,2013,d01,0
cod,2013,d02,0.1992
cod,2013,d03,0
cod,2013,d04,0
cod,2013,d05,0.0378
cod,2013,d06,0.1865
cod,2013,d07,0
cod,2013,d08,0
cod,2013,d09,0.0639
cod,2013,d10,0.2308
cod,2017,d01,0
cod,2017,d02,0
cod,2017,d03,0
cod,2017,d04,0
cod,2017,d05,0
cod,2017,d06,0.0026
cod,2017,d07,0.4382
cod,2017,d08,0
cod,2017,d09,1.3645
cod,2017,d10,1.2834
cog,2011,d01,0.0883
cog,2011,d02,0.0257
cog,2011,d03,0.0545
cog,2011,d04,0
cog,2011,d05,0
cog,2011,d06,0.0808
cog,2011,d07,0.0278
cog,2011,d08,0.0119
cog,2011,d09,1.2783
cog,2011,d10,3.0515
cog,2014,d01,0.0279
cog,2014,d02,0.0401
cog,2014,d03,0.1147
cog,2014,d04,0.3782
cog,2014,d05,0.5683
cog,2014,d06,0.3378
cog,2014,d07,1.4576
cog,2014,d08,2.3223
cog,2014,d09,4.0749
cog,2014,d10,6.5255
com,2012,d01,0
com,2012,d02,0
com,2012,d03,0
com,2012,d04,0
com,2012,d05,0
com,2012,d06,0
com,2012,d07,0.2794
com,2012,d08,0
com,2012,d09,0
com,2012,d10,0.5975
cri,2011,d01,0.4053
cri,2011,d02,0.3417
cri,2011,d03,1.5059
cri,2011,d04,0.9179
cri,2011,d05,2.5361
cri,2011,d06,1.9394
cri,2011,d07,2.2982
cri,2011,d08,5.1613
cri,2011,d09,6.479
cri,2011,d10,10.4413
cub,2019,d01,2.2804
cub,2019,d02,2.7899
cub,2019,d03,2.877
cub,2019,d04,4.5754
cub,2019,d05,4.3491
cub,2019,d06,6.6884
cub,2019,d07,9.0161
cub,2019,d08,11.2305
cub,2019,d09,13.7365
cub,2019,d10,26.0321
dom,2014,d01,1.0216
dom,2014,d02,1.2955
dom,2014,d03,0.6862
dom,2014,d04,1.2086
dom,2014,d05,0.5493
dom,2014,d06,0.6028
dom,2014,d07,0.5453
dom,2014,d08,0.6793
dom,2014,d09,0.6477
dom,2014,d10,0.5211
dom,2019,d01,0.3612
dom,2019,d02,0.3621
dom,2019,d03,0.5151
dom,2019,d04,0.2772
dom,2019,d05,0.3077
dom,2019,d06,0.2026
dom,2019,d07,0.3176
dom,2019,d08,0.2722
dom,2019,d09,0.5872
dom,2019,d10,1.0287
dza,2012,d01,0.1564
dza,2012,d02,0.2584
dza,2012,d03,0.4649
dza,2012,d04,0.1747
dza,2012,d05,0.1481
dza,2012,d06,0.0751
dza,2012,d07,0.0992
dza,2012,d08,0
dza,2012,d09,0.0258
dza,2012,d10,0.3684
dza,2018,d01,0.0296
dza,2018,d02,0.0823
dza,2018,d03,0.0723
dza,2018,d04,0.0615
dza,2018,d05,0
dza,2018,d06,0.0743
dza,2018,d07,0.0639
dza,2018,d08,0.061
dza,2018,d09,0.2521
dza,2018,d10,1.3066
egy,2005,d01,0
egy,2005,d02,0.0992
egy,2005,d03,0.0194
egy,2005,d04,0.2046
egy,2005,d05,0.1162
egy,2005,d06,0.4604
egy,2005,d07,1.0245
egy,2005,d08,1.9916
egy,2005,d09,4.3299
egy,2005,d10,16.805
egy,2008,d01,0
egy,2008,d02,0
egy,2008,d03,0.1794
egy,2008,d04,0.5017
egy,2008,d05,0.3934
egy,2008,d06,0.7056
egy,2008,d07,1.6276
egy,2008,d08,2.6913
egy,2008,d09,3.4938
egy,2008,d10,15.0239
egy,2014,d01,4.6748
egy,2014,d02,2.7694
egy,2014,d03,3.2227
egy,2014,d04,4.4703
egy,2014,d05,7.4452
egy,2014,d06,11.3354
egy,2014,d07,14.8799
egy,2014,d08,6.6623
egy,2014,d09,10.4549
egy,2014,d10,31.6035
eth,2005,d01,0.7211
eth,2005,d02,0
eth,2005,d03,0.5906
eth,2005,d04,0.6072
eth,2005,d05,0.0886
eth,2005,d06,0.3933
eth,2005,d07,0.3234
eth,2005,d08,0.2512
eth,2005,d09,0.1265
eth,2005,d10,0.8791
eth,2011,d01,0.0265
eth,2011,d02,0.0817
eth,2011,d03,0.0062
eth,2011,d04,0.0116
eth,2011,d05,0.264
eth,2011,d06,0.123
eth,2011,d07,0.5353
eth,2011,d08,0.2668
eth,2011,d09,0.0227
eth,2011,d10,1.1032
eth,2016,d01,0.6881
eth,2016,d02,0.7232
eth,2016,d03,0.5425
eth,2016,d04,0.7106
eth,2016,d05,0.7897
eth,2016,d06,2.0637
eth,2016,d07,0.7021
eth,2016,d08,1.453
eth,2016,d09,0.7528
eth,2016,d10,3.2303
gab,2012,d01,0.118
gab,2012,d02,0.0288
gab,2012,d03,0.0534
gab,2012,d04,0
gab,2012,d05,0.1506
gab,2012,d06,0.9609
gab,2012,d07,0.3276
gab,2012,d08,1.004
gab,2012,d09,1.8755
gab,2012,d10,7.5045
geo,2005,d01,0
geo,2005,d02,0.1849
geo,2005,d03,0
geo,2005,d04,0
geo,2005,d05,0
geo,2005,d06,0.0679
geo,2005,d07,0.426
geo,2005,d08,0.0315
geo,2005,d09,0.292
geo,2005,d10,0.6392
geo,2018,d01,0.6196
geo,2018,d02,1.3752
geo,2018,d03,2.0399
geo,2018,d04,2.8438
geo,2018,d05,4.0964
geo,2018,d06,2.8816
geo,2018,d07,2.4935
geo,2018,d08,2.3539
geo,2018,d09,4.5712
geo,2018,d10,7.6976
gha,2006,d01,0.9678
gha,2006,d02,2.2536
gha,2006,d03,1.2309
gha,2006,d04,0.14
gha,2006,d05,0.2188
gha,2006,d06,0.7639
gha,2006,d07,0
gha,2006,d08,0.5853
gha,2006,d09,2.2262
gha,2006,d10,2.1295
gha,2008,d01,1.7004
gha,2008,d02,1.3025
gha,2008,d03,0.7477
gha,2008,d04,0.6719
gha,2008,d05,0.2249
gha,2008,d06,0.3399
gha,2008,d07,0.5968
gha,2008,d08,0
gha,2008,d09,0.5197
gha,2008,d10,4.5854
gha,2011,d01,1.1952
gha,2011,d02,2.0668
gha,2011,d03,1.2433
gha,2011,d04,0.3177
gha,2011,d05,0.4753
gha,2011,d06,0.3643
gha,2011,d07,0.2329
gha,2011,d08,0.2403
gha,2011,d09,0.7864
gha,2011,d10,2.5395
gha,2014,d01,0
gha,2014,d02,0.435
gha,2014,d03,0.1318
gha,2014,d04,0.1997
gha,2014,d05,0.3882
gha,2014,d06,0.1195
gha,2014,d07,0.4989
gha,2014,d08,0.0842
gha,2014,d09,0.4191
gha,2014,d10,3.5245
gha,2017,d01,0.2709
gha,2017,d02,0.5169
gha,2017,d03,0.12
gha,2017,d04,0.0999
gha,2017,d05,0.2318
gha,2017,d06,0.1476
gha,2017,d07,0.1291
gha,2017,d08,0.1256
gha,2017,d09,0.5023
gha,2017,d10,1.3532
gin,2012,d01,0.1218
gin,2012,d02,0.3537
gin,2012,d03,0.0917
gin,2012,d04,0.071
gin,2012,d05,0.6218
gin,2012,d06,0.023
gin,2012,d07,0.2898
gin,2012,d08,0.6395
gin,2012,d09,0.1236
gin,2012,d10,1.0469
gin,2016,d01,0.7636
gin,2016,d02,0.7646
gin,2016,d03,1.2127
gin,2016,d04,1.4098
gin,2016,d05,0.5418
gin,2016,d06,0.9057
gin,2016,d07,0.7125
gin,2016,d08,0.2691
gin,2016,d09,0.7831
gin,2016,d10,0.5019
gin,2018,d01,0.1909
gin,2018,d02,0
gin,2018,d03,0
gin,2018,d04,0.0421
gin,2018,d05,0.1514
gin,2018,d06,0.2271
gin,2018,d07,0.8707
gin,2018,d08,0
gin,2018,d09,0.2692
gin,2018,d10,0.4421
gmb,2005,d01,0.0626
gmb,2005,d02,0
gmb,2005,d03,0
gmb,2005,d04,0.0474
gmb,2005,d05,0.4183
gmb,2005,d06,0
gmb,2005,d07,0.2049
gmb,2005,d08,0.2839
gmb,2005,d09,0.1367
gmb,2005,d10,0.9116
gmb,2010,d01,0
gmb,2010,d02,0.0916
gmb,2010,d03,0
gmb,2010,d04,0.0357
gmb,2010,d05,0
gmb,2010,d06,0
gmb,2010,d07,0
gmb,2010,d08,0.1845
gmb,2010,d09,0
gmb,2010,d10,0.5187
gmb,2013,d01,0.1055
gmb,2013,d02,0
gmb,2013,d03,0
gmb,2013,d04,0.1492
gmb,2013,d05,0
gmb,2013,d06,0
gmb,2013,d07,0.2954
gmb,2013,d08,0.4873
gmb,2013,d09,0
gmb,2013,d10,0.2817
gmb,2018,d01,1.1469
gmb,2018,d02,0.4515
gmb,2018,d03,0.6028
gmb,2018,d04,0.301
gmb,2018,d05,0.1661
gmb,2018,d06,0.5454
gmb,2018,d07,0
gmb,2018,d08,0.4469
gmb,2018,d09,0.0531
gmb,2018,d10,0.1266
gmb,2019,d01,0.7771
gmb,2019,d02,1.9326
gmb,2019,d03,1.221
gmb,2019,d04,0.3753
gmb,2019,d05,0.411
gmb,2019,d06,0
gmb,2019,d07,0.0891
gmb,2019,d08,0.0238
gmb,2019,d09,0.0079
gmb,2019,d10,0.5296
gnb,2006,d01,0
gnb,2006,d02,0
gnb,2006,d03,0
gnb,2006,d04,0
gnb,2006,d05,0
gnb,2006,d06,0
gnb,2006,d07,0.0973
gnb,2006,d08,0.1796
gnb,2006,d09,0.3794
gnb,2006,d10,1.4784
gnb,2014,d01,0.072
gnb,2014,d02,0.1163
gnb,2014,d03,0
gnb,2014,d04,0.2429
gnb,2014,d05,0.0256
gnb,2014,d06,0
gnb,2014,d07,0.3967
gnb,2014,d08,0.4028
gnb,2014,d09,0.9725
gnb,2014,d10,1.4735
gnb,2018,d01,0.0508
gnb,2018,d02,0
gnb,2018,d03,0
gnb,2018,d04,0
gnb,2018,d05,0
gnb,2018,d06,0.7992
gnb,2018,d07,0.1971
gnb,2018,d08,0.8764
gnb,2018,d09,0.3046
gnb,2018,d10,1.8042
gtm,2014,d01,2.1904
gtm,2014,d02,3.4815
gtm,2014,d03,2.6546
gtm,2014,d04,4.2107
gtm,2014,d05,3.4552
gtm,2014,d06,3.7534
gtm,2014,d07,3.9691
gtm,2014,d08,3.2554
gtm,2014,d09,5.2271
gtm,2014,d10,8.5463
guy,2006,d01,0
guy,2006,d02,0.3422
guy,2006,d03,1.5408
guy,2006,d04,0.0674
guy,2006,d05,1.1238
guy,2006,d06,0.5581
guy,2006,d07,1.3067
guy,2006,d08,1.646
guy,2006,d09,1.7672
guy,2006,d10,6.022
guy,2009,d01,0.0935
guy,2009,d02,0
guy,2009,d03,0.802
guy,2009,d04,0
guy,2009,d05,0.5661
guy,2009,d06,0.2913
guy,2009,d07,0.8087
guy,2009,d08,1.1355
guy,2009,d09,1.5247
guy,2009,d10,1.8644
guy,2014,d01,0.0165
guy,2014,d02,0.3755
guy,2014,d03,0.2976
guy,2014,d04,0.9363
guy,2014,d05,0.4225
guy,2014,d06,1.2374
guy,2014,d07,1.6077
guy,2014,d08,2.9493
guy,2014,d09,1.8676
guy,2014,d10,8.5076
guy,2019,d01,0.0701
guy,2019,d02,0.7247
guy,2019,d03,0.1356
guy,2019,d04,0.9744
guy,2019,d05,1.3404
guy,2019,d06,0.5134
guy,2019,d07,0.5535
guy,2019,d08,1.6209
guy,2019,d09,1.2051
guy,2019,d10,2.0617
hnd,2005,d01,0.3235
hnd,2005,d02,0.6341
hnd,2005,d03,0.8979
hnd,2005,d04,1.6893
hnd,2005,d05,0.4504
hnd,2005,d06,0.8028
hnd,2005,d07,0.7627
hnd,2005,d08,0.8038
hnd,2005,d09,1.4747
hnd,2005,d10,5.0361
hnd,2011,d01,2.502
hnd,2011,d02,3.2743
hnd,2011,d03,4.5144
hnd,2011,d04,3.672
hnd,2011,d05,3.1737
hnd,2011,d06,1.9005
hnd,2011,d07,1.3422
hnd,2011,d08,0.7449
hnd,2011,d09,1.7229
hnd,2011,d10,4.2165
hnd,2019,d01,5.0704
hnd,2019,d02,5.7204
hnd,2019,d03,8.5297
hnd,2019,d04,6.354
hnd,2019,d05,4.0994
hnd,2019,d06,3.6
hnd,2019,d07,1.9477
hnd,2019,d08,1.919
hnd,2019,d09,1.6045
hnd,2019,d10,3.0995
hti,2005,d01,0.8354
hti,2005,d02,0.539
hti,2005,d03,1.2415
hti,2005,d04,1.0401
hti,2005,d05,1.4057
hti,2005,d06,0.6113
hti,2005,d07,1.3651
hti,2005,d08,0.5592
hti,2005,d09,0.6456
hti,2005,d10,0.4156
hti,2012,d01,0.4904
hti,2012,d02,1.5651
hti,2012,d03,2.7244
hti,2012,d04,3.0313
hti,2012,d05,1.7811
hti,2012,d06,1.2219
hti,2012,d07,0.6414
hti,2012,d08,1.1922
hti,2012,d09,0.4357
hti,2012,d10,0.5849
hti,2016,d01,1.5489
hti,2016,d02,2.0245
hti,2016,d03,3.1389
hti,2016,d04,3.6354
hti,2016,d05,2.6704
hti,2016,d06,1.7715
hti,2016,d07,1.0571
hti,2016,d08,0.9519
hti,2016,d09,1.4044
hti,2016,d10,1.3219
idn,2007,d01,3.7275
idn,2007,d02,3.7754
idn,2007,d03,4.8325
idn,2007,d04,5.5585
idn,2007,d05,5.0799
idn,2007,d06,4.2695
idn,2007,d07,4.6977
idn,2007,d08,3.1899
idn,2007,d09,4.3767
idn,2007,d10,3.781
idn,2012,d01,1.381
idn,2012,d02,2.6425
idn,2012,d03,2.6663
idn,2012,d04,2.7084
idn,2012,d05,3.7706
idn,2012,d06,1.9468
idn,2012,d07,1.5497
idn,2012,d08,1.7866
idn,2012,d09,1.996
idn,2012,d10,2.7155
idn,2017,d01,1.7597
idn,2017,d02,1.2171
idn,2017,d03,1.8449
idn,2017,d04,1.2492
idn,2017,d05,1.6588
idn,2017,d06,0.8132
idn,2017,d07,1.0625
idn,2017,d08,1.1314
idn,2017,d09,2.0052
idn,2017,d10,3.1881
ind,2005,d01,0.6261
ind,2005,d02,1.1861
ind,2005,d03,1.8191
ind,2005,d04,1.9316
ind,2005,d05,2.502
ind,2005,d06,3.2244
ind,2005,d07,4.1227
ind,2005,d08,7.1489
ind,2005,d09,13.0236
ind,2005,d10,24.6654
ind,2015,d01,0.3749
ind,2015,d02,1.0137
ind,2015,d03,1.8091
ind,2015,d04,2.6622
ind,2015,d05,2.6876
ind,2015,d06,3.5739
ind,2015,d07,5.7242
ind,2015,d08,9.0572
ind,2015,d09,14.6254
ind,2015,d10,20.6024
ind,2019,d01,1.367
ind,2019,d02,3.04
ind,2019,d03,3.6198
ind,2019,d04,3.6239
ind,2019,d05,4.2774
ind,2019,d06,5.2456
ind,2019,d07,6.7514
ind,2019,d08,8.5548
ind,2019,d09,12.5274
ind,2019,d10,17.5136
irq,2011,d01,0.4986
irq,2011,d02,2.105
irq,2011,d03,2.1731
irq,2011,d04,3.6385
irq,2011,d05,4.1852
irq,2011,d06,5.5952
irq,2011,d07,7.813
irq,2011,d08,10.8879
irq,2011,d09,13.3684
irq,2011,d10,14.762
irq,2018,d01,0.7032
irq,2018,d02,0.7398
irq,2018,d03,0.9936
irq,2018,d04,2.4989
irq,2018,d05,3.9489
irq,2018,d06,6.2158
irq,2018,d07,6.2089
irq,2018,d08,11.7499
irq,2018,d09,18.1389
irq,2018,d10,27.4377
jam,2011,d01,0
jam,2011,d02,0.2023
jam,2011,d03,0.1851
jam,2011,d04,0.2421
jam,2011,d05,0.5358
jam,2011,d06,1.924
jam,2011,d07,1.7098
jam,2011,d08,5.2157
jam,2011,d09,6.428
jam,2011,d10,19.1302
jor,2007,d01,2.6462
jor,2007,d02,4.6282
jor,2007,d03,9.5907
jor,2007,d04,8.7694
jor,2007,d05,13.3526
jor,2007,d06,14.1537
jor,2007,d07,19.0565
jor,2007,d08,28.4863
jor,2007,d09,30.0213
jor,2007,d10,35.8628
jor,2012,d01,10.3691
jor,2012,d02,15.6093
jor,2012,d03,19.8132
jor,2012,d04,21.7354
jor,2012,d05,21.9919
jor,2012,d06,26.5356
jor,2012,d07,27.0539
jor,2012,d08,31.9517
jor,2012,d09,32.1605
jor,2012,d10,38.7427
jor,2017,d01,13.6674
jor,2017,d02,17.8016
jor,2017,d03,18.933
jor,2017,d04,21.9672
jor,2017,d05,24.011
jor,2017,d06,30.5203
jor,2017,d07,35.6941
jor,2017,d08,38.3449
jor,2017,d09,47.3554
jor,2017,d10,56.9511
kaz,2006,d01,0
kaz,2006,d02,0
kaz,2006,d03,0.238
kaz,2006,d04,0.258
kaz,2006,d05,0.6667
kaz,2006,d06,0.8145
kaz,2006,d07,3.6952
kaz,2006,d08,7.949
kaz,2006,d09,10.7081
kaz,2006,d10,17.049
kaz,2010,d01,0.4308
kaz,2010,d02,0.7494
kaz,2010,d03,1.0571
kaz,2010,d04,3.655
kaz,2010,d05,6.0217
kaz,2010,d06,7.7474
kaz,2010,d07,14.6062
kaz,2010,d08,22.3046
kaz,2010,d09,29.0442
kaz,2010,d10,38.1947
kaz,2015,d01,3.7672
kaz,2015,d02,6.6285
kaz,2015,d03,8.6828
kaz,2015,d04,10.6642
kaz,2015,d05,17.199
kaz,2015,d06,25.6574
kaz,2015,d07,33.9599
kaz,2015,d08,41.0026
kaz,2015,d09,47.9234
kaz,2015,d10,62.944
ken,2008,d01,0.1567
ken,2008,d02,0.4172
ken,2008,d03,0.1624
ken,2008,d04,0.6091
ken,2008,d05,0.3329
ken,2008,d06,0.2692
ken,2008,d07,1.5112
ken,2008,d08,1.3135
ken,2008,d09,0.3395
ken,2008,d10,2.6697
ken,2014,d01,1.1459
ken,2014,d02,2.9646
ken,2014,d03,4.0219
ken,2014,d04,5.2222
ken,2014,d05,4.6026
ken,2014,d06,5.462
ken,2014,d07,3.3122
ken,2014,d08,1.0449
ken,2014,d09,1.3861
ken,2014,d10,2.415
kgz,2005,d01,0
kgz,2005,d02,0
kgz,2005,d03,0
kgz,2005,d04,0
kgz,2005,d05,0
kgz,2005,d06,0
kgz,2005,d07,0.9749
kgz,2005,d08,0
kgz,2005,d09,0.7684
kgz,2005,d10,1.2831
kgz,2012,d01,0.1686
kgz,2012,d02,0.1118
kgz,2012,d03,0.4267
kgz,2012,d04,0
kgz,2012,d05,0.0092
kgz,2012,d06,0.0532
kgz,2012,d07,1.0239
kgz,2012,d08,1.0665
kgz,2012,d09,2.3998
kgz,2012,d10,2.6926
kgz,2014,d01,0.2603
kgz,2014,d02,0.6282
kgz,2014,d03,0.2519
kgz,2014,d04,0.3181
kgz,2014,d05,0.4412
kgz,2014,d06,0.1543
kgz,2014,d07,0.9455
kgz,2014,d08,1.8331
kgz,2014,d09,4.3343
kgz,2014,d10,6.6939
kgz,2018,d01,0
kgz,2018,d02,0.1852
kgz,2018,d03,1.7512
kgz,2018,d04,2.4535
kgz,2018,d05,3.2198
kgz,2018,d06,3.3135
kgz,2018,d07,5.1676
kgz,2018,d08,8.6719
kgz,2018,d09,15.9908
kgz,2018,d10,30.4216
khm,2005,d01,0.711
khm,2005,d02,0.777
khm,2005,d03,1.3082
khm,2005,d04,1.1786
khm,2005,d05,1.5556
khm,2005,d06,1.8781
khm,2005,d07,3.0203
khm,2005,d08,3.3046
khm,2005,d09,4.1429
khm,2005,d10,3.9549
khm,2010,d01,7.2787
khm,2010,d02,8.384
khm,2010,d03,8.7631
khm,2010,d04,10.3066
khm,2010,d05,10.1728
khm,2010,d06,12.8715
khm,2010,d07,11.5715
khm,2010,d08,10.9367
khm,2010,d09,12.4209
khm,2010,d10,18.2111
khm,2014,d01,17.4325
khm,2014,d02,16.1291
khm,2014,d03,15.2685
khm,2014,d04,16.9979
khm,2014,d05,18.062
khm,2014,d06,16.6672
khm,2014,d07,15.9018
khm,2014,d08,17.6471
khm,2014,d09,14.1977
khm,2014,d10,20.7488
kir,2018,d01,1.0635
kir,2018,d02,0.903
kir,2018,d03,2.5534
kir,2018,d04,2.0543
kir,2018,d05,0.7802
kir,2018,d06,1.2704
kir,2018,d07,1.2707
kir,2018,d08,2.44
kir,2018,d09,4.7339
kir,2018,d10,3.5826
kos,2013,d01,0.3386
kos,2013,d02,0.8025
kos,2013,d03,1.7937
kos,2013,d04,0.0389
kos,2013,d05,1.0458
kos,2013,d06,0.6544
kos,2013,d07,1.5318
kos,2013,d08,1.5394
kos,2013,d09,2.9676
kos,2013,d10,6.0266
kos,2019,d01,0
kos,2019,d02,0.7717
kos,2019,d03,0.7709
kos,2019,d04,3.0785
kos,2019,d05,2.4415
kos,2019,d06,3.6274
kos,2019,d07,3.0043
kos,2019,d08,3.3005
kos,2019,d09,4.0897
kos,2019,d10,7.4045
lao,2006,d01,0
lao,2006,d02,0
lao,2006,d03,0.0953
lao,2006,d04,0.1903
lao,2006,d05,0.3363
lao,2006,d06,0.464
lao,2006,d07,0.7898
lao,2006,d08,1.2681
lao,2006,d09,2.5305
lao,2006,d10,7.6334
lao,2011,d01,1.1843
lao,2011,d02,1.3515
lao,2011,d03,1.0087
lao,2011,d04,1.178
lao,2011,d05,1.2505
lao,2011,d06,0.9875
lao,2011,d07,1.5465
lao,2011,d08,1.3333
lao,2011,d09,2.656
lao,2011,d10,5.0539
lao,2017,d01,0.4399
lao,2017,d02,1.2796
lao,2017,d03,2.6903
lao,2017,d04,3.0041
lao,2017,d05,4.1776
lao,2017,d06,4.7386
lao,2017,d07,4.4147
lao,2017,d08,4.4975
lao,2017,d09,4.5537
lao,2017,d10,7.8256
lbr,2007,d01,0.0233
lbr,2007,d02,0.0033
lbr,2007,d03,0.02
lbr,2007,d04,0.01
lbr,2007,d05,0.0131
lbr,2007,d06,0
lbr,2007,d07,0.0531
lbr,2007,d08,0
lbr,2007,d09,0.0416
lbr,2007,d10,0
lbr,2013,d01,0
lbr,2013,d02,0.194
lbr,2013,d03,0.0995
lbr,2013,d04,0.0813
lbr,2013,d05,0.0044
lbr,2013,d06,0
lbr,2013,d07,0.0693
lbr,2013,d08,0
lbr,2013,d09,0.0345
lbr,2013,d10,0.0583
lbr,2019,d01,5.105
lbr,2019,d02,3.8116
lbr,2019,d03,3.1903
lbr,2019,d04,3.0749
lbr,2019,d05,1.1941
lbr,2019,d06,0.6604
lbr,2019,d07,0.7483
lbr,2019,d08,0.7779
lbr,2019,d09,1.2098
lbr,2019,d10,0.1721
lca,2012,d01,0.5105
lca,2012,d02,1.2124
lca,2012,d03,8.6243
lca,2012,d04,8.1716
lca,2012,d05,11.1155
lca,2012,d06,18.7244
lca,2012,d07,18.9682
lca,2012,d08,24.0251
lca,2012,d09,21.8965
lca,2012,d10,37.3535
lso,2009,d01,0.0413
lso,2009,d02,0.1398
lso,2009,d03,0.1219
lso,2009,d04,0
lso,2009,d05,0.0628
lso,2009,d06,0
lso,2009,d07,0
lso,2009,d08,0
lso,2009,d09,0
lso,2009,d10,0.2309
lso,2014,d01,0.1809
lso,2014,d02,0.0138
lso,2014,d03,0
lso,2014,d04,0
lso,2014,d05,0.0948
lso,2014,d06,0
lso,2014,d07,0
lso,2014,d08,0
lso,2014,d09,0
lso,2014,d10,1.9382
lso,2018,d01,0.3296
lso,2018,d02,0
lso,2018,d03,0.1064
lso,2018,d04,0
lso,2018,d05,0.1397
lso,2018,d06,0.1346
lso,2018,d07,0
lso,2018,d08,0
lso,2018,d09,0
lso,2018,d10,2.0799
mda,2012,d01,0.2815
mda,2012,d02,1.4895
mda,2012,d03,1.9154
mda,2012,d04,3.4341
mda,2012,d05,7.0978
mda,2012,d06,13.3378
mda,2012,d07,18.5735
mda,2012,d08,31.1466
mda,2012,d09,40.1186
mda,2012,d10,51.4219
mdg,2008,d01,0.3482
mdg,2008,d02,0.1668
mdg,2008,d03,0.1777
mdg,2008,d04,0.1404
mdg,2008,d05,0.2533
mdg,2008,d06,0.4033
mdg,2008,d07,0
mdg,2008,d08,0.2962
mdg,2008,d09,0.637
mdg,2008,d10,0.533
mdg,2018,d01,0.018
mdg,2018,d02,0.0284
mdg,2018,d03,0
mdg,2018,d04,0
mdg,2018,d05,0.1201
mdg,2018,d06,0.0515
mdg,2018,d07,0.0191
mdg,2018,d08,0.16
mdg,2018,d09,0.599
mdg,2018,d10,5.7163
mdv,2009,d01,2.6955
mdv,2009,d02,2.3133
mdv,2009,d03,3.0973
mdv,2009,d04,2.6913
mdv,2009,d05,2.458
mdv,2009,d06,5.2077
mdv,2009,d07,5.5484
mdv,2009,d08,6.1455
mdv,2009,d09,10.1933
mdv,2009,d10,9.1704
mdv,2016,d01,22.218
mdv,2016,d02,23.2791
mdv,2016,d03,24.1535
mdv,2016,d04,21.4117
mdv,2016,d05,19.1237
mdv,2016,d06,15.6445
mdv,2016,d07,9.4968
mdv,2016,d08,13.5267
mdv,2016,d09,14.7197
mdv,2016,d10,8.6788
mex,2015,d01,0.1216
mex,2015,d02,0.054
mex,2015,d03,0.3817
mex,2015,d04,0.7785
mex,2015,d05,2.3539
mex,2015,d06,2.2011
mex,2015,d07,1.3958
mex,2015,d08,5.0471
mex,2015,d09,3.1522
mex,2015,d10,5.8536
mkd,2005,d01,4.1175
mkd,2005,d02,6.0071
mkd,2005,d03,0.9617
mkd,2005,d04,1.6312
mkd,2005,d05,0.5325
mkd,2005,d06,3.7321
mkd,2005,d07,2.9091
mkd,2005,d08,3.343
mkd,2005,d09,2.9316
mkd,2005,d10,6.5243
mkd,2011,d01,0.3059
mkd,2011,d02,0
mkd,2011,d03,0.2019
mkd,2011,d04,1.043
mkd,2011,d05,0.6293
mkd,2011,d06,0.7055
mkd,2011,d07,2.4486
mkd,2011,d08,1.9951
mkd,2011,d09,2.0171
mkd,2011,d10,7.4744
mli,2006,d01,3.316
mli,2006,d02,2.7921
mli,2006,d03,4.3612
mli,2006,d04,2.6663
mli,2006,d05,2.8819
mli,2006,d06,3.0135
mli,2006,d07,3.8302
mli,2006,d08,1.5782
mli,2006,d09,0.9953
mli,2006,d10,0.4776
mli,2009,d01,0.9741
mli,2009,d02,0.9431
mli,2009,d03,0.8969
mli,2009,d04,0.1291
mli,2009,d05,0.886
mli,2009,d06,0.1767
mli,2009,d07,0.2475
mli,2009,d08,0.4152
mli,2009,d09,0.2169
mli,2009,d10,0.8589
mli,2012,d01,0.6319
mli,2012,d02,0.1222
mli,2012,d03,0.5724
mli,2012,d04,0.2269
mli,2012,d05,0.4552
mli,2012,d06,0.4471
mli,2012,d07,0.6443
mli,2012,d08,0.2074
mli,2012,d09,0.1335
mli,2012,d10,0.0412
mli,2015,d01,0.663
mli,2015,d02,0.2149
mli,2015,d03,0.0783
mli,2015,d04,0.4369
mli,2015,d05,0.0721
mli,2015,d06,0.5084
mli,2015,d07,0.074
mli,2015,d08,0.7312
mli,2015,d09,0.3037
mli,2015,d10,0.279
mli,2018,d01,0.4479
mli,2018,d02,0.3381
mli,2018,d03,0.2708
mli,2018,d04,1.0976
mli,2018,d05,0.7475
mli,2018,d06,0.4018
mli,2018,d07,0.1529
mli,2018,d08,0.4182
mli,2018,d09,0.1848
mli,2018,d10,0.7037
mmr,2015,d01,8.0674
mmr,2015,d02,10.3195
mmr,2015,d03,8.3093
mmr,2015,d04,9.9661
mmr,2015,d05,8.211
mmr,2015,d06,8.9757
mmr,2015,d07,8.6226
mmr,2015,d08,8.8847
mmr,2015,d09,7.5486
mmr,2015,d10,6.6258
mne,2005,d01,0
mne,2005,d02,0
mne,2005,d03,0.2653
mne,2005,d04,1.6236
mne,2005,d05,0
mne,2005,d06,0.6988
mne,2005,d07,0.2661
mne,2005,d08,2.0123
mne,2005,d09,2.2747
mne,2005,d10,2.6563
mne,2013,d01,0.5324
mne,2013,d02,1.0967
mne,2013,d03,0.2269
mne,2013,d04,0.6965
mne,2013,d05,2.099
mne,2013,d06,1.9255
mne,2013,d07,2.9429
mne,2013,d08,2.3497
mne,2013,d09,2.6847
mne,2013,d10,5.7531
mne,2018,d01,0
mne,2018,d02,0
mne,2018,d03,0
mne,2018,d04,1.6368
mne,2018,d05,1.1164
mne,2018,d06,1.4855
mne,2018,d07,0.9315
mne,2018,d08,1.4013
mne,2018,d09,1.4697
mne,2018,d10,6.1411
mng,2005,d01,0.1473
mng,2005,d02,0
mng,2005,d03,0.2217
mng,2005,d04,0
mng,2005,d05,0.2653
mng,2005,d06,0.3792
mng,2005,d07,0.6827
mng,2005,d08,2.8312
mng,2005,d09,5.5313
mng,2005,d10,13.589
mng,2010,d01,0
mng,2010,d02,0.3484
mng,2010,d03,0.3898
mng,2010,d04,0.6514
mng,2010,d05,0.8522
mng,2010,d06,0.7785
mng,2010,d07,2.982
mng,2010,d08,5.6152
mng,2010,d09,14.0193
mng,2010,d10,29.7969
mng,2013,d01,0.0415
mng,2013,d02,0.0695
mng,2013,d03,0.8016
mng,2013,d04,1.0144
mng,2013,d05,2.5354
mng,2013,d06,4.7927
mng,2013,d07,5.9601
mng,2013,d08,10.815
mng,2013,d09,19.9824
mng,2013,d10,42.1469
moz,2008,d01,0
moz,2008,d02,0
moz,2008,d03,0
moz,2008,d04,0.1334
moz,2008,d05,0
moz,2008,d06,0
moz,2008,d07,0.2907
moz,2008,d08,0.0084
moz,2008,d09,0.016
moz,2008,d10,0.3868
moz,2011,d01,0
moz,2011,d02,0
moz,2011,d03,0
moz,2011,d04,0
moz,2011,d05,0
moz,2011,d06,0.2001
moz,2011,d07,0
moz,2011,d08,0
moz,2011,d09,0.1668
moz,2011,d10,1.0719
moz,2015,d01,0
moz,2015,d02,0
moz,2015,d03,0.4219
moz,2015,d04,0
moz,2015,d05,0
moz,2015,d06,0
moz,2015,d07,0
moz,2015,d08,0
moz,2015,d09,0
moz,2015,d10,0.3686
mrt,2007,d01,1.7557
mrt,2007,d02,0.982
mrt,2007,d03,0.5862
mrt,2007,d04,0.8135
mrt,2007,d05,0.3317
mrt,2007,d06,0
mrt,2007,d07,0.0983
mrt,2007,d08,0.1593
mrt,2007,d09,0.1725
mrt,2007,d10,0.2458
mrt,2011,d01,0
mrt,2011,d02,0.0577
mrt,2011,d03,0.0707
mrt,2011,d04,0.174
mrt,2011,d05,0
mrt,2011,d06,0.2637
mrt,2011,d07,0
mrt,2011,d08,0
mrt,2011,d09,0
mrt,2011,d10,0
mrt,2015,d01,0.2205
mrt,2015,d02,0.4967
mrt,2015,d03,0.6491
mrt,2015,d04,0.1258
mrt,2015,d05,0.62
mrt,2015,d06,0.6048
mrt,2015,d07,0.1247
mrt,2015,d08,0.043
mrt,2015,d09,0.0177
mrt,2015,d10,0.3042
mrt,2019,d01,1.5219
mrt,2019,d02,2.0558
mrt,2019,d03,2.942
mrt,2019,d04,0.7769
mrt,2019,d05,1.2137
mrt,2019,d06,0.8697
mrt,2019,d07,0.5118
mrt,2019,d08,0.0871
mrt,2019,d09,0.2282
mrt,2019,d10,0.0427
mwi,2006,d01,0.2772
mwi,2006,d02,0.14
mwi,2006,d03,0.1814
mwi,2006,d04,0.0796
mwi,2006,d05,0.066
mwi,2006,d06,0.1114
mwi,2006,d07,0.0879
mwi,2006,d08,0.086
mwi,2006,d09,0.2607
mwi,2006,d10,0.4435
mwi,2010,d01,0.0896
mwi,2010,d02,0.143
mwi,2010,d03,0.1222
mwi,2010,d04,0.1464
mwi,2010,d05,0.2524
mwi,2010,d06,0.1865
mwi,2010,d07,0.1067
mwi,2010,d08,0.0673
mwi,2010,d09,0.162
mwi,2010,d10,0.1554
mwi,2013,d01,0
mwi,2013,d02,0.0878
mwi,2013,d03,0.0054
mwi,2013,d04,0.0281
mwi,2013,d05,0.098
mwi,2013,d06,0.1684
mwi,2013,d07,0.1869
mwi,2013,d08,0.1149
mwi,2013,d09,0.3341
mwi,2013,d10,0.0223
mwi,2015,d01,0.311
mwi,2015,d02,0.7407
mwi,2015,d03,0.7063
mwi,2015,d04,0.672
mwi,2015,d05,0.6026
mwi,2015,d06,0.6285
mwi,2015,d07,0.461
mwi,2015,d08,0.2521
mwi,2015,d09,0.7815
mwi,2015,d10,0.4659
mwi,2019,d01,0.2273
mwi,2019,d02,0
mwi,2019,d03,0.3478
mwi,2019,d04,0.0735
mwi,2019,d05,0.0542
mwi,2019,d06,0.151
mwi,2019,d07,0.2999
mwi,2019,d08,0.1153
mwi,2019,d09,0.2589
mwi,2019,d10,0.2932
nam,2006,d01,0.3153
nam,2006,d02,0.5222
nam,2006,d03,0
nam,2006,d04,0.0339
nam,2006,d05,0
nam,2006,d06,0.0169
nam,2006,d07,0.049
nam,2006,d08,0.0447
nam,2006,d09,1.4407
nam,2006,d10,5.8427
nam,2013,d01,0.2183
nam,2013,d02,0.154
nam,2013,d03,0.1009
nam,2013,d04,0.1307
nam,2013,d05,0.0269
nam,2013,d06,0
nam,2013,d07,0
nam,2013,d08,0.4456
nam,2013,d09,0.4699
nam,2013,d10,6.5928
ner,2006,d01,0.3414
ner,2006,d02,0.1913
ner,2006,d03,0.5533
ner,2006,d04,0.6276
ner,2006,d05,0.0598
ner,2006,d06,0
ner,2006,d07,0.0978
ner,2006,d08,0.2655
ner,2006,d09,0.0181
ner,2006,d10,0
ner,2012,d01,0.3903
ner,2012,d02,1.0362
ner,2012,d03,0.3808
ner,2012,d04,0.6442
ner,2012,d05,0.5774
ner,2012,d06,0.0128
ner,2012,d07,0.2917
ner,2012,d08,0.763
ner,2012,d09,0.0715
ner,2012,d10,0.0733
ner,2021,d01,1.5919
ner,2021,d02,0.9985
ner,2021,d03,0.3139
ner,2021,d04,1.1373
ner,2021,d05,0.3518
ner,2021,d06,0.0874
ner,2021,d07,0.1744
ner,2021,d08,0.0718
ner,2021,d09,0.2338
ner,2021,d10,0.091
nga,2007,d01,1.1257
nga,2007,d02,1.0552
nga,2007,d03,0.6088
nga,2007,d04,1.1885
nga,2007,d05,0.9117
nga,2007,d06,0.9492
nga,2007,d07,1.6837
nga,2007,d08,1.3581
nga,2007,d09,0.9035
nga,2007,d10,2.6763
nga,2008,d01,0.8867
nga,2008,d02,0.8444
nga,2008,d03,0.7762
nga,2008,d04,0.5497
nga,2008,d05,0.5081
nga,2008,d06,0.5483
nga,2008,d07,0.5572
nga,2008,d08,1.1267
nga,2008,d09,1.2658
nga,2008,d10,3.0634
nga,2011,d01,0.8509
nga,2011,d02,0.5452
nga,2011,d03,1.3215
nga,2011,d04,1.0847
nga,2011,d05,1.5682
nga,2011,d06,0.5832
nga,2011,d07,0.6545
nga,2011,d08,1.0387
nga,2011,d09,1.4223
nga,2011,d10,4.0516
nga,2013,d01,0.2089
nga,2013,d02,0.3516
nga,2013,d03,0.6977
nga,2013,d04,0.4832
nga,2013,d05,0.818
nga,2013,d06,0.5315
nga,2013,d07,0.7392
nga,2013,d08,0.5083
nga,2013,d09,0.5407
nga,2013,d10,2.8175
nga,2016,d01,0.3553
nga,2016,d02,0.2863
nga,2016,d03,0.7469
nga,2016,d04,0.8045
nga,2016,d05,1.0102
nga,2016,d06,1.2641
nga,2016,d07,1.1566
nga,2016,d08,0.9132
nga,2016,d09,0.8988
nga,2016,d10,1.5442
nga,2018,d01,0.2318
nga,2018,d02,0.4641
nga,2018,d03,1.1542
nga,2018,d04,1.0171
nga,2018,d05,0.5174
nga,2018,d06,0.3769
nga,2018,d07,0.3628
nga,2018,d08,0.5634
nga,2018,d09,0.8526
nga,2018,d10,3.1801
npl,2006,d01,0
npl,2006,d02,0
npl,2006,d03,0
npl,2006,d04,0.0343
npl,2006,d05,0.3663
npl,2006,d06,0.5637
npl,2006,d07,1.3209
npl,2006,d08,2.5952
npl,2006,d09,7.5208
npl,2006,d10,42.002
npl,2011,d01,0.1299
npl,2011,d02,0.0583
npl,2011,d03,0.0671
npl,2011,d04,0.8341
npl,2011,d05,0.6883
npl,2011,d06,1.693
npl,2011,d07,5.1193
npl,2011,d08,10.98
npl,2011,d09,23.7717
npl,2011,d10,46.2539
npl,2014,d01,0.0927
npl,2014,d02,0.5924
npl,2014,d03,1.2598
npl,2014,d04,1.9202
npl,2014,d05,3.8224
npl,2014,d06,3.6087
npl,2014,d07,5.3791
npl,2014,d08,13.946
npl,2014,d09,32.5824
npl,2014,d10,55.302
npl,2016,d01,1.0316
npl,2016,d02,1.72
npl,2016,d03,2.0661
npl,2016,d04,3.1087
npl,2016,d05,3.5342
npl,2016,d06,5.5591
npl,2016,d07,8.4748
npl,2016,d08,17.2654
npl,2016,d09,29.4153
npl,2016,d10,44.1687
npl,2019,d01,3.6451
npl,2019,d02,6.5961
npl,2019,d03,5.4036
npl,2019,d04,7.1703
npl,2019,d05,9.9879
npl,2019,d06,10.4906
npl,2019,d07,14.4735
npl,2019,d08,23.8611
npl,2019,d09,34.0475
npl,2019,d10,52.6625
pak,2006,d01,0.1602
pak,2006,d02,0.012
pak,2006,d03,0
pak,2006,d04,0.0769
pak,2006,d05,0
pak,2006,d06,0.119
pak,2006,d07,0.2763
pak,2006,d08,0.5492
pak,2006,d09,1.9521
pak,2006,d10,9.562
pak,2012,d01,0
pak,2012,d02,0
pak,2012,d03,0.009
pak,2012,d04,0
pak,2012,d05,0.0286
pak,2012,d06,0.0249
pak,2012,d07,0
pak,2012,d08,0.2923
pak,2012,d09,1.7648
pak,2012,d10,4.9366
pak,2017,d01,0.1242
pak,2017,d02,0
pak,2017,d03,0
pak,2017,d04,0.1404
pak,2017,d05,0.4885
pak,2017,d06,0.3634
pak,2017,d07,0.1989
pak,2017,d08,1.5985
pak,2017,d09,3.5502
pak,2017,d10,4.7692
pan,2013,d01,0.2011
pan,2013,d02,0.4599
pan,2013,d03,0.1169
pan,2013,d04,0.4476
pan,2013,d05,0.1159
pan,2013,d06,1.6367
pan,2013,d07,2.3676
pan,2013,d08,4.7173
pan,2013,d09,9.859
pan,2013,d10,23.8038
per,2005,d01,0
per,2005,d02,0
per,2005,d03,0.0149
per,2005,d04,0
per,2005,d05,0
per,2005,d06,0.291
per,2005,d07,0
per,2005,d08,0.1463
per,2005,d09,1.5198
per,2005,d10,4.7119
per,2006,d01,0
per,2006,d02,0
per,2006,d03,0
per,2006,d04,0
per,2006,d05,0
per,2006,d06,0
per,2006,d07,0.0662
per,2006,d08,0
per,2006,d09,0.9687
per,2006,d10,1.8322
per,2007,d01,0.0348
per,2007,d02,0
per,2007,d03,0
per,2007,d04,0.2976
per,2007,d05,0
per,2007,d06,0
per,2007,d07,0.118
per,2007,d08,0.158
per,2007,d09,1.3095
per,2007,d10,1.8553
per,2008,d01,0.3151
per,2008,d02,0.0064
per,2008,d03,0.0115
per,2008,d04,0.0352
per,2008,d05,0.0661
per,2008,d06,0.047
per,2008,d07,0.2532
per,2008,d08,0.4128
per,2008,d09,0.7081
per,2008,d10,2.5015
per,2009,d01,0.2012
per,2009,d02,0.4272
per,2009,d03,0.4518
per,2009,d04,0.0885
per,2009,d05,0.0038
per,2009,d06,0
per,2009,d07,0.114
per,2009,d08,0.1278
per,2009,d09,0.9742
per,2009,d10,4.3199
per,2010,d01,0.1484
per,2010,d02,0.5887
per,2010,d03,0.0253
per,2010,d04,0.0814
per,2010,d05,0.0416
per,2010,d06,0.1272
per,2010,d07,0.1208
per,2010,d08,0.3274
per,2010,d09,0.4706
per,2010,d10,4.2617
per,2011,d01,0.5647
per,2011,d02,0.655
per,2011,d03,0.1827
per,2011,d04,0.1481
per,2011,d05,0.0992
per,2011,d06,0.013
per,2011,d07,0.1602
per,2011,d08,0.2894
per,2011,d09,1.1727
per,2011,d10,5.5237
per,2012,d01,0.2208
per,2012,d02,0.0901
per,2012,d03,0.3122
per,2012,d04,0.0366
per,2012,d05,0.0709
per,2012,d06,0.1356
per,2012,d07,0.2055
per,2012,d08,0.9573
per,2012,d09,1.4386
per,2012,d10,4.3395
per,2013,d01,0.0774
per,2013,d02,0.2063
per,2013,d03,0.0078
per,2013,d04,0.0648
per,2013,d05,0.1502
per,2013,d06,0.2808
per,2013,d07,0.2097
per,2013,d08,0.399
per,2013,d09,1.2603
per,2013,d10,4.9548
per,2014,d01,0.1254
per,2014,d02,0.1213
per,2014,d03,0.0151
per,2014,d04,0.0631
per,2014,d05,0.0285
per,2014,d06,0.2716
per,2014,d07,0.3458
per,2014,d08,0.4762
per,2014,d09,1.1353
per,2014,d10,3.1051
per,2015,d01,0.0945
per,2015,d02,0.0045
per,2015,d03,0.0423
per,2015,d04,0.0664
per,2015,d05,0.3263
per,2015,d06,0.3672
per,2015,d07,0.4504
per,2015,d08,0.6485
per,2015,d09,1.9605
per,2015,d10,4.3954
per,2016,d01,0.0651
per,2016,d02,0.0927
per,2016,d03,0.0534
per,2016,d04,0.1528
per,2016,d05,0.0627
per,2016,d06,0.3065
per,2016,d07,0.2646
per,2016,d08,1.009
per,2016,d09,1.6973
per,2016,d10,5.0085
per,2017,d01,0.0112
per,2017,d02,0.1139
per,2017,d03,0.2421
per,2017,d04,0.0675
per,2017,d05,0.2868
per,2017,d06,0.2003
per,2017,d07,0.7533
per,2017,d08,1.4959
per,2017,d09,1.5427
per,2017,d10,7.3807
per,2018,d01,0.0697
per,2018,d02,0.1042
per,2018,d03,0.0646
per,2018,d04,0.0769
per,2018,d05,0.1473
per,2018,d06,0.2773
per,2018,d07,0.7176
per,2018,d08,1.1361
per,2018,d09,2.7754
per,2018,d10,7.0936
per,2019,d01,0.0838
per,2019,d02,0.0381
per,2019,d03,0.03
per,2019,d04,0.1131
per,2019,d05,0.1774
per,2019,d06,0.1162
per,2019,d07,0.6658
per,2019,d08,2.0818
per,2019,d09,2.9493
per,2019,d10,7.7391
per,2020,d01,0.0756
per,2020,d02,0.1181
per,2020,d03,0.0705
per,2020,d04,0.3404
per,2020,d05,0.1141
per,2020,d06,0.1359
per,2020,d07,0.5431
per,2020,d08,0.8094
per,2020,d09,2.1891
per,2020,d10,7.8885
phl,2008,d01,0.0922
phl,2008,d02,0.1601
phl,2008,d03,0.9654
phl,2008,d04,0.7861
phl,2008,d05,1.2557
phl,2008,d06,2.6291
phl,2008,d07,3.2452
phl,2008,d08,3.7909
phl,2008,d09,7.277
phl,2008,d10,9.4436
phl,2013,d01,0.7401
phl,2013,d02,1.0319
phl,2013,d03,0.6201
phl,2013,d04,1.462
phl,2013,d05,1.7298
phl,2013,d06,1.9356
phl,2013,d07,3.0592
phl,2013,d08,4.3931
phl,2013,d09,5.9856
phl,2013,d10,7.4453
phl,2017,d01,1.4019
phl,2017,d02,1.4822
phl,2017,d03,1.7963
phl,2017,d04,1.3152
phl,2017,d05,1.8429
phl,2017,d06,1.6898
phl,2017,d07,2.3267
phl,2017,d08,4.0593
phl,2017,d09,6.6784
phl,2017,d10,9.6037
png,2016,d01,0
png,2016,d02,0
png,2016,d03,0
png,2016,d04,0.1081
png,2016,d05,0.4001
png,2016,d06,0.0194
png,2016,d07,0.3259
png,2016,d08,0.6832
png,2016,d09,0.6708
png,2016,d10,0.1294
pry,2016,d01,0
pry,2016,d02,0
pry,2016,d03,0
pry,2016,d04,0.1588
pry,2016,d05,0.2034
pry,2016,d06,0.9555
pry,2016,d07,3.8321
pry,2016,d08,5.5413
pry,2016,d09,6.5285
pry,2016,d10,12.6267
pse,2010,d01,0.8308
pse,2010,d02,2.0941
pse,2010,d03,1.8812
pse,2010,d04,2.9938
pse,2010,d05,4.0874
pse,2010,d06,5.7396
pse,2010,d07,5.6891
pse,2010,d08,10.3297
pse,2010,d09,19.662
pse,2010,d10,28.5576
pse,2014,d01,0
pse,2014,d02,0.0366
pse,2014,d03,0.2041
pse,2014,d04,3.6517
pse,2014,d05,7.4793
pse,2014,d06,7.4276
pse,2014,d07,6.6754
pse,2014,d08,8.9494
pse,2014,d09,10.7051
pse,2014,d10,20.881
pse,2019,d01,0.0782
pse,2019,d02,0.0758
pse,2019,d03,0.4477
pse,2019,d04,2.8514
pse,2019,d05,1.7537
pse,2019,d06,3.7056
pse,2019,d07,4.7428
pse,2019,d08,5.8278
pse,2019,d09,9.8695
pse,2019,d10,18.0906
rwa,2010,d01,0
rwa,2010,d02,0.1516
rwa,2010,d03,0.0529
rwa,2010,d04,0.0356
rwa,2010,d05,0.0806
rwa,2010,d06,0.093
rwa,2010,d07,0.0796
rwa,2010,d08,0.1404
rwa,2010,d09,0.9991
rwa,2010,d10,1.5251
rwa,2014,d01,4.5349
rwa,2014,d02,5.5109
rwa,2014,d03,4.8625
rwa,2014,d04,4.9056
rwa,2014,d05,3.5932
rwa,2014,d06,3.9054
rwa,2014,d07,2.1669
rwa,2014,d08,2.8774
rwa,2014,d09,3.6185
rwa,2014,d10,2.3188
rwa,2019,d01,0.4352
rwa,2019,d02,0.877
rwa,2019,d03,1.4033
rwa,2019,d04,1.6039
rwa,2019,d05,1.3404
rwa,2019,d06,1.4146
rwa,2019,d07,1.7776
rwa,2019,d08,2.428
rwa,2019,d09,2.4469
rwa,2019,d10,5.3374
sdn,2010,d01,0
sdn,2010,d02,0
sdn,2010,d03,0
sdn,2010,d04,0.1594
sdn,2010,d05,0
sdn,2010,d06,0
sdn,2010,d07,0.1031
sdn,2010,d08,0
sdn,2010,d09,0.0061
sdn,2010,d10,6.539
sdn,2014,d01,0.1655
sdn,2014,d02,0.2505
sdn,2014,d03,0.4571
sdn,2014,d04,0.2529
sdn,2014,d05,0.4596
sdn,2014,d06,0.2403
sdn,2014,d07,0.3487
sdn,2014,d08,0.3725
sdn,2014,d09,0.6819
sdn,2014,d10,4.3657
sen,2010,d01,1.4763
sen,2010,d02,0.5206
sen,2010,d03,0.3182
sen,2010,d04,0.316
sen,2010,d05,0.763
sen,2010,d06,0
sen,2010,d07,0.5499
sen,2010,d08,0.4128
sen,2010,d09,0.865
sen,2010,d10,3.8811
sen,2012,d01,0
sen,2012,d02,0
sen,2012,d03,0
sen,2012,d04,0
sen,2012,d05,0
sen,2012,d06,0.7022
sen,2012,d07,0.2257
sen,2012,d08,0.6639
sen,2012,d09,0.7806
sen,2012,d10,5.8876
sen,2014,d01,0.0291
sen,2014,d02,0.2719
sen,2014,d03,0.0554
sen,2014,d04,0.1778
sen,2014,d05,0.0278
sen,2014,d06,0.2257
sen,2014,d07,0.7791
sen,2014,d08,0.7341
sen,2014,d09,0.1689
sen,2014,d10,7.8691
sen,2015,d01,0
sen,2015,d02,0
sen,2015,d03,0
sen,2015,d04,0.0965
sen,2015,d05,0
sen,2015,d06,0.1032
sen,2015,d07,0.0122
sen,2015,d08,1.6882
sen,2015,d09,0.5907
sen,2015,d10,2.1213
sen,2016,d01,0
sen,2016,d02,0.712
sen,2016,d03,0.3275
sen,2016,d04,0.3115
sen,2016,d05,0.1898
sen,2016,d06,0.0508
sen,2016,d07,0.2943
sen,2016,d08,0.2763
sen,2016,d09,0.8104
sen,2016,d10,4.3984
sen,2017,d01,0.408
sen,2017,d02,0.341
sen,2017,d03,0.2022
sen,2017,d04,0.32
sen,2017,d05,0.3032
sen,2017,d06,0.4407
sen,2017,d07,0.3275
sen,2017,d08,1.0255
sen,2017,d09,0.583
sen,2017,d10,5.5015
sen,2018,d01,0
sen,2018,d02,1.2514
sen,2018,d03,0.6349
sen,2018,d04,0.2298
sen,2018,d05,0
sen,2018,d06,0.3049
sen,2018,d07,0.152
sen,2018,d08,0.2787
sen,2018,d09,0.758
sen,2018,d10,3.5926
sen,2019,d01,0.3319
sen,2019,d02,0
sen,2019,d03,0
sen,2019,d04,0.7265
sen,2019,d05,0.1606
sen,2019,d06,0.3449
sen,2019,d07,0.861
sen,2019,d08,0.6019
sen,2019,d09,1.4106
sen,2019,d10,3.4134
sle,2005,d01,0
sle,2005,d02,0
sle,2005,d03,0
sle,2005,d04,0
sle,2005,d05,0
sle,2005,d06,0
sle,2005,d07,0
sle,2005,d08,0.2354
sle,2005,d09,0.6067
sle,2005,d10,0.5828
sle,2008,d01,0
sle,2008,d02,0
sle,2008,d03,0
sle,2008,d04,0.5068
sle,2008,d05,0.661
sle,2008,d06,0.576
sle,2008,d07,0.6466
sle,2008,d08,2.4563
sle,2008,d09,0.2273
sle,2008,d10,0.6065
sle,2010,d01,0
sle,2010,d02,0.0519
sle,2010,d03,0
sle,2010,d04,0
sle,2010,d05,0.0443
sle,2010,d06,0.0961
sle,2010,d07,0.2188
sle,2010,d08,0.3252
sle,2010,d09,0.5403
sle,2010,d10,0.3247
sle,2013,d01,0.2646
sle,2013,d02,0.2382
sle,2013,d03,0.0211
sle,2013,d04,0.0948
sle,2013,d05,0.2772
sle,2013,d06,0.0709
sle,2013,d07,0.0604
sle,2013,d08,0.1076
sle,2013,d09,0.6668
sle,2013,d10,0.6277
sle,2017,d01,0.343
sle,2017,d02,0.0283
sle,2017,d03,0.06
sle,2017,d04,0.2194
sle,2017,d05,0.2645
sle,2017,d06,0.1436
sle,2017,d07,1.6799
sle,2017,d08,0.4484
sle,2017,d09,0.2103
sle,2017,d10,0.8568
sle,2019,d01,0.3685
sle,2019,d02,0.8488
sle,2019,d03,0.8748
sle,2019,d04,0.3219
sle,2019,d05,0.5205
sle,2019,d06,0.2751
sle,2019,d07,0.2118
sle,2019,d08,0.8242
sle,2019,d09,1.1605
sle,2019,d10,0.9871
slv,2014,d01,3.0469
slv,2014,d02,1.8925
slv,2014,d03,2.4128
slv,2014,d04,1.3817
slv,2014,d05,1.2723
slv,2014,d06,2.5706
slv,2014,d07,3.5993
slv,2014,d08,4.6018
slv,2014,d09,7.1807
slv,2014,d10,14.3806
som,2006,d01,0.3489
som,2006,d02,2.9023
som,2006,d03,5.1533
som,2006,d04,7.3732
som,2006,d05,5.172
som,2006,d06,4.7509
som,2006,d07,4.5306
som,2006,d08,6.5443
som,2006,d09,5.0006
som,2006,d10,3.1718
srb,2005,d01,0.2778
srb,2005,d02,0.2977
srb,2005,d03,0.224
srb,2005,d04,0.9508
srb,2005,d05,1.6786
srb,2005,d06,2.1561
srb,2005,d07,1.5889
srb,2005,d08,3.235
srb,2005,d09,3.2521
srb,2005,d10,5.3918
srb,2010,d01,0.0831
srb,2010,d02,1.2058
srb,2010,d03,2.4041
srb,2010,d04,2.0464
srb,2010,d05,2.4476
srb,2010,d06,3.2194
srb,2010,d07,5.0425
srb,2010,d08,4.9318
srb,2010,d09,5.8543
srb,2010,d10,6.5631
srb,2014,d01,0.7687
srb,2014,d02,2.011
srb,2014,d03,0.8789
srb,2014,d04,4.6003
srb,2014,d05,2.725
srb,2014,d06,2.7151
srb,2014,d07,6.9306
srb,2014,d08,9.8694
srb,2014,d09,6.6794
srb,2014,d10,11.2629
ssd,2010,d01,0.2784
ssd,2010,d02,0.2205
ssd,2010,d03,1.7815
ssd,2010,d04,0.8316
ssd,2010,d05,0.9679
ssd,2010,d06,1.733
ssd,2010,d07,1.4965
ssd,2010,d08,2.2252
ssd,2010,d09,2.0144
ssd,2010,d10,1.9085
stp,2008,d01,0
stp,2008,d02,0.1014
stp,2008,d03,0
stp,2008,d04,0
stp,2008,d05,0
stp,2008,d06,0
stp,2008,d07,0
stp,2008,d08,0.6188
stp,2008,d09,0
stp,2008,d10,1.2797
stp,2014,d01,0.2138
stp,2014,d02,0
stp,2014,d03,0
stp,2014,d04,0
stp,2014,d05,0
stp,2014,d06,0
stp,2014,d07,0
stp,2014,d08,0.1644
stp,2014,d09,0
stp,2014,d10,0.7305
stp,2019,d01,0.2355
stp,2019,d02,1.135
stp,2019,d03,0
stp,2019,d04,0.0785
stp,2019,d05,0
stp,2019,d06,0
stp,2019,d07,0
stp,2019,d08,0
stp,2019,d09,0.3832
stp,2019,d10,2.0116
sur,2006,d01,0
sur,2006,d02,0.1641
sur,2006,d03,0.2242
sur,2006,d04,0.3673
sur,2006,d05,1.3695
sur,2006,d06,1.4843
sur,2006,d07,1.3303
sur,2006,d08,3.7487
sur,2006,d09,3.8012
sur,2006,d10,8.7522
sur,2010,d01,0.3539
sur,2010,d02,0.1845
sur,2010,d03,0.529
sur,2010,d04,2.096
sur,2010,d05,1.2777
sur,2010,d06,4.1617
sur,2010,d07,3.2272
sur,2010,d08,3.5719
sur,2010,d09,6.7134
sur,2010,d10,8.7085
sur,2018,d01,0.4295
sur,2018,d02,1.1025
sur,2018,d03,1.2154
sur,2018,d04,1.2797
sur,2018,d05,3.0412
sur,2018,d06,3.7259
sur,2018,d07,7.3402
sur,2018,d08,8.0331
sur,2018,d09,11.3329
sur,2018,d10,21.5081
swz,2006,d01,0.475
swz,2006,d02,0
swz,2006,d03,0
swz,2006,d04,0
swz,2006,d05,0.5939
swz,2006,d06,0.9553
swz,2006,d07,0.3678
swz,2006,d08,0.2075
swz,2006,d09,0.2266
swz,2006,d10,1.3994
swz,2010,d01,0.0471
swz,2010,d02,0.0496
swz,2010,d03,0.4252
swz,2010,d04,0
swz,2010,d05,0
swz,2010,d06,0.565
swz,2010,d07,0
swz,2010,d08,0
swz,2010,d09,0.5034
swz,2010,d10,1.5936
swz,2014,d01,0.0435
swz,2014,d02,0.518
swz,2014,d03,0.2541
swz,2014,d04,0
swz,2014,d05,0
swz,2014,d06,0.6917
swz,2014,d07,0
swz,2014,d08,0
swz,2014,d09,0.0654
swz,2014,d10,0.5552
syr,2006,d01,0
syr,2006,d02,0.3912
syr,2006,d03,1.1722
syr,2006,d04,0.9719
syr,2006,d05,1.6038
syr,2006,d06,2.069
syr,2006,d07,1.8027
syr,2006,d08,2.6685
syr,2006,d09,5.636
syr,2006,d10,7.0665
tca,2019,d01,0
tca,2019,d02,0.0717
tca,2019,d03,0
tca,2019,d04,0.6292
tca,2019,d05,0
tca,2019,d06,0.3108
tca,2019,d07,2.1133
tca,2019,d08,1.1145
tca,2019,d09,1.2325
tca,2019,d10,2.3335
tcd,2010,d01,0
tcd,2010,d02,0.0393
tcd,2010,d03,0
tcd,2010,d04,0
tcd,2010,d05,0
tcd,2010,d06,0
tcd,2010,d07,0.0048
tcd,2010,d08,0.0079
tcd,2010,d09,0.109
tcd,2010,d10,0.4284
tcd,2014,d01,0.1288
tcd,2014,d02,0.074
tcd,2014,d03,0.0432
tcd,2014,d04,0.2803
tcd,2014,d05,0.2563
tcd,2014,d06,0.2405
tcd,2014,d07,0
tcd,2014,d08,0.1452
tcd,2014,d09,1.4912
tcd,2014,d10,0.7768
tcd,2019,d01,0
tcd,2019,d02,0.1831
tcd,2019,d03,0.0685
tcd,2019,d04,0
tcd,2019,d05,0.0583
tcd,2019,d06,0.1325
tcd,2019,d07,0.0701
tcd,2019,d08,0.0615
tcd,2019,d09,0
tcd,2019,d10,0.1938
tgo,2006,d01,0.5603
tgo,2006,d02,0.3759
tgo,2006,d03,0.1822
tgo,2006,d04,0.4062
tgo,2006,d05,0.4515
tgo,2006,d06,0.046
tgo,2006,d07,0.6267
tgo,2006,d08,0.9364
tgo,2006,d09,0.1194
tgo,2006,d10,1.0206
tgo,2010,d01,0.2473
tgo,2010,d02,0.6673
tgo,2010,d03,0.6525
tgo,2010,d04,0.1644
tgo,2010,d05,0.0833
tgo,2010,d06,0.3305
tgo,2010,d07,0.811
tgo,2010,d08,0.2451
tgo,2010,d09,0.4443
tgo,2010,d10,1.1171
tgo,2013,d01,0
tgo,2013,d02,0.0691
tgo,2013,d03,0.2102
tgo,2013,d04,0
tgo,2013,d05,0.187
tgo,2013,d06,0.8315
tgo,2013,d07,0.6249
tgo,2013,d08,0.9037
tgo,2013,d09,0.0606
tgo,2013,d10,0.6738
tgo,2017,d01,0.2323
tgo,2017,d02,0.4776
tgo,2017,d03,0.5857
tgo,2017,d04,0.1723
tgo,2017,d05,0.1154
tgo,2017,d06,0.0578
tgo,2017,d07,0
tgo,2017,d08,0.3896
tgo,2017,d09,0.3161
tgo,2017,d10,1.7396
tha,2005,d01,1.3189
tha,2005,d02,2.5832
tha,2005,d03,5.1957
tha,2005,d04,6.8048
tha,2005,d05,11.0387
tha,2005,d06,14.2379
tha,2005,d07,15.4465
tha,2005,d08,21.3624
tha,2005,d09,31.2367
tha,2005,d10,41.6695
tha,2012,d01,1.2406
tha,2012,d02,4.3863
tha,2012,d03,9.8396
tha,2012,d04,13.8972
tha,2012,d05,15.2939
tha,2012,d06,17.2281
tha,2012,d07,20.8441
tha,2012,d08,29.7223
tha,2012,d09,39.5313
tha,2012,d10,58.1259
tha,2015,d01,4.161
tha,2015,d02,5.8202
tha,2015,d03,8.9061
tha,2015,d04,11.9007
tha,2015,d05,13.6451
tha,2015,d06,17.5087
tha,2015,d07,23.5512
tha,2015,d08,31.8152
tha,2015,d09,42.4506
tha,2015,d10,61.5728
tha,2019,d01,3.7462
tha,2019,d02,5.6237
tha,2019,d03,7.1932
tha,2019,d04,11.2721
tha,2019,d05,10.0125
tha,2019,d06,15.881
tha,2019,d07,20.1025
tha,2019,d08,30.8757
tha,2019,d09,40.9472
tha,2019,d10,59.6982
tjk,2005,d01,0
tjk,2005,d02,0
tjk,2005,d03,0
tjk,2005,d04,0
tjk,2005,d05,0
tjk,2005,d06,0
tjk,2005,d07,0
tjk,2005,d08,0
tjk,2005,d09,0.1319
tjk,2005,d10,1.2902
tjk,2012,d01,0
tjk,2012,d02,0
tjk,2012,d03,0
tjk,2012,d04,0
tjk,2012,d05,0
tjk,2012,d06,0
tjk,2012,d07,0
tjk,2012,d08,0
tjk,2012,d09,0.6414
tjk,2012,d10,1.1008
tjk,2017,d01,1.4617
tjk,2017,d02,3.7257
tjk,2017,d03,1.9329
tjk,2017,d04,2.7066
tjk,2017,d05,2.1845
tjk,2017,d06,2.098
tjk,2017,d07,0.7124
tjk,2017,d08,2.2105
tjk,2017,d09,2.7532
tjk,2017,d10,6.9545
tkm,2006,d01,0
tkm,2006,d02,0.496
tkm,2006,d03,0.4947
tkm,2006,d04,0.5465
tkm,2006,d05,0.4949
tkm,2006,d06,0.7696
tkm,2006,d07,0.1649
tkm,2006,d08,0
tkm,2006,d09,1.946
tkm,2006,d10,2.3397
tkm,2015,d01,0.1615
tkm,2015,d02,0.2453
tkm,2015,d03,0.2862
tkm,2015,d04,0.2033
tkm,2015,d05,1.283
tkm,2015,d06,4.8431
tkm,2015,d07,6.4022
tkm,2015,d08,4.3204
tkm,2015,d09,15.0783
tkm,2015,d10,15.468
tkm,2019,d01,0
tkm,2019,d02,0.2872
tkm,2019,d03,1.0095
tkm,2019,d04,2.6074
tkm,2019,d05,4.1566
tkm,2019,d06,6.9028
tkm,2019,d07,5.3946
tkm,2019,d08,8.7577
tkm,2019,d09,8.4562
tkm,2019,d10,7.9601
tls,2009,d01,0.1665
tls,2009,d02,0.2088
tls,2009,d03,0.0628
tls,2009,d04,0.218
tls,2009,d05,0.2257
tls,2009,d06,0
tls,2009,d07,0.3326
tls,2009,d08,0.2265
tls,2009,d09,0.2384
tls,2009,d10,0
tls,2016,d01,0.1824
tls,2016,d02,0.3516
tls,2016,d03,0
tls,2016,d04,0.0656
tls,2016,d05,0.1785
tls,2016,d06,0.3476
tls,2016,d07,0.6279
tls,2016,d08,0.6528
tls,2016,d09,0.9394
tls,2016,d10,2.9877
ton,2019,d01,1.4221
ton,2019,d02,0.9207
ton,2019,d03,0.7599
ton,2019,d04,2.1034
ton,2019,d05,0.482
ton,2019,d06,0.7056
ton,2019,d07,3.7393
ton,2019,d08,2.1674
ton,2019,d09,2.8251
ton,2019,d10,2.7341
tto,2006,d01,1.1062
tto,2006,d02,1.2767
tto,2006,d03,2.8606
tto,2006,d04,3.508
tto,2006,d05,5.6813
tto,2006,d06,7.781
tto,2006,d07,8.875
tto,2006,d08,14.3814
tto,2006,d09,21.9804
tto,2006,d10,36.2764
tto,2011,d01,1.6248
tto,2011,d02,2.7162
tto,2011,d03,3.535
tto,2011,d04,5.4797
tto,2011,d05,7.0188
tto,2011,d06,9.5512
tto,2011,d07,14.0109
tto,2011,d08,25.8444
tto,2011,d09,29.7213
tto,2011,d10,41.7787
tun,2011,d01,0.0345
tun,2011,d02,0
tun,2011,d03,0
tun,2011,d04,0.4002
tun,2011,d05,0
tun,2011,d06,0.0683
tun,2011,d07,0.538
tun,2011,d08,1.3927
tun,2011,d09,1.5536
tun,2011,d10,2.0328
tun,2018,d01,0.4523
tun,2018,d02,0.1151
tun,2018,d03,0.584
tun,2018,d04,0.3817
tun,2018,d05,0.4926
tun,2018,d06,0.9635
tun,2018,d07,1.6454
tun,2018,d08,1.4351
tun,2018,d09,1.8871
tun,2018,d10,1.8228
tza,2010,d01,0.0499
tza,2010,d02,0.1308
tza,2010,d03,0.2425
tza,2010,d04,0.169
tza,2010,d05,0.4197
tza,2010,d06,1.1545
tza,2010,d07,0.2731
tza,2010,d08,1.0359
tza,2010,d09,1.2695
tza,2010,d10,0.8229
tza,2015,d01,0.4497
tza,2015,d02,0.5239
tza,2015,d03,0.2673
tza,2015,d04,0.4302
tza,2015,d05,0.7601
tza,2015,d06,0.9403
tza,2015,d07,1.1111
tza,2015,d08,1.5771
tza,2015,d09,0.6445
tza,2015,d10,1.9901
uga,2006,d01,0.6983
uga,2006,d02,0.229
uga,2006,d03,0.5626
uga,2006,d04,0.189
uga,2006,d05,0.6516
uga,2006,d06,0.7844
uga,2006,d07,0.3826
uga,2006,d08,0.1886
uga,2006,d09,0.9732
uga,2006,d10,1.3327
uga,2011,d01,0.4707
uga,2011,d02,0.0168
uga,2011,d03,0
uga,2011,d04,0.5579
uga,2011,d05,1.448
uga,2011,d06,0.361
uga,2011,d07,0.2756
uga,2011,d08,0.4452
uga,2011,d09,0.6533
uga,2011,d10,0.5111
uga,2016,d01,0.6651
uga,2016,d02,0.1199
uga,2016,d03,0.3953
uga,2016,d04,0.3606
uga,2016,d05,0.3846
uga,2016,d06,0.713
uga,2016,d07,1.4514
uga,2016,d08,0.5521
uga,2016,d09,0.689
uga,2016,d10,1.2417
ukr,2005,d01,1.5653
ukr,2005,d02,0
ukr,2005,d03,0.4074
ukr,2005,d04,5.5091
ukr,2005,d05,16.2209
ukr,2005,d06,13.4027
ukr,2005,d07,18.1419
ukr,2005,d08,12.7393
ukr,2005,d09,16.6738
ukr,2005,d10,21.5499
ukr,2012,d01,3.1881
ukr,2012,d02,7.2844
ukr,2012,d03,12.6218
ukr,2012,d04,16.6358
ukr,2012,d05,22.0854
ukr,2012,d06,27.8443
ukr,2012,d07,35.5968
ukr,2012,d08,41.3112
ukr,2012,d09,45.8565
ukr,2012,d10,59.8371
ury,2012,d01,0.743
ury,2012,d02,0.0081
ury,2012,d03,0.1289
ury,2012,d04,0.073
ury,2012,d05,3.0041
ury,2012,d06,0.2188
ury,2012,d07,1.9465
ury,2012,d08,2.8302
ury,2012,d09,4.6437
ury,2012,d10,7.6712
uzb,2006,d01,0
uzb,2006,d02,0
uzb,2006,d03,0
uzb,2006,d04,0
uzb,2006,d05,0
uzb,2006,d06,0.0989
uzb,2006,d07,0.0926
uzb,2006,d08,0.0613
uzb,2006,d09,0.3186
uzb,2006,d10,1.6958
vnm,2006,d01,1.5319
vnm,2006,d02,4.0582
vnm,2006,d03,5.9941
vnm,2006,d04,9.5364
vnm,2006,d05,14.5183
vnm,2006,d06,14.2606
vnm,2006,d07,21.3595
vnm,2006,d08,19.8707
vnm,2006,d09,20.1057
vnm,2006,d10,24.9208
vnm,2010,d01,1.8264
vnm,2010,d02,8.327
vnm,2010,d03,11.87
vnm,2010,d04,12.5652
vnm,2010,d05,15.1197
vnm,2010,d06,16.0211
vnm,2010,d07,18.7939
vnm,2010,d08,21.5125
vnm,2010,d09,26.8566
vnm,2010,d10,34.4776
vnm,2013,d01,1.4495
vnm,2013,d02,4.1605
vnm,2013,d03,9.4042
vnm,2013,d04,13.5275
vnm,2013,d05,15.386
vnm,2013,d06,19.4568
vnm,2013,d07,21.8208
vnm,2013,d08,22.4779
vnm,2013,d09,31.5065
vnm,2013,d10,40.6123
vut,2007,d01,0.835
vut,2007,d02,0.3146
vut,2007,d03,0.3124
vut,2007,d04,0
vut,2007,d05,0
vut,2007,d06,0
vut,2007,d07,0.7328
vut,2007,d08,1.0339
vut,2007,d09,0
vut,2007,d10,0.4088
wsm,2019,d01,0.4647
wsm,2019,d02,1.1449
wsm,2019,d03,0.5613
wsm,2019,d04,0
wsm,2019,d05,4.4406
wsm,2019,d06,1.7344
wsm,2019,d07,2.549
wsm,2019,d08,1.6132
wsm,2019,d09,0.6363
wsm,2019,d10,2.6251
yem,2006,d01,0
yem,2006,d02,0
yem,2006,d03,0
yem,2006,d04,0.3692
yem,2006,d05,0.2272
yem,2006,d06,0.2471
yem,2006,d07,0.6878
yem,2006,d08,1.3773
yem,2006,d09,3.5228
yem,2006,d10,7.228
yem,2013,d01,1.4686
yem,2013,d02,1.0585
yem,2013,d03,1.7941
yem,2013,d04,2.6141
yem,2013,d05,4.7623
yem,2013,d06,5.1839
yem,2013,d07,5.2954
yem,2013,d08,5.8614
yem,2013,d09,8.5809
yem,2013,d10,11.5278
zaf,2016,d01,0.1325
zaf,2016,d02,0.1704
zaf,2016,d03,0.1862
zaf,2016,d04,0.0593
zaf,2016,d05,0.1233
zaf,2016,d06,0.088
zaf,2016,d07,0.39
zaf,2016,d08,0.5022
zaf,2016,d09,2.3492
zaf,2016,d10,8.0185
zmb,2007,d01,0.1156
zmb,2007,d02,0
zmb,2007,d03,0.1233
zmb,2007,d04,0
zmb,2007,d05,0.0525
zmb,2007,d06,0
zmb,2007,d07,0
zmb,2007,d08,0
zmb,2007,d09,0
zmb,2007,d10,0.0433
zmb,2013,d01,0.0216
zmb,2013,d02,0
zmb,2013,d03,0
zmb,2013,d04,0.0555
zmb,2013,d05,0.2672
zmb,2013,d06,0.0142
zmb,2013,d07,0
zmb,2013,d08,0.2036
zmb,2013,d09,0
zmb,2013,d10,0.4773
zmb,2018,d01,0.0609
zmb,2018,d02,0.0132
zmb,2018,d03,0.016
zmb,2018,d04,0.1283
zmb,2018,d05,0
zmb,2018,d06,0
zmb,2018,d07,0
zmb,2018,d08,0
zmb,2018,d09,0.1037
zmb,2018,d10,0.2134
zwe,2005,d01,0.1439
zwe,2005,d02,0.0414
zwe,2005,d03,0.6273
zwe,2005,d04,0.4168
zwe,2005,d05,0
zwe,2005,d06,0.0515
zwe,2005,d07,0.3646
zwe,2005,d08,0
zwe,2005,d09,0.0558
zwe,2005,d10,0.1322
zwe,2009,d01,0.1346
zwe,2009,d02,0
zwe,2009,d03,0.1894
zwe,2009,d04,0.0927
zwe,2009,d05,0.6646
zwe,2009,d06,0.0222
zwe,2009,d07,0
zwe,2009,d08,0.4061
zwe,2009,d09,0.5877
zwe,2009,d10,0.4843
zwe,2010,d01,0
zwe,2010,d02,0.4599
zwe,2010,d03,0.3031
zwe,2010,d04,0.2197
zwe,2010,d05,0.3513
zwe,2010,d06,0.368
zwe,2010,d07,0.1065
zwe,2010,d08,0.0735
zwe,2010,d09,0.121
zwe,2010,d10,1.5469
zwe,2014,d01,0
zwe,2014,d02,0.0583
zwe,2014,d03,0.505
zwe,2014,d04,0.0242
zwe,2014,d05,0
zwe,2014,d06,0.0887
zwe,2014,d07,0.1013
zwe,2014,d08,0.0109
zwe,2014,d09,0.0403
zwe,2014,d10,0.3635
zwe,2015,d01,0.359
zwe,2015,d02,0.4739
zwe,2015,d03,0.3057
zwe,2015,d04,0.4595
zwe,2015,d05,0.0604
zwe,2015,d06,0.258
zwe,2015,d07,0.0238
zwe,2015,d08,0.1462
zwe,2015,d09,0.4064
zwe,2015,d10,0.9828
zwe,2019,d01,0.1659
zwe,2019,d02,0.131
zwe,2019,d03,0
zwe,2019,d04,0
zwe,2019,d05,0.2776
zwe,2019,d06,0
zwe,2019,d07,0
zwe,2019,d08,0.1644
zwe,2019,d09,0
zwe,2019,d10,0.5719
