country,time,decile,vbcg
afg,2010,d01,56.0212
afg,2010,d02,51.7376
afg,2010,d03,58.532
afg,2010,d04,65.3644
afg,2010,d05,51.7351
afg,2010,d06,64.4729
afg,2010,d07,63.6285
afg,2010,d08,66.8457
afg,2010,d09,67.8665
afg,2010,d10,87.0373
afg,2015,d01,63.9097
afg,2015,d02,65.3662
afg,2015,d03,69.3909
afg,2015,d04,65.7828
afg,2015,d05,70.89
afg,2015,d06,72.9856
afg,2015,d07,74.9674
afg,2015,d08,83.1604
afg,2015,d09,85.1947
afg,2015,d10,82.5166
ago,2015,d01,43.6929
ago,2015,d02,45.6919
ago,2015,d03,56.5009
ago,2015,d04,66.92
ago,2015,d05,80.249
ago,2015,d06,84.914
ago,2015,d07,88.1415
ago,2015,d08,88.6483
ago,2015,d09,96.5805
ago,2015,d10,92.6964
arm,2015,d01,97.5906
arm,2015,d02,100
arm,2015,d03,97.6972
arm,2015,d04,100
arm,2015,d05,94.4488
arm,2015,d06,100
arm,2015,d07,100
arm,2015,d08,100
arm,2015,d09,100
arm,2015,d10,98.8351
aze,2006,d01,62.1456
aze,2006,d02,77.2748
aze,2006,d03,81.0429
aze,2006,d04,77.0597
aze,2006,d05,78.9468
aze,2006,d06,90.919
aze,2006,d07,56.934
aze,2006,d08,95.0502
aze,2006,d09,96.4929
aze,2006,d10,100
bdi,2005,d01,89.1391
bdi,2005,d02,88.0478
bdi,2005,d03,90.1406
bdi,2005,d04,90.1854
bdi,2005,d05,89.9427
bdi,2005,d06,90.0568
bdi,2005,d07,91.8125
bdi,2005,d08,88.2974
bdi,2005,d09,84.9577
bdi,2005,d10,90.1509
bdi,2010,d01,98.385
bdi,2010,d02,97.8131
bdi,2010,d03,99.2705
bdi,2010,d04,97.885
bdi,2010,d05,98.466
bdi,2010,d06,99.3302
bdi,2010,d07,99.161
bdi,2010,d08,100
bdi,2010,d09,99.563
bdi,2010,d10,100
bdi,2016,d01,94.0941
bdi,2016,d02,96.0523
bdi,2016,d03,98.5316
bdi,2016,d04,97.3148
bdi,2016,d05,97.7203
bdi,2016,d06,99.629
bdi,2016,d07,97.8094
bdi,2016,d08,98.3708
bdi,2016,d09,98.9416
bdi,2016,d10,99.602
ben,1996,d01,63.2488
ben,1996,d02,78.4388
ben,1996,d03,75.4285
ben,1996,d04,88.1539
ben,1996,d05,90.0982
ben,1996,d06,96.8904
ben,1996,d07,94.0625
ben,1996,d08,92.2073
ben,1996,d09,92.0388
ben,1996,d10,100
ben,2001,d01,81.7539
ben,2001,d02,79.4646
ben,2001,d03,87.1462
ben,2001,d04,86.2203
ben,2001,d05,87.4577
ben,2001,d06,93.0497
ben,2001,d07,97.2536
ben,2001,d08,97.1061
ben,2001,d09,94.0097
ben,2001,d10,98.5518
ben,2006,d01,72.9024
ben,2006,d02,79.6315
ben,2006,d03,83.5145
ben,2006,d04,86.0244
ben,2006,d05,90.9002
ben,2006,d06,91.3383
ben,2006,d07,92.3348
ben,2006,d08,96.0011
ben,2006,d09,96.112
ben,2006,d10,97.9703
ben,2011,d01,70.978
ben,2011,d02,75.3652
ben,2011,d03,82.5525
ben,2011,d04,85.4453
ben,2011,d05,89.6325
ben,2011,d06,93.9255
ben,2011,d07,94.1756
ben,2011,d08,95.484
ben,2011,d09,97.2527
ben,2011,d10,96.8183
ben,2014,d01,63.1715
ben,2014,d02,87.4877
ben,2014,d03,89.9881
ben,2014,d04,89.7055
ben,2014,d05,87.887
ben,2014,d06,95.827
ben,2014,d07,96.7461
ben,2014,d08,95.1912
ben,2014,d09,98.5498
ben,2014,d10,97.8482
ben,2017,d01,66.5435
ben,2017,d02,78.0984
ben,2017,d03,84.9709
ben,2017,d04,86.9475
ben,2017,d05,89.9837
ben,2017,d06,94.306
ben,2017,d07,95.5059
ben,2017,d08,93.109
ben,2017,d09,96.7572
ben,2017,d10,96.7983
bfa,1998,d01,59.5132
bfa,1998,d02,64.2514
bfa,1998,d03,72.0002
bfa,1998,d04,75.0464
bfa,1998,d05,57.9395
bfa,1998,d06,71.2905
bfa,1998,d07,76.8712
bfa,1998,d08,71.2881
bfa,1998,d09,85.4274
bfa,1998,d10,96.8442
bfa,2003,d01,74.7378
bfa,2003,d02,69.6725
bfa,2003,d03,77.2915
bfa,2003,d04,80.0322
bfa,2003,d05,84.7115
bfa,2003,d06,73.7186
bfa,2003,d07,87.4411
bfa,2003,d08,81.4764
bfa,2003,d09,92.8392
bfa,2003,d10,96.9982
bfa,2006,d01,84.0674
bfa,2006,d02,90.2392
bfa,2006,d03,91.3227
bfa,2006,d04,81.3054
bfa,2006,d05,91.7616
bfa,2006,d06,93.3252
bfa,2006,d07,93.0541
bfa,2006,d08,95.1893
bfa,2006,d09,99.4069
bfa,2006,d10,98.4467
bfa,2010,d01,91.3663
bfa,2010,d02,91.819
bfa,2010,d03,93.4925
bfa,2010,d04,96.3913
bfa,2010,d05,97.4389
bfa,2010,d06,98.8818
bfa,2010,d07,99.895
bfa,2010,d08,99.0999
bfa,2010,d09,99.5099
bfa,2010,d10,97.3198
bgd,1993,d01,79.5303
bgd,1993,d02,84.8147
bgd,1993,d03,83.7216
bgd,1993,d04,75.4612
bgd,1993,d05,85.4516
bgd,1993,d06,83.181
bgd,1993,d07,90.0668
bgd,1993,d08,93.1704
bgd,1993,d09,89.1201
bgd,1993,d10,94.322
bgd,1996,d01,77.0002
bgd,1996,d02,85.3908
bgd,1996,d03,84.6596
bgd,1996,d04,74.8438
bgd,1996,d05,83.2936
bgd,1996,d06,88.0904
bgd,1996,d07,92.0426
bgd,1996,d08,95.0624
bgd,1996,d09,94.3706
bgd,1996,d10,95.4124
bgd,1999,d01,80.7217
bgd,1999,d02,87.8276
bgd,1999,d03,90.5604
bgd,1999,d04,91.7336
bgd,1999,d05,94.1107
bgd,1999,d06,92.3491
bgd,1999,d07,90.9989
bgd,1999,d08,96.5574
bgd,1999,d09,95.9965
bgd,1999,d10,96.9937
bgd,2004,d01,85.9769
bgd,2004,d02,87.5367
bgd,2004,d03,94.9519
bgd,2004,d04,97.1148
bgd,2004,d05,93.8177
bgd,2004,d06,95.8434
bgd,2004,d07,92.5586
bgd,2004,d08,96.161
bgd,2004,d09,95.7756
bgd,2004,d10,100
bgd,2006,d01,93.7845
bgd,2006,d02,94.3801
bgd,2006,d03,97.2076
bgd,2006,d04,96.7723
bgd,2006,d05,96.9138
bgd,2006,d06,96.5072
bgd,2006,d07,98.5729
bgd,2006,d08,99.3479
bgd,2006,d09,99.0172
bgd,2006,d10,99.2538
bgd,2007,d01,97.601
bgd,2007,d02,96.5147
bgd,2007,d03,95.1206
bgd,2007,d04,95.6701
bgd,2007,d05,93.7999
bgd,2007,d06,98.5559
bgd,2007,d07,95.9496
bgd,2007,d08,97.9438
bgd,2007,d09,97.7042
bgd,2007,d10,98.4565
bgd,2011,d01,95.9537
bgd,2011,d02,95.2774
bgd,2011,d03,95.9257
bgd,2011,d04,96.8686
bgd,2011,d05,99.5914
bgd,2011,d06,98.8472
bgd,2011,d07,97.4511
bgd,2011,d08,99.0773
bgd,2011,d09,100
bgd,2011,d10,100
bgd,2014,d01,97.4712
bgd,2014,d02,95.5817
bgd,2014,d03,97.6266
bgd,2014,d04,96.9675
bgd,2014,d05,98.2827
bgd,2014,d06,97.8601
bgd,2014,d07,97.7763
bgd,2014,d08,98.672
bgd,2014,d09,99.5317
bgd,2014,d10,100
bgd,2017,d01,95.8485
bgd,2017,d02,98.9224
bgd,2017,d03,98.3514
bgd,2017,d04,99.0075
bgd,2017,d05,98.6335
bgd,2017,d06,97.9477
bgd,2017,d07,98.1904
bgd,2017,d08,97.5922
bgd,2017,d09,98.6936
bgd,2017,d10,99.728
bih,2006,d01,90.3226
bih,2006,d02,95.5256
bih,2006,d03,95.4579
bih,2006,d04,92.4051
bih,2006,d05,89.5545
bih,2006,d06,98.7819
bih,2006,d07,98.135
bih,2006,d08,98.0769
bih,2006,d09,96.1087
bih,2006,d10,98.8249
bih,2011,d01,94.803
bih,2011,d02,100
bih,2011,d03,100
bih,2011,d04,98.4442
bih,2011,d05,100
bih,2011,d06,100
bih,2011,d07,98.313
bih,2011,d08,100
bih,2011,d09,100
bih,2011,d10,100
blr,2005,d01,100
blr,2005,d02,100
blr,2005,d03,98.262
blr,2005,d04,98.2669
blr,2005,d05,100
blr,2005,d06,100
blr,2005,d07,98.9369
blr,2005,d08,100
blr,2005,d09,100
blr,2005,d10,100
blz,2015,d01,95.6743
blz,2015,d02,91.8339
blz,2015,d03,97.0185
blz,2015,d04,98.8529
blz,2015,d05,100
blz,2015,d06,100
blz,2015,d07,95.8041
blz,2015,d08,100
blz,2015,d09,100
blz,2015,d10,100
bol,1994,d01,64.014
bol,1994,d02,60.9382
bol,1994,d03,68.0387
bol,1994,d04,67.7195
bol,1994,d05,78.6924
bol,1994,d06,89.4512
bol,1994,d07,78.1561
bol,1994,d08,93.061
bol,1994,d09,95.8463
bol,1994,d10,100
bol,1998,d01,73.1682
bol,1998,d02,83.6995
bol,1998,d03,85.0545
bol,1998,d04,81.7385
bol,1998,d05,86.4397
bol,1998,d06,90.6305
bol,1998,d07,92.8328
bol,1998,d08,98.5887
bol,1998,d09,99.1985
bol,1998,d10,100
bol,2003,d01,90.0165
bol,2003,d02,92.4379
bol,2003,d03,94.1616
bol,2003,d04,84.9939
bol,2003,d05,90.374
bol,2003,d06,94.5039
bol,2003,d07,97.4443
bol,2003,d08,98.3163
bol,2003,d09,98.419
bol,2003,d10,100
bol,2008,d01,97.051
bol,2008,d02,98.6654
bol,2008,d03,97.9901
bol,2008,d04,98.6225
bol,2008,d05,98.9546
bol,2008,d06,97.7466
bol,2008,d07,99.1149
bol,2008,d08,100
bol,2008,d09,99.2535
bol,2008,d10,97.6552
bol,2016,d01,95.4534
bol,2016,d02,96.2482
bol,2016,d03,95.475
bol,2016,d04,99.6262
bol,2016,d05,98.0392
bol,2016,d06,96.591
bol,2016,d07,99.2247
bol,2016,d08,98.8807
bol,2016,d09,100
bol,2016,d10,96.1698
bra,1996,d01,78.9441
bra,1996,d02,89.0539
bra,1996,d03,91.7857
bra,1996,d04,95.587
bra,1996,d05,97.4961
bra,1996,d06,98.3132
bra,1996,d07,97.9275
bra,1996,d08,97.8172
bra,1996,d09,97.0249
bra,1996,d10,97.0033
caf,1994,d01,52.6946
caf,1994,d02,70.0764
caf,1994,d03,71.0072
caf,1994,d04,71.038
caf,1994,d05,68.396
caf,1994,d06,85.3732
caf,1994,d07,76.8099
caf,1994,d08,89.9313
caf,1994,d09,93.2093
caf,1994,d10,97.2748
caf,2006,d01,60.0196
caf,2006,d02,64.9774
caf,2006,d03,64.4705
caf,2006,d04,65.3864
caf,2006,d05,69.6382
caf,2006,d06,75.9542
caf,2006,d07,77.5183
caf,2006,d08,83.3965
caf,2006,d09,88.1934
caf,2006,d10,94.2001
caf,2010,d01,57.829
caf,2010,d02,57.1696
caf,2010,d03,63.3336
caf,2010,d04,64.9712
caf,2010,d05,75.729
caf,2010,d06,79.7879
caf,2010,d07,80.7506
caf,2010,d08,84.51
caf,2010,d09,91.9428
caf,2010,d10,97.1243
caf,2018,d01,38.8618
caf,2018,d02,50.1241
caf,2018,d03,55.4406
caf,2018,d04,45.4112
caf,2018,d05,61.8483
caf,2018,d06,56.6556
caf,2018,d07,65.482
caf,2018,d08,77.1663
caf,2018,d09,87.3804
caf,2018,d10,92.6647
civ,1994,d01,44.1701
civ,1994,d02,54.0946
civ,1994,d03,58.0054
civ,1994,d04,70.9023
civ,1994,d05,71.5981
civ,1994,d06,77.6617
civ,1994,d07,91.3363
civ,1994,d08,88.9469
civ,1994,d09,91.971
civ,1994,d10,100
civ,1998,d01,60
civ,1998,d02,72.973
civ,1998,d03,87.7987
civ,1998,d04,89.3289
civ,1998,d05,75.2555
civ,1998,d06,83.7579
civ,1998,d07,92.1239
civ,1998,d08,98.3616
civ,1998,d09,98.4798
civ,1998,d10,100
civ,2006,d01,69.4356
civ,2006,d02,69.613
civ,2006,d03,75.0948
civ,2006,d04,83.8981
civ,2006,d05,86.0529
civ,2006,d06,92.8539
civ,2006,d07,93.658
civ,2006,d08,98.2068
civ,2006,d09,97.6918
civ,2006,d10,99.0963
civ,2011,d01,70.458
civ,2011,d02,75.8938
civ,2011,d03,74.5737
civ,2011,d04,77.4669
civ,2011,d05,82.748
civ,2011,d06,85.0177
civ,2011,d07,94.7848
civ,2011,d08,86.6285
civ,2011,d09,94.7521
civ,2011,d10,100
civ,2016,d01,55.1808
civ,2016,d02,70.1443
civ,2016,d03,72.9498
civ,2016,d04,81.2306
civ,2016,d05,78.7113
civ,2016,d06,84.088
civ,2016,d07,86.7257
civ,2016,d08,93.315
civ,2016,d09,96.0365
civ,2016,d10,87.8735
cmr,1998,d01,59.7403
cmr,1998,d02,57.931
cmr,1998,d03,58.714
cmr,1998,d04,59.0775
cmr,1998,d05,71.0012
cmr,1998,d06,91.0546
cmr,1998,d07,90.8746
cmr,1998,d08,89.834
cmr,1998,d09,91.4621
cmr,1998,d10,93.3412
cmr,2004,d01,71.9173
cmr,2004,d02,81.0128
cmr,2004,d03,77.5045
cmr,2004,d04,88.3159
cmr,2004,d05,86.1955
cmr,2004,d06,88.4165
cmr,2004,d07,89.9629
cmr,2004,d08,94.4213
cmr,2004,d09,91.7713
cmr,2004,d10,99.2081
cmr,2006,d01,84.7463
cmr,2006,d02,78.3689
cmr,2006,d03,90.7858
cmr,2006,d04,97.2105
cmr,2006,d05,87.5886
cmr,2006,d06,90.6348
cmr,2006,d07,96.2829
cmr,2006,d08,96.8722
cmr,2006,d09,92.2263
cmr,2006,d10,100
cmr,2011,d01,63.4176
cmr,2011,d02,72.6934
cmr,2011,d03,82.4749
cmr,2011,d04,89.759
cmr,2011,d05,91.2269
cmr,2011,d06,95.2107
cmr,2011,d07,90.6944
cmr,2011,d08,95.6892
cmr,2011,d09,99.8006
cmr,2011,d10,98.9009
cmr,2014,d01,75.8239
cmr,2014,d02,79.057
cmr,2014,d03,88.5929
cmr,2014,d04,96.5905
cmr,2014,d05,98.5949
cmr,2014,d06,95.5333
cmr,2014,d07,96.6944
cmr,2014,d08,98.202
cmr,2014,d09,92.6135
cmr,2014,d10,100
cmr,2018,d01,70.7802
cmr,2018,d02,80.0128
cmr,2018,d03,81.8774
cmr,2018,d04,85.7272
cmr,2018,d05,83.2248
cmr,2018,d06,91.0025
cmr,2018,d07,94.4234
cmr,2018,d08,91.8846
cmr,2018,d09,98.2084
cmr,2018,d10,96.9911
cod,2007,d01,61.4315
cod,2007,d02,61.2458
cod,2007,d03,68.3942
cod,2007,d04,54.0682
cod,2007,d05,62.4507
cod,2007,d06,65.3819
cod,2007,d07,78.5819
cod,2007,d08,87.0202
cod,2007,d09,94.2171
cod,2007,d10,96.5592
cod,2010,d01,73.1481
cod,2010,d02,76.5218
cod,2010,d03,80.6703
cod,2010,d04,79.644
cod,2010,d05,83.8213
cod,2010,d06,87.7558
cod,2010,d07,88.9557
cod,2010,d08,92.75
cod,2010,d09,97.4243
cod,2010,d10,98.438
cod,2013,d01,74.2795
cod,2013,d02,73.8507
cod,2013,d03,80.2654
cod,2013,d04,81.04
cod,2013,d05,80.2673
cod,2013,d06,82.4441
cod,2013,d07,88.4374
cod,2013,d08,87.7909
cod,2013,d09,92.1543
cod,2013,d10,99.8745
cod,2017,d01,60.6787
cod,2017,d02,65.5302
cod,2017,d03,66.0259
cod,2017,d04,67.6623
cod,2017,d05,69.4847
cod,2017,d06,76.8078
cod,2017,d07,75.8202
cod,2017,d08,85.7019
cod,2017,d09,89.0112
cod,2017,d10,89.4264
cog,2005,d01,73.3454
cog,2005,d02,77.1695
cog,2005,d03,83.6783
cog,2005,d04,88.2778
cog,2005,d05,95.0552
cog,2005,d06,96.1991
cog,2005,d07,98.7796
cog,2005,d08,97.9993
cog,2005,d09,99.4498
cog,2005,d10,100
cog,2011,d01,81.2106
cog,2011,d02,93.2502
cog,2011,d03,90.1803
cog,2011,d04,95.1015
cog,2011,d05,93.9699
cog,2011,d06,97.901
cog,2011,d07,100
cog,2011,d08,97.6575
cog,2011,d09,95.6686
cog,2011,d10,99.4165
cog,2014,d01,74.9691
cog,2014,d02,90.2522
cog,2014,d03,88.7018
cog,2014,d04,94.3233
cog,2014,d05,95.9749
cog,2014,d06,97.685
cog,2014,d07,97.1019
cog,2014,d08,93.6043
cog,2014,d09,97.8407
cog,2014,d10,98.5204
col,1995,d01,84.1087
col,1995,d02,89.7491
col,1995,d03,89.545
col,1995,d04,95.7943
col,1995,d05,96.3314
col,1995,d06,98.8486
col,1995,d07,97.5537
col,1995,d08,96.3246
col,1995,d09,98.0529
col,1995,d10,89.8196
col,2005,d01,89.1717
col,2005,d02,97.7808
col,2005,d03,98.4599
col,2005,d04,98.0725
col,2005,d05,98.7016
col,2005,d06,97.6159
col,2005,d07,98.4396
col,2005,d08,99.1873
col,2005,d09,99.3206
col,2005,d10,98.5273
col,2010,d01,94.0152
col,2010,d02,97.4533
col,2010,d03,96.6825
col,2010,d04,98.4041
col,2010,d05,98.6408
col,2010,d06,98.7191
col,2010,d07,97.8472
col,2010,d08,96.8159
col,2010,d09,97.0755
col,2010,d10,96.4397
com,2012,d01,73.8261
com,2012,d02,77.4555
com,2012,d03,78.1994
com,2012,d04,85.4691
com,2012,d05,97.9105
com,2012,d06,87.1865
com,2012,d07,83.8872
com,2012,d08,96.7077
com,2012,d09,87.3405
com,2012,d10,88.9681
cri,2018,d01,99.3753
cri,2018,d02,100
cri,2018,d03,100
cri,2018,d04,100
cri,2018,d05,99.5443
cri,2018,d06,97.7734
cri,2018,d07,100
cri,2018,d08,100
cri,2018,d09,98.9693
cri,2018,d10,100
cub,2019,d01,100
cub,2019,d02,96.035
cub,2019,d03,100
cub,2019,d04,98.6733
cub,2019,d05,100
cub,2019,d06,99.0264
cub,2019,d07,97.4825
cub,2019,d08,100
cub,2019,d09,100
cub,2019,d10,100
dom,1996,d01,76.732
dom,1996,d02,84.3253
dom,1996,d03,84.1119
dom,1996,d04,97.8908
dom,1996,d05,95.9407
dom,1996,d06,94.1467
dom,1996,d07,92.767
dom,1996,d08,88.7406
dom,1996,d09,97.503
dom,1996,d10,95.8349
dom,2002,d01,85.9356
dom,2002,d02,92.7356
dom,2002,d03,91.9399
dom,2002,d04,91.687
dom,2002,d05,95.6825
dom,2002,d06,96.6753
dom,2002,d07,96.6316
dom,2002,d08,96.4165
dom,2002,d09,93.6352
dom,2002,d10,94.679
dom,2007,d01,90.1776
dom,2007,d02,93.1893
dom,2007,d03,93.6694
dom,2007,d04,96.1686
dom,2007,d05,92.8972
dom,2007,d06,92.7943
dom,2007,d07,95.2454
dom,2007,d08,91.907
dom,2007,d09,94.7035
dom,2007,d10,96.8085
dom,2013,d01,84.57
dom,2013,d02,91.0998
dom,2013,d03,96.3745
dom,2013,d04,99.4535
dom,2013,d05,93.8055
dom,2013,d06,87.0173
dom,2013,d07,94.7489
dom,2013,d08,97.1416
dom,2013,d09,88.1832
dom,2013,d10,92.5123
dom,2014,d01,89.5106
dom,2014,d02,92.2374
dom,2014,d03,94.2239
dom,2014,d04,90.6117
dom,2014,d05,95.3523
dom,2014,d06,96.1757
dom,2014,d07,95.4386
dom,2014,d08,96.2249
dom,2014,d09,95.0847
dom,2014,d10,96.3369
dom,2019,d01,88.0925
dom,2019,d02,85.7424
dom,2019,d03,91.3246
dom,2019,d04,93.6407
dom,2019,d05,96.6052
dom,2019,d06,96.1347
dom,2019,d07,90.5079
dom,2019,d08,91.4965
dom,2019,d09,94.3249
dom,2019,d10,92.7969
dza,2012,d01,97.1053
dza,2012,d02,97.2168
dza,2012,d03,97.5327
dza,2012,d04,98.2024
dza,2012,d05,100
dza,2012,d06,99.5271
dza,2012,d07,99.3228
dza,2012,d08,99.8849
dza,2012,d09,96.8608
dza,2012,d10,97.1271
dza,2018,d01,96.0154
dza,2018,d02,98.5855
dza,2018,d03,99.2294
dza,2018,d04,97.8634
dza,2018,d05,96.8282
dza,2018,d06,97.9007
dza,2018,d07,96.837
dza,2018,d08,98.4711
dza,2018,d09,97.1854
dza,2018,d10,98.2994
ecu,2012,d01,95.7277
ecu,2012,d02,97.322
ecu,2012,d03,99.0415
ecu,2012,d04,98.9108
ecu,2012,d05,97.3386
ecu,2012,d06,96.3771
ecu,2012,d07,96.5004
ecu,2012,d08,98.4135
ecu,2012,d09,97.8344
ecu,2012,d10,99.6107
ecu,2018,d01,94.3119
ecu,2018,d02,91.7829
ecu,2018,d03,98.4926
ecu,2018,d04,96.196
ecu,2018,d05,97.0915
ecu,2018,d06,96.5639
ecu,2018,d07,99.2851
ecu,2018,d08,96.9019
ecu,2018,d09,97.692
ecu,2018,d10,97.0378
egy,1995,d01,87.69
egy,1995,d02,90.4795
egy,1995,d03,92.6615
egy,1995,d04,94.3947
egy,1995,d05,96.417
egy,1995,d06,94.5899
egy,1995,d07,97.5572
egy,1995,d08,97.1026
egy,1995,d09,99.4222
egy,1995,d10,97.824
egy,2000,d01,97.4939
egy,2000,d02,98.9506
egy,2000,d03,99.4929
egy,2000,d04,99.4008
egy,2000,d05,99.2655
egy,2000,d06,100
egy,2000,d07,99.4358
egy,2000,d08,99.2989
egy,2000,d09,100
egy,2000,d10,100
egy,2005,d01,97.229
egy,2005,d02,97.5843
egy,2005,d03,96.1945
egy,2005,d04,98.1335
egy,2005,d05,98.5631
egy,2005,d06,97.5198
egy,2005,d07,98.3513
egy,2005,d08,99.0673
egy,2005,d09,98.6774
egy,2005,d10,99.0834
egy,2008,d01,97.1651
egy,2008,d02,98.3067
egy,2008,d03,99.3246
egy,2008,d04,98.9282
egy,2008,d05,100
egy,2008,d06,98.3913
egy,2008,d07,99.656
egy,2008,d08,100
egy,2008,d09,100
egy,2008,d10,98.0495
egy,2014,d01,97.2358
egy,2014,d02,99.7948
egy,2014,d03,99.9559
egy,2014,d04,99.0505
egy,2014,d05,99.7082
egy,2014,d06,99.3003
egy,2014,d07,97.9134
egy,2014,d08,99.6911
egy,2014,d09,98.9107
egy,2014,d10,100
eth,2000,d01,35.3496
eth,2000,d02,42.5952
eth,2000,d03,37.4138
eth,2000,d04,35.6269
eth,2000,d05,34.223
eth,2000,d06,46.3955
eth,2000,d07,41.3558
eth,2000,d08,50.8159
eth,2000,d09,64.5733
eth,2000,d10,81.5455
eth,2005,d01,42.9727
eth,2005,d02,56.7337
eth,2005,d03,58.7228
eth,2005,d04,62.9701
eth,2005,d05,55.0567
eth,2005,d06,64.7511
eth,2005,d07,60.0237
eth,2005,d08,71.0814
eth,2005,d09,61.1384
eth,2005,d10,83.5584
eth,2011,d01,52.5802
eth,2011,d02,63.5796
eth,2011,d03,66.4408
eth,2011,d04,65.0849
eth,2011,d05,61.9745
eth,2011,d06,61.6504
eth,2011,d07,59.9022
eth,2011,d08,75.8099
eth,2011,d09,69.6128
eth,2011,d10,96.5453
eth,2016,d01,55.9845
eth,2016,d02,59.1794
eth,2016,d03,60.0608
eth,2016,d04,69.2408
eth,2016,d05,72.0087
eth,2016,d06,66.9768
eth,2016,d07,81.6158
eth,2016,d08,73.5718
eth,2016,d09,71.0491
eth,2016,d10,94.8127
eth,2019,d01,47.9853
eth,2019,d02,57.7744
eth,2019,d03,67.4487
eth,2019,d04,69.986
eth,2019,d05,68.3545
eth,2019,d06,68.754
eth,2019,d07,78.7476
eth,2019,d08,76.6243
eth,2019,d09,92.3002
eth,2019,d10,95.2418
gab,2000,d01,72.9561
gab,2000,d02,77.0522
gab,2000,d03,89.6171
gab,2000,d04,90.1296
gab,2000,d05,91.084
gab,2000,d06,95.7875
gab,2000,d07,94.4446
gab,2000,d08,93.9449
gab,2000,d09,95.5823
gab,2000,d10,94.2775
gab,2012,d01,82.4379
gab,2012,d02,92.9979
gab,2012,d03,94.9579
gab,2012,d04,87.9698
gab,2012,d05,93.5615
gab,2012,d06,85.3385
gab,2012,d07,91.8981
gab,2012,d08,94.5237
gab,2012,d09,93.4837
gab,2012,d10,100
gha,1993,d01,69.4444
gha,1993,d02,64.0625
gha,1993,d03,88.2353
gha,1993,d04,70.1754
gha,1993,d05,86.6667
gha,1993,d06,89.4737
gha,1993,d07,83.871
gha,1993,d08,88.8889
gha,1993,d09,91.5254
gha,1993,d10,98.3607
gha,1998,d01,79.262
gha,1998,d02,77.9328
gha,1998,d03,86.3636
gha,1998,d04,83.554
gha,1998,d05,96.8905
gha,1998,d06,88.9782
gha,1998,d07,89.8895
gha,1998,d08,93.2985
gha,1998,d09,97.959
gha,1998,d10,94.3157
gha,2003,d01,82.3592
gha,2003,d02,91.311
gha,2003,d03,92.5121
gha,2003,d04,87.9019
gha,2003,d05,88.1755
gha,2003,d06,91.0384
gha,2003,d07,96.8376
gha,2003,d08,95.9902
gha,2003,d09,93.6876
gha,2003,d10,94.5435
gha,2006,d01,91.5328
gha,2006,d02,86.3507
gha,2006,d03,92.7824
gha,2006,d04,90.1108
gha,2006,d05,98.9191
gha,2006,d06,91.4908
gha,2006,d07,96.9865
gha,2006,d08,99.2893
gha,2006,d09,100
gha,2006,d10,100
gha,2008,d01,83.0395
gha,2008,d02,94.8718
gha,2008,d03,97.4098
gha,2008,d04,93.6553
gha,2008,d05,95.6425
gha,2008,d06,99.3734
gha,2008,d07,100
gha,2008,d08,100
gha,2008,d09,100
gha,2008,d10,97.0116
gha,2011,d01,96.5725
gha,2011,d02,96.6078
gha,2011,d03,98.1451
gha,2011,d04,96.5799
gha,2011,d05,99.7169
gha,2011,d06,97.494
gha,2011,d07,98.886
gha,2011,d08,99.4637
gha,2011,d09,99.448
gha,2011,d10,100
gha,2014,d01,92.3498
gha,2014,d02,98.9221
gha,2014,d03,95.9024
gha,2014,d04,94.84
gha,2014,d05,99.5177
gha,2014,d06,96.3455
gha,2014,d07,97.4634
gha,2014,d08,94.9664
gha,2014,d09,98.7729
gha,2014,d10,98.9704
gha,2017,d01,94.1908
gha,2017,d02,90.8297
gha,2017,d03,86.8522
gha,2017,d04,98.4009
gha,2017,d05,89.9931
gha,2017,d06,93.4958
gha,2017,d07,93.8425
gha,2017,d08,96.5447
gha,2017,d09,95.1208
gha,2017,d10,96.815
gin,1999,d01,55.766
gin,1999,d02,56.0855
gin,1999,d03,67.6314
gin,1999,d04,69.2904
gin,1999,d05,76.6838
gin,1999,d06,78.1244
gin,1999,d07,82.983
gin,1999,d08,86.5396
gin,1999,d09,92.9832
gin,1999,d10,98.9287
gin,2005,d01,63.7569
gin,2005,d02,75.4577
gin,2005,d03,69.6314
gin,2005,d04,76.4983
gin,2005,d05,84.6446
gin,2005,d06,80.9024
gin,2005,d07,88.9315
gin,2005,d08,88.1204
gin,2005,d09,90.6636
gin,2005,d10,92.4307
gin,2012,d01,69.302
gin,2012,d02,73.7702
gin,2012,d03,76.8076
gin,2012,d04,81.355
gin,2012,d05,79.5866
gin,2012,d06,88.6924
gin,2012,d07,81.7561
gin,2012,d08,91.8489
gin,2012,d09,93.9943
gin,2012,d10,93.516
gin,2016,d01,40.94
gin,2016,d02,51.4926
gin,2016,d03,65.3447
gin,2016,d04,66.5882
gin,2016,d05,63.7163
gin,2016,d06,81.7865
gin,2016,d07,81.0701
gin,2016,d08,86.3769
gin,2016,d09,92.7014
gin,2016,d10,91.6314
gin,2018,d01,50.3033
gin,2018,d02,62.585
gin,2018,d03,67.0522
gin,2018,d04,74.6444
gin,2018,d05,72.2815
gin,2018,d06,72.1025
gin,2018,d07,80.1717
gin,2018,d08,87.3593
gin,2018,d09,91.0361
gin,2018,d10,87.777
gmb,2005,d01,99.3397
gmb,2005,d02,99.4657
gmb,2005,d03,100
gmb,2005,d04,98.9712
gmb,2005,d05,97.3107
gmb,2005,d06,98.3748
gmb,2005,d07,99.2144
gmb,2005,d08,97.4158
gmb,2005,d09,98.1406
gmb,2005,d10,98.1922
gmb,2010,d01,99.6887
gmb,2010,d02,99.2002
gmb,2010,d03,98.7815
gmb,2010,d04,100
gmb,2010,d05,99.7504
gmb,2010,d06,98.5139
gmb,2010,d07,98.4267
gmb,2010,d08,99.857
gmb,2010,d09,99.1056
gmb,2010,d10,97.671
gmb,2013,d01,99.1313
gmb,2013,d02,98.8429
gmb,2013,d03,99.4558
gmb,2013,d04,99.3157
gmb,2013,d05,99.8392
gmb,2013,d06,98.8968
gmb,2013,d07,96.8664
gmb,2013,d08,99.7574
gmb,2013,d09,99.7189
gmb,2013,d10,95.5907
gmb,2018,d01,97.2059
gmb,2018,d02,97.5462
gmb,2018,d03,97.7084
gmb,2018,d04,99.5675
gmb,2018,d05,97.5787
gmb,2018,d06,95.6221
gmb,2018,d07,100
gmb,2018,d08,98.677
gmb,2018,d09,98.547
gmb,2018,d10,97.4062
gmb,2019,d01,98.0181
gmb,2019,d02,98.8085
gmb,2019,d03,99.2928
gmb,2019,d04,99.7556
gmb,2019,d05,99.2827
gmb,2019,d06,99.1077
gmb,2019,d07,97.6472
gmb,2019,d08,98.4138
gmb,2019,d09,99.7373
gmb,2019,d10,99.8746
gnb,2006,d01,83.3806
gnb,2006,d02,83.9766
gnb,2006,d03,88.3555
gnb,2006,d04,86.103
gnb,2006,d05,86.131
gnb,2006,d06,90.9496
gnb,2006,d07,87.0118
gnb,2006,d08,91.0387
gnb,2006,d09,98.8363
gnb,2006,d10,97.4424
gnb,2014,d01,87.6242
gnb,2014,d02,90.9143
gnb,2014,d03,91.1964
gnb,2014,d04,95.5978
gnb,2014,d05,89.1023
gnb,2014,d06,95.5102
gnb,2014,d07,94.702
gnb,2014,d08,97.5387
gnb,2014,d09,98.8768
gnb,2014,d10,98.2524
gnb,2018,d01,93.1749
gnb,2018,d02,91.4306
gnb,2018,d03,94.5532
gnb,2018,d04,93.7376
gnb,2018,d05,98.0721
gnb,2018,d06,96.8011
gnb,2018,d07,95.5923
gnb,2018,d08,89.3292
gnb,2018,d09,91.5968
gnb,2018,d10,98.1003
gtm,1995,d01,66.9774
gtm,1995,d02,77.758
gtm,1995,d03,76.2077
gtm,1995,d04,79.629
gtm,1995,d05,79.028
gtm,1995,d06,82.5477
gtm,1995,d07,71.4117
gtm,1995,d08,88.1135
gtm,1995,d09,88.3495
gtm,1995,d10,80.8877
gtm,1998,d01,86.1205
gtm,1998,d02,87.5468
gtm,1998,d03,91.2275
gtm,1998,d04,91.4681
gtm,1998,d05,84.0546
gtm,1998,d06,89.7054
gtm,1998,d07,91.4638
gtm,1998,d08,93.3888
gtm,1998,d09,98.9732
gtm,1998,d10,96.89
gtm,2014,d01,98.3202
gtm,2014,d02,97.9976
gtm,2014,d03,98.4892
gtm,2014,d04,95.843
gtm,2014,d05,98.4982
gtm,2014,d06,98.937
gtm,2014,d07,98.5113
gtm,2014,d08,99.2787
gtm,2014,d09,98.9028
gtm,2014,d10,93.9855
guy,2014,d01,95.2268
guy,2014,d02,91.6879
guy,2014,d03,98.2595
guy,2014,d04,89.5218
guy,2014,d05,96.9839
guy,2014,d06,88.2356
guy,2014,d07,93.6292
guy,2014,d08,95.4723
guy,2014,d09,100
guy,2014,d10,97.1266
guy,2019,d01,78.213
guy,2019,d02,91.6778
guy,2019,d03,92.7483
guy,2019,d04,93.8335
guy,2019,d05,97.4698
guy,2019,d06,96.7308
guy,2019,d07,92.0944
guy,2019,d08,92.0404
guy,2019,d09,89.4981
guy,2019,d10,90.3813
hnd,2005,d01,97.6537
hnd,2005,d02,97.6981
hnd,2005,d03,98.2697
hnd,2005,d04,98.3372
hnd,2005,d05,99.1613
hnd,2005,d06,98.0236
hnd,2005,d07,100
hnd,2005,d08,99.3641
hnd,2005,d09,100
hnd,2005,d10,95.6039
hnd,2011,d01,98.3809
hnd,2011,d02,99.6087
hnd,2011,d03,98.608
hnd,2011,d04,99.2476
hnd,2011,d05,99.1754
hnd,2011,d06,99.1204
hnd,2011,d07,99.2245
hnd,2011,d08,100
hnd,2011,d09,99.2728
hnd,2011,d10,98.9533
hnd,2019,d01,88.7931
hnd,2019,d02,98.3195
hnd,2019,d03,95.4494
hnd,2019,d04,96.9873
hnd,2019,d05,93.7742
hnd,2019,d06,94.9086
hnd,2019,d07,97.7151
hnd,2019,d08,95.8837
hnd,2019,d09,97.5846
hnd,2019,d10,100
hti,1994,d01,52.7027
hti,1994,d02,59.3217
hti,1994,d03,64.9146
hti,1994,d04,68.6645
hti,1994,d05,75.2489
hti,1994,d06,77.4542
hti,1994,d07,82.855
hti,1994,d08,86.4088
hti,1994,d09,85.1671
hti,1994,d10,97.9859
hti,2000,d01,54.1935
hti,2000,d02,57.034
hti,2000,d03,63.1059
hti,2000,d04,66.0507
hti,2000,d05,65.5997
hti,2000,d06,83.7748
hti,2000,d07,72.3301
hti,2000,d08,84.3225
hti,2000,d09,79.2294
hti,2000,d10,97.0848
hti,2005,d01,63.173
hti,2005,d02,79.4017
hti,2005,d03,63.0927
hti,2005,d04,69.5989
hti,2005,d05,83.7029
hti,2005,d06,73.2761
hti,2005,d07,78.3618
hti,2005,d08,74.8742
hti,2005,d09,90.6264
hti,2005,d10,82.1403
hti,2012,d01,79.4252
hti,2012,d02,69.4402
hti,2012,d03,79.4432
hti,2012,d04,81.6774
hti,2012,d05,77.5736
hti,2012,d06,88.8677
hti,2012,d07,87.0304
hti,2012,d08,88.9311
hti,2012,d09,90.3271
hti,2012,d10,91.6082
hti,2016,d01,67.6455
hti,2016,d02,75.1274
hti,2016,d03,85.8847
hti,2016,d04,79.8862
hti,2016,d05,79.5655
hti,2016,d06,83.2803
hti,2016,d07,92.503
hti,2016,d08,90.9734
hti,2016,d09,93.4982
hti,2016,d10,98.6131
idn,1997,d01,66.6533
idn,1997,d02,74.9732
idn,1997,d03,81.8272
idn,1997,d04,81.7372
idn,1997,d05,83.248
idn,1997,d06,88.7533
idn,1997,d07,90.5238
idn,1997,d08,93.6729
idn,1997,d09,94.5485
idn,1997,d10,98.0807
idn,2002,d01,69.0846
idn,2002,d02,69.2829
idn,2002,d03,79.1888
idn,2002,d04,73.2136
idn,2002,d05,82.6403
idn,2002,d06,82.2648
idn,2002,d07,90.3809
idn,2002,d08,87.9144
idn,2002,d09,94.9658
idn,2002,d10,98.4262
idn,2007,d01,66.4045
idn,2007,d02,76.7571
idn,2007,d03,86.5703
idn,2007,d04,80.814
idn,2007,d05,87.1493
idn,2007,d06,82.3931
idn,2007,d07,94.25
idn,2007,d08,94.2622
idn,2007,d09,92.3121
idn,2007,d10,96.171
idn,2012,d01,67.7428
idn,2012,d02,84.0566
idn,2012,d03,84.966
idn,2012,d04,92.0521
idn,2012,d05,91.488
idn,2012,d06,93.3429
idn,2012,d07,93.7592
idn,2012,d08,96.1041
idn,2012,d09,95.947
idn,2012,d10,96.7478
idn,2017,d01,81.4329
idn,2017,d02,90.4342
idn,2017,d03,86.433
idn,2017,d04,91.36
idn,2017,d05,93.3785
idn,2017,d06,93.0106
idn,2017,d07,91.9897
idn,2017,d08,95.6896
idn,2017,d09,92.3385
idn,2017,d10,95.1688
ind,1998,d01,50.3267
ind,1998,d02,51.5243
ind,1998,d03,57.9133
ind,1998,d04,65.8644
ind,1998,d05,71.9798
ind,1998,d06,77.3016
ind,1998,d07,83.9896
ind,1998,d08,87.6234
ind,1998,d09,91.4918
ind,1998,d10,97.3809
ind,2005,d01,61.2507
ind,2005,d02,66.9508
ind,2005,d03,71.5643
ind,2005,d04,71.2072
ind,2005,d05,78.894
ind,2005,d06,81.2666
ind,2005,d07,87.6172
ind,2005,d08,89.9572
ind,2005,d09,93.7841
ind,2005,d10,97.7085
ind,2015,d01,85.0508
ind,2015,d02,89.0712
ind,2015,d03,91.0337
ind,2015,d04,91.4526
ind,2015,d05,93.3807
ind,2015,d06,93.0336
ind,2015,d07,95.708
ind,2015,d08,93.9213
ind,2015,d09,93.8567
ind,2015,d10,97.232
ind,2019,d01,92.656
ind,2019,d02,94.1577
ind,2019,d03,94.6401
ind,2019,d04,94.824
ind,2019,d05,96.1254
ind,2019,d06,95.7862
ind,2019,d07,96.1493
ind,2019,d08,96.9718
ind,2019,d09,95.0703
ind,2019,d10,97.0897
irq,2011,d01,80.7046
irq,2011,d02,86.7501
irq,2011,d03,88.9549
irq,2011,d04,91.9977
irq,2011,d05,90.9649
irq,2011,d06,88.6935
irq,2011,d07,93.0646
irq,2011,d08,96.3701
irq,2011,d09,96.0243
irq,2011,d10,94.5803
irq,2018,d01,86.3212
irq,2018,d02,94.5851
irq,2018,d03,95.7174
irq,2018,d04,95.9131
irq,2018,d05,94.7451
irq,2018,d06,94.9363
irq,2018,d07,91.8714
irq,2018,d08,99.354
irq,2018,d09,97.5251
irq,2018,d10,97.8764
jor,1997,d01,19.6902
jor,1997,d02,27.1368
jor,1997,d03,29.8874
jor,1997,d04,24.9711
jor,1997,d05,24.1893
jor,1997,d06,23.0934
jor,1997,d07,27.2162
jor,1997,d08,20.1261
jor,1997,d09,16.539
jor,1997,d10,25.508
jor,2002,d01,33.3608
jor,2002,d02,26.8325
jor,2002,d03,23.7722
jor,2002,d04,34.0331
jor,2002,d05,35.319
jor,2002,d06,23.1814
jor,2002,d07,13.1616
jor,2002,d08,26.9343
jor,2002,d09,31.0769
jor,2002,d10,37.3475
jor,2007,d01,87.3479
jor,2007,d02,88.9064
jor,2007,d03,92.9502
jor,2007,d04,91.4174
jor,2007,d05,92.2685
jor,2007,d06,92.055
jor,2007,d07,88.1115
jor,2007,d08,96.94
jor,2007,d09,96.5914
jor,2007,d10,88.9627
jor,2012,d01,96.7004
jor,2012,d02,99.258
jor,2012,d03,99.0508
jor,2012,d04,98.9817
jor,2012,d05,99.7066
jor,2012,d06,99.4953
jor,2012,d07,99.307
jor,2012,d08,99.3336
jor,2012,d09,100
jor,2012,d10,86.831
jor,2017,d01,88.3158
jor,2017,d02,90.9607
jor,2017,d03,92.5979
jor,2017,d04,93.9349
jor,2017,d05,96.3086
jor,2017,d06,95.4536
jor,2017,d07,91.2375
jor,2017,d08,93.6892
jor,2017,d09,89.4928
jor,2017,d10,95.7884
kaz,2006,d01,100
kaz,2006,d02,100
kaz,2006,d03,99.2992
kaz,2006,d04,100
kaz,2006,d05,100
kaz,2006,d06,98.6726
kaz,2006,d07,100
kaz,2006,d08,100
kaz,2006,d09,98.1343
kaz,2006,d10,100
kaz,2010,d01,98.7422
kaz,2010,d02,100
kaz,2010,d03,100
kaz,2010,d04,100
kaz,2010,d05,97.7839
kaz,2010,d06,100
kaz,2010,d07,100
kaz,2010,d08,100
kaz,2010,d09,100
kaz,2010,d10,98.0877
kaz,2015,d01,98.2357
kaz,2015,d02,98.0429
kaz,2015,d03,99.4234
kaz,2015,d04,99.6413
kaz,2015,d05,98.6599
kaz,2015,d06,100
kaz,2015,d07,98.4409
kaz,2015,d08,98.1524
kaz,2015,d09,97.5347
kaz,2015,d10,98.7046
ken,1993,d01,94.865
ken,1993,d02,91.5188
ken,1993,d03,92.5109
ken,1993,d04,97.0647
ken,1993,d05,95.5158
ken,1993,d06,95.8412
ken,1993,d07,97.9774
ken,1993,d08,100
ken,1993,d09,98.0564
ken,1993,d10,100
ken,1998,d01,91.6011
ken,1998,d02,95.9692
ken,1998,d03,93.0497
ken,1998,d04,92.3822
ken,1998,d05,97.085
ken,1998,d06,100
ken,1998,d07,95.1919
ken,1998,d08,100
ken,1998,d09,100
ken,1998,d10,98.0265
ken,2003,d01,65.3939
ken,2003,d02,74.8013
ken,2003,d03,85.3732
ken,2003,d04,92.426
ken,2003,d05,91.7746
ken,2003,d06,94.3788
ken,2003,d07,94.8793
ken,2003,d08,96.5244
ken,2003,d09,93.9757
ken,2003,d10,99.1543
ken,2008,d01,94.1654
ken,2008,d02,91.3322
ken,2008,d03,97.227
ken,2008,d04,97.657
ken,2008,d05,97.2207
ken,2008,d06,93.527
ken,2008,d07,95.9585
ken,2008,d08,96.2519
ken,2008,d09,97.5463
ken,2008,d10,95.483
ken,2014,d01,91.6859
ken,2014,d02,94.245
ken,2014,d03,95.9534
ken,2014,d04,97.4444
ken,2014,d05,98.9199
ken,2014,d06,97.1938
ken,2014,d07,98.0025
ken,2014,d08,99.1661
ken,2014,d09,99.3334
ken,2014,d10,97.6644
kgz,2005,d01,92.0458
kgz,2005,d02,83.9837
kgz,2005,d03,93.4275
kgz,2005,d04,78.049
kgz,2005,d05,85.1705
kgz,2005,d06,88.1268
kgz,2005,d07,89.2511
kgz,2005,d08,96.3523
kgz,2005,d09,97.9238
kgz,2005,d10,100
kgz,2012,d01,100
kgz,2012,d02,100
kgz,2012,d03,100
kgz,2012,d04,100
kgz,2012,d05,99.4091
kgz,2012,d06,98.5811
kgz,2012,d07,95.926
kgz,2012,d08,100
kgz,2012,d09,100
kgz,2012,d10,95.6379
kgz,2014,d01,100
kgz,2014,d02,96.7819
kgz,2014,d03,100
kgz,2014,d04,100
kgz,2014,d05,100
kgz,2014,d06,100
kgz,2014,d07,100
kgz,2014,d08,100
kgz,2014,d09,99.377
kgz,2014,d10,100
kgz,2018,d01,97.5962
kgz,2018,d02,91.4452
kgz,2018,d03,98.357
kgz,2018,d04,98.9224
kgz,2018,d05,97.317
kgz,2018,d06,98.4236
kgz,2018,d07,97.0057
kgz,2018,d08,98.1918
kgz,2018,d09,96.4419
kgz,2018,d10,91.7297
khm,2000,d01,63.8832
khm,2000,d02,67.6817
khm,2000,d03,56.1274
khm,2000,d04,70.489
khm,2000,d05,71.7304
khm,2000,d06,74.4757
khm,2000,d07,78.6637
khm,2000,d08,73.3466
khm,2000,d09,87.4001
khm,2000,d10,92.1093
khm,2005,d01,84.778
khm,2005,d02,89.4938
khm,2005,d03,91.4488
khm,2005,d04,93.4097
khm,2005,d05,90.2012
khm,2005,d06,91.0449
khm,2005,d07,95.868
khm,2005,d08,95.7757
khm,2005,d09,92.3665
khm,2005,d10,94.6654
khm,2010,d01,87.7745
khm,2010,d02,95.6187
khm,2010,d03,91.0643
khm,2010,d04,92.8927
khm,2010,d05,96.844
khm,2010,d06,95.1867
khm,2010,d07,97.1192
khm,2010,d08,98.3895
khm,2010,d09,95.1518
khm,2010,d10,97.3752
khm,2014,d01,94.4528
khm,2014,d02,91.6299
khm,2014,d03,88.3495
khm,2014,d04,96.1804
khm,2014,d05,98.14
khm,2014,d06,99.3092
khm,2014,d07,99.8689
khm,2014,d08,98.7209
khm,2014,d09,97.5078
khm,2014,d10,98.8985
kir,2018,d01,66.0631
kir,2018,d02,53.445
kir,2018,d03,63.6877
kir,2018,d04,66.8197
kir,2018,d05,45.9673
kir,2018,d06,68.6116
kir,2018,d07,48.9618
kir,2018,d08,56.6189
kir,2018,d09,70.5839
kir,2018,d10,59.8563
lao,2006,d01,61.7718
lao,2006,d02,50.5729
lao,2006,d03,51.3635
lao,2006,d04,56.794
lao,2006,d05,71.7287
lao,2006,d06,76.1939
lao,2006,d07,74.0478
lao,2006,d08,67.4389
lao,2006,d09,69.8984
lao,2006,d10,78.0759
lao,2011,d01,62.8946
lao,2011,d02,68.5276
lao,2011,d03,67.1987
lao,2011,d04,75.3548
lao,2011,d05,81.2319
lao,2011,d06,85.5121
lao,2011,d07,81.879
lao,2011,d08,89.9619
lao,2011,d09,93.8014
lao,2011,d10,95.5647
lao,2017,d01,62.6759
lao,2017,d02,75.8985
lao,2017,d03,74.9216
lao,2017,d04,80.1022
lao,2017,d05,88.4977
lao,2017,d06,85.7162
lao,2017,d07,81.9121
lao,2017,d08,94.6567
lao,2017,d09,90.4533
lao,2017,d10,89.8537
lbr,2007,d01,60.7797
lbr,2007,d02,64.5676
lbr,2007,d03,67.6452
lbr,2007,d04,62.1417
lbr,2007,d05,74.3833
lbr,2007,d06,82.5532
lbr,2007,d07,92.2573
lbr,2007,d08,96.1253
lbr,2007,d09,88.2999
lbr,2007,d10,98.6064
lbr,2013,d01,87.7964
lbr,2013,d02,85.3662
lbr,2013,d03,92.8947
lbr,2013,d04,92.2674
lbr,2013,d05,94.4246
lbr,2013,d06,97.3643
lbr,2013,d07,95.3031
lbr,2013,d08,99.4334
lbr,2013,d09,97.8308
lbr,2013,d10,100
lbr,2019,d01,85.6435
lbr,2019,d02,87.6779
lbr,2019,d03,89.9841
lbr,2019,d04,95.3053
lbr,2019,d05,93.0065
lbr,2019,d06,88.1445
lbr,2019,d07,84.8993
lbr,2019,d08,93.3397
lbr,2019,d09,100
lbr,2019,d10,93.8758
lso,2004,d01,90.6742
lso,2004,d02,96.9841
lso,2004,d03,98.7265
lso,2004,d04,100
lso,2004,d05,98.2832
lso,2004,d06,94.0005
lso,2004,d07,95.0292
lso,2004,d08,95.0439
lso,2004,d09,97.7103
lso,2004,d10,97.836
lso,2009,d01,90.4759
lso,2009,d02,91.4985
lso,2009,d03,95.0464
lso,2009,d04,92.2099
lso,2009,d05,97.0211
lso,2009,d06,97.2776
lso,2009,d07,95.8941
lso,2009,d08,95.5927
lso,2009,d09,97.0493
lso,2009,d10,100
lso,2014,d01,96.7848
lso,2014,d02,97.2508
lso,2014,d03,96.0197
lso,2014,d04,97.1582
lso,2014,d05,100
lso,2014,d06,96.0532
lso,2014,d07,99.1158
lso,2014,d08,99.0506
lso,2014,d09,99.1628
lso,2014,d10,100
lso,2018,d01,93.0168
lso,2018,d02,91.9556
lso,2018,d03,93.7816
lso,2018,d04,94.5661
lso,2018,d05,98.0732
lso,2018,d06,100
lso,2018,d07,95.9176
lso,2018,d08,98.4727
lso,2018,d09,93.7221
lso,2018,d10,98.8783
mar,2003,d01,95.5072
mar,2003,d02,97.9932
mar,2003,d03,97.7917
mar,2003,d04,97.8287
mar,2003,d05,99.1272
mar,2003,d06,100
mar,2003,d07,98.6364
mar,2003,d08,100
mar,2003,d09,97.4973
mar,2003,d10,100
mdg,1997,d01,44.0755
mdg,1997,d02,51.1026
mdg,1997,d03,53.1159
mdg,1997,d04,68.087
mdg,1997,d05,58.807
mdg,1997,d06,64.1601
mdg,1997,d07,78.9808
mdg,1997,d08,88.207
mdg,1997,d09,91.9491
mdg,1997,d10,93.1123
mdg,2003,d01,54.5405
mdg,2003,d02,48.2798
mdg,2003,d03,64.9087
mdg,2003,d04,72.0481
mdg,2003,d05,70.2181
mdg,2003,d06,76.8727
mdg,2003,d07,87.0839
mdg,2003,d08,90.208
mdg,2003,d09,91.3615
mdg,2003,d10,95.6997
mdg,2008,d01,61.8067
mdg,2008,d02,68.5578
mdg,2008,d03,75.9891
mdg,2008,d04,83.3622
mdg,2008,d05,91.8155
mdg,2008,d06,87.4265
mdg,2008,d07,95.072
mdg,2008,d08,92.5379
mdg,2008,d09,97.8606
mdg,2008,d10,95.2518
mdg,2018,d01,47.1924
mdg,2018,d02,59.2803
mdg,2018,d03,66.8635
mdg,2018,d04,76.6193
mdg,2018,d05,75.3648
mdg,2018,d06,85.1767
mdg,2018,d07,85.4371
mdg,2018,d08,87.0083
mdg,2018,d09,91.326
mdg,2018,d10,93.4764
mdv,2009,d01,98.4987
mdv,2009,d02,100
mdv,2009,d03,100
mdv,2009,d04,99.1091
mdv,2009,d05,99.4831
mdv,2009,d06,100
mdv,2009,d07,96.4519
mdv,2009,d08,100
mdv,2009,d09,100
mdv,2009,d10,100
mex,2015,d01,94.601
mex,2015,d02,91.4323
mex,2015,d03,97.1056
mex,2015,d04,86.4238
mex,2015,d05,93.1752
mex,2015,d06,89.9521
mex,2015,d07,95.3269
mex,2015,d08,93.73
mex,2015,d09,87.0569
mex,2015,d10,97.6758
mex,2018,d01,96.3381
mex,2018,d02,97.47
mex,2018,d03,97.2208
mex,2018,d04,97.7073
mex,2018,d05,96.993
mex,2018,d06,99.4546
mex,2018,d07,97.5658
mex,2018,d08,96.9504
mex,2018,d09,98.8252
mex,2018,d10,98.3483
mkd,2005,d01,89.4728
mkd,2005,d02,95.976
mkd,2005,d03,97.7094
mkd,2005,d04,96.7603
mkd,2005,d05,81.5705
mkd,2005,d06,97.6187
mkd,2005,d07,98.9147
mkd,2005,d08,96.4253
mkd,2005,d09,88.5229
mkd,2005,d10,83.1927
mkd,2018,d01,98.5081
mkd,2018,d02,100
mkd,2018,d03,100
mkd,2018,d04,82.8994
mkd,2018,d05,100
mkd,2018,d06,97.6904
mkd,2018,d07,90.7671
mkd,2018,d08,100
mkd,2018,d09,100
mkd,2018,d10,98.9137
mli,1995,d01,56.5348
mli,1995,d02,58.3804
mli,1995,d03,68.1713
mli,1995,d04,72.3894
mli,1995,d05,72.3212
mli,1995,d06,79.7359
mli,1995,d07,82.6347
mli,1995,d08,84.6401
mli,1995,d09,91.525
mli,1995,d10,97.8792
mli,2001,d01,57.7689
mli,2001,d02,58.3278
mli,2001,d03,65.5366
mli,2001,d04,56.0192
mli,2001,d05,59.2356
mli,2001,d06,61.0416
mli,2001,d07,73.9589
mli,2001,d08,80.6609
mli,2001,d09,93.0415
mli,2001,d10,90.8697
mli,2006,d01,74.0086
mli,2006,d02,72.5548
mli,2006,d03,72.2702
mli,2006,d04,73.0829
mli,2006,d05,72.368
mli,2006,d06,75.131
mli,2006,d07,76.9159
mli,2006,d08,77.1419
mli,2006,d09,80.6612
mli,2006,d10,94.82
mli,2009,d01,71.0686
mli,2009,d02,72.25
mli,2009,d03,78.6314
mli,2009,d04,80.8478
mli,2009,d05,79.3834
mli,2009,d06,84.0416
mli,2009,d07,89.867
mli,2009,d08,93.3339
mli,2009,d09,94.1868
mli,2009,d10,96.2637
mli,2012,d01,71.7532
mli,2012,d02,70.5651
mli,2012,d03,76.2974
mli,2012,d04,81.7446
mli,2012,d05,75.1129
mli,2012,d06,83.9122
mli,2012,d07,91.6736
mli,2012,d08,94.5901
mli,2012,d09,95.2215
mli,2012,d10,94.4289
mli,2015,d01,51.0832
mli,2015,d02,62.3477
mli,2015,d03,67.7964
mli,2015,d04,70.8303
mli,2015,d05,68.3301
mli,2015,d06,71.0811
mli,2015,d07,75.9311
mli,2015,d08,80.5273
mli,2015,d09,88.7791
mli,2015,d10,90.6487
mli,2018,d01,67.9249
mli,2018,d02,73.9341
mli,2018,d03,81.1291
mli,2018,d04,78.6749
mli,2018,d05,82.1785
mli,2018,d06,84.827
mli,2018,d07,86.4585
mli,2018,d08,91.4076
mli,2018,d09,93.3453
mli,2018,d10,98.8053
mmr,2015,d01,87.3236
mmr,2015,d02,84.7186
mmr,2015,d03,77.1593
mmr,2015,d04,76.9641
mmr,2015,d05,82.713
mmr,2015,d06,91.98
mmr,2015,d07,95.4548
mmr,2015,d08,95.9771
mmr,2015,d09,97.8294
mmr,2015,d10,97.8515
mng,2005,d01,100
mng,2005,d02,97.5714
mng,2005,d03,96.6082
mng,2005,d04,97.7309
mng,2005,d05,95.1419
mng,2005,d06,100
mng,2005,d07,96.6728
mng,2005,d08,98.2967
mng,2005,d09,97.2353
mng,2005,d10,96.6516
mng,2010,d01,94.649
mng,2010,d02,97.0533
mng,2010,d03,98.9371
mng,2010,d04,97.2735
mng,2010,d05,100
mng,2010,d06,96.4105
mng,2010,d07,99.4359
mng,2010,d08,98.6572
mng,2010,d09,96.4744
mng,2010,d10,94.5876
mng,2013,d01,97.9388
mng,2013,d02,97.6328
mng,2013,d03,100
mng,2013,d04,100
mng,2013,d05,99.2491
mng,2013,d06,99.1398
mng,2013,d07,100
mng,2013,d08,100
mng,2013,d09,99.2942
mng,2013,d10,100
mng,2018,d01,100
mng,2018,d02,95.9602
mng,2018,d03,98.6865
mng,2018,d04,98.8754
mng,2018,d05,98.3486
mng,2018,d06,99.0852
mng,2018,d07,99.4441
mng,2018,d08,94.4117
mng,2018,d09,96.0143
mng,2018,d10,96.3318
moz,1997,d01,55.9053
moz,1997,d02,59.3191
moz,1997,d03,69.8767
moz,1997,d04,76.4453
moz,1997,d05,65.5928
moz,1997,d06,83.6112
moz,1997,d07,91.2204
moz,1997,d08,97.1777
moz,1997,d09,98.3877
moz,1997,d10,97.7044
moz,2003,d01,72.5532
moz,2003,d02,77.1803
moz,2003,d03,86.9727
moz,2003,d04,85.4445
moz,2003,d05,86.0345
moz,2003,d06,90.209
moz,2003,d07,91.7515
moz,2003,d08,98.9649
moz,2003,d09,99.6715
moz,2003,d10,100
moz,2008,d01,78.6553
moz,2008,d02,80.7642
moz,2008,d03,80.9596
moz,2008,d04,85.8519
moz,2008,d05,87.9863
moz,2008,d06,89.1416
moz,2008,d07,93.6347
moz,2008,d08,95.9182
moz,2008,d09,92.8352
moz,2008,d10,93.1908
moz,2011,d01,85.0864
moz,2011,d02,87.6688
moz,2011,d03,88.5578
moz,2011,d04,87.9695
moz,2011,d05,93.1341
moz,2011,d06,92.0612
moz,2011,d07,95.5842
moz,2011,d08,96.5092
moz,2011,d09,94.1761
moz,2011,d10,95.8864
moz,2015,d01,87.8281
moz,2015,d02,85.6367
moz,2015,d03,91.7858
moz,2015,d04,91.7669
moz,2015,d05,94.6115
moz,2015,d06,94.5679
moz,2015,d07,94.9918
moz,2015,d08,97.4416
moz,2015,d09,98.3564
moz,2015,d10,97.3817
mrt,2007,d01,74.4197
mrt,2007,d02,74.5925
mrt,2007,d03,81.4313
mrt,2007,d04,91.1337
mrt,2007,d05,87.0594
mrt,2007,d06,93.7899
mrt,2007,d07,89.2329
mrt,2007,d08,86.7038
mrt,2007,d09,90.2208
mrt,2007,d10,85.0232
mrt,2011,d01,82.9806
mrt,2011,d02,82.2578
mrt,2011,d03,91.1504
mrt,2011,d04,89.0494
mrt,2011,d05,95.5649
mrt,2011,d06,93.2196
mrt,2011,d07,95.849
mrt,2011,d08,95.6678
mrt,2011,d09,94.2612
mrt,2011,d10,96.3528
mrt,2015,d01,79.7749
mrt,2015,d02,84.6039
mrt,2015,d03,80.228
mrt,2015,d04,89.5659
mrt,2015,d05,90.9116
mrt,2015,d06,90.5626
mrt,2015,d07,91.973
mrt,2015,d08,96.6611
mrt,2015,d09,96.903
mrt,2015,d10,96.431
mrt,2019,d01,81.2733
mrt,2019,d02,89.4588
mrt,2019,d03,76.5724
mrt,2019,d04,89.3172
mrt,2019,d05,94.1436
mrt,2019,d06,94.6775
mrt,2019,d07,95.7759
mrt,2019,d08,95.1384
mrt,2019,d09,89.464
mrt,2019,d10,97.8477
mwi,2000,d01,91.9221
mwi,2000,d02,93.1995
mwi,2000,d03,91.5949
mwi,2000,d04,89.1007
mwi,2000,d05,94.1558
mwi,2000,d06,89.059
mwi,2000,d07,89.3948
mwi,2000,d08,92.6503
mwi,2000,d09,96.9365
mwi,2000,d10,97.3051
mwi,2004,d01,81.7674
mwi,2004,d02,88.7889
mwi,2004,d03,88.1809
mwi,2004,d04,92.7251
mwi,2004,d05,91.2709
mwi,2004,d06,92.354
mwi,2004,d07,94.7675
mwi,2004,d08,94.1635
mwi,2004,d09,93.0023
mwi,2004,d10,98.7532
mwi,2006,d01,92.068
mwi,2006,d02,96.4239
mwi,2006,d03,93.6458
mwi,2006,d04,94.5712
mwi,2006,d05,96.9483
mwi,2006,d06,96.1176
mwi,2006,d07,96.2741
mwi,2006,d08,95.647
mwi,2006,d09,96.1367
mwi,2006,d10,98.534
mwi,2010,d01,94.2977
mwi,2010,d02,97.6946
mwi,2010,d03,96.7092
mwi,2010,d04,97.3366
mwi,2010,d05,96.6479
mwi,2010,d06,97.0118
mwi,2010,d07,98.398
mwi,2010,d08,98.8909
mwi,2010,d09,96.4316
mwi,2010,d10,99.8947
mwi,2013,d01,97.1717
mwi,2013,d02,98.1118
mwi,2013,d03,97.824
mwi,2013,d04,97.9497
mwi,2013,d05,97.7258
mwi,2013,d06,98.3661
mwi,2013,d07,98.5204
mwi,2013,d08,99.3218
mwi,2013,d09,98.449
mwi,2013,d10,98.971
mwi,2015,d01,97.0036
mwi,2015,d02,96.8288
mwi,2015,d03,97.0851
mwi,2015,d04,97.8168
mwi,2015,d05,97.0695
mwi,2015,d06,99.0146
mwi,2015,d07,96.6981
mwi,2015,d08,99.1438
mwi,2015,d09,98.7281
mwi,2015,d10,98.1092
mwi,2019,d01,94.3624
mwi,2019,d02,95.2255
mwi,2019,d03,95.4157
mwi,2019,d04,94.8534
mwi,2019,d05,95.4711
mwi,2019,d06,97.4979
mwi,2019,d07,96.5448
mwi,2019,d08,94.6457
mwi,2019,d09,98.8219
mwi,2019,d10,97.7896
nam,2000,d01,85.8808
nam,2000,d02,79.5557
nam,2000,d03,94.3923
nam,2000,d04,89.1035
nam,2000,d05,85.5401
nam,2000,d06,89.0606
nam,2000,d07,92.9188
nam,2000,d08,94.7729
nam,2000,d09,95.4935
nam,2000,d10,95.0934
nam,2006,d01,91.3175
nam,2006,d02,90.3362
nam,2006,d03,93.5162
nam,2006,d04,96.9506
nam,2006,d05,93.2004
nam,2006,d06,93.5035
nam,2006,d07,98.1367
nam,2006,d08,98.9971
nam,2006,d09,98.664
nam,2006,d10,99.1475
nam,2013,d01,93.6572
nam,2013,d02,98.5278
nam,2013,d03,97.6223
nam,2013,d04,92.9929
nam,2013,d05,92.7323
nam,2013,d06,94.7959
nam,2013,d07,96.9369
nam,2013,d08,86.2378
nam,2013,d09,88.845
nam,2013,d10,100
ner,1998,d01,26.9688
ner,1998,d02,32.0323
ner,1998,d03,40.7656
ner,1998,d04,38.4637
ner,1998,d05,27.5514
ner,1998,d06,35.6283
ner,1998,d07,42.186
ner,1998,d08,63.2777
ner,1998,d09,80.9366
ner,1998,d10,95.0321
ner,2006,d01,51.4988
ner,2006,d02,49.8278
ner,2006,d03,62.7879
ner,2006,d04,59.3349
ner,2006,d05,63.4617
ner,2006,d06,49.0522
ner,2006,d07,56.243
ner,2006,d08,70.6277
ner,2006,d09,83.2836
ner,2006,d10,93.9483
ner,2012,d01,73.5025
ner,2012,d02,76.0533
ner,2012,d03,83.5332
ner,2012,d04,83.0485
ner,2012,d05,82.1857
ner,2012,d06,86.2774
ner,2012,d07,79.9244
ner,2012,d08,87.9059
ner,2012,d09,91.3014
ner,2012,d10,95.4707
ner,2021,d01,69.3338
ner,2021,d02,71.2135
ner,2021,d03,79.6232
ner,2021,d04,76.0281
ner,2021,d05,83.4288
ner,2021,d06,79.1499
ner,2021,d07,82.3794
ner,2021,d08,80.3359
ner,2021,d09,92.1599
ner,2021,d10,93.9706
nga,2003,d01,23.3509
nga,2003,d02,22.0807
nga,2003,d03,31.1465
nga,2003,d04,29.4667
nga,2003,d05,46.4414
nga,2003,d06,39.9069
nga,2003,d07,52.774
nga,2003,d08,67.3238
nga,2003,d09,88.273
nga,2003,d10,94.4683
nga,2007,d01,18.1417
nga,2007,d02,23.4901
nga,2007,d03,29.3073
nga,2007,d04,32.6501
nga,2007,d05,40.8314
nga,2007,d06,48.4786
nga,2007,d07,63.4149
nga,2007,d08,79.3786
nga,2007,d09,79.722
nga,2007,d10,90.2026
nga,2008,d01,15.6975
nga,2008,d02,20.6692
nga,2008,d03,30.4713
nga,2008,d04,36.8786
nga,2008,d05,47.3874
nga,2008,d06,53.1
nga,2008,d07,68.7766
nga,2008,d08,77.5657
nga,2008,d09,83.5993
nga,2008,d10,92.0411
nga,2011,d01,26.7493
nga,2011,d02,29.1581
nga,2011,d03,46.0142
nga,2011,d04,50.8318
nga,2011,d05,62.4511
nga,2011,d06,68.5956
nga,2011,d07,81.186
nga,2011,d08,85.5396
nga,2011,d09,91.8152
nga,2011,d10,93.3814
nga,2013,d01,8.5244
nga,2013,d02,18.8779
nga,2013,d03,26.9638
nga,2013,d04,36.4481
nga,2013,d05,53.235
nga,2013,d06,61.5093
nga,2013,d07,70.4692
nga,2013,d08,80.9981
nga,2013,d09,88.9876
nga,2013,d10,95.6943
nga,2016,d01,18.6512
nga,2016,d02,25.114
nga,2016,d03,33.8613
nga,2016,d04,43.6045
nga,2016,d05,43.4694
nga,2016,d06,57.0497
nga,2016,d07,69.1497
nga,2016,d08,80.7783
nga,2016,d09,85.217
nga,2016,d10,90.108
nga,2018,d01,33.9753
nga,2018,d02,45.9381
nga,2018,d03,50.1689
nga,2018,d04,54.8331
nga,2018,d05,67.7307
nga,2018,d06,73.7294
nga,2018,d07,84.4233
nga,2018,d08,83.7555
nga,2018,d09,91.6212
nga,2018,d10,96.5774
nic,1998,d01,87.7651
nic,1998,d02,95.1229
nic,1998,d03,97.3548
nic,1998,d04,94.7975
nic,1998,d05,94.011
nic,1998,d06,97.6975
nic,1998,d07,100
nic,1998,d08,99.3479
nic,1998,d09,95.0005
nic,1998,d10,94.3694
nic,2001,d01,91.165
nic,2001,d02,93.1292
nic,2001,d03,94.5535
nic,2001,d04,96.1097
nic,2001,d05,94.2546
nic,2001,d06,99.5216
nic,2001,d07,95.7878
nic,2001,d08,100
nic,2001,d09,100
nic,2001,d10,97.5638
npl,1996,d01,61.7088
npl,1996,d02,67.3789
npl,1996,d03,71.2551
npl,1996,d04,80.7346
npl,1996,d05,80.6096
npl,1996,d06,74.6573
npl,1996,d07,73.073
npl,1996,d08,84.4441
npl,1996,d09,91.4077
npl,1996,d10,96.4253
npl,2001,d01,78.6901
npl,2001,d02,70.7543
npl,2001,d03,80.8954
npl,2001,d04,82.5362
npl,2001,d05,85.6238
npl,2001,d06,92.4787
npl,2001,d07,88.0777
npl,2001,d08,93.4326
npl,2001,d09,89.8234
npl,2001,d10,95.3169
npl,2006,d01,78.6903
npl,2006,d02,92.7463
npl,2006,d03,90.5994
npl,2006,d04,99.7803
npl,2006,d05,97.3451
npl,2006,d06,97.4635
npl,2006,d07,96.5514
npl,2006,d08,96.6049
npl,2006,d09,98.4923
npl,2006,d10,94.7703
npl,2011,d01,89.1793
npl,2011,d02,99.0805
npl,2011,d03,95.7939
npl,2011,d04,98.9182
npl,2011,d05,95.4683
npl,2011,d06,93.1346
npl,2011,d07,98.707
npl,2011,d08,99.1463
npl,2011,d09,100
npl,2011,d10,100
npl,2014,d01,96.2617
npl,2014,d02,96.2677
npl,2014,d03,91.844
npl,2014,d04,97.602
npl,2014,d05,97.2454
npl,2014,d06,91.6759
npl,2014,d07,97.9283
npl,2014,d08,93.6341
npl,2014,d09,100
npl,2014,d10,95.5206
npl,2016,d01,96.2823
npl,2016,d02,100
npl,2016,d03,98.8731
npl,2016,d04,93.7172
npl,2016,d05,98.658
npl,2016,d06,96.5768
npl,2016,d07,98.766
npl,2016,d08,98.1356
npl,2016,d09,97.1223
npl,2016,d10,96.9194
npl,2019,d01,93.8973
npl,2019,d02,97.3406
npl,2019,d03,89.582
npl,2019,d04,94.2182
npl,2019,d05,96.4137
npl,2019,d06,96.1049
npl,2019,d07,95.8487
npl,2019,d08,98.5165
npl,2019,d09,98.2898
npl,2019,d10,98.0919
pak,2006,d01,61.0362
pak,2006,d02,62.8016
pak,2006,d03,67.1979
pak,2006,d04,79.8128
pak,2006,d05,82.8514
pak,2006,d06,87.5896
pak,2006,d07,87.1461
pak,2006,d08,95.7884
pak,2006,d09,86.6465
pak,2006,d10,97.6033
pak,2012,d01,66.3938
pak,2012,d02,74.8687
pak,2012,d03,82.4531
pak,2012,d04,86.1464
pak,2012,d05,86.0504
pak,2012,d06,87.2513
pak,2012,d07,91.9146
pak,2012,d08,88.5541
pak,2012,d09,96.782
pak,2012,d10,97.8629
pak,2017,d01,71.5162
pak,2017,d02,73.2329
pak,2017,d03,83.5108
pak,2017,d04,82.186
pak,2017,d05,91.2418
pak,2017,d06,90.4868
pak,2017,d07,95.0636
pak,2017,d08,94.6604
pak,2017,d09,97.882
pak,2017,d10,98.2722
per,1996,d01,83.8095
per,1996,d02,90.2759
per,1996,d03,97.3946
per,1996,d04,95.7999
per,1996,d05,97.6904
per,1996,d06,97.9255
per,1996,d07,98.4714
per,1996,d08,99.5066
per,1996,d09,99.427
per,1996,d10,91.4132
per,2000,d01,89.2059
per,2000,d02,95.311
per,2000,d03,96.5134
per,2000,d04,96.9029
per,2000,d05,97.674
per,2000,d06,96.4777
per,2000,d07,99.6515
per,2000,d08,96.93
per,2000,d09,100
per,2000,d10,99.6235
per,2008,d01,93.3742
per,2008,d02,91.7212
per,2008,d03,99.1219
per,2008,d04,97.4812
per,2008,d05,92.7696
per,2008,d06,98.741
per,2008,d07,96.7719
per,2008,d08,98.8219
per,2008,d09,100
per,2008,d10,86.9897
per,2009,d01,82.0893
per,2009,d02,93.7325
per,2009,d03,89.9868
per,2009,d04,95.4812
per,2009,d05,95.7046
per,2009,d06,97.4314
per,2009,d07,97.9997
per,2009,d08,95.7122
per,2009,d09,93.6133
per,2009,d10,99.3148
per,2010,d01,74.0862
per,2010,d02,91.6548
per,2010,d03,82.4496
per,2010,d04,92.1565
per,2010,d05,92.8511
per,2010,d06,87.8267
per,2010,d07,97.7236
per,2010,d08,98.6219
per,2010,d09,99.6613
per,2010,d10,94.309
per,2011,d01,82.4248
per,2011,d02,93.4456
per,2011,d03,96.8082
per,2011,d04,95.6519
per,2011,d05,96.0101
per,2011,d06,97.3191
per,2011,d07,96.6376
per,2011,d08,98.2857
per,2011,d09,98.7175
per,2011,d10,100
per,2012,d01,82.3672
per,2012,d02,92.4059
per,2012,d03,97.4559
per,2012,d04,92.604
per,2012,d05,95.4326
per,2012,d06,97.0644
per,2012,d07,97.0346
per,2012,d08,99.8949
per,2012,d09,99.8788
per,2012,d10,98.1359
per,2013,d01,85.4106
per,2013,d02,90.9983
per,2013,d03,96.798
per,2013,d04,95.5981
per,2013,d05,96.4334
per,2013,d06,90.9291
per,2013,d07,98.9837
per,2013,d08,100
per,2013,d09,94.2405
per,2013,d10,86.3512
per,2014,d01,86.9131
per,2014,d02,91.3008
per,2014,d03,94.635
per,2014,d04,95.4468
per,2014,d05,93.2047
per,2014,d06,97.7331
per,2014,d07,95.2533
per,2014,d08,87.9607
per,2014,d09,98.2563
per,2014,d10,92.8938
per,2015,d01,83.9336
per,2015,d02,94.0488
per,2015,d03,94.1521
per,2015,d04,95.9071
per,2015,d05,97.0171
per,2015,d06,98.9323
per,2015,d07,94.2016
per,2015,d08,97.2503
per,2015,d09,96.0406
per,2015,d10,96.3215
per,2016,d01,86.2239
per,2016,d02,94.6291
per,2016,d03,95.8875
per,2016,d04,96.4097
per,2016,d05,98.3305
per,2016,d06,97.6574
per,2016,d07,99.78
per,2016,d08,98.5677
per,2016,d09,98.9594
per,2016,d10,96.1014
per,2017,d01,86.8861
per,2017,d02,93.4357
per,2017,d03,94.6539
per,2017,d04,96.0327
per,2017,d05,97.5287
per,2017,d06,97.4278
per,2017,d07,98.5882
per,2017,d08,98.0247
per,2017,d09,95.7527
per,2017,d10,98.7325
per,2018,d01,87.9793
per,2018,d02,94.2425
per,2018,d03,95.214
per,2018,d04,96.4002
per,2018,d05,97.9953
per,2018,d06,97.4238
per,2018,d07,97.2579
per,2018,d08,95.8194
per,2018,d09,97.0339
per,2018,d10,95.66
per,2019,d01,87.2537
per,2019,d02,92.3083
per,2019,d03,95.6218
per,2019,d04,96.8391
per,2019,d05,96.2304
per,2019,d06,97.2914
per,2019,d07,96.2522
per,2019,d08,96.0961
per,2019,d09,91.984
per,2019,d10,96.5637
per,2020,d01,94.0144
per,2020,d02,94.6543
per,2020,d03,95.0451
per,2020,d04,93.9135
per,2020,d05,95.1637
per,2020,d06,95.2468
per,2020,d07,96.8776
per,2020,d08,95.7005
per,2020,d09,91.0376
per,2020,d10,92.9534
phl,1993,d01,79.3557
phl,1993,d02,85.6718
phl,1993,d03,89.7857
phl,1993,d04,93.0325
phl,1993,d05,94.9107
phl,1993,d06,97.3051
phl,1993,d07,93.5693
phl,1993,d08,95.3129
phl,1993,d09,97.1484
phl,1993,d10,97.6206
phl,1998,d01,77.427
phl,1998,d02,84.5903
phl,1998,d03,86.6295
phl,1998,d04,94.7321
phl,1998,d05,92.7706
phl,1998,d06,96.3839
phl,1998,d07,97.5958
phl,1998,d08,95.3436
phl,1998,d09,98.0175
phl,1998,d10,97.8405
phl,2003,d01,74.6863
phl,2003,d02,89.9018
phl,2003,d03,93.827
phl,2003,d04,90.6522
phl,2003,d05,92.3303
phl,2003,d06,95.6077
phl,2003,d07,93.1238
phl,2003,d08,93.001
phl,2003,d09,96.1132
phl,2003,d10,98.3995
phl,2008,d01,80.5033
phl,2008,d02,90.2613
phl,2008,d03,95.6126
phl,2008,d04,92.508
phl,2008,d05,96.781
phl,2008,d06,98.3884
phl,2008,d07,97.631
phl,2008,d08,98.4286
phl,2008,d09,99.3302
phl,2008,d10,97.0577
phl,2013,d01,86.8396
phl,2013,d02,91.557
phl,2013,d03,96.7117
phl,2013,d04,96.632
phl,2013,d05,97.7737
phl,2013,d06,97.1966
phl,2013,d07,98.1133
phl,2013,d08,96.8987
phl,2013,d09,100
phl,2013,d10,98.4853
phl,2017,d01,77.6737
phl,2017,d02,88.372
phl,2017,d03,92.3852
phl,2017,d04,95.335
phl,2017,d05,89.1542
phl,2017,d06,91.3937
phl,2017,d07,92.9357
phl,2017,d08,92.8479
phl,2017,d09,90.2716
phl,2017,d10,98.5731
png,2016,d01,47.6508
png,2016,d02,38.4804
png,2016,d03,60.2403
png,2016,d04,59.1786
png,2016,d05,67.8254
png,2016,d06,75.0743
png,2016,d07,72.2136
png,2016,d08,85.4922
png,2016,d09,90.3311
png,2016,d10,94.1672
pry,2016,d01,91.8665
pry,2016,d02,97.8268
pry,2016,d03,93.5211
pry,2016,d04,96.3595
pry,2016,d05,96.4391
pry,2016,d06,100
pry,2016,d07,94.9511
pry,2016,d08,95.327
pry,2016,d09,98.8079
pry,2016,d10,97.9537
pse,2010,d01,99.6224
pse,2010,d02,98.2573
pse,2010,d03,99.6636
pse,2010,d04,99.5627
pse,2010,d05,99.5792
pse,2010,d06,98.065
pse,2010,d07,96.0054
pse,2010,d08,94.0692
pse,2010,d09,97.6392
pse,2010,d10,95.0672
pse,2014,d01,99.4215
pse,2014,d02,100
pse,2014,d03,100
pse,2014,d04,99.4926
pse,2014,d05,96.0309
pse,2014,d06,96.4414
pse,2014,d07,93.3501
pse,2014,d08,92.9409
pse,2014,d09,88.8349
pse,2014,d10,78.2517
pse,2019,d01,99.772
pse,2019,d02,98.7292
pse,2019,d03,100
pse,2019,d04,98.3371
pse,2019,d05,94.4764
pse,2019,d06,96.4223
pse,2019,d07,97.8255
pse,2019,d08,97.9045
pse,2019,d09,96.6973
pse,2019,d10,100
rwa,2005,d01,96.9867
rwa,2005,d02,94.4874
rwa,2005,d03,97.1191
rwa,2005,d04,96.2901
rwa,2005,d05,92.7853
rwa,2005,d06,95.7284
rwa,2005,d07,94.2853
rwa,2005,d08,99.3442
rwa,2005,d09,99.3955
rwa,2005,d10,97.3208
rwa,2010,d01,98.4351
rwa,2010,d02,98.5577
rwa,2010,d03,98.8403
rwa,2010,d04,98.3361
rwa,2010,d05,99.2185
rwa,2010,d06,99.3055
rwa,2010,d07,100
rwa,2010,d08,100
rwa,2010,d09,100
rwa,2010,d10,99.489
rwa,2014,d01,95.4906
rwa,2014,d02,98.8964
rwa,2014,d03,100
rwa,2014,d04,99.1407
rwa,2014,d05,98.8476
rwa,2014,d06,98.6791
rwa,2014,d07,100
rwa,2014,d08,100
rwa,2014,d09,99.2911
rwa,2014,d10,99.2482
rwa,2019,d01,98.3233
rwa,2019,d02,99.5238
rwa,2019,d03,98.7177
rwa,2019,d04,98.6032
rwa,2019,d05,100
rwa,2019,d06,100
rwa,2019,d07,99.3888
rwa,2019,d08,99.3138
rwa,2019,d09,100
rwa,2019,d10,98.3804
sdn,2010,d01,56.146
sdn,2010,d02,65.441
sdn,2010,d03,69.5011
sdn,2010,d04,72.0314
sdn,2010,d05,76.79
sdn,2010,d06,82.057
sdn,2010,d07,84.7014
sdn,2010,d08,90.2547
sdn,2010,d09,89.6945
sdn,2010,d10,91.3803
sdn,2014,d01,68.6981
sdn,2014,d02,66.1994
sdn,2014,d03,75.2294
sdn,2014,d04,82.3788
sdn,2014,d05,89.5584
sdn,2014,d06,93.0102
sdn,2014,d07,92.8176
sdn,2014,d08,94.2188
sdn,2014,d09,93.7597
sdn,2014,d10,95.5879
sen,2005,d01,90.4551
sen,2005,d02,93.9124
sen,2005,d03,90.6483
sen,2005,d04,92.1985
sen,2005,d05,87.8202
sen,2005,d06,93.4007
sen,2005,d07,93.1382
sen,2005,d08,89.0654
sen,2005,d09,91.3733
sen,2005,d10,95.5416
sen,2010,d01,87.1305
sen,2010,d02,93.2002
sen,2010,d03,95.7681
sen,2010,d04,96.3304
sen,2010,d05,93.6508
sen,2010,d06,96.8419
sen,2010,d07,96.2934
sen,2010,d08,94.3768
sen,2010,d09,97.697
sen,2010,d10,100
sen,2012,d01,86.6706
sen,2012,d02,94.629
sen,2012,d03,95.5324
sen,2012,d04,97.2345
sen,2012,d05,98.0807
sen,2012,d06,97.0592
sen,2012,d07,100
sen,2012,d08,99.0046
sen,2012,d09,98.9185
sen,2012,d10,100
sen,2014,d01,90.6377
sen,2014,d02,94.1399
sen,2014,d03,94.6983
sen,2014,d04,95.6458
sen,2014,d05,97.5871
sen,2014,d06,87.0257
sen,2014,d07,97.5857
sen,2014,d08,100
sen,2014,d09,98.8993
sen,2014,d10,100
sen,2015,d01,90.0289
sen,2015,d02,91.9233
sen,2015,d03,92.0291
sen,2015,d04,97.7051
sen,2015,d05,97.0411
sen,2015,d06,97.9815
sen,2015,d07,97.9083
sen,2015,d08,98.1484
sen,2015,d09,99.7438
sen,2015,d10,100
sen,2016,d01,85.095
sen,2016,d02,89.6073
sen,2016,d03,92.8806
sen,2016,d04,93.6808
sen,2016,d05,94.2959
sen,2016,d06,98.747
sen,2016,d07,97.3605
sen,2016,d08,100
sen,2016,d09,100
sen,2016,d10,98.8154
sen,2017,d01,84.818
sen,2017,d02,92.8328
sen,2017,d03,95.8896
sen,2017,d04,96.293
sen,2017,d05,96.1702
sen,2017,d06,96.1686
sen,2017,d07,96.1554
sen,2017,d08,99.477
sen,2017,d09,100
sen,2017,d10,99.7682
sen,2018,d01,88.8496
sen,2018,d02,94.1562
sen,2018,d03,97.3957
sen,2018,d04,92.4882
sen,2018,d05,90.3679
sen,2018,d06,94.8666
sen,2018,d07,100
sen,2018,d08,98.7672
sen,2018,d09,100
sen,2018,d10,99.4346
sen,2019,d01,83.0364
sen,2019,d02,88.7415
sen,2019,d03,96.9655
sen,2019,d04,96.7713
sen,2019,d05,94.7257
sen,2019,d06,93.487
sen,2019,d07,97.325
sen,2019,d08,97.5984
sen,2019,d09,100
sen,2019,d10,99.7507
sle,2005,d01,77.3443
sle,2005,d02,73.5913
sle,2005,d03,81.4096
sle,2005,d04,86.7822
sle,2005,d05,87.3108
sle,2005,d06,88.3565
sle,2005,d07,88.611
sle,2005,d08,93.53
sle,2005,d09,90.5033
sle,2005,d10,97.3007
sle,2008,d01,77.1569
sle,2008,d02,79.2433
sle,2008,d03,80.3922
sle,2008,d04,80.2295
sle,2008,d05,80.9118
sle,2008,d06,87.7006
sle,2008,d07,82.1922
sle,2008,d08,82.5093
sle,2008,d09,84.832
sle,2008,d10,90.6649
sle,2010,d01,96.7153
sle,2010,d02,91.5883
sle,2010,d03,92.8726
sle,2010,d04,97.0597
sle,2010,d05,93.9626
sle,2010,d06,97.0152
sle,2010,d07,95.887
sle,2010,d08,94.4412
sle,2010,d09,98.0313
sle,2010,d10,97.8553
sle,2013,d01,93.6783
sle,2013,d02,96.4654
sle,2013,d03,95.1564
sle,2013,d04,92.9133
sle,2013,d05,96.3318
sle,2013,d06,98.1147
sle,2013,d07,97.8826
sle,2013,d08,97.1043
sle,2013,d09,92.6062
sle,2013,d10,95.3931
sle,2017,d01,96.578
sle,2017,d02,96.8409
sle,2017,d03,96.7521
sle,2017,d04,96.8931
sle,2017,d05,96.4076
sle,2017,d06,92.3021
sle,2017,d07,98.0763
sle,2017,d08,95.5808
sle,2017,d09,97.8378
sle,2017,d10,98.6887
sle,2019,d01,93.6759
sle,2019,d02,95.3771
sle,2019,d03,99.3238
sle,2019,d04,95.0078
sle,2019,d05,95.4112
sle,2019,d06,96.2375
sle,2019,d07,99.0705
sle,2019,d08,98.9608
sle,2019,d09,96.2017
sle,2019,d10,95.2839
slv,2014,d01,96.5569
slv,2014,d02,98.3285
slv,2014,d03,99.528
slv,2014,d04,98.0983
slv,2014,d05,98.4888
slv,2014,d06,99.1445
slv,2014,d07,96.2846
slv,2014,d08,95.2033
slv,2014,d09,98.915
slv,2014,d10,95.6062
som,2006,d01,20.2864
som,2006,d02,17.1453
som,2006,d03,12.4101
som,2006,d04,17.2973
som,2006,d05,30.6352
som,2006,d06,24.3454
som,2006,d07,30.6943
som,2006,d08,36.6812
som,2006,d09,46.9289
som,2006,d10,59.0811
srb,2005,d01,60.4603
srb,2005,d02,64.9582
srb,2005,d03,56.4065
srb,2005,d04,70.4082
srb,2005,d05,76.7412
srb,2005,d06,76.5808
srb,2005,d07,88.1666
srb,2005,d08,88.388
srb,2005,d09,72.4554
srb,2005,d10,88.1612
srb,2014,d01,94.6837
srb,2014,d02,92.5914
srb,2014,d03,100
srb,2014,d04,100
srb,2014,d05,100
srb,2014,d06,95.5034
srb,2014,d07,98.3062
srb,2014,d08,100
srb,2014,d09,100
srb,2014,d10,97.8519
ssd,2010,d01,21.7895
ssd,2010,d02,18.6715
ssd,2010,d03,23.0908
ssd,2010,d04,24.3714
ssd,2010,d05,31.0051
ssd,2010,d06,33.9902
ssd,2010,d07,33.0439
ssd,2010,d08,34.4878
ssd,2010,d09,47.8333
ssd,2010,d10,67.4981
stp,2014,d01,95.482
stp,2014,d02,100
stp,2014,d03,97.5259
stp,2014,d04,95.949
stp,2014,d05,97.5051
stp,2014,d06,97.9854
stp,2014,d07,98.9426
stp,2014,d08,98.7318
stp,2014,d09,98.0324
stp,2014,d10,92.8627
swz,2006,d01,95.3738
swz,2006,d02,98.6086
swz,2006,d03,93.2608
swz,2006,d04,100
swz,2006,d05,97.2746
swz,2006,d06,100
swz,2006,d07,100
swz,2006,d08,95.3835
swz,2006,d09,99.388
swz,2006,d10,89.3971
swz,2010,d01,98.4769
swz,2010,d02,100
swz,2010,d03,96.8811
swz,2010,d04,100
swz,2010,d05,98.6547
swz,2010,d06,98.0714
swz,2010,d07,96.2171
swz,2010,d08,94.0865
swz,2010,d09,100
swz,2010,d10,100
swz,2014,d01,93.0773
swz,2014,d02,97.7951
swz,2014,d03,98.5676
swz,2014,d04,98.8438
swz,2014,d05,98.6279
swz,2014,d06,100
swz,2014,d07,100
swz,2014,d08,100
swz,2014,d09,100
swz,2014,d10,100
syr,2006,d01,79.2793
syr,2006,d02,81.9907
syr,2006,d03,86.0063
syr,2006,d04,88.2109
syr,2006,d05,84.7542
syr,2006,d06,94.5002
syr,2006,d07,90.1496
syr,2006,d08,92.3394
syr,2006,d09,90.6972
syr,2006,d10,95.1463
tcd,1996,d01,16.556
tcd,1996,d02,27.9496
tcd,1996,d03,32.1579
tcd,1996,d04,34.4346
tcd,1996,d05,23.8436
tcd,1996,d06,34.4625
tcd,1996,d07,42.4586
tcd,1996,d08,51.6779
tcd,1996,d09,67.8907
tcd,1996,d10,76.9563
tcd,2004,d01,10.7115
tcd,2004,d02,21.7702
tcd,2004,d03,32.4376
tcd,2004,d04,34.7249
tcd,2004,d05,40.5998
tcd,2004,d06,42.2966
tcd,2004,d07,49.6422
tcd,2004,d08,39.3411
tcd,2004,d09,58.348
tcd,2004,d10,74.2592
tcd,2010,d01,28.0828
tcd,2010,d02,34.6853
tcd,2010,d03,33.0553
tcd,2010,d04,39.061
tcd,2010,d05,44.7423
tcd,2010,d06,43.2974
tcd,2010,d07,42.5157
tcd,2010,d08,59.4264
tcd,2010,d09,54.9642
tcd,2010,d10,75.869
tcd,2014,d01,54.5901
tcd,2014,d02,51.0417
tcd,2014,d03,55.4374
tcd,2014,d04,57.3764
tcd,2014,d05,55.6047
tcd,2014,d06,55.2391
tcd,2014,d07,56.4315
tcd,2014,d08,60.8209
tcd,2014,d09,75.7758
tcd,2014,d10,84.645
tgo,1998,d01,62.2044
tgo,1998,d02,57.8833
tgo,1998,d03,71.7509
tgo,1998,d04,81.4864
tgo,1998,d05,77.6841
tgo,1998,d06,79.4641
tgo,1998,d07,82.1054
tgo,1998,d08,78.5346
tgo,1998,d09,89.3762
tgo,1998,d10,95.6301
tgo,2006,d01,82.8161
tgo,2006,d02,82.4172
tgo,2006,d03,78.9536
tgo,2006,d04,87.7086
tgo,2006,d05,82.435
tgo,2006,d06,88.2005
tgo,2006,d07,93.9204
tgo,2006,d08,93.1508
tgo,2006,d09,93.1169
tgo,2006,d10,97.77
tgo,2010,d01,79.0197
tgo,2010,d02,87.4617
tgo,2010,d03,93.8551
tgo,2010,d04,82.4798
tgo,2010,d05,92.2807
tgo,2010,d06,98.4642
tgo,2010,d07,91.4095
tgo,2010,d08,92.5914
tgo,2010,d09,99.0761
tgo,2010,d10,98.477
tgo,2013,d01,93.5334
tgo,2013,d02,93.4281
tgo,2013,d03,93.7332
tgo,2013,d04,91.0195
tgo,2013,d05,92.5305
tgo,2013,d06,94.749
tgo,2013,d07,98.0451
tgo,2013,d08,98.6045
tgo,2013,d09,98.3179
tgo,2013,d10,98.4348
tgo,2017,d01,81.5512
tgo,2017,d02,90.3998
tgo,2017,d03,90.8339
tgo,2017,d04,88.9626
tgo,2017,d05,95.3759
tgo,2017,d06,93.1168
tgo,2017,d07,92.9269
tgo,2017,d08,98.911
tgo,2017,d09,96.627
tgo,2017,d10,98.6739
tha,2005,d01,96.379
tha,2005,d02,96.5648
tha,2005,d03,98.0926
tha,2005,d04,99.9496
tha,2005,d05,98.9407
tha,2005,d06,99.4795
tha,2005,d07,97.2377
tha,2005,d08,97.9027
tha,2005,d09,98.7147
tha,2005,d10,97.8487
tha,2012,d01,99.7441
tha,2012,d02,98.2166
tha,2012,d03,99.0918
tha,2012,d04,98.0905
tha,2012,d05,90.9882
tha,2012,d06,97.5483
tha,2012,d07,95.7867
tha,2012,d08,98.9914
tha,2012,d09,94.5757
tha,2012,d10,98.2524
tha,2015,d01,98.1852
tha,2015,d02,94.2838
tha,2015,d03,94.9968
tha,2015,d04,96.8768
tha,2015,d05,98.1484
tha,2015,d06,95.9263
tha,2015,d07,98.362
tha,2015,d08,99.3018
tha,2015,d09,95.7734
tha,2015,d10,85.5308
tha,2019,d01,97.6201
tha,2019,d02,98.0039
tha,2019,d03,98.7108
tha,2019,d04,99.9391
tha,2019,d05,96.8348
tha,2019,d06,99.1027
tha,2019,d07,98.4796
tha,2019,d08,99.6886
tha,2019,d09,99.8539
tha,2019,d10,99.5411
tjk,2005,d01,91.681
tjk,2005,d02,87.081
tjk,2005,d03,94.1533
tjk,2005,d04,87.352
tjk,2005,d05,97.5915
tjk,2005,d06,96.4747
tjk,2005,d07,96.953
tjk,2005,d08,97.5118
tjk,2005,d09,95.7609
tjk,2005,d10,100
tjk,2012,d01,97.238
tjk,2012,d02,94.669
tjk,2012,d03,99.3866
tjk,2012,d04,100
tjk,2012,d05,98.8051
tjk,2012,d06,99.1485
tjk,2012,d07,98.0871
tjk,2012,d08,98.9271
tjk,2012,d09,98.3254
tjk,2012,d10,97.6997
tjk,2017,d01,93.7965
tjk,2017,d02,93.9357
tjk,2017,d03,97.8856
tjk,2017,d04,95.7458
tjk,2017,d05,93.5193
tjk,2017,d06,96.0858
tjk,2017,d07,96.874
tjk,2017,d08,93.4407
tjk,2017,d09,96.5991
tjk,2017,d10,93.9068
tkm,2006,d01,100
tkm,2006,d02,100
tkm,2006,d03,100
tkm,2006,d04,100
tkm,2006,d05,100
tkm,2006,d06,100
tkm,2006,d07,100
tkm,2006,d08,100
tkm,2006,d09,98.1926
tkm,2006,d10,100
tkm,2015,d01,100
tkm,2015,d02,100
tkm,2015,d03,100
tkm,2015,d04,100
tkm,2015,d05,100
tkm,2015,d06,100
tkm,2015,d07,98.4586
tkm,2015,d08,99.3084
tkm,2015,d09,100
tkm,2015,d10,100
tls,2009,d01,64.6779
tls,2009,d02,64.8439
tls,2009,d03,71.2332
tls,2009,d04,70.8792
tls,2009,d05,75.9644
tls,2009,d06,80.2738
tls,2009,d07,86.1646
tls,2009,d08,83.1534
tls,2009,d09,84.0191
tls,2009,d10,91.2886
tls,2016,d01,62.0756
tls,2016,d02,76.7675
tls,2016,d03,68.3264
tls,2016,d04,79.7881
tls,2016,d05,77.8535
tls,2016,d06,83.4386
tls,2016,d07,85.6013
tls,2016,d08,86.5013
tls,2016,d09,89.8642
tls,2016,d10,92.9666
tun,2011,d01,99.3342
tun,2011,d02,98.7733
tun,2011,d03,99.1855
tun,2011,d04,91.159
tun,2011,d05,100
tun,2011,d06,98.0388
tun,2011,d07,95.4248
tun,2011,d08,98.5406
tun,2011,d09,100
tun,2011,d10,99.1587
tun,2018,d01,100
tun,2018,d02,100
tun,2018,d03,100
tun,2018,d04,97.8821
tun,2018,d05,98.2598
tun,2018,d06,100
tun,2018,d07,100
tun,2018,d08,100
tun,2018,d09,97.2751
tun,2018,d10,94.536
tur,1993,d01,61.6297
tur,1993,d02,79.4305
tur,1993,d03,90.9664
tur,1993,d04,92.1163
tur,1993,d05,96.2927
tur,1993,d06,93.4244
tur,1993,d07,94.6438
tur,1993,d08,95.0229
tur,1993,d09,97.9722
tur,1993,d10,100
tur,1998,d01,72.0871
tur,1998,d02,77.7773
tur,1998,d03,82.3313
tur,1998,d04,86.9678
tur,1998,d05,92.237
tur,1998,d06,95.7641
tur,1998,d07,93.6772
tur,1998,d08,94.345
tur,1998,d09,100
tur,1998,d10,100
tur,2003,d01,62.8539
tur,2003,d02,76.9594
tur,2003,d03,85.5636
tur,2003,d04,92.5024
tur,2003,d05,86.8573
tur,2003,d06,92.0683
tur,2003,d07,98.2049
tur,2003,d08,97.9875
tur,2003,d09,100
tur,2003,d10,92.4782
tur,2013,d01,91.0332
tur,2013,d02,93.9004
tur,2013,d03,88.5902
tur,2013,d04,96.8851
tur,2013,d05,92.2996
tur,2013,d06,93.3049
tur,2013,d07,97.9851
tur,2013,d08,95.9898
tur,2013,d09,96.6562
tur,2013,d10,100
tza,1996,d01,87.2738
tza,1996,d02,96.4551
tza,1996,d03,93.6605
tza,1996,d04,100
tza,1996,d05,92.2038
tza,1996,d06,99.756
tza,1996,d07,98.8759
tza,1996,d08,98.8289
tza,1996,d09,100
tza,1996,d10,99.2456
tza,1999,d01,91.2601
tza,1999,d02,84.9075
tza,1999,d03,97.718
tza,1999,d04,100
tza,1999,d05,86.8277
tza,1999,d06,85.7938
tza,1999,d07,94.7042
tza,1999,d08,92.5321
tza,1999,d09,100
tza,1999,d10,99.754
tza,2004,d01,86.7821
tza,2004,d02,87.197
tza,2004,d03,89.1954
tza,2004,d04,91.6777
tza,2004,d05,89.4633
tza,2004,d06,93.1822
tza,2004,d07,92.9321
tza,2004,d08,94.6744
tza,2004,d09,97.0485
tza,2004,d10,96.6793
tza,2010,d01,96.0165
tza,2010,d02,95.4581
tza,2010,d03,93.934
tza,2010,d04,95.5043
tza,2010,d05,93.3599
tza,2010,d06,95.7597
tza,2010,d07,96.3139
tza,2010,d08,96.0326
tza,2010,d09,94.0676
tza,2010,d10,98.9322
tza,2015,d01,90.8751
tza,2015,d02,94.2956
tza,2015,d03,95.2479
tza,2015,d04,95.4435
tza,2015,d05,97.5238
tza,2015,d06,96.5388
tza,2015,d07,95.6904
tza,2015,d08,99.358
tza,2015,d09,98.619
tza,2015,d10,98.3675
uga,1995,d01,81.793
uga,1995,d02,76.8562
uga,1995,d03,72.7968
uga,1995,d04,86.2171
uga,1995,d05,82.9588
uga,1995,d06,85.1659
uga,1995,d07,84.6819
uga,1995,d08,85.5942
uga,1995,d09,88.7512
uga,1995,d10,96.115
uga,2000,d01,80.2395
uga,2000,d02,67.5412
uga,2000,d03,77.818
uga,2000,d04,77.455
uga,2000,d05,80.3306
uga,2000,d06,72.5906
uga,2000,d07,81.1219
uga,2000,d08,84.1795
uga,2000,d09,80.2437
uga,2000,d10,90.7652
uga,2006,d01,94.0072
uga,2006,d02,93.8627
uga,2006,d03,90.3526
uga,2006,d04,89.6911
uga,2006,d05,90.046
uga,2006,d06,88.9764
uga,2006,d07,88.7076
uga,2006,d08,92.2273
uga,2006,d09,83.8633
uga,2006,d10,92.4034
uga,2011,d01,95.7255
uga,2011,d02,95.5622
uga,2011,d03,95.5244
uga,2011,d04,93.6355
uga,2011,d05,91.0253
uga,2011,d06,93.3044
uga,2011,d07,88.2372
uga,2011,d08,93.34
uga,2011,d09,92.354
uga,2011,d10,96.9726
uga,2016,d01,94.8072
uga,2016,d02,95.5233
uga,2016,d03,97.6463
uga,2016,d04,96.1618
uga,2016,d05,96.7888
uga,2016,d06,95.7873
uga,2016,d07,93.3708
uga,2016,d08,97.1055
uga,2016,d09,97.3235
uga,2016,d10,97.947
ukr,2012,d01,93.7878
ukr,2012,d02,91.6577
ukr,2012,d03,94.7217
ukr,2012,d04,97.6881
ukr,2012,d05,95.5077
ukr,2012,d06,92.7202
ukr,2012,d07,98.8552
ukr,2012,d08,93.9721
ukr,2012,d09,94.5924
ukr,2012,d10,98.9568
uzb,1996,d01,97.9884
uzb,1996,d02,94.7009
uzb,1996,d03,100
uzb,1996,d04,100
uzb,1996,d05,96.9523
uzb,1996,d06,89.9629
uzb,1996,d07,96.7796
uzb,1996,d08,98.9208
uzb,1996,d09,100
uzb,1996,d10,100
uzb,2006,d01,100
uzb,2006,d02,100
uzb,2006,d03,100
uzb,2006,d04,100
uzb,2006,d05,100
uzb,2006,d06,100
uzb,2006,d07,100
uzb,2006,d08,100
uzb,2006,d09,100
uzb,2006,d10,100
vnm,1997,d01,78.0415
vnm,1997,d02,83.812
vnm,1997,d03,83.0046
vnm,1997,d04,85.8129
vnm,1997,d05,93.5787
vnm,1997,d06,98.4644
vnm,1997,d07,100
vnm,1997,d08,93.6649
vnm,1997,d09,95.2112
vnm,1997,d10,98.2179
vnm,2002,d01,78.6546
vnm,2002,d02,89.8537
vnm,2002,d03,94.5654
vnm,2002,d04,96.1138
vnm,2002,d05,93.3662
vnm,2002,d06,94.2211
vnm,2002,d07,100
vnm,2002,d08,96.5102
vnm,2002,d09,100
vnm,2002,d10,100
vnm,2006,d01,84.4124
vnm,2006,d02,90.2569
vnm,2006,d03,96.0491
vnm,2006,d04,92.8183
vnm,2006,d05,91.5152
vnm,2006,d06,97.49
vnm,2006,d07,100
vnm,2006,d08,100
vnm,2006,d09,100
vnm,2006,d10,96.3596
vnm,2010,d01,81.2253
vnm,2010,d02,93.7857
vnm,2010,d03,95.1406
vnm,2010,d04,99.4722
vnm,2010,d05,97.9949
vnm,2010,d06,95.4179
vnm,2010,d07,99.3509
vnm,2010,d08,94.124
vnm,2010,d09,98.5665
vnm,2010,d10,97.4821
vnm,2013,d01,83.0136
vnm,2013,d02,98.6223
vnm,2013,d03,99.0839
vnm,2013,d04,100
vnm,2013,d05,100
vnm,2013,d06,100
vnm,2013,d07,100
vnm,2013,d08,100
vnm,2013,d09,100
vnm,2013,d10,100
vut,2007,d01,76.8074
vut,2007,d02,90.4697
vut,2007,d03,88.8227
vut,2007,d04,79.7613
vut,2007,d05,76.9464
vut,2007,d06,75.921
vut,2007,d07,84.8137
vut,2007,d08,82.9156
vut,2007,d09,77.3523
vut,2007,d10,63.2677
wsm,2019,d01,74.1941
wsm,2019,d02,67.5405
wsm,2019,d03,77.2402
wsm,2019,d04,80.1415
wsm,2019,d05,77.3923
wsm,2019,d06,77.7201
wsm,2019,d07,78.143
wsm,2019,d08,78.5868
wsm,2019,d09,78.0007
wsm,2019,d10,77.0552
yem,2006,d01,60.1627
yem,2006,d02,46.183
yem,2006,d03,46.6173
yem,2006,d04,60.2808
yem,2006,d05,67.9249
yem,2006,d06,72.5712
yem,2006,d07,75.8133
yem,2006,d08,75.667
yem,2006,d09,92.758
yem,2006,d10,100
yem,2013,d01,43.311
yem,2013,d02,56.2718
yem,2013,d03,52.4151
yem,2013,d04,62.1195
yem,2013,d05,67.8625
yem,2013,d06,73.5748
yem,2013,d07,70.8225
yem,2013,d08,82.3647
yem,2013,d09,89.3983
yem,2013,d10,91.6905
zaf,1998,d01,93.374
zaf,1998,d02,97.818
zaf,1998,d03,97.819
zaf,1998,d04,96.2004
zaf,1998,d05,93.4454
zaf,1998,d06,99.3081
zaf,1998,d07,97.2426
zaf,1998,d08,98.3134
zaf,1998,d09,97.6038
zaf,1998,d10,98.6769
zmb,1996,d01,95.3937
zmb,1996,d02,93.8971
zmb,1996,d03,97.8429
zmb,1996,d04,96.6819
zmb,1996,d05,96.5833
zmb,1996,d06,96.4079
zmb,1996,d07,99.3607
zmb,1996,d08,100
zmb,1996,d09,100
zmb,1996,d10,100
zmb,2001,d01,91.4144
zmb,2001,d02,97.1078
zmb,2001,d03,91.9974
zmb,2001,d04,94.1916
zmb,2001,d05,92.9725
zmb,2001,d06,90.6631
zmb,2001,d07,97.3411
zmb,2001,d08,99.0596
zmb,2001,d09,88.8964
zmb,2001,d10,100
zmb,2007,d01,95.9978
zmb,2007,d02,93.2594
zmb,2007,d03,87.2413
zmb,2007,d04,89.8267
zmb,2007,d05,89.7012
zmb,2007,d06,88.1974
zmb,2007,d07,100
zmb,2007,d08,89.2523
zmb,2007,d09,96.134
zmb,2007,d10,96.6727
zmb,2013,d01,93.8594
zmb,2013,d02,91.2669
zmb,2013,d03,91.5023
zmb,2013,d04,96.1942
zmb,2013,d05,95.8274
zmb,2013,d06,92.9676
zmb,2013,d07,99.4727
zmb,2013,d08,96.3455
zmb,2013,d09,97.5665
zmb,2013,d10,97.8605
zmb,2018,d01,94.5493
zmb,2018,d02,94.9366
zmb,2018,d03,98.5096
zmb,2018,d04,96.0368
zmb,2018,d05,97.3245
zmb,2018,d06,96.9724
zmb,2018,d07,100
zmb,2018,d08,99.5434
zmb,2018,d09,100
zmb,2018,d10,98.9933
zwe,1994,d01,94.4438
zwe,1994,d02,96.6983
zwe,1994,d03,92.6191
zwe,1994,d04,94.235
zwe,1994,d05,95.2495
zwe,1994,d06,94.9728
zwe,1994,d07,96.9981
zwe,1994,d08,98.9412
zwe,1994,d09,98.9725
zwe,1994,d10,92.4309
zwe,1999,d01,89.2579
zwe,1999,d02,91.7927
zwe,1999,d03,90.6763
zwe,1999,d04,84.7181
zwe,1999,d05,85.1452
zwe,1999,d06,83.9075
zwe,1999,d07,80.5718
zwe,1999,d08,91.8365
zwe,1999,d09,89.7783
zwe,1999,d10,94.4267
zwe,2005,d01,76.6847
zwe,2005,d02,69.9998
zwe,2005,d03,69.2302
zwe,2005,d04,74.3815
zwe,2005,d05,73.2219
zwe,2005,d06,80.7434
zwe,2005,d07,77.12
zwe,2005,d08,79.4801
zwe,2005,d09,77.0252
zwe,2005,d10,81.8689
zwe,2009,d01,88.005
zwe,2009,d02,85.6262
zwe,2009,d03,91.852
zwe,2009,d04,87.4744
zwe,2009,d05,84.8975
zwe,2009,d06,94.5214
zwe,2009,d07,93.0844
zwe,2009,d08,95.5152
zwe,2009,d09,96.7727
zwe,2009,d10,93.3889
zwe,2010,d01,84.5916
zwe,2010,d02,85.4836
zwe,2010,d03,90.4502
zwe,2010,d04,81.2943
zwe,2010,d05,85.8278
zwe,2010,d06,87.9857
zwe,2010,d07,85.2935
zwe,2010,d08,92.6081
zwe,2010,d09,86.1633
zwe,2010,d10,90.1712
zwe,2014,d01,92.2491
zwe,2014,d02,93.2303
zwe,2014,d03,94.0779
zwe,2014,d04,93.6158
zwe,2014,d05,96.0255
zwe,2014,d06,94.3465
zwe,2014,d07,92.9092
zwe,2014,d08,95.9053
zwe,2014,d09,97.9859
zwe,2014,d10,97.9681
zwe,2015,d01,85.4577
zwe,2015,d02,91.3623
zwe,2015,d03,84.514
zwe,2015,d04,83.601
zwe,2015,d05,92.8239
zwe,2015,d06,91.9643
zwe,2015,d07,92.5316
zwe,2015,d08,94.897
zwe,2015,d09,92.6742
zwe,2015,d10,90.807
zwe,2019,d01,92.3912
zwe,2019,d02,90.0889
zwe,2019,d03,89.2447
zwe,2019,d04,97.2443
zwe,2019,d05,95.247
zwe,2019,d06,92.7936
zwe,2019,d07,97.3844
zwe,2019,d08,98.4819
zwe,2019,d09,96.7708
zwe,2019,d10,100
