country,time,decile,impwatersdg
afg,2010,d01,25.0689
afg,2010,d02,37.0703
afg,2010,d03,41.0498
afg,2010,d04,48.7275
afg,2010,d05,54.2623
afg,2010,d06,62.124
afg,2010,d07,64.6276
afg,2010,d08,73.6632
afg,2010,d09,84.3232
afg,2010,d10,94.4035
afg,2015,d01,43.7786
afg,2015,d02,50.0498
afg,2015,d03,56.1288
afg,2015,d04,62.982
afg,2015,d05,72.7513
afg,2015,d06,75.7331
afg,2015,d07,80.5733
afg,2015,d08,87.2768
afg,2015,d09,94.3307
afg,2015,d10,98.3243
ago,2015,d01,28.8156
ago,2015,d02,23.4853
ago,2015,d03,35.6391
ago,2015,d04,56.9389
ago,2015,d05,75.2243
ago,2015,d06,86.0186
ago,2015,d07,92.0342
ago,2015,d08,95.4716
ago,2015,d09,96.3041
ago,2015,d10,99.5713
alb,2005,d01,97.7732
alb,2005,d02,97.1513
alb,2005,d03,98.089
alb,2005,d04,98.6153
alb,2005,d05,99.1883
alb,2005,d06,99.7794
alb,2005,d07,100
alb,2005,d08,100
alb,2005,d09,100
alb,2005,d10,100
alb,2008,d01,87.4651
alb,2008,d02,92.8932
alb,2008,d03,96.2338
alb,2008,d04,96.8967
alb,2008,d05,97.899
alb,2008,d06,99.2937
alb,2008,d07,98.2767
alb,2008,d08,97.9682
alb,2008,d09,98.9683
alb,2008,d10,99.686
alb,2017,d01,94.6182
alb,2017,d02,96.2314
alb,2017,d03,97.6041
alb,2017,d04,98.2802
alb,2017,d05,98.9775
alb,2017,d06,99.2598
alb,2017,d07,99.3418
alb,2017,d08,99.3217
alb,2017,d09,98.8587
alb,2017,d10,99.8488
arg,2011,d01,93.9679
arg,2011,d02,95.9764
arg,2011,d03,97.8325
arg,2011,d04,99.4547
arg,2011,d05,98.4744
arg,2011,d06,98.9604
arg,2011,d07,99.3916
arg,2011,d08,99.2181
arg,2011,d09,99.542
arg,2011,d10,99.6954
arg,2019,d01,99.2868
arg,2019,d02,99.3127
arg,2019,d03,99.6839
arg,2019,d04,99.3517
arg,2019,d05,99.6322
arg,2019,d06,99.7485
arg,2019,d07,99.5414
arg,2019,d08,98.9835
arg,2019,d09,99.526
arg,2019,d10,99.9343
arm,2000,d01,69.1741
arm,2000,d02,84.7216
arm,2000,d03,88.5274
arm,2000,d04,92.2265
arm,2000,d05,97.808
arm,2000,d06,98.1129
arm,2000,d07,99.5271
arm,2000,d08,99.5867
arm,2000,d09,100
arm,2000,d10,100
arm,2005,d01,97.5533
arm,2005,d02,98.492
arm,2005,d03,97.9877
arm,2005,d04,99.3673
arm,2005,d05,99.2858
arm,2005,d06,100
arm,2005,d07,100
arm,2005,d08,100
arm,2005,d09,100
arm,2005,d10,100
arm,2010,d01,96.5436
arm,2010,d02,99.0704
arm,2010,d03,99.7837
arm,2010,d04,99.8194
arm,2010,d05,99.7527
arm,2010,d06,100
arm,2010,d07,100
arm,2010,d08,100
arm,2010,d09,100
arm,2010,d10,100
arm,2015,d01,99.4333
arm,2015,d02,99.7037
arm,2015,d03,99.8328
arm,2015,d04,100
arm,2015,d05,99.8692
arm,2015,d06,99.9717
arm,2015,d07,100
arm,2015,d08,100
arm,2015,d09,100
arm,2015,d10,100
aze,2006,d01,72.0893
aze,2006,d02,78.7566
aze,2006,d03,81.1039
aze,2006,d04,80.9367
aze,2006,d05,88.9593
aze,2006,d06,95.8802
aze,2006,d07,97.3704
aze,2006,d08,98.3876
aze,2006,d09,99.7286
aze,2006,d10,100
bdi,2005,d01,71.0521
bdi,2005,d02,58.8396
bdi,2005,d03,58.6785
bdi,2005,d04,63.161
bdi,2005,d05,56.5166
bdi,2005,d06,59.7115
bdi,2005,d07,63.659
bdi,2005,d08,59.8767
bdi,2005,d09,69.0149
bdi,2005,d10,82.3385
bdi,2010,d01,68.0613
bdi,2010,d02,72.7306
bdi,2010,d03,66.9306
bdi,2010,d04,75.9376
bdi,2010,d05,72.195
bdi,2010,d06,74.0878
bdi,2010,d07,78.0824
bdi,2010,d08,75.1863
bdi,2010,d09,81.6619
bdi,2010,d10,90.3758
bdi,2016,d01,73.3755
bdi,2016,d02,77.375
bdi,2016,d03,77.9682
bdi,2016,d04,81.0819
bdi,2016,d05,80.0319
bdi,2016,d06,80.828
bdi,2016,d07,83.2744
bdi,2016,d08,84.7407
bdi,2016,d09,91.6383
bdi,2016,d10,98.6068
ben,1996,d01,29.0742
ben,1996,d02,48.4207
ben,1996,d03,51.3115
ben,1996,d04,58.8149
ben,1996,d05,59.2555
ben,1996,d06,56.196
ben,1996,d07,68.4328
ben,1996,d08,64.9163
ben,1996,d09,78.3392
ben,1996,d10,92.694
ben,2001,d01,41.266
ben,2001,d02,44.7492
ben,2001,d03,56.456
ben,2001,d04,54.4457
ben,2001,d05,65.2278
ben,2001,d06,64.6962
ben,2001,d07,68.7622
ben,2001,d08,80.2489
ben,2001,d09,87.4827
ben,2001,d10,99.6821
ben,2006,d01,45.1559
ben,2006,d02,53.7578
ben,2006,d03,60.0461
ben,2006,d04,62.4857
ben,2006,d05,63.9297
ben,2006,d06,67.2194
ben,2006,d07,73.5533
ben,2006,d08,78.5511
ben,2006,d09,85.5188
ben,2006,d10,95.7756
ben,2011,d01,52.4844
ben,2011,d02,70.0909
ben,2011,d03,71.4363
ben,2011,d04,72.1572
ben,2011,d05,74.0597
ben,2011,d06,75.7672
ben,2011,d07,79.98
ben,2011,d08,83.7857
ben,2011,d09,91.8957
ben,2011,d10,98.55
ben,2014,d01,47.5815
ben,2014,d02,62.9756
ben,2014,d03,66.8992
ben,2014,d04,66.6005
ben,2014,d05,71.8083
ben,2014,d06,70.7608
ben,2014,d07,73.3637
ben,2014,d08,78.1638
ben,2014,d09,90.361
ben,2014,d10,95.9935
ben,2017,d01,41.6001
ben,2017,d02,57.4979
ben,2017,d03,60.6328
ben,2017,d04,62.5135
ben,2017,d05,62.0869
ben,2017,d06,69.0388
ben,2017,d07,73.2183
ben,2017,d08,75.9521
ben,2017,d09,84.1845
ben,2017,d10,96.5116
bfa,1998,d01,30.6561
bfa,1998,d02,44.6156
bfa,1998,d03,33.218
bfa,1998,d04,60.7409
bfa,1998,d05,36.339
bfa,1998,d06,49.8461
bfa,1998,d07,53.4234
bfa,1998,d08,41.8131
bfa,1998,d09,52.4171
bfa,1998,d10,91.5067
bfa,2003,d01,37.7867
bfa,2003,d02,34.9561
bfa,2003,d03,51.4605
bfa,2003,d04,78.1655
bfa,2003,d05,48.2985
bfa,2003,d06,40.4785
bfa,2003,d07,70.4181
bfa,2003,d08,56.2641
bfa,2003,d09,81.1199
bfa,2003,d10,97.2511
bfa,2006,d01,85.3211
bfa,2006,d02,69.7192
bfa,2006,d03,88.3942
bfa,2006,d04,37.8403
bfa,2006,d05,78.7592
bfa,2006,d06,66.0584
bfa,2006,d07,75.4475
bfa,2006,d08,81.8188
bfa,2006,d09,96.298
bfa,2006,d10,100
bfa,2010,d01,62.2975
bfa,2010,d02,63.0981
bfa,2010,d03,63.0523
bfa,2010,d04,71.0413
bfa,2010,d05,72.8762
bfa,2010,d06,76.5836
bfa,2010,d07,81.4374
bfa,2010,d08,82.8124
bfa,2010,d09,92.9443
bfa,2010,d10,99.2335
bgd,1993,d01,89.4329
bgd,1993,d02,90.0158
bgd,1993,d03,88.7683
bgd,1993,d04,90.6204
bgd,1993,d05,92.3151
bgd,1993,d06,91.2685
bgd,1993,d07,92.7664
bgd,1993,d08,94.8455
bgd,1993,d09,95.7064
bgd,1993,d10,98.0265
bgd,1996,d01,100
bgd,1996,d02,97.6593
bgd,1996,d03,93.8628
bgd,1996,d04,91.3679
bgd,1996,d05,91.895
bgd,1996,d06,89.8834
bgd,1996,d07,94.7742
bgd,1996,d08,96.4923
bgd,1996,d09,98.454
bgd,1996,d10,98.602
bgd,1999,d01,93.9571
bgd,1999,d02,93.9639
bgd,1999,d03,96.121
bgd,1999,d04,97.0825
bgd,1999,d05,95.5137
bgd,1999,d06,96.1229
bgd,1999,d07,96.433
bgd,1999,d08,97.5023
bgd,1999,d09,97.7022
bgd,1999,d10,99.6788
bgd,2004,d01,96.9586
bgd,2004,d02,95.141
bgd,2004,d03,96.1347
bgd,2004,d04,96.5969
bgd,2004,d05,97.0942
bgd,2004,d06,97.1878
bgd,2004,d07,97.3071
bgd,2004,d08,97.4586
bgd,2004,d09,97.775
bgd,2004,d10,98.8542
bgd,2006,d01,99.5641
bgd,2006,d02,98.4562
bgd,2006,d03,97.0707
bgd,2006,d04,95.6457
bgd,2006,d05,95.054
bgd,2006,d06,96.107
bgd,2006,d07,97.0781
bgd,2006,d08,97.9934
bgd,2006,d09,98.9527
bgd,2006,d10,99.6535
bgd,2007,d01,99.4755
bgd,2007,d02,98.5785
bgd,2007,d03,98.3702
bgd,2007,d04,96.9858
bgd,2007,d05,93.5115
bgd,2007,d06,94.0654
bgd,2007,d07,94.4145
bgd,2007,d08,96.4972
bgd,2007,d09,98.5894
bgd,2007,d10,99.6083
bgd,2011,d01,97.9916
bgd,2011,d02,97.5658
bgd,2011,d03,98.1284
bgd,2011,d04,98.561
bgd,2011,d05,98.8179
bgd,2011,d06,97.6999
bgd,2011,d07,99.0056
bgd,2011,d08,98.772
bgd,2011,d09,99.0707
bgd,2011,d10,99.7569
bgd,2012,d01,92.0925
bgd,2012,d02,96.6876
bgd,2012,d03,97.7657
bgd,2012,d04,98.1355
bgd,2012,d05,98.7426
bgd,2012,d06,98.6701
bgd,2012,d07,99.3049
bgd,2012,d08,99.2386
bgd,2012,d09,99.1788
bgd,2012,d10,99.653
bgd,2014,d01,95.0495
bgd,2014,d02,93.9508
bgd,2014,d03,96.2678
bgd,2014,d04,97.5138
bgd,2014,d05,98.9801
bgd,2014,d06,98.1672
bgd,2014,d07,98.8944
bgd,2014,d08,99.6174
bgd,2014,d09,99.6449
bgd,2014,d10,99.8488
bgd,2017,d01,94.2476
bgd,2017,d02,98.0857
bgd,2017,d03,97.6345
bgd,2017,d04,98.0635
bgd,2017,d05,98.7214
bgd,2017,d06,98.533
bgd,2017,d07,98.8009
bgd,2017,d08,99.4024
bgd,2017,d09,99.7286
bgd,2017,d10,99.873
bgd,2019,d01,91.0046
bgd,2019,d02,97.7587
bgd,2019,d03,98.8199
bgd,2019,d04,99.1918
bgd,2019,d05,99.4385
bgd,2019,d06,99.5327
bgd,2019,d07,99.4209
bgd,2019,d08,99.6845
bgd,2019,d09,99.8456
bgd,2019,d10,99.9936
bih,2006,d01,97.2609
bih,2006,d02,97.5241
bih,2006,d03,98.0691
bih,2006,d04,99.3696
bih,2006,d05,98.3246
bih,2006,d06,98.0193
bih,2006,d07,99.5129
bih,2006,d08,99.6404
bih,2006,d09,100
bih,2006,d10,99.9281
bih,2011,d01,98.093
bih,2011,d02,99.7171
bih,2011,d03,99.6543
bih,2011,d04,99.9229
bih,2011,d05,99.7996
bih,2011,d06,99.8459
bih,2011,d07,99.9384
bih,2011,d08,100
bih,2011,d09,100
bih,2011,d10,99.4367
blr,2005,d01,98.3384
blr,2005,d02,98.2956
blr,2005,d03,99.6999
blr,2005,d04,100
blr,2005,d05,99.9244
blr,2005,d06,100
blr,2005,d07,100
blr,2005,d08,100
blr,2005,d09,99.9437
blr,2005,d10,100
blr,2012,d01,98.3045
blr,2012,d02,99.0985
blr,2012,d03,99.5951
blr,2012,d04,99.7461
blr,2012,d05,99.8611
blr,2012,d06,99.7929
blr,2012,d07,100
blr,2012,d08,99.7924
blr,2012,d09,100
blr,2012,d10,100
blr,2019,d01,99.1625
blr,2019,d02,98.5171
blr,2019,d03,99.4398
blr,2019,d04,98.7764
blr,2019,d05,98.9775
blr,2019,d06,100
blr,2019,d07,100
blr,2019,d08,100
blr,2019,d09,100
blr,2019,d10,100
blz,2006,d01,89.9719
blz,2006,d02,91.2135
blz,2006,d03,93.3758
blz,2006,d04,97.1757
blz,2006,d05,98.728
blz,2006,d06,99.5848
blz,2006,d07,100
blz,2006,d08,99.8598
blz,2006,d09,100
blz,2006,d10,99.7801
blz,2011,d01,94.0233
blz,2011,d02,95.1803
blz,2011,d03,98.5024
blz,2011,d04,99.3676
blz,2011,d05,98.7667
blz,2011,d06,98.7547
blz,2011,d07,100
blz,2011,d08,100
blz,2011,d09,99.7989
blz,2011,d10,100
blz,2015,d01,92.2748
blz,2015,d02,97.5335
blz,2015,d03,96.7894
blz,2015,d04,97.8432
blz,2015,d05,98.0168
blz,2015,d06,97.6843
blz,2015,d07,96.2226
blz,2015,d08,96.6534
blz,2015,d09,97.251
blz,2015,d10,99.4985
bol,1994,d01,4.078
bol,1994,d02,10.8077
bol,1994,d03,33.9887
bol,1994,d04,51.0336
bol,1994,d05,72.3036
bol,1994,d06,80.9036
bol,1994,d07,94.6676
bol,1994,d08,98.2649
bol,1994,d09,98.5296
bol,1994,d10,100
bol,1998,d01,10.7414
bol,1998,d02,31.283
bol,1998,d03,56.457
bol,1998,d04,81.752
bol,1998,d05,91.4429
bol,1998,d06,95.1714
bol,1998,d07,98.2838
bol,1998,d08,99.7054
bol,1998,d09,99.6359
bol,1998,d10,99.9073
bol,2003,d01,28.2487
bol,2003,d02,52.5493
bol,2003,d03,68.7954
bol,2003,d04,78.6867
bol,2003,d05,89.9997
bol,2003,d06,95.1516
bol,2003,d07,97.779
bol,2003,d08,99.4735
bol,2003,d09,99.6057
bol,2003,d10,99.8732
bol,2008,d01,44.9215
bol,2008,d02,67.1486
bol,2008,d03,81.8776
bol,2008,d04,85.7046
bol,2008,d05,95.751
bol,2008,d06,98.5359
bol,2008,d07,99.1286
bol,2008,d08,99.5322
bol,2008,d09,99.7776
bol,2008,d10,99.7787
bol,2016,d01,67.7763
bol,2016,d02,83.7582
bol,2016,d03,92.4954
bol,2016,d04,96.6932
bol,2016,d05,98.503
bol,2016,d06,99.6132
bol,2016,d07,99.4501
bol,2016,d08,100
bol,2016,d09,99.9678
bol,2016,d10,100
bra,1996,d01,15.08
bra,1996,d02,46.945
bra,1996,d03,59.9227
bra,1996,d04,73.2441
bra,1996,d05,81.2017
bra,1996,d06,87.3225
bra,1996,d07,90.6935
bra,1996,d08,94.2779
bra,1996,d09,99.5757
bra,1996,d10,100
bra,2006,d01,33.7463
bra,2006,d02,55.4503
bra,2006,d03,66.9448
bra,2006,d04,73.0742
bra,2006,d05,81.8649
bra,2006,d06,85.3366
bra,2006,d07,91.6189
bra,2006,d08,93.7698
bra,2006,d09,95.1467
bra,2006,d10,98.1713
bra,2013,d01,38.5587
bra,2013,d02,69.9156
bra,2013,d03,81.6667
bra,2013,d04,85.1719
bra,2013,d05,87.3875
bra,2013,d06,89.5648
bra,2013,d07,93.468
bra,2013,d08,95.8761
bra,2013,d09,98.0126
bra,2013,d10,98.6519
bra,2019,d01,31.5332
bra,2019,d02,63.9031
bra,2019,d03,78.5805
bra,2019,d04,87.581
bra,2019,d05,92.0657
bra,2019,d06,95.5542
bra,2019,d07,97.6954
bra,2019,d08,98.6986
bra,2019,d09,99.0133
bra,2019,d10,99.3432
brb,2012,d01,97.7124
brb,2012,d02,100
brb,2012,d03,100
brb,2012,d04,100
brb,2012,d05,100
brb,2012,d06,100
brb,2012,d07,100
brb,2012,d08,100
brb,2012,d09,100
brb,2012,d10,100
btn,2010,d01,90.0754
btn,2010,d02,93.517
btn,2010,d03,94.0739
btn,2010,d04,95.1939
btn,2010,d05,94.788
btn,2010,d06,97.703
btn,2010,d07,97.6361
btn,2010,d08,99.4062
btn,2010,d09,99.6554
btn,2010,d10,100
caf,1994,d01,18.738
caf,1994,d02,14.8625
caf,1994,d03,24.7516
caf,1994,d04,29.5225
caf,1994,d05,18.4446
caf,1994,d06,28.8584
caf,1994,d07,33.832
caf,1994,d08,62.166
caf,1994,d09,54.2115
caf,1994,d10,79.2549
caf,2006,d01,39.7824
caf,2006,d02,44.09
caf,2006,d03,44.2085
caf,2006,d04,46.472
caf,2006,d05,59.0475
caf,2006,d06,67.2434
caf,2006,d07,75.7168
caf,2006,d08,79.6374
caf,2006,d09,89.2171
caf,2006,d10,96.518
caf,2010,d01,44.7518
caf,2010,d02,46.3669
caf,2010,d03,53.0052
caf,2010,d04,58.0364
caf,2010,d05,58.1039
caf,2010,d06,65.1389
caf,2010,d07,72.3472
caf,2010,d08,85.0468
caf,2010,d09,89.6623
caf,2010,d10,96.3559
caf,2018,d01,38.3906
caf,2018,d02,43.17
caf,2018,d03,45.3356
caf,2018,d04,46.5609
caf,2018,d05,54.2266
caf,2018,d06,54.482
caf,2018,d07,59.3554
caf,2018,d08,71.1314
caf,2018,d09,81.6753
caf,2018,d10,92.6396
civ,1994,d01,12.4044
civ,1994,d02,20.4999
civ,1994,d03,20.0706
civ,1994,d04,32.9581
civ,1994,d05,26.0632
civ,1994,d06,35.4774
civ,1994,d07,52.0201
civ,1994,d08,71.575
civ,1994,d09,86.4428
civ,1994,d10,98.4031
civ,1998,d01,22.5718
civ,1998,d02,37.8689
civ,1998,d03,31.4172
civ,1998,d04,25.0806
civ,1998,d05,25.8369
civ,1998,d06,42.4353
civ,1998,d07,53.6872
civ,1998,d08,84.4812
civ,1998,d09,90.3634
civ,1998,d10,97.3335
civ,2006,d01,49.5174
civ,2006,d02,52.7169
civ,2006,d03,59.4186
civ,2006,d04,69.8186
civ,2006,d05,72.7549
civ,2006,d06,80.1319
civ,2006,d07,90.958
civ,2006,d08,95.142
civ,2006,d09,99.1198
civ,2006,d10,100
civ,2011,d01,52.4738
civ,2011,d02,60.7609
civ,2011,d03,67.8017
civ,2011,d04,76.0803
civ,2011,d05,72.3415
civ,2011,d06,80.3354
civ,2011,d07,86.8406
civ,2011,d08,91.3403
civ,2011,d09,97.224
civ,2011,d10,99.4576
civ,2016,d01,52.2686
civ,2016,d02,57.3078
civ,2016,d03,68.2384
civ,2016,d04,72.1803
civ,2016,d05,77.0913
civ,2016,d06,88.5055
civ,2016,d07,95.4016
civ,2016,d08,99.7019
civ,2016,d09,98.7211
civ,2016,d10,100
cmr,1998,d01,8.8738
cmr,1998,d02,28.6394
cmr,1998,d03,10.6278
cmr,1998,d04,40.4528
cmr,1998,d05,37.1861
cmr,1998,d06,37.3701
cmr,1998,d07,48.2486
cmr,1998,d08,67.5052
cmr,1998,d09,76.1918
cmr,1998,d10,92.0278
cmr,2004,d01,28.1356
cmr,2004,d02,27.061
cmr,2004,d03,44.3904
cmr,2004,d04,59.1787
cmr,2004,d05,61.4314
cmr,2004,d06,65.3691
cmr,2004,d07,80.9463
cmr,2004,d08,89.5054
cmr,2004,d09,95.4043
cmr,2004,d10,95.5936
cmr,2006,d01,33.1352
cmr,2006,d02,39.3834
cmr,2006,d03,44.8141
cmr,2006,d04,55.0737
cmr,2006,d05,66.4505
cmr,2006,d06,78.1333
cmr,2006,d07,92.0634
cmr,2006,d08,94.6812
cmr,2006,d09,98.7892
cmr,2006,d10,99.9622
cmr,2011,d01,31.6691
cmr,2011,d02,45.917
cmr,2011,d03,44.3108
cmr,2011,d04,54.1071
cmr,2011,d05,63.405
cmr,2011,d06,75.9072
cmr,2011,d07,88.5308
cmr,2011,d08,91.9944
cmr,2011,d09,95.3397
cmr,2011,d10,98.4688
cmr,2014,d01,41.822
cmr,2014,d02,47.5117
cmr,2014,d03,53.9756
cmr,2014,d04,60.4435
cmr,2014,d05,66.4432
cmr,2014,d06,80.7146
cmr,2014,d07,91.8673
cmr,2014,d08,93.9486
cmr,2014,d09,98.8835
cmr,2014,d10,99.4138
cmr,2018,d01,37.4808
cmr,2018,d02,48.8551
cmr,2018,d03,54.3323
cmr,2018,d04,61.8351
cmr,2018,d05,72.9319
cmr,2018,d06,86.0326
cmr,2018,d07,91.8977
cmr,2018,d08,98.4044
cmr,2018,d09,98.574
cmr,2018,d10,99.0461
cod,2007,d01,20.1447
cod,2007,d02,26.6455
cod,2007,d03,20.2933
cod,2007,d04,23.2511
cod,2007,d05,29.7339
cod,2007,d06,36.9765
cod,2007,d07,51.213
cod,2007,d08,79.9285
cod,2007,d09,94.4611
cod,2007,d10,99.7699
cod,2010,d01,4.4872
cod,2010,d02,15.4793
cod,2010,d03,24.1275
cod,2010,d04,31.0051
cod,2010,d05,35.9169
cod,2010,d06,41.4303
cod,2010,d07,57.7883
cod,2010,d08,71.1838
cod,2010,d09,86.0787
cod,2010,d10,98.8793
cod,2013,d01,13.1174
cod,2013,d02,20.5868
cod,2013,d03,23.4364
cod,2013,d04,32.4108
cod,2013,d05,38.9481
cod,2013,d06,44.8661
cod,2013,d07,65.8004
cod,2013,d08,75.3971
cod,2013,d09,90.4666
cod,2013,d10,98.9724
cod,2017,d01,23.7033
cod,2017,d02,25.4601
cod,2017,d03,29.74
cod,2017,d04,37.4802
cod,2017,d05,43.4243
cod,2017,d06,61.4487
cod,2017,d07,76.1525
cod,2017,d08,94.2383
cod,2017,d09,99.0055
cod,2017,d10,99.8212
cog,2005,d01,6.178
cog,2005,d02,13.7898
cog,2005,d03,28.3894
cog,2005,d04,38.3083
cog,2005,d05,57.7046
cog,2005,d06,76.5153
cog,2005,d07,88.5919
cog,2005,d08,90.2163
cog,2005,d09,96.7406
cog,2005,d10,97.9005
cog,2011,d01,16.5612
cog,2011,d02,35.3097
cog,2011,d03,53.6072
cog,2011,d04,83.2073
cog,2011,d05,92.0514
cog,2011,d06,93.3742
cog,2011,d07,96.364
cog,2011,d08,97.027
cog,2011,d09,97.8531
cog,2011,d10,98.8111
cog,2014,d01,27.2527
cog,2014,d02,57.8279
cog,2014,d03,79.42
cog,2014,d04,93.9552
cog,2014,d05,98.1647
cog,2014,d06,98.4421
cog,2014,d07,96.9462
cog,2014,d08,98.6182
cog,2014,d09,99.3038
cog,2014,d10,99.4442
col,1995,d01,37.9031
col,1995,d02,64.7011
col,1995,d03,78.4888
col,1995,d04,90.7646
col,1995,d05,99.3641
col,1995,d06,100
col,1995,d07,99.7847
col,1995,d08,100
col,1995,d09,100
col,1995,d10,100
col,2005,d01,55.1818
col,2005,d02,82.3253
col,2005,d03,93.5972
col,2005,d04,98.3022
col,2005,d05,99.575
col,2005,d06,99.8449
col,2005,d07,99.7551
col,2005,d08,99.8776
col,2005,d09,99.8455
col,2005,d10,99.8514
col,2010,d01,49.1918
col,2010,d02,79.0916
col,2010,d03,93.245
col,2010,d04,98.3821
col,2010,d05,99.4049
col,2010,d06,99.775
col,2010,d07,99.7726
col,2010,d08,99.9227
col,2010,d09,99.909
col,2010,d10,99.8505
col,2015,d01,51.9521
col,2015,d02,78.5409
col,2015,d03,95.8915
col,2015,d04,98.7035
col,2015,d05,99.4056
col,2015,d06,99.5505
col,2015,d07,99.6388
col,2015,d08,99.7608
col,2015,d09,99.8861
col,2015,d10,99.7478
com,1996,d01,84.0366
com,1996,d02,85.5862
com,1996,d03,93.291
com,1996,d04,92.9387
com,1996,d05,91.9468
com,1996,d06,94.8772
com,1996,d07,97.482
com,1996,d08,94.0887
com,1996,d09,95.7597
com,1996,d10,91.3319
com,2012,d01,82.8632
com,2012,d02,86.3463
com,2012,d03,86.2811
com,2012,d04,88.6666
com,2012,d05,89.1485
com,2012,d06,92.8808
com,2012,d07,92.9793
com,2012,d08,92.3901
com,2012,d09,96.156
com,2012,d10,97.0278
cri,2011,d01,94.727
cri,2011,d02,99.4282
cri,2011,d03,98.4474
cri,2011,d04,100
cri,2011,d05,99.5084
cri,2011,d06,100
cri,2011,d07,99.9748
cri,2011,d08,100
cri,2011,d09,100
cri,2011,d10,100
cri,2018,d01,97.1069
cri,2018,d02,99.8586
cri,2018,d03,99.7794
cri,2018,d04,99.9365
cri,2018,d05,100
cri,2018,d06,100
cri,2018,d07,99.9746
cri,2018,d08,100
cri,2018,d09,100
cri,2018,d10,100
cub,2019,d01,89.7971
cub,2019,d02,97.4742
cub,2019,d03,97.5041
cub,2019,d04,99.184
cub,2019,d05,99.3305
cub,2019,d06,99.875
cub,2019,d07,99.7649
cub,2019,d08,100
cub,2019,d09,99.607
cub,2019,d10,100
dom,1996,d01,50.5256
dom,1996,d02,76.5018
dom,1996,d03,88.9375
dom,1996,d04,91.6021
dom,1996,d05,94.0263
dom,1996,d06,96.0397
dom,1996,d07,97.801
dom,1996,d08,97.5963
dom,1996,d09,98.949
dom,1996,d10,100
dom,1999,d01,68.1091
dom,1999,d02,92.8294
dom,1999,d03,90.7221
dom,1999,d04,97.7393
dom,1999,d05,99.6241
dom,1999,d06,98.6171
dom,1999,d07,95.261
dom,1999,d08,98.8187
dom,1999,d09,97.5025
dom,1999,d10,100
dom,2002,d01,68.5313
dom,2002,d02,89.5381
dom,2002,d03,93.8379
dom,2002,d04,96.0741
dom,2002,d05,97.8954
dom,2002,d06,98.6534
dom,2002,d07,99.2541
dom,2002,d08,99.2569
dom,2002,d09,99.7117
dom,2002,d10,100
dom,2007,d01,80.7971
dom,2007,d02,91.4158
dom,2007,d03,94.2324
dom,2007,d04,97.3629
dom,2007,d05,98.0285
dom,2007,d06,98.7574
dom,2007,d07,98.9036
dom,2007,d08,99.3499
dom,2007,d09,99.7731
dom,2007,d10,99.2965
dom,2013,d01,88.5297
dom,2013,d02,95.7265
dom,2013,d03,98.7139
dom,2013,d04,99.3161
dom,2013,d05,99.2478
dom,2013,d06,98.3856
dom,2013,d07,99.3407
dom,2013,d08,99.0683
dom,2013,d09,100
dom,2013,d10,99.7133
dom,2014,d01,91.2531
dom,2014,d02,97.8826
dom,2014,d03,98.805
dom,2014,d04,98.9403
dom,2014,d05,98.8864
dom,2014,d06,98.7318
dom,2014,d07,99.469
dom,2014,d08,99.6974
dom,2014,d09,99.5289
dom,2014,d10,99.7654
dom,2019,d01,93.3428
dom,2019,d02,99.1003
dom,2019,d03,98.8675
dom,2019,d04,99.5328
dom,2019,d05,99.6974
dom,2019,d06,99.8744
dom,2019,d07,99.7563
dom,2019,d08,99.5319
dom,2019,d09,99.6438
dom,2019,d10,99.03
dza,2012,d01,44.9763
dza,2012,d02,68.5985
dza,2012,d03,81.1048
dza,2012,d04,89.1221
dza,2012,d05,92.7793
dza,2012,d06,94.689
dza,2012,d07,96.6438
dza,2012,d08,97.1024
dza,2012,d09,96.9187
dza,2012,d10,97.5446
dza,2018,d01,95.5724
dza,2018,d02,98.388
dza,2018,d03,99.4922
dza,2018,d04,99.4927
dza,2018,d05,99.7736
dza,2018,d06,99.6422
dza,2018,d07,99.5618
dza,2018,d08,99.2721
dza,2018,d09,99.7059
dza,2018,d10,99.7858
ecu,2018,d01,55.56
ecu,2018,d02,84.2864
ecu,2018,d03,93.005
ecu,2018,d04,98.5397
ecu,2018,d05,99.6944
ecu,2018,d06,99.7462
ecu,2018,d07,99.9573
ecu,2018,d08,99.7534
ecu,2018,d09,99.9476
ecu,2018,d10,99.959
egy,1995,d01,39.4391
egy,1995,d02,55.3577
egy,1995,d03,69.0729
egy,1995,d04,78.2595
egy,1995,d05,84.0305
egy,1995,d06,91.1307
egy,1995,d07,96.2832
egy,1995,d08,97.2264
egy,1995,d09,98.7473
egy,1995,d10,99.8662
egy,2000,d01,90.2752
egy,2000,d02,96.6328
egy,2000,d03,97.9613
egy,2000,d04,98.8581
egy,2000,d05,99.4806
egy,2000,d06,99.6793
egy,2000,d07,99.9289
egy,2000,d08,99.9221
egy,2000,d09,99.9531
egy,2000,d10,99.9541
egy,2005,d01,99.564
egy,2005,d02,99.5294
egy,2005,d03,99.9547
egy,2005,d04,99.9603
egy,2005,d05,99.9815
egy,2005,d06,99.8501
egy,2005,d07,100
egy,2005,d08,99.9768
egy,2005,d09,100
egy,2005,d10,99.908
egy,2008,d01,99.7198
egy,2008,d02,99.9154
egy,2008,d03,99.7894
egy,2008,d04,99.8578
egy,2008,d05,99.9033
egy,2008,d06,100
egy,2008,d07,99.9316
egy,2008,d08,100
egy,2008,d09,100
egy,2008,d10,100
egy,2014,d01,99.6416
egy,2014,d02,98.7167
egy,2014,d03,99.6259
egy,2014,d04,98.7702
egy,2014,d05,99.423
egy,2014,d06,99.7853
egy,2014,d07,99.8694
egy,2014,d08,99.9157
egy,2014,d09,99.9993
egy,2014,d10,99.9963
eth,2000,d01,3.2642
eth,2000,d02,5.2594
eth,2000,d03,6.3918
eth,2000,d04,9.9782
eth,2000,d05,11.7487
eth,2000,d06,17.0907
eth,2000,d07,21.0747
eth,2000,d08,21.1518
eth,2000,d09,44.5685
eth,2000,d10,96.0008
eth,2005,d01,40.2142
eth,2005,d02,53.8016
eth,2005,d03,58.5491
eth,2005,d04,52.9334
eth,2005,d05,56.1766
eth,2005,d06,54.6197
eth,2005,d07,60.2777
eth,2005,d08,59.4259
eth,2005,d09,67.9007
eth,2005,d10,97.7409
eth,2011,d01,17.1341
eth,2011,d02,30.5447
eth,2011,d03,38.5959
eth,2011,d04,39.2562
eth,2011,d05,45.4225
eth,2011,d06,46.8544
eth,2011,d07,54.0457
eth,2011,d08,59.9544
eth,2011,d09,83.7235
eth,2011,d10,99.5817
eth,2016,d01,33.8164
eth,2016,d02,41.7318
eth,2016,d03,45.3661
eth,2016,d04,50.4203
eth,2016,d05,58.3603
eth,2016,d06,63.1404
eth,2016,d07,65.6427
eth,2016,d08,71.5349
eth,2016,d09,91.1915
eth,2016,d10,99.7415
eth,2019,d01,32.2345
eth,2019,d02,42.3292
eth,2019,d03,51.7459
eth,2019,d04,64.5374
eth,2019,d05,66.0943
eth,2019,d06,73.2857
eth,2019,d07,75.2136
eth,2019,d08,82.6545
eth,2019,d09,86.9257
eth,2019,d10,98.0349
gab,2000,d01,22.8273
gab,2000,d02,42.9633
gab,2000,d03,56.0293
gab,2000,d04,81.617
gab,2000,d05,93.885
gab,2000,d06,94.7406
gab,2000,d07,98.2157
gab,2000,d08,98.7409
gab,2000,d09,99.7099
gab,2000,d10,99.7838
gab,2012,d01,37.7708
gab,2012,d02,76.4419
gab,2012,d03,91.0119
gab,2012,d04,96.3672
gab,2012,d05,95.9852
gab,2012,d06,98.0159
gab,2012,d07,99.2501
gab,2012,d08,97.5884
gab,2012,d09,99.0921
gab,2012,d10,98.7219
geo,2005,d01,90.198
geo,2005,d02,91.3653
geo,2005,d03,91.948
geo,2005,d04,91.75
geo,2005,d05,92.3348
geo,2005,d06,94.8369
geo,2005,d07,98.957
geo,2005,d08,100
geo,2005,d09,100
geo,2005,d10,100
geo,2018,d01,88.3535
geo,2018,d02,94.7615
geo,2018,d03,95.4744
geo,2018,d04,98.86
geo,2018,d05,99.0322
geo,2018,d06,98.7846
geo,2018,d07,99.9512
geo,2018,d08,100
geo,2018,d09,100
geo,2018,d10,100
gha,1993,d01,1.4322
gha,1993,d02,29.4399
gha,1993,d03,58.6047
gha,1993,d04,24.3857
gha,1993,d05,42.2282
gha,1993,d06,53.7156
gha,1993,d07,65.848
gha,1993,d08,71.8265
gha,1993,d09,88.544
gha,1993,d10,94.6911
gha,1998,d01,29.2631
gha,1998,d02,33.9898
gha,1998,d03,26.4145
gha,1998,d04,49.8284
gha,1998,d05,42.1539
gha,1998,d06,63.4139
gha,1998,d07,79.2115
gha,1998,d08,79.4478
gha,1998,d09,89.3548
gha,1998,d10,99.1566
gha,2003,d01,53.5965
gha,2003,d02,36.6465
gha,2003,d03,44.8471
gha,2003,d04,50.1032
gha,2003,d05,59.607
gha,2003,d06,69.1396
gha,2003,d07,75.6242
gha,2003,d08,85.6528
gha,2003,d09,95.5805
gha,2003,d10,99.2256
gha,2006,d01,63.7879
gha,2006,d02,61.6125
gha,2006,d03,58.9528
gha,2006,d04,69.0842
gha,2006,d05,75.1284
gha,2006,d06,83.6749
gha,2006,d07,89.9196
gha,2006,d08,92.457
gha,2006,d09,97.9691
gha,2006,d10,99.1595
gha,2008,d01,66.3794
gha,2008,d02,62.7186
gha,2008,d03,70.266
gha,2008,d04,82.185
gha,2008,d05,88.3212
gha,2008,d06,91.9436
gha,2008,d07,97.1561
gha,2008,d08,98.5892
gha,2008,d09,99.0401
gha,2008,d10,99.4731
gha,2011,d01,57.1032
gha,2011,d02,53.5833
gha,2011,d03,65.5615
gha,2011,d04,78.3567
gha,2011,d05,88.4731
gha,2011,d06,91.7149
gha,2011,d07,97.227
gha,2011,d08,98.6497
gha,2011,d09,100
gha,2011,d10,100
gha,2014,d01,75.01
gha,2014,d02,67.2371
gha,2014,d03,70.2346
gha,2014,d04,82.743
gha,2014,d05,91.62
gha,2014,d06,95.4894
gha,2014,d07,98.2324
gha,2014,d08,99.4701
gha,2014,d09,100
gha,2014,d10,100
gha,2017,d01,62.4741
gha,2017,d02,62.5163
gha,2017,d03,75.696
gha,2017,d04,84.7755
gha,2017,d05,88.7775
gha,2017,d06,92.0904
gha,2017,d07,95.1279
gha,2017,d08,98.7408
gha,2017,d09,99.8128
gha,2017,d10,99.5182
gin,1999,d01,4.1859
gin,1999,d02,3.7345
gin,1999,d03,6.2416
gin,1999,d04,5.3426
gin,1999,d05,6.5677
gin,1999,d06,10.6157
gin,1999,d07,11.7021
gin,1999,d08,34.9286
gin,1999,d09,73.5718
gin,1999,d10,85.9213
gin,2005,d01,23.7346
gin,2005,d02,38.0704
gin,2005,d03,49.1263
gin,2005,d04,57.0286
gin,2005,d05,63.1945
gin,2005,d06,62.4309
gin,2005,d07,67.6729
gin,2005,d08,81.0625
gin,2005,d09,91.9397
gin,2005,d10,96.5383
gin,2012,d01,48.9761
gin,2012,d02,66.2759
gin,2012,d03,60.6247
gin,2012,d04,63.3832
gin,2012,d05,66.0117
gin,2012,d06,75.8736
gin,2012,d07,84.9385
gin,2012,d08,94.2815
gin,2012,d09,98.2978
gin,2012,d10,99.7991
gin,2016,d01,44.9007
gin,2016,d02,64.4595
gin,2016,d03,74.9785
gin,2016,d04,76.1084
gin,2016,d05,82.0829
gin,2016,d06,90.4441
gin,2016,d07,96.1202
gin,2016,d08,97.982
gin,2016,d09,99.2583
gin,2016,d10,99.8554
gin,2018,d01,53.989
gin,2018,d02,63.8289
gin,2018,d03,68.4284
gin,2018,d04,69.7383
gin,2018,d05,77.3646
gin,2018,d06,82.2135
gin,2018,d07,89.7637
gin,2018,d08,96.0984
gin,2018,d09,98.363
gin,2018,d10,99.2785
gmb,2005,d01,81.6084
gmb,2005,d02,83.3303
gmb,2005,d03,82.5754
gmb,2005,d04,76.6515
gmb,2005,d05,80.5612
gmb,2005,d06,82.86
gmb,2005,d07,88.0341
gmb,2005,d08,85.8792
gmb,2005,d09,92.4124
gmb,2005,d10,98.1528
gmb,2010,d01,68.3642
gmb,2010,d02,74.0555
gmb,2010,d03,79.6706
gmb,2010,d04,80.0168
gmb,2010,d05,84.6201
gmb,2010,d06,87.2362
gmb,2010,d07,90.1818
gmb,2010,d08,97.9091
gmb,2010,d09,96.917
gmb,2010,d10,99.429
gmb,2013,d01,76.7367
gmb,2013,d02,82.3022
gmb,2013,d03,84.9921
gmb,2013,d04,87.5208
gmb,2013,d05,89.2765
gmb,2013,d06,87.4628
gmb,2013,d07,92.144
gmb,2013,d08,96.7368
gmb,2013,d09,98.9457
gmb,2013,d10,100
gmb,2018,d01,74.3101
gmb,2018,d02,79.1493
gmb,2018,d03,83.3575
gmb,2018,d04,88.7018
gmb,2018,d05,91.9065
gmb,2018,d06,91.2025
gmb,2018,d07,96.0441
gmb,2018,d08,100
gmb,2018,d09,99.8483
gmb,2018,d10,100
gmb,2019,d01,85.9054
gmb,2019,d02,88.8896
gmb,2019,d03,90.1297
gmb,2019,d04,93.0355
gmb,2019,d05,92.4008
gmb,2019,d06,95.1476
gmb,2019,d07,97.9836
gmb,2019,d08,97.3604
gmb,2019,d09,100
gmb,2019,d10,100
gnb,2006,d01,22.7647
gnb,2006,d02,38.2715
gnb,2006,d03,43.3041
gnb,2006,d04,50.2807
gnb,2006,d05,54.96
gnb,2006,d06,63.4686
gnb,2006,d07,63.5454
gnb,2006,d08,79.5765
gnb,2006,d09,89.1868
gnb,2006,d10,93.5344
gnb,2014,d01,33.5644
gnb,2014,d02,53.1972
gnb,2014,d03,61.9625
gnb,2014,d04,63.7675
gnb,2014,d05,79.0425
gnb,2014,d06,84.8269
gnb,2014,d07,86.5743
gnb,2014,d08,92.6426
gnb,2014,d09,94.676
gnb,2014,d10,97.362
gnb,2018,d01,38.7019
gnb,2018,d02,45.3599
gnb,2018,d03,61.6082
gnb,2018,d04,56.5292
gnb,2018,d05,58.8389
gnb,2018,d06,65.6222
gnb,2018,d07,66.7962
gnb,2018,d08,83.5663
gnb,2018,d09,93.5048
gnb,2018,d10,97.5021
gtm,1995,d01,39.8607
gtm,1995,d02,71.8447
gtm,1995,d03,90.9637
gtm,1995,d04,91.1379
gtm,1995,d05,93.0793
gtm,1995,d06,95.8437
gtm,1995,d07,98.0028
gtm,1995,d08,99.7368
gtm,1995,d09,99.4363
gtm,1995,d10,99.1709
gtm,1998,d01,54.2535
gtm,1998,d02,85.3056
gtm,1998,d03,89.3446
gtm,1998,d04,92.3811
gtm,1998,d05,95.1956
gtm,1998,d06,97.5552
gtm,1998,d07,99.2214
gtm,1998,d08,99.6741
gtm,1998,d09,99.8935
gtm,1998,d10,99.3255
gtm,2014,d01,75.7399
gtm,2014,d02,90.3432
gtm,2014,d03,94.6865
gtm,2014,d04,96.5809
gtm,2014,d05,97.822
gtm,2014,d06,98.5464
gtm,2014,d07,99.475
gtm,2014,d08,99.6614
gtm,2014,d09,99.876
gtm,2014,d10,100
guy,2006,d01,45.9157
guy,2006,d02,86.7282
guy,2006,d03,95.1304
guy,2006,d04,96.9495
guy,2006,d05,98.9157
guy,2006,d06,99.1978
guy,2006,d07,99.6951
guy,2006,d08,98.6705
guy,2006,d09,99.8088
guy,2006,d10,100
guy,2009,d01,59.4195
guy,2009,d02,88.9525
guy,2009,d03,97.0602
guy,2009,d04,96.4971
guy,2009,d05,97.1788
guy,2009,d06,99.1133
guy,2009,d07,99.3474
guy,2009,d08,99.0776
guy,2009,d09,99.8629
guy,2009,d10,99.8873
guy,2014,d01,63.7443
guy,2014,d02,96.6026
guy,2014,d03,99.1811
guy,2014,d04,99.8346
guy,2014,d05,99.6587
guy,2014,d06,99.6361
guy,2014,d07,100
guy,2014,d08,100
guy,2014,d09,100
guy,2014,d10,99.8847
guy,2019,d01,78.8635
guy,2019,d02,95.481
guy,2019,d03,99.1025
guy,2019,d04,99.0751
guy,2019,d05,99.624
guy,2019,d06,99.6704
guy,2019,d07,99.6918
guy,2019,d08,99.7705
guy,2019,d09,99.8123
guy,2019,d10,99.4041
hnd,2005,d01,51.1183
hnd,2005,d02,61.231
hnd,2005,d03,67.7051
hnd,2005,d04,78.5835
hnd,2005,d05,89.1952
hnd,2005,d06,94.029
hnd,2005,d07,97.3702
hnd,2005,d08,98.0907
hnd,2005,d09,99.0466
hnd,2005,d10,99.883
hnd,2011,d01,51.0965
hnd,2011,d02,73.6958
hnd,2011,d03,83.8773
hnd,2011,d04,90.5561
hnd,2011,d05,95.3549
hnd,2011,d06,98.0796
hnd,2011,d07,98.3423
hnd,2011,d08,99.5126
hnd,2011,d09,99.911
hnd,2011,d10,100
hnd,2019,d01,82.1278
hnd,2019,d02,92.3358
hnd,2019,d03,96.6665
hnd,2019,d04,98.2594
hnd,2019,d05,98.7053
hnd,2019,d06,99.1806
hnd,2019,d07,99.5527
hnd,2019,d08,99.6541
hnd,2019,d09,99.8351
hnd,2019,d10,99.4551
hti,1994,d01,0.4107
hti,1994,d02,5.1137
hti,1994,d03,38.6804
hti,1994,d04,31.1697
hti,1994,d05,43.5378
hti,1994,d06,44.054
hti,1994,d07,63.8303
hti,1994,d08,73.3836
hti,1994,d09,82.5871
hti,1994,d10,94.4605
hti,2000,d01,20.6036
hti,2000,d02,43.1838
hti,2000,d03,47.5519
hti,2000,d04,61.8775
hti,2000,d05,64.7477
hti,2000,d06,74.3375
hti,2000,d07,83.5284
hti,2000,d08,94.2411
hti,2000,d09,96.3496
hti,2000,d10,98.7689
hti,2005,d01,11.6774
hti,2005,d02,32.102
hti,2005,d03,42.6529
hti,2005,d04,51.8671
hti,2005,d05,62.0143
hti,2005,d06,77.5221
hti,2005,d07,90.2255
hti,2005,d08,93.7074
hti,2005,d09,96.9041
hti,2005,d10,98.998
hti,2012,d01,20.3269
hti,2012,d02,30.5467
hti,2012,d03,39.9647
hti,2012,d04,51.4872
hti,2012,d05,69.792
hti,2012,d06,84.2893
hti,2012,d07,90.7053
hti,2012,d08,95.6451
hti,2012,d09,96.0287
hti,2012,d10,98.6324
hti,2016,d01,21.6979
hti,2016,d02,47.6098
hti,2016,d03,57.2016
hti,2016,d04,63.6873
hti,2016,d05,79.0568
hti,2016,d06,87.7666
hti,2016,d07,95.5474
hti,2016,d08,97.485
hti,2016,d09,98.9461
hti,2016,d10,99.6091
idn,1997,d01,36.9973
idn,1997,d02,49.9147
idn,1997,d03,60.8627
idn,1997,d04,71.6472
idn,1997,d05,75.4979
idn,1997,d06,79.4047
idn,1997,d07,83.849
idn,1997,d08,90.6065
idn,1997,d09,95.9912
idn,1997,d10,98.6721
idn,2002,d01,31.9244
idn,2002,d02,43.3745
idn,2002,d03,54.0757
idn,2002,d04,60.1443
idn,2002,d05,67.5977
idn,2002,d06,73.1144
idn,2002,d07,77.5106
idn,2002,d08,84.3823
idn,2002,d09,87.9109
idn,2002,d10,93.7732
idn,2007,d01,27.9717
idn,2007,d02,45.5818
idn,2007,d03,55.2671
idn,2007,d04,60.9738
idn,2007,d05,70.0678
idn,2007,d06,76.2618
idn,2007,d07,83.1936
idn,2007,d08,86.9327
idn,2007,d09,90.8278
idn,2007,d10,96.6318
idn,2012,d01,39.8189
idn,2012,d02,59.895
idn,2012,d03,70.3423
idn,2012,d04,76.7761
idn,2012,d05,82.4315
idn,2012,d06,84.9162
idn,2012,d07,87.1681
idn,2012,d08,90.972
idn,2012,d09,93.9381
idn,2012,d10,96.655
idn,2017,d01,64.2325
idn,2017,d02,81.1923
idn,2017,d03,88.6997
idn,2017,d04,91.788
idn,2017,d05,93.5422
idn,2017,d06,95.8277
idn,2017,d07,97.3257
idn,2017,d08,98.0721
idn,2017,d09,99.1774
idn,2017,d10,99.6574
ind,1998,d01,70.0487
ind,1998,d02,71.9041
ind,1998,d03,74.3681
ind,1998,d04,75.1762
ind,1998,d05,76.4381
ind,1998,d06,78.7779
ind,1998,d07,81.985
ind,1998,d08,86.1576
ind,1998,d09,91.6993
ind,1998,d10,94.7441
ind,2005,d01,75.9065
ind,2005,d02,80.998
ind,2005,d03,84.3229
ind,2005,d04,86.1424
ind,2005,d05,87.7136
ind,2005,d06,89.39
ind,2005,d07,90.9629
ind,2005,d08,93.2407
ind,2005,d09,95.4185
ind,2005,d10,97.7332
ind,2015,d01,88.2848
ind,2015,d02,90.3897
ind,2015,d03,91.4697
ind,2015,d04,92.6041
ind,2015,d05,93.7708
ind,2015,d06,95.4912
ind,2015,d07,96.7027
ind,2015,d08,97.7155
ind,2015,d09,98.6261
ind,2015,d10,99.1145
ind,2019,d01,90.0264
ind,2019,d02,92.9606
ind,2019,d03,94.233
ind,2019,d04,95.0133
ind,2019,d05,95.8156
ind,2019,d06,96.853
ind,2019,d07,97.5271
ind,2019,d08,98.305
ind,2019,d09,98.6279
ind,2019,d10,99.3459
irq,2011,d01,82.8009
irq,2011,d02,91.8527
irq,2011,d03,96.8226
irq,2011,d04,97.9522
irq,2011,d05,98.5039
irq,2011,d06,98.8503
irq,2011,d07,99.3586
irq,2011,d08,99.9113
irq,2011,d09,99.9937
irq,2011,d10,99.984
irq,2018,d01,95.3581
irq,2018,d02,99.0396
irq,2018,d03,99.3547
irq,2018,d04,99.57
irq,2018,d05,99.7915
irq,2018,d06,99.7981
irq,2018,d07,99.4201
irq,2018,d08,99.8459
irq,2018,d09,99.9379
irq,2018,d10,99.976
jam,2011,d01,88.6383
jam,2011,d02,95.7979
jam,2011,d03,97.5743
jam,2011,d04,94.6405
jam,2011,d05,98.6377
jam,2011,d06,98.4016
jam,2011,d07,99.7496
jam,2011,d08,99.4833
jam,2011,d09,99.7226
jam,2011,d10,100
jor,1997,d01,87.1712
jor,1997,d02,94.608
jor,1997,d03,97.4574
jor,1997,d04,98.7359
jor,1997,d05,99.7455
jor,1997,d06,99.3699
jor,1997,d07,100
jor,1997,d08,99.8055
jor,1997,d09,100
jor,1997,d10,100
jor,2002,d01,98.5772
jor,2002,d02,99.8785
jor,2002,d03,99.8271
jor,2002,d04,99.9081
jor,2002,d05,99.8063
jor,2002,d06,99.7
jor,2002,d07,99.7752
jor,2002,d08,99.79
jor,2002,d09,99.6416
jor,2002,d10,99.6808
jor,2007,d01,99.3682
jor,2007,d02,99.3565
jor,2007,d03,99.7209
jor,2007,d04,99.7748
jor,2007,d05,99.5882
jor,2007,d06,99.5601
jor,2007,d07,99.2935
jor,2007,d08,99.4477
jor,2007,d09,99.6417
jor,2007,d10,99.5784
jor,2012,d01,99.5926
jor,2012,d02,99.226
jor,2012,d03,99.5276
jor,2012,d04,99.2092
jor,2012,d05,99.5754
jor,2012,d06,99.0642
jor,2012,d07,99.8087
jor,2012,d08,99.4688
jor,2012,d09,99.9871
jor,2012,d10,100
jor,2017,d01,99.5239
jor,2017,d02,99.8869
jor,2017,d03,99.6111
jor,2017,d04,99.7412
jor,2017,d05,99.8828
jor,2017,d06,99.6706
jor,2017,d07,99.9636
jor,2017,d08,99.9707
jor,2017,d09,99.9602
jor,2017,d10,100
kaz,1995,d01,64.9972
kaz,1995,d02,68.5275
kaz,1995,d03,64.8106
kaz,1995,d04,63.5984
kaz,1995,d05,82.0919
kaz,1995,d06,99.478
kaz,1995,d07,96.0339
kaz,1995,d08,98.6951
kaz,1995,d09,99.9708
kaz,1995,d10,99.5355
kaz,1999,d01,28.4709
kaz,1999,d02,29.5006
kaz,1999,d03,32.7595
kaz,1999,d04,47.6477
kaz,1999,d05,43.5563
kaz,1999,d06,64.0386
kaz,1999,d07,89.9919
kaz,1999,d08,99.7231
kaz,1999,d09,99.9749
kaz,1999,d10,100
kaz,2006,d01,90.6707
kaz,2006,d02,93.1932
kaz,2006,d03,92.5055
kaz,2006,d04,92.7889
kaz,2006,d05,93.821
kaz,2006,d06,94.4409
kaz,2006,d07,99.3485
kaz,2006,d08,99.8869
kaz,2006,d09,99.9128
kaz,2006,d10,100
kaz,2010,d01,92.7618
kaz,2010,d02,94.4299
kaz,2010,d03,96.0394
kaz,2010,d04,95.4561
kaz,2010,d05,97.4337
kaz,2010,d06,99.0936
kaz,2010,d07,99.5821
kaz,2010,d08,99.4783
kaz,2010,d09,99.3735
kaz,2010,d10,99.9449
kaz,2015,d01,95.6135
kaz,2015,d02,98.4123
kaz,2015,d03,99.6015
kaz,2015,d04,99.8005
kaz,2015,d05,100
kaz,2015,d06,99.8299
kaz,2015,d07,100
kaz,2015,d08,100
kaz,2015,d09,100
kaz,2015,d10,100
ken,1993,d01,3.2413
ken,1993,d02,12.8359
ken,1993,d03,33.14
ken,1993,d04,26.2851
ken,1993,d05,21.2416
ken,1993,d06,40.2335
ken,1993,d07,42.454
ken,1993,d08,46.774
ken,1993,d09,68.6825
ken,1993,d10,92.393
ken,1998,d01,0.3951
ken,1998,d02,1.9377
ken,1998,d03,8.7149
ken,1998,d04,8.7536
ken,1998,d05,11.0687
ken,1998,d06,23.8218
ken,1998,d07,46.1825
ken,1998,d08,44.1511
ken,1998,d09,66.2928
ken,1998,d10,91.4309
ken,2003,d01,4.1713
ken,2003,d02,13.9779
ken,2003,d03,16.1422
ken,2003,d04,23.2915
ken,2003,d05,37.4098
ken,2003,d06,33.8055
ken,2003,d07,49.228
ken,2003,d08,62.4293
ken,2003,d09,78.0109
ken,2003,d10,95.4535
ken,2008,d01,33.473
ken,2008,d02,38.6304
ken,2008,d03,44.9882
ken,2008,d04,52.988
ken,2008,d05,55.3758
ken,2008,d06,57.8304
ken,2008,d07,64.9762
ken,2008,d08,79.7521
ken,2008,d09,91.2467
ken,2008,d10,98.245
ken,2014,d01,35.9646
ken,2014,d02,45.4591
ken,2014,d03,51.1518
ken,2014,d04,54.8692
ken,2014,d05,63.5829
ken,2014,d06,68.7759
ken,2014,d07,79.9634
ken,2014,d08,88.8153
ken,2014,d09,95.7772
ken,2014,d10,99.2109
kgz,1997,d01,49.4295
kgz,1997,d02,39.2437
kgz,1997,d03,52.8595
kgz,1997,d04,48.711
kgz,1997,d05,61.3111
kgz,1997,d06,72.9474
kgz,1997,d07,83.0417
kgz,1997,d08,99.4757
kgz,1997,d09,99.4943
kgz,1997,d10,100
kgz,2005,d01,72.7353
kgz,2005,d02,74.8341
kgz,2005,d03,76.6451
kgz,2005,d04,78.6348
kgz,2005,d05,91.4039
kgz,2005,d06,92.8838
kgz,2005,d07,95.6694
kgz,2005,d08,99.872
kgz,2005,d09,100
kgz,2005,d10,100
kgz,2012,d01,75.3269
kgz,2012,d02,77.1959
kgz,2012,d03,75.9184
kgz,2012,d04,81.4248
kgz,2012,d05,83.6185
kgz,2012,d06,88.4073
kgz,2012,d07,93.502
kgz,2012,d08,95.2747
kgz,2012,d09,99.9429
kgz,2012,d10,99.8386
kgz,2014,d01,60.7609
kgz,2014,d02,67.7997
kgz,2014,d03,76.5574
kgz,2014,d04,80.9404
kgz,2014,d05,90.8786
kgz,2014,d06,97.7701
kgz,2014,d07,97.9292
kgz,2014,d08,99.953
kgz,2014,d09,99.9476
kgz,2014,d10,100
kgz,2018,d01,73.7802
kgz,2018,d02,85.7239
kgz,2018,d03,93.755
kgz,2018,d04,93.5703
kgz,2018,d05,95.6529
kgz,2018,d06,95.3634
kgz,2018,d07,98.1355
kgz,2018,d08,99.5583
kgz,2018,d09,100
kgz,2018,d10,100
khm,2000,d01,17.4801
khm,2000,d02,23.1318
khm,2000,d03,21.3628
khm,2000,d04,22.1274
khm,2000,d05,27.8598
khm,2000,d06,34.6811
khm,2000,d07,36.5559
khm,2000,d08,37.7484
khm,2000,d09,53.6318
khm,2000,d10,83.6112
khm,2005,d01,31.8478
khm,2005,d02,48.5318
khm,2005,d03,48.8
khm,2005,d04,51.2221
khm,2005,d05,54.1271
khm,2005,d06,57.0292
khm,2005,d07,60.4436
khm,2005,d08,64.0327
khm,2005,d09,77.0821
khm,2005,d10,97.4504
khm,2010,d01,35.2678
khm,2010,d02,45.7047
khm,2010,d03,47.409
khm,2010,d04,50.2389
khm,2010,d05,55.4567
khm,2010,d06,61.3233
khm,2010,d07,66.6527
khm,2010,d08,76.4315
khm,2010,d09,86.6106
khm,2010,d10,96.0971
khm,2014,d01,36.7995
khm,2014,d02,44.0385
khm,2014,d03,53.102
khm,2014,d04,58.8848
khm,2014,d05,63.7052
khm,2014,d06,65.4456
khm,2014,d07,73.9222
khm,2014,d08,85.0226
khm,2014,d09,95.9923
khm,2014,d10,99.3371
kir,2018,d01,50.8789
kir,2018,d02,58.4211
kir,2018,d03,65.5877
kir,2018,d04,74.5783
kir,2018,d05,85.8322
kir,2018,d06,94.6255
kir,2018,d07,96.6049
kir,2018,d08,98.9657
kir,2018,d09,98.6587
kir,2018,d10,99.2039
kos,2013,d01,94.7909
kos,2013,d02,97.9537
kos,2013,d03,97.964
kos,2013,d04,99.2547
kos,2013,d05,99.3424
kos,2013,d06,98.9024
kos,2013,d07,99.6877
kos,2013,d08,99.4444
kos,2013,d09,100
kos,2013,d10,99.3178
kos,2019,d01,96.6705
kos,2019,d02,97.1659
kos,2019,d03,97.925
kos,2019,d04,97.9199
kos,2019,d05,98.1815
kos,2019,d06,98.2677
kos,2019,d07,99.0115
kos,2019,d08,99.3177
kos,2019,d09,99.2268
kos,2019,d10,99.8671
lao,2006,d01,38.6232
lao,2006,d02,42.0909
lao,2006,d03,45.9198
lao,2006,d04,46.3721
lao,2006,d05,48.4572
lao,2006,d06,48.2213
lao,2006,d07,53.5316
lao,2006,d08,67.4533
lao,2006,d09,86.4756
lao,2006,d10,97.6366
lao,2011,d01,56.3372
lao,2011,d02,60.8077
lao,2011,d03,60.5066
lao,2011,d04,65.0368
lao,2011,d05,69.3831
lao,2011,d06,70.5946
lao,2011,d07,78.4795
lao,2011,d08,89.5785
lao,2011,d09,95.775
lao,2011,d10,99.1603
lao,2017,d01,51.728
lao,2017,d02,64.9998
lao,2017,d03,71.0795
lao,2017,d04,79.0974
lao,2017,d05,87.2628
lao,2017,d06,90.6657
lao,2017,d07,96.8063
lao,2017,d08,97.979
lao,2017,d09,99.7443
lao,2017,d10,99.815
lbr,2007,d01,22.0321
lbr,2007,d02,34.4942
lbr,2007,d03,57.4282
lbr,2007,d04,59.1986
lbr,2007,d05,75.8618
lbr,2007,d06,75.5992
lbr,2007,d07,81.3118
lbr,2007,d08,89.4055
lbr,2007,d09,91.3862
lbr,2007,d10,95.3236
lbr,2013,d01,26.979
lbr,2013,d02,47.9104
lbr,2013,d03,61.4813
lbr,2013,d04,71.9152
lbr,2013,d05,77.6132
lbr,2013,d06,90.9251
lbr,2013,d07,90.6379
lbr,2013,d08,95.0405
lbr,2013,d09,96.2688
lbr,2013,d10,97.8134
lbr,2019,d01,45.0234
lbr,2019,d02,63.4701
lbr,2019,d03,80.3596
lbr,2019,d04,84.6045
lbr,2019,d05,89.0782
lbr,2019,d06,93.993
lbr,2019,d07,96.276
lbr,2019,d08,97.6063
lbr,2019,d09,97.1367
lbr,2019,d10,98.8644
lca,2012,d01,98.6977
lca,2012,d02,96.3737
lca,2012,d03,99.4869
lca,2012,d04,100
lca,2012,d05,99.4188
lca,2012,d06,100
lca,2012,d07,99.9044
lca,2012,d08,98.9076
lca,2012,d09,100
lca,2012,d10,100
lso,2004,d01,56.5038
lso,2004,d02,52.7178
lso,2004,d03,67.1662
lso,2004,d04,70.197
lso,2004,d05,70.6649
lso,2004,d06,71.469
lso,2004,d07,75.7322
lso,2004,d08,81.5812
lso,2004,d09,87.2659
lso,2004,d10,96.7729
lso,2009,d01,49.1145
lso,2009,d02,65.2661
lso,2009,d03,67.5899
lso,2009,d04,77.9217
lso,2009,d05,73.1197
lso,2009,d06,77.727
lso,2009,d07,84.5356
lso,2009,d08,87.3394
lso,2009,d09,92.0819
lso,2009,d10,97.3461
lso,2014,d01,60.3907
lso,2014,d02,68.4426
lso,2014,d03,77.8747
lso,2014,d04,78.6811
lso,2014,d05,80.702
lso,2014,d06,84.5097
lso,2014,d07,87.6194
lso,2014,d08,92.1092
lso,2014,d09,96.7989
lso,2014,d10,98.6944
lso,2018,d01,67.2602
lso,2018,d02,77.1763
lso,2018,d03,83.3891
lso,2018,d04,89.0309
lso,2018,d05,89.9891
lso,2018,d06,93.1098
lso,2018,d07,95.262
lso,2018,d08,94.5037
lso,2018,d09,99.2897
lso,2018,d10,99.6377
mar,2003,d01,26.8824
mar,2003,d02,40.2027
mar,2003,d03,53.4626
mar,2003,d04,65.5302
mar,2003,d05,88.3325
mar,2003,d06,96.6302
mar,2003,d07,99.0257
mar,2003,d08,99.4956
mar,2003,d09,99.7066
mar,2003,d10,99.6129
mda,2005,d01,87.2216
mda,2005,d02,90.325
mda,2005,d03,89.6664
mda,2005,d04,94.0142
mda,2005,d05,93.8677
mda,2005,d06,94.2179
mda,2005,d07,98.3839
mda,2005,d08,98.9729
mda,2005,d09,99.8634
mda,2005,d10,99.4854
mda,2012,d01,70.8909
mda,2012,d02,74.3927
mda,2012,d03,77.063
mda,2012,d04,81.3255
mda,2012,d05,87.3237
mda,2012,d06,89.9017
mda,2012,d07,93.5949
mda,2012,d08,96.5448
mda,2012,d09,99.4578
mda,2012,d10,99.4943
mdg,1997,d01,0.598
mdg,1997,d02,2.5647
mdg,1997,d03,7.0061
mdg,1997,d04,6.4126
mdg,1997,d05,15.8552
mdg,1997,d06,15.4325
mdg,1997,d07,20.4062
mdg,1997,d08,35.4251
mdg,1997,d09,75.1095
mdg,1997,d10,91.8509
mdg,2003,d01,0
mdg,2003,d02,13.6282
mdg,2003,d03,0
mdg,2003,d04,9.2387
mdg,2003,d05,4.9839
mdg,2003,d06,17.5475
mdg,2003,d07,31.5174
mdg,2003,d08,64.2141
mdg,2003,d09,84.3411
mdg,2003,d10,100
mdg,2008,d01,3.9812
mdg,2008,d02,12.6693
mdg,2008,d03,16.5438
mdg,2008,d04,20.4249
mdg,2008,d05,28.2939
mdg,2008,d06,34.6045
mdg,2008,d07,44.9301
mdg,2008,d08,62.5386
mdg,2008,d09,81.1456
mdg,2008,d10,95.8274
mdg,2018,d01,12.4285
mdg,2018,d02,16.1402
mdg,2018,d03,19.8322
mdg,2018,d04,27.1635
mdg,2018,d05,29.8844
mdg,2018,d06,35.8258
mdg,2018,d07,48.3973
mdg,2018,d08,63.2853
mdg,2018,d09,82.867
mdg,2018,d10,94.259
mdv,2009,d01,94.4733
mdv,2009,d02,97.5709
mdv,2009,d03,97.4588
mdv,2009,d04,96.4176
mdv,2009,d05,98.5816
mdv,2009,d06,98.9355
mdv,2009,d07,98.9872
mdv,2009,d08,98.9174
mdv,2009,d09,98.9635
mdv,2009,d10,100
mdv,2016,d01,98.9522
mdv,2016,d02,99.647
mdv,2016,d03,99.7791
mdv,2016,d04,99.92
mdv,2016,d05,100
mdv,2016,d06,98.9341
mdv,2016,d07,100
mdv,2016,d08,100
mdv,2016,d09,100
mdv,2016,d10,99.3527
mex,2015,d01,91.5142
mex,2015,d02,98.6635
mex,2015,d03,99.8985
mex,2015,d04,99.9342
mex,2015,d05,99.6749
mex,2015,d06,100
mex,2015,d07,99.9631
mex,2015,d08,99.9196
mex,2015,d09,99.7637
mex,2015,d10,99.8449
mex,2018,d01,81.696
mex,2018,d02,90.2613
mex,2018,d03,95.7885
mex,2018,d04,98.2694
mex,2018,d05,98.8968
mex,2018,d06,99.578
mex,2018,d07,99.9422
mex,2018,d08,99.8915
mex,2018,d09,99.9912
mex,2018,d10,100
mkd,2005,d01,96.9606
mkd,2005,d02,98.2937
mkd,2005,d03,99.9259
mkd,2005,d04,100
mkd,2005,d05,98.0036
mkd,2005,d06,99.9797
mkd,2005,d07,100
mkd,2005,d08,100
mkd,2005,d09,100
mkd,2005,d10,100
mkd,2011,d01,97.4451
mkd,2011,d02,99.8025
mkd,2011,d03,99.4316
mkd,2011,d04,98.9217
mkd,2011,d05,100
mkd,2011,d06,100
mkd,2011,d07,100
mkd,2011,d08,100
mkd,2011,d09,100
mkd,2011,d10,100
mkd,2018,d01,98.1219
mkd,2018,d02,98.2361
mkd,2018,d03,98.6435
mkd,2018,d04,99.3756
mkd,2018,d05,99.7061
mkd,2018,d06,100
mkd,2018,d07,99.9509
mkd,2018,d08,100
mkd,2018,d09,100
mkd,2018,d10,100
mli,1995,d01,5.5751
mli,1995,d02,18.2527
mli,1995,d03,21.5481
mli,1995,d04,18.4388
mli,1995,d05,28.8315
mli,1995,d06,23.9092
mli,1995,d07,31.8931
mli,1995,d08,34.2749
mli,1995,d09,55.6218
mli,1995,d10,78.2246
mli,2001,d01,12.5407
mli,2001,d02,25.5979
mli,2001,d03,32.6685
mli,2001,d04,36.7342
mli,2001,d05,31.3124
mli,2001,d06,38.6811
mli,2001,d07,48.5567
mli,2001,d08,48.9328
mli,2001,d09,67.7816
mli,2001,d10,94.2956
mli,2006,d01,34.4333
mli,2006,d02,40.9227
mli,2006,d03,46.0278
mli,2006,d04,45.002
mli,2006,d05,48.8713
mli,2006,d06,48.4312
mli,2006,d07,53.4838
mli,2006,d08,65.9743
mli,2006,d09,80.6716
mli,2006,d10,96.6446
mli,2009,d01,39.632
mli,2009,d02,50.5183
mli,2009,d03,54.124
mli,2009,d04,56.4372
mli,2009,d05,62.6431
mli,2009,d06,72.6231
mli,2009,d07,80.817
mli,2009,d08,88.3098
mli,2009,d09,97.5065
mli,2009,d10,99.7271
mli,2012,d01,24.224
mli,2012,d02,48.16
mli,2012,d03,51.1825
mli,2012,d04,56.5785
mli,2012,d05,67.249
mli,2012,d06,65.6676
mli,2012,d07,73.809
mli,2012,d08,85.583
mli,2012,d09,95.2091
mli,2012,d10,98.5936
mli,2015,d01,42.9321
mli,2015,d02,55.6276
mli,2015,d03,58.6581
mli,2015,d04,58.7016
mli,2015,d05,61.2443
mli,2015,d06,66.5222
mli,2015,d07,74.2357
mli,2015,d08,81.5599
mli,2015,d09,94.5164
mli,2015,d10,98.978
mli,2018,d01,26.0011
mli,2018,d02,39.7507
mli,2018,d03,47.5758
mli,2018,d04,62.3794
mli,2018,d05,69.3791
mli,2018,d06,77.2481
mli,2018,d07,81.5042
mli,2018,d08,94.1863
mli,2018,d09,98.3495
mli,2018,d10,99.5321
mmr,2015,d01,64.7397
mmr,2015,d02,69.6055
mmr,2015,d03,74.8631
mmr,2015,d04,78.4724
mmr,2015,d05,82.7857
mmr,2015,d06,84.3171
mmr,2015,d07,86.6336
mmr,2015,d08,91.8611
mmr,2015,d09,95.4339
mmr,2015,d10,97.4364
mne,2005,d01,90.2338
mne,2005,d02,97.2719
mne,2005,d03,99.4877
mne,2005,d04,99.3153
mne,2005,d05,99.5726
mne,2005,d06,100
mne,2005,d07,100
mne,2005,d08,100
mne,2005,d09,100
mne,2005,d10,100
mne,2013,d01,96.1266
mne,2013,d02,99.5271
mne,2013,d03,99.4169
mne,2013,d04,100
mne,2013,d05,100
mne,2013,d06,100
mne,2013,d07,99.848
mne,2013,d08,100
mne,2013,d09,100
mne,2013,d10,100
mne,2018,d01,98.894
mne,2018,d02,99.0546
mne,2018,d03,99.6368
mne,2018,d04,99.4218
mne,2018,d05,99.7555
mne,2018,d06,100
mne,2018,d07,99.1177
mne,2018,d08,99.7037
mne,2018,d09,99.4389
mne,2018,d10,99.8774
mng,2005,d01,29.8792
mng,2005,d02,37.8132
mng,2005,d03,54.6376
mng,2005,d04,72.4973
mng,2005,d05,81.1094
mng,2005,d06,86.5021
mng,2005,d07,91.7663
mng,2005,d08,92.5362
mng,2005,d09,100
mng,2005,d10,100
mng,2010,d01,37.6394
mng,2010,d02,52.8584
mng,2010,d03,76.5517
mng,2010,d04,92.4715
mng,2010,d05,95.9108
mng,2010,d06,96.5748
mng,2010,d07,96.5851
mng,2010,d08,98.4956
mng,2010,d09,100
mng,2010,d10,99.8876
mng,2013,d01,33.2698
mng,2013,d02,54.0674
mng,2013,d03,85.0544
mng,2013,d04,92.6112
mng,2013,d05,94.305
mng,2013,d06,96.3341
mng,2013,d07,98.0024
mng,2013,d08,99.1278
mng,2013,d09,99.9048
mng,2013,d10,100
mng,2018,d01,33.4536
mng,2018,d02,66.9696
mng,2018,d03,92.8615
mng,2018,d04,96.7928
mng,2018,d05,96.7899
mng,2018,d06,97.5106
mng,2018,d07,98.3304
mng,2018,d08,99.77
mng,2018,d09,99.6917
mng,2018,d10,99.8701
moz,1997,d01,0
moz,1997,d02,0
moz,1997,d03,11.3155
moz,1997,d04,1.5051
moz,1997,d05,0.6718
moz,1997,d06,24.5314
moz,1997,d07,25.4535
moz,1997,d08,36.6702
moz,1997,d09,65.0804
moz,1997,d10,87.246
moz,2003,d01,0
moz,2003,d02,20.2649
moz,2003,d03,10.8731
moz,2003,d04,23.0457
moz,2003,d05,28.7564
moz,2003,d06,38.8808
moz,2003,d07,48.6862
moz,2003,d08,57.2215
moz,2003,d09,81.7119
moz,2003,d10,93.813
moz,2008,d01,8.0045
moz,2008,d02,17.2255
moz,2008,d03,20.935
moz,2008,d04,24.7404
moz,2008,d05,42.8904
moz,2008,d06,46.0847
moz,2008,d07,42.9216
moz,2008,d08,57.8283
moz,2008,d09,77.383
moz,2008,d10,93.8009
moz,2011,d01,4.544
moz,2011,d02,24.2522
moz,2011,d03,23.5957
moz,2011,d04,37.0356
moz,2011,d05,51.1841
moz,2011,d06,52.8434
moz,2011,d07,65.7361
moz,2011,d08,76.0477
moz,2011,d09,92.277
moz,2011,d10,99.226
moz,2015,d01,29.2956
moz,2015,d02,42.2287
moz,2015,d03,53.4478
moz,2015,d04,49.8113
moz,2015,d05,59.9657
moz,2015,d06,59.0783
moz,2015,d07,72.963
moz,2015,d08,84.638
moz,2015,d09,97.4416
moz,2015,d10,99.2458
mrt,2007,d01,28.0675
mrt,2007,d02,42.3102
mrt,2007,d03,52.661
mrt,2007,d04,59.6692
mrt,2007,d05,73.7348
mrt,2007,d06,87.4456
mrt,2007,d07,94.4728
mrt,2007,d08,99.0409
mrt,2007,d09,99.3983
mrt,2007,d10,99.5892
mrt,2011,d01,34.2134
mrt,2011,d02,34.8016
mrt,2011,d03,45.6156
mrt,2011,d04,62.5664
mrt,2011,d05,75.259
mrt,2011,d06,85.9887
mrt,2011,d07,96.0928
mrt,2011,d08,97.7382
mrt,2011,d09,99.6262
mrt,2011,d10,99.9933
mrt,2015,d01,50.2211
mrt,2015,d02,59.1412
mrt,2015,d03,63.8014
mrt,2015,d04,73.8079
mrt,2015,d05,83.6738
mrt,2015,d06,94.0606
mrt,2015,d07,99.1657
mrt,2015,d08,98.4299
mrt,2015,d09,99.1604
mrt,2015,d10,99.5514
mrt,2019,d01,32.2415
mrt,2019,d02,48.3918
mrt,2019,d03,56.3743
mrt,2019,d04,72.7475
mrt,2019,d05,85.3277
mrt,2019,d06,94.5439
mrt,2019,d07,99.1911
mrt,2019,d08,99.6887
mrt,2019,d09,99.6993
mrt,2019,d10,100
mwi,2000,d01,45.22
mwi,2000,d02,53.1344
mwi,2000,d03,55.6079
mwi,2000,d04,50.7078
mwi,2000,d05,58.2068
mwi,2000,d06,53.9993
mwi,2000,d07,72.8779
mwi,2000,d08,87.925
mwi,2000,d09,83.8
mwi,2000,d10,96.8848
mwi,2004,d01,44.0777
mwi,2004,d02,50.2042
mwi,2004,d03,51.7044
mwi,2004,d04,55.9172
mwi,2004,d05,59.2854
mwi,2004,d06,58.7503
mwi,2004,d07,64.2902
mwi,2004,d08,66.1202
mwi,2004,d09,80.7023
mwi,2004,d10,93.6051
mwi,2006,d01,59.3601
mwi,2006,d02,63.7285
mwi,2006,d03,69.6822
mwi,2006,d04,69.0263
mwi,2006,d05,74.3255
mwi,2006,d06,72.7223
mwi,2006,d07,82.6102
mwi,2006,d08,77.9447
mwi,2006,d09,87.2331
mwi,2006,d10,97.5011
mwi,2010,d01,70.0311
mwi,2010,d02,72.3942
mwi,2010,d03,73.452
mwi,2010,d04,75.1933
mwi,2010,d05,75.0908
mwi,2010,d06,77.5614
mwi,2010,d07,78.8493
mwi,2010,d08,83.8188
mwi,2010,d09,89.9693
mwi,2010,d10,97.8469
mwi,2013,d01,79.7623
mwi,2013,d02,81.5865
mwi,2013,d03,82.8954
mwi,2013,d04,84.9
mwi,2013,d05,82.0642
mwi,2013,d06,84.9017
mwi,2013,d07,86.0094
mwi,2013,d08,87.1666
mwi,2013,d09,94.0425
mwi,2013,d10,99.0552
mwi,2015,d01,77.4886
mwi,2015,d02,81.0739
mwi,2015,d03,82.3367
mwi,2015,d04,84.7515
mwi,2015,d05,84.2939
mwi,2015,d06,87.588
mwi,2015,d07,88.3984
mwi,2015,d08,90.77
mwi,2015,d09,94.6795
mwi,2015,d10,99.2933
mwi,2019,d01,84.1237
mwi,2019,d02,83.894
mwi,2019,d03,82.9337
mwi,2019,d04,84.2207
mwi,2019,d05,85.7596
mwi,2019,d06,87.7588
mwi,2019,d07,85.5911
mwi,2019,d08,90.2947
mwi,2019,d09,95.4652
mwi,2019,d10,99.1588
nam,2000,d01,44.2059
nam,2000,d02,49.048
nam,2000,d03,60.8089
nam,2000,d04,50.7434
nam,2000,d05,67.8937
nam,2000,d06,82.6506
nam,2000,d07,87.5346
nam,2000,d08,98.7498
nam,2000,d09,100
nam,2000,d10,100
nam,2006,d01,68.0202
nam,2006,d02,73.0251
nam,2006,d03,77.4197
nam,2006,d04,79.7427
nam,2006,d05,88.1523
nam,2006,d06,94.7118
nam,2006,d07,95.2317
nam,2006,d08,98.8454
nam,2006,d09,99.8399
nam,2006,d10,99.048
nam,2013,d01,58.007
nam,2013,d02,61.643
nam,2013,d03,71.8419
nam,2013,d04,84.269
nam,2013,d05,83.3035
nam,2013,d06,92.599
nam,2013,d07,96.5835
nam,2013,d08,99.3941
nam,2013,d09,99.7615
nam,2013,d10,99.8305
ner,1998,d01,2.5384
ner,1998,d02,4.7159
ner,1998,d03,44.5592
ner,1998,d04,18.6942
ner,1998,d05,17.8005
ner,1998,d06,49.0515
ner,1998,d07,37.8194
ner,1998,d08,58.8044
ner,1998,d09,78.0605
ner,1998,d10,94.4531
ner,2006,d01,0.3288
ner,2006,d02,1.582
ner,2006,d03,22.6156
ner,2006,d04,30.7367
ner,2006,d05,17.3674
ner,2006,d06,45.2628
ner,2006,d07,60.9867
ner,2006,d08,63.6701
ner,2006,d09,76.6261
ner,2006,d10,96.5443
ner,2012,d01,28.328
ner,2012,d02,46.3534
ner,2012,d03,56.1341
ner,2012,d04,58.9957
ner,2012,d05,68.6711
ner,2012,d06,70.8285
ner,2012,d07,67.7815
ner,2012,d08,80.1866
ner,2012,d09,91.1175
ner,2012,d10,97.6022
ner,2021,d01,22.3225
ner,2021,d02,37.7123
ner,2021,d03,47.1375
ner,2021,d04,55.2024
ner,2021,d05,60.8217
ner,2021,d06,53.9615
ner,2021,d07,68.6417
ner,2021,d08,76.7804
ner,2021,d09,93.3652
ner,2021,d10,99.8531
nga,2003,d01,2.256
nga,2003,d02,13.8273
nga,2003,d03,29.3474
nga,2003,d04,30.011
nga,2003,d05,40.4744
nga,2003,d06,48.1273
nga,2003,d07,58.185
nga,2003,d08,64.5082
nga,2003,d09,83.749
nga,2003,d10,95.2871
nga,2007,d01,6.4453
nga,2007,d02,22.4661
nga,2007,d03,32.7501
nga,2007,d04,32.4797
nga,2007,d05,47.3786
nga,2007,d06,61.2496
nga,2007,d07,68.8091
nga,2007,d08,76.5324
nga,2007,d09,86.8915
nga,2007,d10,88.6858
nga,2008,d01,10.0367
nga,2008,d02,38.7257
nga,2008,d03,34.2807
nga,2008,d04,41.7004
nga,2008,d05,47.0786
nga,2008,d06,63.013
nga,2008,d07,72.9445
nga,2008,d08,83.4598
nga,2008,d09,92.7513
nga,2008,d10,95.178
nga,2011,d01,21.3901
nga,2011,d02,38.4866
nga,2011,d03,44.6827
nga,2011,d04,54.3309
nga,2011,d05,67.3534
nga,2011,d06,78.6052
nga,2011,d07,87.3273
nga,2011,d08,93.9776
nga,2011,d09,96.8565
nga,2011,d10,99.2741
nga,2013,d01,28.3474
nga,2013,d02,35.9551
nga,2013,d03,43.3333
nga,2013,d04,50.9476
nga,2013,d05,59.8486
nga,2013,d06,69.5518
nga,2013,d07,80.2307
nga,2013,d08,89.9224
nga,2013,d09,95.6879
nga,2013,d10,98.47
nga,2016,d01,29.5188
nga,2016,d02,45.1407
nga,2016,d03,49.8822
nga,2016,d04,58.803
nga,2016,d05,63.9743
nga,2016,d06,74.2343
nga,2016,d07,81.3061
nga,2016,d08,91.5404
nga,2016,d09,96.4787
nga,2016,d10,98.8282
nga,2018,d01,36.1082
nga,2018,d02,45.9904
nga,2018,d03,51.3022
nga,2018,d04,61.23
nga,2018,d05,69.8493
nga,2018,d06,79.6767
nga,2018,d07,89.179
nga,2018,d08,94.9791
nga,2018,d09,98.2409
nga,2018,d10,99.2513
nic,1998,d01,6.0143
nic,1998,d02,17.1225
nic,1998,d03,31.7584
nic,1998,d04,57.6955
nic,1998,d05,74.4206
nic,1998,d06,85.0801
nic,1998,d07,91.9337
nic,1998,d08,95.3486
nic,1998,d09,98.5042
nic,1998,d10,99.1726
nic,2001,d01,7.925
nic,2001,d02,15.9141
nic,2001,d03,40.7784
nic,2001,d04,54.4546
nic,2001,d05,78.2391
nic,2001,d06,90.0417
nic,2001,d07,93.5836
nic,2001,d08,95.7911
nic,2001,d09,97.224
nic,2001,d10,93.4379
npl,1996,d01,18.4986
npl,1996,d02,50.3693
npl,1996,d03,59.9569
npl,1996,d04,46.8814
npl,1996,d05,82.3901
npl,1996,d06,71.3131
npl,1996,d07,77.0483
npl,1996,d08,72.6913
npl,1996,d09,85.2385
npl,1996,d10,87.5793
npl,2001,d01,40.7558
npl,2001,d02,69.2048
npl,2001,d03,60.2351
npl,2001,d04,85.6375
npl,2001,d05,73.0174
npl,2001,d06,71.8167
npl,2001,d07,80.7798
npl,2001,d08,83.3624
npl,2001,d09,84.8372
npl,2001,d10,89.2527
npl,2006,d01,38.0065
npl,2006,d02,71.8878
npl,2006,d03,84.5703
npl,2006,d04,89.5047
npl,2006,d05,87.6623
npl,2006,d06,90.7217
npl,2006,d07,87.5332
npl,2006,d08,88.4519
npl,2006,d09,93.3058
npl,2006,d10,93.6743
npl,2011,d01,53.8221
npl,2011,d02,79.2397
npl,2011,d03,87.8093
npl,2011,d04,91.8139
npl,2011,d05,93.4816
npl,2011,d06,96.3609
npl,2011,d07,95.8673
npl,2011,d08,97.2062
npl,2011,d09,97.0627
npl,2011,d10,98.8543
npl,2014,d01,78.4876
npl,2014,d02,86.6048
npl,2014,d03,90.5054
npl,2014,d04,94.9011
npl,2014,d05,95.8658
npl,2014,d06,97.8577
npl,2014,d07,98.1266
npl,2014,d08,98.0577
npl,2014,d09,99.0117
npl,2014,d10,99.5586
npl,2016,d01,85.2089
npl,2016,d02,92.3555
npl,2016,d03,94.3321
npl,2016,d04,96.0566
npl,2016,d05,96.906
npl,2016,d06,98.3563
npl,2016,d07,98.3765
npl,2016,d08,98.9499
npl,2016,d09,99.5034
npl,2016,d10,100
npl,2019,d01,86.9991
npl,2019,d02,96.7394
npl,2019,d03,97.9254
npl,2019,d04,97.1666
npl,2019,d05,98.4965
npl,2019,d06,98.4342
npl,2019,d07,98.8905
npl,2019,d08,98.5614
npl,2019,d09,98.4583
npl,2019,d10,99.1805
pak,2006,d01,84.5017
pak,2006,d02,91.2426
pak,2006,d03,89.8299
pak,2006,d04,93.0051
pak,2006,d05,95.242
pak,2006,d06,97.7459
pak,2006,d07,96.9648
pak,2006,d08,97.9955
pak,2006,d09,97.1
pak,2006,d10,97.1312
pak,2012,d01,86.5393
pak,2012,d02,89.3215
pak,2012,d03,88.1437
pak,2012,d04,93.8828
pak,2012,d05,96.3949
pak,2012,d06,98.1275
pak,2012,d07,97.7086
pak,2012,d08,98.5799
pak,2012,d09,99.534
pak,2012,d10,99.5184
pak,2017,d01,83.2497
pak,2017,d02,89.8607
pak,2017,d03,93.6465
pak,2017,d04,96.5128
pak,2017,d05,97.9851
pak,2017,d06,97.2356
pak,2017,d07,99.0157
pak,2017,d08,99.113
pak,2017,d09,99.4065
pak,2017,d10,99.8881
pan,2013,d01,57.238
pan,2013,d02,95.4165
pan,2013,d03,99.4339
pan,2013,d04,99.461
pan,2013,d05,100
pan,2013,d06,100
pan,2013,d07,100
pan,2013,d08,100
pan,2013,d09,100
pan,2013,d10,100
per,1996,d01,5.3802
per,1996,d02,23.0204
per,1996,d03,51.2418
per,1996,d04,69.4271
per,1996,d05,80.6616
per,1996,d06,90.8651
per,1996,d07,96.2579
per,1996,d08,98.9469
per,1996,d09,99.5252
per,1996,d10,99.5296
per,2000,d01,11.1758
per,2000,d02,38.91
per,2000,d03,63.1263
per,2000,d04,75.7596
per,2000,d05,82.8514
per,2000,d06,90.0643
per,2000,d07,95.7683
per,2000,d08,97.7237
per,2000,d09,99.724
per,2000,d10,99.6782
per,2005,d01,12.4739
per,2005,d02,53.6137
per,2005,d03,68.8437
per,2005,d04,78.0892
per,2005,d05,87.2566
per,2005,d06,92.5256
per,2005,d07,98.593
per,2005,d08,98.7069
per,2005,d09,98.3202
per,2005,d10,99.7201
per,2006,d01,11.6515
per,2006,d02,56.9329
per,2006,d03,76.0571
per,2006,d04,83.2626
per,2006,d05,84.947
per,2006,d06,87.1095
per,2006,d07,94.6514
per,2006,d08,99.1165
per,2006,d09,98.5395
per,2006,d10,99.9714
per,2007,d01,17.1349
per,2007,d02,68.6535
per,2007,d03,79.0652
per,2007,d04,84.8467
per,2007,d05,87.5789
per,2007,d06,94.2298
per,2007,d07,97.7582
per,2007,d08,99.6855
per,2007,d09,99.754
per,2007,d10,99.9313
per,2008,d01,11.6083
per,2008,d02,57.0581
per,2008,d03,78.7759
per,2008,d04,84.8112
per,2008,d05,88.018
per,2008,d06,95.1085
per,2008,d07,97.3846
per,2008,d08,99.4674
per,2008,d09,99.4155
per,2008,d10,99.7889
per,2009,d01,38.9261
per,2009,d02,65.2622
per,2009,d03,74.5569
per,2009,d04,80.5535
per,2009,d05,87.5992
per,2009,d06,93.3452
per,2009,d07,97.3055
per,2009,d08,98.7328
per,2009,d09,99.1794
per,2009,d10,99.8246
per,2010,d01,43.1862
per,2010,d02,70.9538
per,2010,d03,76.0107
per,2010,d04,78.981
per,2010,d05,87.3772
per,2010,d06,92.155
per,2010,d07,97.0271
per,2010,d08,98.4193
per,2010,d09,98.9811
per,2010,d10,99.6697
per,2011,d01,44.7945
per,2011,d02,74.3608
per,2011,d03,77.9322
per,2011,d04,83.5289
per,2011,d05,89.7288
per,2011,d06,94.3861
per,2011,d07,95.6554
per,2011,d08,97.8154
per,2011,d09,98.7937
per,2011,d10,99.5426
per,2012,d01,41.0435
per,2012,d02,76.4991
per,2012,d03,79.791
per,2012,d04,85.414
per,2012,d05,89.8139
per,2012,d06,94.8102
per,2012,d07,98.4633
per,2012,d08,98.7662
per,2012,d09,99.6563
per,2012,d10,99.9959
per,2013,d01,49.6337
per,2013,d02,79.0626
per,2013,d03,83.459
per,2013,d04,90.3652
per,2013,d05,94.267
per,2013,d06,96.945
per,2013,d07,98.3057
per,2013,d08,99.1599
per,2013,d09,99.4896
per,2013,d10,99.7361
per,2014,d01,50.2726
per,2014,d02,81.2902
per,2014,d03,84.8424
per,2014,d04,90.4252
per,2014,d05,95.8117
per,2014,d06,98.984
per,2014,d07,98.7484
per,2014,d08,99.3356
per,2014,d09,99.608
per,2014,d10,99.8901
per,2015,d01,53.6377
per,2015,d02,81.0425
per,2015,d03,85.9841
per,2015,d04,91.3712
per,2015,d05,94.5536
per,2015,d06,96.0624
per,2015,d07,98.6252
per,2015,d08,99.5021
per,2015,d09,99.7234
per,2015,d10,99.959
per,2016,d01,56.1024
per,2016,d02,81.3522
per,2016,d03,86.8734
per,2016,d04,92.2769
per,2016,d05,96.548
per,2016,d06,98.1076
per,2016,d07,99.0492
per,2016,d08,99.5923
per,2016,d09,99.7727
per,2016,d10,99.7741
per,2017,d01,60.2005
per,2017,d02,81.1555
per,2017,d03,88.3351
per,2017,d04,94.2455
per,2017,d05,98.2016
per,2017,d06,98.6007
per,2017,d07,99.0304
per,2017,d08,99.4108
per,2017,d09,99.8834
per,2017,d10,99.5391
per,2018,d01,66.2077
per,2018,d02,84.8382
per,2018,d03,90.1815
per,2018,d04,94.7193
per,2018,d05,96.3307
per,2018,d06,98.3655
per,2018,d07,98.9222
per,2018,d08,99.4598
per,2018,d09,99.6627
per,2018,d10,99.7599
per,2019,d01,67.0962
per,2019,d02,82.0894
per,2019,d03,90.0828
per,2019,d04,95.882
per,2019,d05,96.9716
per,2019,d06,98.6441
per,2019,d07,98.7066
per,2019,d08,99.7541
per,2019,d09,99.9666
per,2019,d10,99.9297
per,2020,d01,70.9009
per,2020,d02,84.43
per,2020,d03,89.7225
per,2020,d04,94.6429
per,2020,d05,96.4848
per,2020,d06,98.914
per,2020,d07,98.926
per,2020,d08,99.2777
per,2020,d09,99.902
per,2020,d10,99.6847
phl,1993,d01,49.7091
phl,1993,d02,80.3167
phl,1993,d03,81.7437
phl,1993,d04,86.9324
phl,1993,d05,89.2315
phl,1993,d06,93.6201
phl,1993,d07,94.8891
phl,1993,d08,95.8062
phl,1993,d09,97.3996
phl,1993,d10,98.9047
phl,1998,d01,51.6984
phl,1998,d02,72.3654
phl,1998,d03,85.3061
phl,1998,d04,90.9504
phl,1998,d05,94.7484
phl,1998,d06,96.5005
phl,1998,d07,97.1642
phl,1998,d08,99.257
phl,1998,d09,99.4105
phl,1998,d10,100
phl,2003,d01,52.0991
phl,2003,d02,81.89
phl,2003,d03,89.9203
phl,2003,d04,94.9098
phl,2003,d05,96.5269
phl,2003,d06,98.3009
phl,2003,d07,98.0886
phl,2003,d08,99.4135
phl,2003,d09,99.4796
phl,2003,d10,99.9341
phl,2008,d01,61.1014
phl,2008,d02,84.6319
phl,2008,d03,91.0961
phl,2008,d04,95.3689
phl,2008,d05,96.3452
phl,2008,d06,98.498
phl,2008,d07,99.2289
phl,2008,d08,99.709
phl,2008,d09,100
phl,2008,d10,100
phl,2013,d01,73.6803
phl,2013,d02,87.6319
phl,2013,d03,92.993
phl,2013,d04,96.3275
phl,2013,d05,98.5503
phl,2013,d06,98.6499
phl,2013,d07,99.4988
phl,2013,d08,99.5563
phl,2013,d09,99.9471
phl,2013,d10,100
phl,2017,d01,79.6973
phl,2017,d02,92.2635
phl,2017,d03,95.5707
phl,2017,d04,97.4617
phl,2017,d05,98.5205
phl,2017,d06,99.211
phl,2017,d07,99.7272
phl,2017,d08,99.8463
phl,2017,d09,99.8183
phl,2017,d10,99.9617
png,2016,d01,8.0374
png,2016,d02,17.5025
png,2016,d03,26.43
png,2016,d04,32.7511
png,2016,d05,37.6031
png,2016,d06,43.3833
png,2016,d07,49.2575
png,2016,d08,69.317
png,2016,d09,85.5318
png,2016,d10,98.838
pry,2016,d01,67.7075
pry,2016,d02,90.7965
pry,2016,d03,97.2356
pry,2016,d04,98.6166
pry,2016,d05,99.8367
pry,2016,d06,99.9332
pry,2016,d07,99.9318
pry,2016,d08,99.883
pry,2016,d09,100
pry,2016,d10,99.7571
pse,2010,d01,98.4747
pse,2010,d02,98.8699
pse,2010,d03,99.0272
pse,2010,d04,98.9991
pse,2010,d05,99.4707
pse,2010,d06,99.6097
pse,2010,d07,99.6638
pse,2010,d08,99.8017
pse,2010,d09,99.8635
pse,2010,d10,100
pse,2014,d01,99.6227
pse,2014,d02,100
pse,2014,d03,99.7535
pse,2014,d04,99.7817
pse,2014,d05,99.6799
pse,2014,d06,99.8936
pse,2014,d07,99.672
pse,2014,d08,100
pse,2014,d09,100
pse,2014,d10,100
pse,2019,d01,99.4529
pse,2019,d02,99.5985
pse,2019,d03,99.5943
pse,2019,d04,100
pse,2019,d05,99.9763
pse,2019,d06,100
pse,2019,d07,99.8826
pse,2019,d08,99.747
pse,2019,d09,99.7155
pse,2019,d10,99.765
rwa,2005,d01,7.7023
rwa,2005,d02,0.5317
rwa,2005,d03,37.361
rwa,2005,d04,9.6691
rwa,2005,d05,45.9609
rwa,2005,d06,44.756
rwa,2005,d07,41.1035
rwa,2005,d08,40.4697
rwa,2005,d09,47.6685
rwa,2005,d10,77.0531
rwa,2010,d01,64.6227
rwa,2010,d02,66.069
rwa,2010,d03,67.0115
rwa,2010,d04,68.391
rwa,2010,d05,70.4927
rwa,2010,d06,72.7757
rwa,2010,d07,74.3309
rwa,2010,d08,77.0586
rwa,2010,d09,81.8862
rwa,2010,d10,93.4602
rwa,2014,d01,61.2428
rwa,2014,d02,64.5317
rwa,2014,d03,67.6665
rwa,2014,d04,67.4968
rwa,2014,d05,70.0521
rwa,2014,d06,67.7004
rwa,2014,d07,68.7752
rwa,2014,d08,74.3981
rwa,2014,d09,84.7592
rwa,2014,d10,97.3044
rwa,2019,d01,67.8671
rwa,2019,d02,69.5026
rwa,2019,d03,70.2247
rwa,2019,d04,74.2612
rwa,2019,d05,76.3211
rwa,2019,d06,80.0415
rwa,2019,d07,80.9636
rwa,2019,d08,87.5956
rwa,2019,d09,91.9697
rwa,2019,d10,97.2725
sdn,2010,d01,66.4439
sdn,2010,d02,75.2266
sdn,2010,d03,73.9702
sdn,2010,d04,76.5397
sdn,2010,d05,84.2413
sdn,2010,d06,90.7788
sdn,2010,d07,95.076
sdn,2010,d08,97.1777
sdn,2010,d09,99.0078
sdn,2010,d10,99.8326
sdn,2014,d01,51.9138
sdn,2014,d02,60.6299
sdn,2014,d03,68.891
sdn,2014,d04,76.7933
sdn,2014,d05,79.2141
sdn,2014,d06,89.381
sdn,2014,d07,94.3539
sdn,2014,d08,97.6228
sdn,2014,d09,98.1309
sdn,2014,d10,99.9726
sen,1997,d01,8.0561
sen,1997,d02,10.4367
sen,1997,d03,21.2287
sen,1997,d04,35.492
sen,1997,d05,34.1351
sen,1997,d06,50.0069
sen,1997,d07,75.8051
sen,1997,d08,88.0618
sen,1997,d09,94.5362
sen,1997,d10,97.6621
sen,2005,d01,36.9648
sen,2005,d02,38.2619
sen,2005,d03,43.7509
sen,2005,d04,51.4749
sen,2005,d05,60.4148
sen,2005,d06,76.0406
sen,2005,d07,88.6076
sen,2005,d08,97.0353
sen,2005,d09,97.4681
sen,2005,d10,99.531
sen,2010,d01,49.8317
sen,2010,d02,58.1898
sen,2010,d03,57.5479
sen,2010,d04,67.7153
sen,2010,d05,77.2388
sen,2010,d06,88.951
sen,2010,d07,94.3916
sen,2010,d08,97.9989
sen,2010,d09,99.5065
sen,2010,d10,99.6087
sen,2012,d01,41.4463
sen,2012,d02,51.0117
sen,2012,d03,56.3855
sen,2012,d04,67.159
sen,2012,d05,81.6751
sen,2012,d06,88.2558
sen,2012,d07,91.8242
sen,2012,d08,95.6445
sen,2012,d09,99.1327
sen,2012,d10,98.9493
sen,2014,d01,56.9853
sen,2014,d02,55.4345
sen,2014,d03,70.3499
sen,2014,d04,79.7879
sen,2014,d05,84.9957
sen,2014,d06,87.3115
sen,2014,d07,95.1601
sen,2014,d08,97.6579
sen,2014,d09,99.8834
sen,2014,d10,100
sen,2015,d01,39.8297
sen,2015,d02,50.4582
sen,2015,d03,59.1974
sen,2015,d04,66.5399
sen,2015,d05,71.0549
sen,2015,d06,85.9113
sen,2015,d07,90.7691
sen,2015,d08,97.1669
sen,2015,d09,98.6237
sen,2015,d10,98.9539
sen,2016,d01,57.2654
sen,2016,d02,63.6673
sen,2016,d03,67.5388
sen,2016,d04,80.8052
sen,2016,d05,87.5661
sen,2016,d06,92.2125
sen,2016,d07,96.9821
sen,2016,d08,99.225
sen,2016,d09,99.0308
sen,2016,d10,99.4416
sen,2017,d01,51.5435
sen,2017,d02,63.4212
sen,2017,d03,68.5311
sen,2017,d04,72.7597
sen,2017,d05,81.7411
sen,2017,d06,91.7455
sen,2017,d07,97.9504
sen,2017,d08,99.1073
sen,2017,d09,98.7702
sen,2017,d10,99.9588
sen,2018,d01,55.6086
sen,2018,d02,62.7603
sen,2018,d03,71.6582
sen,2018,d04,79.4233
sen,2018,d05,87.5509
sen,2018,d06,93.8539
sen,2018,d07,97.7369
sen,2018,d08,99.2564
sen,2018,d09,99.8699
sen,2018,d10,99.7276
sen,2019,d01,60.5151
sen,2019,d02,62.4272
sen,2019,d03,71.6842
sen,2019,d04,77.756
sen,2019,d05,85.6528
sen,2019,d06,95.963
sen,2019,d07,96.6327
sen,2019,d08,97.9862
sen,2019,d09,98.6995
sen,2019,d10,99.5111
sle,2005,d01,0.1163
sle,2005,d02,21.8638
sle,2005,d03,16.8206
sle,2005,d04,29.792
sle,2005,d05,41.3226
sle,2005,d06,46.2392
sle,2005,d07,56.8355
sle,2005,d08,71.5825
sle,2005,d09,89.7732
sle,2005,d10,92.7418
sle,2008,d01,6.6005
sle,2008,d02,21.9358
sle,2008,d03,23.7733
sle,2008,d04,37.2279
sle,2008,d05,49.2169
sle,2008,d06,57.2097
sle,2008,d07,53.194
sle,2008,d08,71.8356
sle,2008,d09,90.9819
sle,2008,d10,96.8624
sle,2010,d01,14.0646
sle,2010,d02,25.9599
sle,2010,d03,40.0364
sle,2010,d04,50.7949
sle,2010,d05,53.8105
sle,2010,d06,60.7208
sle,2010,d07,67.5896
sle,2010,d08,79.5184
sle,2010,d09,85.9147
sle,2010,d10,94.5603
sle,2013,d01,20.0084
sle,2013,d02,33.7795
sle,2013,d03,39.532
sle,2013,d04,52.198
sle,2013,d05,50.8975
sle,2013,d06,61.6242
sle,2013,d07,69.7435
sle,2013,d08,77.5513
sle,2013,d09,94.8239
sle,2013,d10,97.6054
sle,2017,d01,26.7935
sle,2017,d02,41.8246
sle,2017,d03,52.865
sle,2017,d04,58.1852
sle,2017,d05,67.7839
sle,2017,d06,74.2079
sle,2017,d07,79.4635
sle,2017,d08,87.8778
sle,2017,d09,93.382
sle,2017,d10,95.3445
sle,2019,d01,20.1505
sle,2019,d02,39.6154
sle,2019,d03,47.7286
sle,2019,d04,53.9517
sle,2019,d05,54.3608
sle,2019,d06,73.8063
sle,2019,d07,86.3032
sle,2019,d08,91.2878
sle,2019,d09,94.6875
sle,2019,d10,97.0467
slv,2014,d01,82.622
slv,2014,d02,91.8278
slv,2014,d03,94.649
slv,2014,d04,98.0416
slv,2014,d05,99.2857
slv,2014,d06,99.3447
slv,2014,d07,99.968
slv,2014,d08,99.4224
slv,2014,d09,99.8853
slv,2014,d10,100
som,2006,d01,2.0133
som,2006,d02,5.5
som,2006,d03,9.16
som,2006,d04,16.2025
som,2006,d05,16.8299
som,2006,d06,37.3114
som,2006,d07,51.3814
som,2006,d08,72.2896
som,2006,d09,89.9491
som,2006,d10,97.4182
srb,2005,d01,96.1412
srb,2005,d02,98.8877
srb,2005,d03,99.2154
srb,2005,d04,99.3133
srb,2005,d05,99.6694
srb,2005,d06,99.0055
srb,2005,d07,99.0916
srb,2005,d08,100
srb,2005,d09,99.75
srb,2005,d10,100
srb,2010,d01,98.1454
srb,2010,d02,99.5397
srb,2010,d03,99.8074
srb,2010,d04,100
srb,2010,d05,99.7299
srb,2010,d06,99.8399
srb,2010,d07,100
srb,2010,d08,100
srb,2010,d09,100
srb,2010,d10,100
srb,2014,d01,97.844
srb,2014,d02,98.7511
srb,2014,d03,99.404
srb,2014,d04,99.9149
srb,2014,d05,99.6454
srb,2014,d06,99.6804
srb,2014,d07,99.935
srb,2014,d08,100
srb,2014,d09,100
srb,2014,d10,100
srb,2019,d01,98.8512
srb,2019,d02,99.7349
srb,2019,d03,99.7165
srb,2019,d04,100
srb,2019,d05,100
srb,2019,d06,99.9482
srb,2019,d07,100
srb,2019,d08,100
srb,2019,d09,99.6382
srb,2019,d10,100
ssd,2010,d01,66.9563
ssd,2010,d02,62.9591
ssd,2010,d03,58.9567
ssd,2010,d04,59.8653
ssd,2010,d05,57.9745
ssd,2010,d06,60.6352
ssd,2010,d07,68.6101
ssd,2010,d08,62.9804
ssd,2010,d09,69.6196
ssd,2010,d10,86.7523
stp,2008,d01,91.6245
stp,2008,d02,90.4666
stp,2008,d03,87.6302
stp,2008,d04,89.5044
stp,2008,d05,94.9716
stp,2008,d06,95.671
stp,2008,d07,97.1032
stp,2008,d08,95.7133
stp,2008,d09,99.7415
stp,2008,d10,99.3968
stp,2014,d01,90.9607
stp,2014,d02,91.2277
stp,2014,d03,90.7335
stp,2014,d04,93.2586
stp,2014,d05,91.1125
stp,2014,d06,92.0963
stp,2014,d07,93.1475
stp,2014,d08,97.4893
stp,2014,d09,99.6538
stp,2014,d10,100
stp,2019,d01,94.0969
stp,2019,d02,96.2397
stp,2019,d03,97.4472
stp,2019,d04,98.1049
stp,2019,d05,98.2317
stp,2019,d06,94.8883
stp,2019,d07,97.4105
stp,2019,d08,99.0674
stp,2019,d09,99.4664
stp,2019,d10,100
sur,2006,d01,43.8534
sur,2006,d02,91.0032
sur,2006,d03,96.3447
sur,2006,d04,98.0355
sur,2006,d05,98.1194
sur,2006,d06,99.4538
sur,2006,d07,99.4961
sur,2006,d08,99.2629
sur,2006,d09,99.6405
sur,2006,d10,100
sur,2010,d01,65.9609
sur,2010,d02,93.9155
sur,2010,d03,98.8259
sur,2010,d04,99.0092
sur,2010,d05,99.9036
sur,2010,d06,99.4903
sur,2010,d07,99.6664
sur,2010,d08,99.5324
sur,2010,d09,100
sur,2010,d10,99.7079
sur,2018,d01,89.0666
sur,2018,d02,97.692
sur,2018,d03,98.2427
sur,2018,d04,98.9894
sur,2018,d05,99.1343
sur,2018,d06,99.7566
sur,2018,d07,99.4632
sur,2018,d08,100
sur,2018,d09,99.6212
sur,2018,d10,99.638
swz,2006,d01,31.8875
swz,2006,d02,38.1336
swz,2006,d03,47.3342
swz,2006,d04,61.1635
swz,2006,d05,63.0272
swz,2006,d06,63.6114
swz,2006,d07,72.0499
swz,2006,d08,80.0502
swz,2006,d09,95.1306
swz,2006,d10,99.7997
swz,2010,d01,33.9269
swz,2010,d02,49.9331
swz,2010,d03,58.1442
swz,2010,d04,63.7855
swz,2010,d05,68.5386
swz,2010,d06,71.7347
swz,2010,d07,74.5351
swz,2010,d08,84.7885
swz,2010,d09,95.8869
swz,2010,d10,99.4332
swz,2014,d01,41.4705
swz,2014,d02,48.9734
swz,2014,d03,60.0705
swz,2014,d04,59.6691
swz,2014,d05,69.0059
swz,2014,d06,76.1651
swz,2014,d07,91.8051
swz,2014,d08,98.2299
swz,2014,d09,99.1123
swz,2014,d10,100
syr,2006,d01,96.4082
syr,2006,d02,97.998
syr,2006,d03,98.9953
syr,2006,d04,99.5559
syr,2006,d05,99.625
syr,2006,d06,99.9108
syr,2006,d07,99.8888
syr,2006,d08,99.9549
syr,2006,d09,100
syr,2006,d10,100
tca,2019,d01,99.4965
tca,2019,d02,99.0333
tca,2019,d03,99.5837
tca,2019,d04,100
tca,2019,d05,99.9627
tca,2019,d06,100
tca,2019,d07,100
tca,2019,d08,100
tca,2019,d09,100
tca,2019,d10,100
tcd,1996,d01,3.9192
tcd,1996,d02,7.6792
tcd,1996,d03,51.5584
tcd,1996,d04,17.1889
tcd,1996,d05,17.0606
tcd,1996,d06,45.6954
tcd,1996,d07,35.1603
tcd,1996,d08,43.5205
tcd,1996,d09,58.1547
tcd,1996,d10,68.6058
tcd,2004,d01,12.2446
tcd,2004,d02,24.1445
tcd,2004,d03,39.3984
tcd,2004,d04,27.1162
tcd,2004,d05,52.6596
tcd,2004,d06,28.1997
tcd,2004,d07,36.9236
tcd,2004,d08,39.5466
tcd,2004,d09,66.3862
tcd,2004,d10,80.468
tcd,2010,d01,9.5317
tcd,2010,d02,36.3717
tcd,2010,d03,32.3222
tcd,2010,d04,44.7648
tcd,2010,d05,45.377
tcd,2010,d06,46.0298
tcd,2010,d07,61.0751
tcd,2010,d08,68.0696
tcd,2010,d09,85.848
tcd,2010,d10,93.809
tcd,2014,d01,32.6794
tcd,2014,d02,35.5204
tcd,2014,d03,39.8598
tcd,2014,d04,45.7699
tcd,2014,d05,50.9429
tcd,2014,d06,52.5605
tcd,2014,d07,62.2205
tcd,2014,d08,64.6849
tcd,2014,d09,84.2994
tcd,2014,d10,98.6678
tcd,2019,d01,47.0975
tcd,2019,d02,50.5098
tcd,2019,d03,55.3565
tcd,2019,d04,56.5563
tcd,2019,d05,59.0621
tcd,2019,d06,57.5364
tcd,2019,d07,61.3311
tcd,2019,d08,59.8364
tcd,2019,d09,75.5848
tcd,2019,d10,94.8275
tgo,1998,d01,15.6256
tgo,1998,d02,28.7836
tgo,1998,d03,29.483
tgo,1998,d04,35.3646
tgo,1998,d05,33.6193
tgo,1998,d06,45.3928
tgo,1998,d07,47.3956
tgo,1998,d08,65.012
tgo,1998,d09,74.52
tgo,1998,d10,88.3575
tgo,2006,d01,26.9394
tgo,2006,d02,26.559
tgo,2006,d03,24.6039
tgo,2006,d04,22.9693
tgo,2006,d05,24.4993
tgo,2006,d06,22.436
tgo,2006,d07,20.3997
tgo,2006,d08,18.901
tgo,2006,d09,24.9072
tgo,2006,d10,48.2363
tgo,2010,d01,14.702
tgo,2010,d02,24.606
tgo,2010,d03,32.5857
tgo,2010,d04,43.1054
tgo,2010,d05,51.989
tgo,2010,d06,58.7153
tgo,2010,d07,79.8853
tgo,2010,d08,84.4323
tgo,2010,d09,95.2274
tgo,2010,d10,95.425
tgo,2013,d01,45.3131
tgo,2013,d02,40.7205
tgo,2013,d03,36.3953
tgo,2013,d04,37.1174
tgo,2013,d05,47.0754
tgo,2013,d06,65.5689
tgo,2013,d07,83.8315
tgo,2013,d08,90.4811
tgo,2013,d09,94.738
tgo,2013,d10,96.8203
tgo,2017,d01,37.1049
tgo,2017,d02,51.0109
tgo,2017,d03,59.2611
tgo,2017,d04,64.8869
tgo,2017,d05,73.8995
tgo,2017,d06,82.2947
tgo,2017,d07,91.343
tgo,2017,d08,92.3829
tgo,2017,d09,95.8808
tgo,2017,d10,98.256
tha,2005,d01,91.9594
tha,2005,d02,93.8867
tha,2005,d03,94.9285
tha,2005,d04,95.7258
tha,2005,d05,95.2219
tha,2005,d06,96.2243
tha,2005,d07,95.3932
tha,2005,d08,98.4663
tha,2005,d09,99.4498
tha,2005,d10,99.8957
tha,2012,d01,94.2419
tha,2012,d02,99.1387
tha,2012,d03,97.442
tha,2012,d04,97.9482
tha,2012,d05,97.7315
tha,2012,d06,99.0458
tha,2012,d07,98.9967
tha,2012,d08,99.5654
tha,2012,d09,99.9111
tha,2012,d10,100
tha,2015,d01,96.5704
tha,2015,d02,98.522
tha,2015,d03,99.1481
tha,2015,d04,98.9982
tha,2015,d05,98.6124
tha,2015,d06,99.6089
tha,2015,d07,99.5439
tha,2015,d08,99.8983
tha,2015,d09,99.9719
tha,2015,d10,100
tha,2019,d01,98.4056
tha,2019,d02,98.5507
tha,2019,d03,99.2821
tha,2019,d04,99.8009
tha,2019,d05,99.8676
tha,2019,d06,99.804
tha,2019,d07,99.9155
tha,2019,d08,99.9113
tha,2019,d09,99.6797
tha,2019,d10,100
tjk,2005,d01,41.8118
tjk,2005,d02,57.1803
tjk,2005,d03,59.6398
tjk,2005,d04,66.1267
tjk,2005,d05,66.2173
tjk,2005,d06,67.0224
tjk,2005,d07,77.1358
tjk,2005,d08,81.2521
tjk,2005,d09,92.3307
tjk,2005,d10,99.3328
tjk,2012,d01,69.2319
tjk,2012,d02,70.8777
tjk,2012,d03,71.6395
tjk,2012,d04,74.495
tjk,2012,d05,78.7185
tjk,2012,d06,82.4514
tjk,2012,d07,86.1618
tjk,2012,d08,88.025
tjk,2012,d09,89.7368
tjk,2012,d10,98.7335
tjk,2017,d01,70.9524
tjk,2017,d02,77.0485
tjk,2017,d03,71.6129
tjk,2017,d04,80.1935
tjk,2017,d05,79.3235
tjk,2017,d06,85.0854
tjk,2017,d07,86.6421
tjk,2017,d08,90.9169
tjk,2017,d09,97.7448
tjk,2017,d10,100
tkm,2006,d01,88.1011
tkm,2006,d02,91.5779
tkm,2006,d03,93.7747
tkm,2006,d04,93.4107
tkm,2006,d05,92.5663
tkm,2006,d06,96.1093
tkm,2006,d07,94.114
tkm,2006,d08,97.9378
tkm,2006,d09,100
tkm,2006,d10,100
tkm,2015,d01,99.7733
tkm,2015,d02,97.2125
tkm,2015,d03,98.6699
tkm,2015,d04,98.0538
tkm,2015,d05,99.4243
tkm,2015,d06,99.5732
tkm,2015,d07,100
tkm,2015,d08,100
tkm,2015,d09,100
tkm,2015,d10,100
tkm,2019,d01,99.7387
tkm,2019,d02,99.7383
tkm,2019,d03,100
tkm,2019,d04,100
tkm,2019,d05,100
tkm,2019,d06,100
tkm,2019,d07,100
tkm,2019,d08,100
tkm,2019,d09,99.9794
tkm,2019,d10,100
tls,2009,d01,42.8625
tls,2009,d02,45.5726
tls,2009,d03,45.9986
tls,2009,d04,50.3534
tls,2009,d05,58.1176
tls,2009,d06,66.49
tls,2009,d07,71.6469
tls,2009,d08,80.684
tls,2009,d09,86.2818
tls,2009,d10,97.5438
tls,2016,d01,56.0714
tls,2016,d02,63.7503
tls,2016,d03,73.7014
tls,2016,d04,80.6564
tls,2016,d05,79.2518
tls,2016,d06,87.0407
tls,2016,d07,89.3566
tls,2016,d08,93.2773
tls,2016,d09,95.3075
tls,2016,d10,98.5148
ton,2019,d01,99.3626
ton,2019,d02,99.1129
ton,2019,d03,98.6343
ton,2019,d04,96.3926
ton,2019,d05,99.5397
ton,2019,d06,99.266
ton,2019,d07,100
ton,2019,d08,100
ton,2019,d09,100
ton,2019,d10,100
tto,2006,d01,93.4092
tto,2006,d02,96.3642
tto,2006,d03,97.7037
tto,2006,d04,97.9772
tto,2006,d05,99.3443
tto,2006,d06,99.2427
tto,2006,d07,99.2352
tto,2006,d08,100
tto,2006,d09,100
tto,2006,d10,99.5621
tto,2011,d01,96.89
tto,2011,d02,99.6799
tto,2011,d03,98.9494
tto,2011,d04,99.2811
tto,2011,d05,99.4799
tto,2011,d06,99.7748
tto,2011,d07,100
tto,2011,d08,100
tto,2011,d09,99.8175
tto,2011,d10,99.817
tun,2011,d01,85.243
tun,2011,d02,93.5743
tun,2011,d03,97.7325
tun,2011,d04,98.6829
tun,2011,d05,99.508
tun,2011,d06,99.7815
tun,2011,d07,100
tun,2011,d08,99.986
tun,2011,d09,100
tun,2011,d10,100
tun,2018,d01,91.0114
tun,2018,d02,97.6198
tun,2018,d03,98.4908
tun,2018,d04,99.3775
tun,2018,d05,98.748
tun,2018,d06,98.9875
tun,2018,d07,98.4826
tun,2018,d08,99.0926
tun,2018,d09,99.0063
tun,2018,d10,99.2522
tur,1993,d01,35.4433
tur,1993,d02,52.7448
tur,1993,d03,65.5641
tur,1993,d04,78.4598
tur,1993,d05,84.6834
tur,1993,d06,88.2556
tur,1993,d07,91.0638
tur,1993,d08,93.2858
tur,1993,d09,94.9438
tur,1993,d10,93.2621
tur,1998,d01,16.1128
tur,1998,d02,40.1043
tur,1998,d03,50.7175
tur,1998,d04,66.4097
tur,1998,d05,74.5843
tur,1998,d06,80.3372
tur,1998,d07,88.2444
tur,1998,d08,90.9981
tur,1998,d09,93.0363
tur,1998,d10,95.9821
tur,2003,d01,35.3982
tur,2003,d02,44.8223
tur,2003,d03,54.6425
tur,2003,d04,60.8644
tur,2003,d05,68.9266
tur,2003,d06,75.4161
tur,2003,d07,74.0069
tur,2003,d08,81.6493
tur,2003,d09,82.5023
tur,2003,d10,89.9073
tur,2013,d01,96.1022
tur,2013,d02,98.2502
tur,2013,d03,98.589
tur,2013,d04,99.6619
tur,2013,d05,99.3082
tur,2013,d06,99.6151
tur,2013,d07,99.2435
tur,2013,d08,99.8422
tur,2013,d09,99.95
tur,2013,d10,100
tuv,2019,d01,100
tuv,2019,d02,100
tuv,2019,d03,98.1838
tuv,2019,d04,100
tuv,2019,d05,100
tuv,2019,d06,100
tuv,2019,d07,100
tuv,2019,d08,99.7364
tuv,2019,d09,100
tuv,2019,d10,100
tza,1996,d01,0
tza,1996,d02,1.2131
tza,1996,d03,3.2258
tza,1996,d04,11.3521
tza,1996,d05,67.9951
tza,1996,d06,32.9674
tza,1996,d07,9.0837
tza,1996,d08,77.2672
tza,1996,d09,56.3942
tza,1996,d10,88.407
tza,1999,d01,0.3951
tza,1999,d02,57.408
tza,1999,d03,9.0031
tza,1999,d04,69.0487
tza,1999,d05,82.2492
tza,1999,d06,61.113
tza,1999,d07,99.6847
tza,1999,d08,89.5741
tza,1999,d09,91.6634
tza,1999,d10,98.249
tza,2004,d01,12.121
tza,2004,d02,25.2908
tza,2004,d03,27.3602
tza,2004,d04,46.2032
tza,2004,d05,39.4983
tza,2004,d06,43.0537
tza,2004,d07,53.6047
tza,2004,d08,60.7063
tza,2004,d09,84.0532
tza,2004,d10,94.1229
tza,2010,d01,21.7721
tza,2010,d02,29.7012
tza,2010,d03,28.8441
tza,2010,d04,35.4977
tza,2010,d05,39.5827
tza,2010,d06,46.5981
tza,2010,d07,52.4297
tza,2010,d08,63.2996
tza,2010,d09,82.5665
tza,2010,d10,93.2876
tza,2015,d01,30.8563
tza,2015,d02,35.6777
tza,2015,d03,43.3912
tza,2015,d04,49.5864
tza,2015,d05,56.0444
tza,2015,d06,56.7692
tza,2015,d07,67.679
tza,2015,d08,84.6156
tza,2015,d09,93.9492
tza,2015,d10,98.1471
uga,1995,d01,4.6654
uga,1995,d02,17.3038
uga,1995,d03,16.951
uga,1995,d04,23.4577
uga,1995,d05,15.9013
uga,1995,d06,14.1568
uga,1995,d07,19.5926
uga,1995,d08,21.664
uga,1995,d09,31.6757
uga,1995,d10,64.8096
uga,2000,d01,33.8991
uga,2000,d02,51.1234
uga,2000,d03,36.8904
uga,2000,d04,52.3554
uga,2000,d05,42.0889
uga,2000,d06,40.9744
uga,2000,d07,45.3624
uga,2000,d08,59.6493
uga,2000,d09,68.4435
uga,2000,d10,88.1862
uga,2006,d01,68.932
uga,2006,d02,65.5123
uga,2006,d03,63.733
uga,2006,d04,59.5617
uga,2006,d05,53.7611
uga,2006,d06,61.5891
uga,2006,d07,64.1563
uga,2006,d08,68.2541
uga,2006,d09,76.9558
uga,2006,d10,91.4437
uga,2011,d01,74.2504
uga,2011,d02,72.4903
uga,2011,d03,71.0068
uga,2011,d04,60.2968
uga,2011,d05,60.7742
uga,2011,d06,58.6246
uga,2011,d07,65.8241
uga,2011,d08,71.6371
uga,2011,d09,80.6821
uga,2011,d10,92.2704
uga,2016,d01,81.3192
uga,2016,d02,77.2374
uga,2016,d03,72.444
uga,2016,d04,72.3317
uga,2016,d05,69.6874
uga,2016,d06,72.4794
uga,2016,d07,75.1542
uga,2016,d08,78.3649
uga,2016,d09,88.7856
uga,2016,d10,96.1005
ukr,2005,d01,98.0981
ukr,2005,d02,98.1882
ukr,2005,d03,98.4956
ukr,2005,d04,99.4971
ukr,2005,d05,99.4543
ukr,2005,d06,99.2574
ukr,2005,d07,99.1922
ukr,2005,d08,99.9515
ukr,2005,d09,100
ukr,2005,d10,100
ukr,2007,d01,96.9278
ukr,2007,d02,98.0064
ukr,2007,d03,96.379
ukr,2007,d04,98.6555
ukr,2007,d05,98.7842
ukr,2007,d06,99.4471
ukr,2007,d07,99.8405
ukr,2007,d08,100
ukr,2007,d09,100
ukr,2007,d10,100
ukr,2012,d01,97.6916
ukr,2012,d02,98.9027
ukr,2012,d03,99.3741
ukr,2012,d04,99.4948
ukr,2012,d05,99.5877
ukr,2012,d06,99.6384
ukr,2012,d07,100
ukr,2012,d08,100
ukr,2012,d09,99.9602
ukr,2012,d10,99.7464
ury,2012,d01,97.8605
ury,2012,d02,99.0533
ury,2012,d03,100
ury,2012,d04,100
ury,2012,d05,99.9585
ury,2012,d06,99.9067
ury,2012,d07,100
ury,2012,d08,100
ury,2012,d09,100
ury,2012,d10,99.2794
uzb,1996,d01,35.6481
uzb,1996,d02,63.8389
uzb,1996,d03,60.5929
uzb,1996,d04,66.0326
uzb,1996,d05,72.966
uzb,1996,d06,88.9858
uzb,1996,d07,97.1213
uzb,1996,d08,95.9474
uzb,1996,d09,98.4799
uzb,1996,d10,100
uzb,2006,d01,94.918
uzb,2006,d02,93.8585
uzb,2006,d03,94.6018
uzb,2006,d04,95.3718
uzb,2006,d05,96.1384
uzb,2006,d06,97.2938
uzb,2006,d07,97.6328
uzb,2006,d08,98.6811
uzb,2006,d09,99.3293
uzb,2006,d10,99.9043
vnm,1997,d01,14.5179
vnm,1997,d02,15.3255
vnm,1997,d03,14.8493
vnm,1997,d04,15.0999
vnm,1997,d05,20.5223
vnm,1997,d06,21.242
vnm,1997,d07,23.8883
vnm,1997,d08,34.915
vnm,1997,d09,56.1982
vnm,1997,d10,80.3982
vnm,2002,d01,3.6412
vnm,2002,d02,10.5689
vnm,2002,d03,12.5228
vnm,2002,d04,16.673
vnm,2002,d05,19.9804
vnm,2002,d06,21.6445
vnm,2002,d07,29.3411
vnm,2002,d08,36.7764
vnm,2002,d09,66.3559
vnm,2002,d10,91.2156
vnm,2006,d01,63.7449
vnm,2006,d02,76.6374
vnm,2006,d03,83.7748
vnm,2006,d04,90.2471
vnm,2006,d05,94.2844
vnm,2006,d06,94.1739
vnm,2006,d07,96.8626
vnm,2006,d08,97.4197
vnm,2006,d09,98.6263
vnm,2006,d10,100
vnm,2010,d01,65.3719
vnm,2010,d02,86.5589
vnm,2010,d03,92.4803
vnm,2010,d04,92.2693
vnm,2010,d05,95.1016
vnm,2010,d06,98.051
vnm,2010,d07,99.1487
vnm,2010,d08,99.2776
vnm,2010,d09,99.5654
vnm,2010,d10,100
vnm,2013,d01,72.9482
vnm,2013,d02,80.4519
vnm,2013,d03,89.4455
vnm,2013,d04,94.8865
vnm,2013,d05,96.2255
vnm,2013,d06,98.1024
vnm,2013,d07,99.2546
vnm,2013,d08,99.5161
vnm,2013,d09,100
vnm,2013,d10,100
vut,2007,d01,65.4492
vut,2007,d02,73.028
vut,2007,d03,76.7273
vut,2007,d04,80.4099
vut,2007,d05,84.6476
vut,2007,d06,86.2815
vut,2007,d07,89.0702
vut,2007,d08,95.7586
vut,2007,d09,99.6873
vut,2007,d10,100
wsm,2019,d01,97.0973
wsm,2019,d02,99.2238
wsm,2019,d03,99.3757
wsm,2019,d04,99.8576
wsm,2019,d05,100
wsm,2019,d06,99.3422
wsm,2019,d07,100
wsm,2019,d08,98.9755
wsm,2019,d09,99.8131
wsm,2019,d10,99.7158
yem,2006,d01,25.5744
yem,2006,d02,41.1514
yem,2006,d03,47.0294
yem,2006,d04,61.4548
yem,2006,d05,72.1557
yem,2006,d06,88.4429
yem,2006,d07,92.3992
yem,2006,d08,97.182
yem,2006,d09,98.4291
yem,2006,d10,100
yem,2013,d01,29.4374
yem,2013,d02,39.296
yem,2013,d03,50.56
yem,2013,d04,63.207
yem,2013,d05,70.9972
yem,2013,d06,81.583
yem,2013,d07,91.6009
yem,2013,d08,97.0669
yem,2013,d09,98.3023
yem,2013,d10,99.1513
zaf,1998,d01,19.7251
zaf,1998,d02,52.9785
zaf,1998,d03,74.7807
zaf,1998,d04,77.6137
zaf,1998,d05,86.1069
zaf,1998,d06,94.2383
zaf,1998,d07,98.0539
zaf,1998,d08,98.9984
zaf,1998,d09,98.3591
zaf,1998,d10,99.6837
zaf,2016,d01,66.0447
zaf,2016,d02,83.0488
zaf,2016,d03,90.643
zaf,2016,d04,95.9259
zaf,2016,d05,98.5477
zaf,2016,d06,99.4744
zaf,2016,d07,100
zaf,2016,d08,99.9536
zaf,2016,d09,99.9318
zaf,2016,d10,100
zmb,1996,d01,6.4711
zmb,1996,d02,12.9348
zmb,1996,d03,8.3015
zmb,1996,d04,17.9989
zmb,1996,d05,26.7958
zmb,1996,d06,40.5505
zmb,1996,d07,74.1391
zmb,1996,d08,84.0953
zmb,1996,d09,97.6462
zmb,1996,d10,98.9039
zmb,2001,d01,6.3327
zmb,2001,d02,45.6384
zmb,2001,d03,23.3574
zmb,2001,d04,35.8217
zmb,2001,d05,32.2036
zmb,2001,d06,46.4268
zmb,2001,d07,66.1195
zmb,2001,d08,91.0933
zmb,2001,d09,95.4089
zmb,2001,d10,96.9512
zmb,2007,d01,6.395
zmb,2007,d02,14.1848
zmb,2007,d03,13.4219
zmb,2007,d04,19.1418
zmb,2007,d05,24.5054
zmb,2007,d06,28.1727
zmb,2007,d07,49.1336
zmb,2007,d08,78.636
zmb,2007,d09,88.3194
zmb,2007,d10,97.0881
zmb,2013,d01,29.0469
zmb,2013,d02,39.223
zmb,2013,d03,43.196
zmb,2013,d04,49.2382
zmb,2013,d05,56.1242
zmb,2013,d06,63.6653
zmb,2013,d07,76.1672
zmb,2013,d08,87.1348
zmb,2013,d09,93.0836
zmb,2013,d10,98.9251
zmb,2018,d01,38.6583
zmb,2018,d02,46.3912
zmb,2018,d03,56.6716
zmb,2018,d04,60.074
zmb,2018,d05,64.4671
zmb,2018,d06,71.0503
zmb,2018,d07,83.147
zmb,2018,d08,91.7975
zmb,2018,d09,95.7385
zmb,2018,d10,99.1464
zwe,1994,d01,50.691
zwe,1994,d02,64.2773
zwe,1994,d03,62.1511
zwe,1994,d04,64.2012
zwe,1994,d05,70.2953
zwe,1994,d06,70.3577
zwe,1994,d07,77.0122
zwe,1994,d08,97.2141
zwe,1994,d09,99.8444
zwe,1994,d10,99.8834
zwe,1999,d01,58.5746
zwe,1999,d02,47.1895
zwe,1999,d03,59.1924
zwe,1999,d04,77.7763
zwe,1999,d05,76.5377
zwe,1999,d06,79.2722
zwe,1999,d07,95.1085
zwe,1999,d08,100
zwe,1999,d09,99.6418
zwe,1999,d10,100
zwe,2005,d01,50.7176
zwe,2005,d02,56.82
zwe,2005,d03,58.3395
zwe,2005,d04,64.324
zwe,2005,d05,66.7918
zwe,2005,d06,76.4417
zwe,2005,d07,89.0764
zwe,2005,d08,99.4712
zwe,2005,d09,99.9431
zwe,2005,d10,100
zwe,2009,d01,50.2073
zwe,2009,d02,48.1588
zwe,2009,d03,59.2816
zwe,2009,d04,59.8308
zwe,2009,d05,59.0276
zwe,2009,d06,74.0581
zwe,2009,d07,83.223
zwe,2009,d08,97.4556
zwe,2009,d09,98.9266
zwe,2009,d10,98.9569
zwe,2010,d01,48.1759
zwe,2010,d02,59.8272
zwe,2010,d03,64.962
zwe,2010,d04,69.1045
zwe,2010,d05,69.9867
zwe,2010,d06,76.8647
zwe,2010,d07,87.9877
zwe,2010,d08,95.2676
zwe,2010,d09,97.6
zwe,2010,d10,99.752
zwe,2014,d01,47.0641
zwe,2014,d02,56.0422
zwe,2014,d03,60.9013
zwe,2014,d04,66.0979
zwe,2014,d05,70.4487
zwe,2014,d06,76.9417
zwe,2014,d07,87.6611
zwe,2014,d08,97.6864
zwe,2014,d09,99.7138
zwe,2014,d10,99.7933
zwe,2015,d01,41.4434
zwe,2015,d02,62.3567
zwe,2015,d03,58.5644
zwe,2015,d04,65.9719
zwe,2015,d05,75.8813
zwe,2015,d06,78.3969
zwe,2015,d07,86.975
zwe,2015,d08,96.2373
zwe,2015,d09,99.6632
zwe,2015,d10,99.0323
zwe,2019,d01,47.1017
zwe,2019,d02,54.3518
zwe,2019,d03,64.9141
zwe,2019,d04,69.6235
zwe,2019,d05,75.0121
zwe,2019,d06,78.9969
zwe,2019,d07,85.3703
zwe,2019,d08,97.4018
zwe,2019,d09,98.6071
zwe,2019,d10,99.8868
