country,time,decile,fpsmo
afg,2015,d01,32.0902
afg,2015,d02,36.3902
afg,2015,d03,35.4879
afg,2015,d04,32.998
afg,2015,d05,31.7817
afg,2015,d06,35.2884
afg,2015,d07,38.1407
afg,2015,d08,42.0461
afg,2015,d09,48.0364
afg,2015,d10,53.9798
ago,2015,d01,1.7861
ago,2015,d02,3.4008
ago,2015,d03,2.8852
ago,2015,d04,7.9902
ago,2015,d05,12.1167
ago,2015,d06,17.6461
ago,2015,d07,27.8669
ago,2015,d08,33.9532
ago,2015,d09,41.119
ago,2015,d10,56.1218
alb,2008,d01,10.9622
alb,2008,d02,13.7778
alb,2008,d03,9.6711
alb,2008,d04,11.4495
alb,2008,d05,13.5446
alb,2008,d06,11.5498
alb,2008,d07,9.5851
alb,2008,d08,10.7247
alb,2008,d09,14.118
alb,2008,d10,19.6146
alb,2017,d01,7.0252
alb,2017,d02,5.6708
alb,2017,d03,5.351
alb,2017,d04,6.7223
alb,2017,d05,4.1301
alb,2017,d06,5.1311
alb,2017,d07,6.6883
alb,2017,d08,5.7767
alb,2017,d09,8.4546
alb,2017,d10,4.9257
arg,2019,d01,79.2659
arg,2019,d02,84.6763
arg,2019,d03,81.9502
arg,2019,d04,79.4483
arg,2019,d05,77.2422
arg,2019,d06,82.0587
arg,2019,d07,83.7346
arg,2019,d08,82.817
arg,2019,d09,84.1128
arg,2019,d10,83.091
arm,2000,d01,15.7049
arm,2000,d02,18.5346
arm,2000,d03,25.2142
arm,2000,d04,24.395
arm,2000,d05,30.6971
arm,2000,d06,26.6033
arm,2000,d07,28.5107
arm,2000,d08,31.8299
arm,2000,d09,38.8189
arm,2000,d10,36.2564
arm,2005,d01,15.0689
arm,2005,d02,21.2621
arm,2005,d03,24.6075
arm,2005,d04,23.8777
arm,2005,d05,23.7006
arm,2005,d06,28.6744
arm,2005,d07,24.3541
arm,2005,d08,39.9356
arm,2005,d09,31.8643
arm,2005,d10,48.269
arm,2010,d01,28.6449
arm,2010,d02,32.045
arm,2010,d03,26.4361
arm,2010,d04,23.8299
arm,2010,d05,31.7738
arm,2010,d06,46.8212
arm,2010,d07,49.4223
arm,2010,d08,40.1672
arm,2010,d09,40.2071
arm,2010,d10,58.0872
arm,2015,d01,26.1405
arm,2015,d02,30.8472
arm,2015,d03,34.9794
arm,2015,d04,34.1992
arm,2015,d05,31.3716
arm,2015,d06,37.5928
arm,2015,d07,43.8409
arm,2015,d08,44.0261
arm,2015,d09,49.9363
arm,2015,d10,49.9433
aze,2006,d01,12.2275
aze,2006,d02,12.3393
aze,2006,d03,11.5319
aze,2006,d04,13.395
aze,2006,d05,10.8331
aze,2006,d06,15.6716
aze,2006,d07,22.7621
aze,2006,d08,24.7898
aze,2006,d09,23.0844
aze,2006,d10,30.2726
bdi,2010,d01,32.1919
bdi,2010,d02,26.6581
bdi,2010,d03,22.957
bdi,2010,d04,27.7777
bdi,2010,d05,31.4884
bdi,2010,d06,34.7246
bdi,2010,d07,37.5457
bdi,2010,d08,28.7052
bdi,2010,d09,36.1447
bdi,2010,d10,48.1894
bdi,2016,d01,42.6483
bdi,2016,d02,34.4318
bdi,2016,d03,36.4423
bdi,2016,d04,40.2569
bdi,2016,d05,40.425
bdi,2016,d06,34.7329
bdi,2016,d07,32.1839
bdi,2016,d08,34.6034
bdi,2016,d09,39.1123
bdi,2016,d10,48.3602
ben,1996,d01,3.7983
ben,1996,d02,4.6875
ben,1996,d03,3.5207
ben,1996,d04,3.8418
ben,1996,d05,5.9543
ben,1996,d06,2.3397
ben,1996,d07,9.4861
ben,1996,d08,9.3947
ben,1996,d09,15.6387
ben,1996,d10,16.609
ben,2001,d01,9.8275
ben,2001,d02,10.0351
ben,2001,d03,5.3265
ben,2001,d04,8.4476
ben,2001,d05,12.0306
ben,2001,d06,14.8986
ben,2001,d07,16.3391
ben,2001,d08,16.417
ben,2001,d09,21.7613
ben,2001,d10,26.2598
ben,2006,d01,5.2057
ben,2006,d02,6.3019
ben,2006,d03,6.9835
ben,2006,d04,9.1206
ben,2006,d05,8.3993
ben,2006,d06,12.4937
ben,2006,d07,10.8723
ben,2006,d08,14.8594
ben,2006,d09,19.698
ben,2006,d10,25.3157
ben,2011,d01,9.5396
ben,2011,d02,10.2505
ben,2011,d03,14.4784
ben,2011,d04,13.0757
ben,2011,d05,15.3418
ben,2011,d06,17.7277
ben,2011,d07,16.8134
ben,2011,d08,16.0472
ben,2011,d09,22.0967
ben,2011,d10,23.8541
ben,2014,d01,17.3275
ben,2014,d02,12.3301
ben,2014,d03,15.3626
ben,2014,d04,16.921
ben,2014,d05,19.2388
ben,2014,d06,20.4424
ben,2014,d07,24.0256
ben,2014,d08,26.5864
ben,2014,d09,32.6219
ben,2014,d10,38.1688
ben,2017,d01,21.3922
ben,2017,d02,25.3649
ben,2017,d03,21.3309
ben,2017,d04,21.3915
ben,2017,d05,24.773
ben,2017,d06,22.8183
ben,2017,d07,22.5889
ben,2017,d08,26.663
ben,2017,d09,25.5387
ben,2017,d10,34.0783
bfa,1998,d01,3.1303
bfa,1998,d02,7.249
bfa,1998,d03,7.8603
bfa,1998,d04,7.0259
bfa,1998,d05,7.6613
bfa,1998,d06,8.3235
bfa,1998,d07,7.6464
bfa,1998,d08,4.8538
bfa,1998,d09,18.8678
bfa,1998,d10,42.3826
bfa,2003,d01,5.1717
bfa,2003,d02,6.2734
bfa,2003,d03,11.047
bfa,2003,d04,6.7451
bfa,2003,d05,14.8608
bfa,2003,d06,18.9085
bfa,2003,d07,14.7249
bfa,2003,d08,16.3132
bfa,2003,d09,38.5575
bfa,2003,d10,57.2096
bfa,2006,d01,12.4102
bfa,2006,d02,18.0458
bfa,2006,d03,14.2194
bfa,2006,d04,14.8285
bfa,2006,d05,16.1868
bfa,2006,d06,17.6069
bfa,2006,d07,25.8122
bfa,2006,d08,25.2395
bfa,2006,d09,57.4414
bfa,2006,d10,62.3245
bfa,2010,d01,19.5615
bfa,2010,d02,24.8712
bfa,2010,d03,23.5576
bfa,2010,d04,25.2318
bfa,2010,d05,24.4519
bfa,2010,d06,27.8235
bfa,2010,d07,34.425
bfa,2010,d08,42.3908
bfa,2010,d09,52.5705
bfa,2010,d10,61.639
bgd,1993,d01,56.2998
bgd,1993,d02,61.5285
bgd,1993,d03,57.2293
bgd,1993,d04,55.7468
bgd,1993,d05,55.7651
bgd,1993,d06,56.1521
bgd,1993,d07,53.8907
bgd,1993,d08,53.6173
bgd,1993,d09,55.5154
bgd,1993,d10,63.7652
bgd,1996,d01,61.3974
bgd,1996,d02,62.934
bgd,1996,d03,61.3129
bgd,1996,d04,57.4763
bgd,1996,d05,67.201
bgd,1996,d06,63.0528
bgd,1996,d07,57.3722
bgd,1996,d08,58.5067
bgd,1996,d09,65.0131
bgd,1996,d10,71.0196
bgd,1999,d01,53.0789
bgd,1999,d02,57.5779
bgd,1999,d03,62.0341
bgd,1999,d04,63.2386
bgd,1999,d05,61.0784
bgd,1999,d06,61.677
bgd,1999,d07,59.3001
bgd,1999,d08,64.3171
bgd,1999,d09,68.9595
bgd,1999,d10,65.7802
bgd,2004,d01,65.293
bgd,2004,d02,65.8329
bgd,2004,d03,66.9241
bgd,2004,d04,67.2684
bgd,2004,d05,68.5229
bgd,2004,d06,62.705
bgd,2004,d07,67.0045
bgd,2004,d08,65.1615
bgd,2004,d09,65.9897
bgd,2004,d10,70.893
bgd,2007,d01,65.2862
bgd,2007,d02,65.5835
bgd,2007,d03,63.3793
bgd,2007,d04,65.7179
bgd,2007,d05,65.7302
bgd,2007,d06,63.8181
bgd,2007,d07,65.8178
bgd,2007,d08,66.3227
bgd,2007,d09,63.8194
bgd,2007,d10,67.7917
bgd,2011,d01,68.8007
bgd,2011,d02,71.4975
bgd,2011,d03,68.8329
bgd,2011,d04,73.8186
bgd,2011,d05,70.7099
bgd,2011,d06,68.671
bgd,2011,d07,66.2115
bgd,2011,d08,69.3778
bgd,2011,d09,68.0439
bgd,2011,d10,71.1788
bgd,2012,d01,80.1845
bgd,2012,d02,83.1866
bgd,2012,d03,82.2013
bgd,2012,d04,82.351
bgd,2012,d05,81.6961
bgd,2012,d06,78.9459
bgd,2012,d07,77.9446
bgd,2012,d08,77.5165
bgd,2012,d09,75.4612
bgd,2012,d10,71.6884
bgd,2014,d01,71.8627
bgd,2014,d02,73.8147
bgd,2014,d03,73.6317
bgd,2014,d04,75.8604
bgd,2014,d05,74.9652
bgd,2014,d06,70.8821
bgd,2014,d07,70.0861
bgd,2014,d08,72.5086
bgd,2014,d09,70.9333
bgd,2014,d10,71.6446
bgd,2017,d01,76.3369
bgd,2017,d02,73.8061
bgd,2017,d03,70.8662
bgd,2017,d04,69.1933
bgd,2017,d05,69.7352
bgd,2017,d06,69.7659
bgd,2017,d07,68.064
bgd,2017,d08,69.8132
bgd,2017,d09,67.0024
bgd,2017,d10,68.6918
bgd,2019,d01,80.9331
bgd,2019,d02,80.9213
bgd,2019,d03,83.35
bgd,2019,d04,82.433
bgd,2019,d05,78.593
bgd,2019,d06,76.2957
bgd,2019,d07,73.1594
bgd,2019,d08,75.9116
bgd,2019,d09,73.267
bgd,2019,d10,73.1319
bih,2006,d01,8.5767
bih,2006,d02,11.2776
bih,2006,d03,22.0971
bih,2006,d04,16.1196
bih,2006,d05,12.1892
bih,2006,d06,18.0051
bih,2006,d07,26.5323
bih,2006,d08,24.332
bih,2006,d09,32.9476
bih,2006,d10,44.8078
bih,2011,d01,8.9607
bih,2011,d02,16.9406
bih,2011,d03,16.237
bih,2011,d04,11.7132
bih,2011,d05,19.8659
bih,2011,d06,23.4112
bih,2011,d07,22.1277
bih,2011,d08,24.1688
bih,2011,d09,34.4567
bih,2011,d10,42.4578
blr,2012,d01,68.8854
blr,2012,d02,68.5744
blr,2012,d03,74.427
blr,2012,d04,76.95
blr,2012,d05,75.7175
blr,2012,d06,71.9708
blr,2012,d07,76.996
blr,2012,d08,76.2502
blr,2012,d09,80.6408
blr,2012,d10,80.7397
blr,2019,d01,51.4864
blr,2019,d02,63.6933
blr,2019,d03,64.4034
blr,2019,d04,70.405
blr,2019,d05,62.1841
blr,2019,d06,64.485
blr,2019,d07,64.7499
blr,2019,d08,71.4879
blr,2019,d09,69.8365
blr,2019,d10,61.2736
blz,2006,d01,19.8443
blz,2006,d02,35.2662
blz,2006,d03,45.2437
blz,2006,d04,54.4948
blz,2006,d05,55.8893
blz,2006,d06,48.2023
blz,2006,d07,49.2045
blz,2006,d08,52.3809
blz,2006,d09,53.5101
blz,2006,d10,55.5762
blz,2011,d01,54.3176
blz,2011,d02,64.28
blz,2011,d03,70.6038
blz,2011,d04,71.1786
blz,2011,d05,71.7308
blz,2011,d06,73.3482
blz,2011,d07,80.9462
blz,2011,d08,78.2044
blz,2011,d09,72.1076
blz,2011,d10,88.3407
blz,2015,d01,44.1349
blz,2015,d02,56.8358
blz,2015,d03,62.3019
blz,2015,d04,62.6929
blz,2015,d05,67.4714
blz,2015,d06,64.9341
blz,2015,d07,66.4299
blz,2015,d08,70.0863
blz,2015,d09,68.3706
blz,2015,d10,71.9395
bol,1994,d01,2.2287
bol,1994,d02,2.7669
bol,1994,d03,8.8056
bol,1994,d04,11.2942
bol,1994,d05,14.3009
bol,1994,d06,24.2579
bol,1994,d07,25.8413
bol,1994,d08,32.1113
bol,1994,d09,44.7479
bol,1994,d10,59.4895
bol,1998,d01,7.55
bol,1998,d02,13.3557
bol,1998,d03,21.6084
bol,1998,d04,26.2016
bol,1998,d05,25.7474
bol,1998,d06,33.3163
bol,1998,d07,36.4706
bol,1998,d08,45.6439
bol,1998,d09,55.2198
bol,1998,d10,62.9535
bol,2003,d01,20.8002
bol,2003,d02,25.3614
bol,2003,d03,33.2764
bol,2003,d04,30.1499
bol,2003,d05,31.985
bol,2003,d06,38.8138
bol,2003,d07,42.6221
bol,2003,d08,52.7098
bol,2003,d09,51.8462
bol,2003,d10,67.5434
bol,2008,d01,23.775
bol,2008,d02,31.2504
bol,2008,d03,33.2333
bol,2008,d04,33.7423
bol,2008,d05,37.4399
bol,2008,d06,43.1979
bol,2008,d07,46.4041
bol,2008,d08,51.2288
bol,2008,d09,54.661
bol,2008,d10,58.7842
bra,1996,d01,62.5516
bra,1996,d02,71.5086
bra,1996,d03,79.8261
bra,1996,d04,83.9045
bra,1996,d05,85.2194
bra,1996,d06,87.1636
bra,1996,d07,86.1259
bra,1996,d08,82.9542
bra,1996,d09,85.0133
bra,1996,d10,88.3236
bra,2006,d01,84.6431
bra,2006,d02,91.0778
bra,2006,d03,90.8883
bra,2006,d04,92.5056
bra,2006,d05,92.1775
bra,2006,d06,93.3861
bra,2006,d07,91.8948
bra,2006,d08,93.3947
bra,2006,d09,93.6081
bra,2006,d10,91.6626
brb,2012,d01,72.3652
brb,2012,d02,63.8576
brb,2012,d03,61.3122
brb,2012,d04,65.9282
brb,2012,d05,62.8508
brb,2012,d06,67.2448
brb,2012,d07,71.0209
brb,2012,d08,78.9465
brb,2012,d09,72.8304
brb,2012,d10,86.2174
btn,2010,d01,88.4706
btn,2010,d02,86.1987
btn,2010,d03,88.055
btn,2010,d04,81.6705
btn,2010,d05,82.7987
btn,2010,d06,84.5701
btn,2010,d07,87.1497
btn,2010,d08,87.81
btn,2010,d09,84.9123
btn,2010,d10,86.0862
caf,1994,d01,3.2355
caf,1994,d02,3.2033
caf,1994,d03,3.4591
caf,1994,d04,4.9968
caf,1994,d05,6.6798
caf,1994,d06,8.4312
caf,1994,d07,7.329
caf,1994,d08,17.8829
caf,1994,d09,15.9304
caf,1994,d10,18.1695
caf,2006,d01,2.0301
caf,2006,d02,1.6653
caf,2006,d03,5.2405
caf,2006,d04,10.1543
caf,2006,d05,10.7417
caf,2006,d06,16.7484
caf,2006,d07,29.2134
caf,2006,d08,32.545
caf,2006,d09,33.6967
caf,2006,d10,60.0344
caf,2010,d01,4.2434
caf,2010,d02,6.8122
caf,2010,d03,5.8201
caf,2010,d04,4.8203
caf,2010,d05,11.5604
caf,2010,d06,11.9717
caf,2010,d07,19.2229
caf,2010,d08,37.6087
caf,2010,d09,44.6235
caf,2010,d10,50.1888
caf,2018,d01,8.4538
caf,2018,d02,7.2619
caf,2018,d03,10.9167
caf,2018,d04,8.7533
caf,2018,d05,12.1364
caf,2018,d06,14.7683
caf,2018,d07,23.8411
caf,2018,d08,32.7651
caf,2018,d09,38.3383
caf,2018,d10,50.3668
civ,1994,d01,2.8667
civ,1994,d02,5.4791
civ,1994,d03,3.895
civ,1994,d04,9.0273
civ,1994,d05,4.7063
civ,1994,d06,6.1675
civ,1994,d07,11.3324
civ,1994,d08,11.8425
civ,1994,d09,14.6231
civ,1994,d10,31.4166
civ,1998,d01,2.9412
civ,1998,d02,6.7604
civ,1998,d03,17.0207
civ,1998,d04,3.5158
civ,1998,d05,7.7239
civ,1998,d06,13.3143
civ,1998,d07,24.7337
civ,1998,d08,20.9064
civ,1998,d09,29.3669
civ,1998,d10,36.9336
civ,2006,d01,6.7037
civ,2006,d02,13.8029
civ,2006,d03,12.4482
civ,2006,d04,21.4133
civ,2006,d05,16.9012
civ,2006,d06,17.6078
civ,2006,d07,23.6751
civ,2006,d08,32.3353
civ,2006,d09,35.3424
civ,2006,d10,44.1927
civ,2011,d01,12.4859
civ,2011,d02,18.9643
civ,2011,d03,21.3639
civ,2011,d04,22.9906
civ,2011,d05,17.933
civ,2011,d06,25.6515
civ,2011,d07,25.3873
civ,2011,d08,36.0685
civ,2011,d09,34.7946
civ,2011,d10,38.3039
civ,2016,d01,22.58
civ,2016,d02,21.4235
civ,2016,d03,23.5183
civ,2016,d04,21.1721
civ,2016,d05,27.0835
civ,2016,d06,32.2178
civ,2016,d07,29.9339
civ,2016,d08,40.2753
civ,2016,d09,46.3993
civ,2016,d10,40.6341
cmr,1998,d01,7.2353
cmr,1998,d02,3.9315
cmr,1998,d03,9.6781
cmr,1998,d04,5.5407
cmr,1998,d05,10.4717
cmr,1998,d06,19.3385
cmr,1998,d07,22.1906
cmr,1998,d08,22.3457
cmr,1998,d09,23.1005
cmr,1998,d10,34.442
cmr,2004,d01,5.0763
cmr,2004,d02,12.1287
cmr,2004,d03,12.9403
cmr,2004,d04,12.0512
cmr,2004,d05,18.3553
cmr,2004,d06,24.9649
cmr,2004,d07,30.7624
cmr,2004,d08,34.6097
cmr,2004,d09,40.8623
cmr,2004,d10,44.0126
cmr,2011,d01,4.1455
cmr,2011,d02,11.1901
cmr,2011,d03,16.6153
cmr,2011,d04,23.2708
cmr,2011,d05,25.8986
cmr,2011,d06,30.1901
cmr,2011,d07,36.5073
cmr,2011,d08,36.0456
cmr,2011,d09,41.3175
cmr,2011,d10,43.5618
cmr,2014,d01,6.1494
cmr,2014,d02,11.8351
cmr,2014,d03,16.5904
cmr,2014,d04,29.0687
cmr,2014,d05,35.8879
cmr,2014,d06,34.0934
cmr,2014,d07,40.402
cmr,2014,d08,45.6443
cmr,2014,d09,49.7447
cmr,2014,d10,52.7473
cmr,2018,d01,6.767
cmr,2018,d02,15.1172
cmr,2018,d03,27.514
cmr,2018,d04,30.8551
cmr,2018,d05,35.807
cmr,2018,d06,34.8598
cmr,2018,d07,37.1302
cmr,2018,d08,37.6386
cmr,2018,d09,42.0136
cmr,2018,d10,47.337
cod,2007,d01,7.3114
cod,2007,d02,5.8977
cod,2007,d03,7.8867
cod,2007,d04,6.3619
cod,2007,d05,7.2458
cod,2007,d06,10.5502
cod,2007,d07,11.1336
cod,2007,d08,18.001
cod,2007,d09,21.6254
cod,2007,d10,26.4946
cod,2010,d01,5.5177
cod,2010,d02,3.1238
cod,2010,d03,6.9596
cod,2010,d04,5.2721
cod,2010,d05,8.1777
cod,2010,d06,6.663
cod,2010,d07,11.8022
cod,2010,d08,18.3791
cod,2010,d09,19.4001
cod,2010,d10,30.7637
cod,2013,d01,7.5244
cod,2013,d02,6.934
cod,2013,d03,8.6888
cod,2013,d04,11.2843
cod,2013,d05,8.7917
cod,2013,d06,9.6442
cod,2013,d07,18.8028
cod,2013,d08,20.3169
cod,2013,d09,24.0779
cod,2013,d10,25.8744
cod,2017,d01,8.2071
cod,2017,d02,8.8276
cod,2017,d03,9.7064
cod,2017,d04,12.0497
cod,2017,d05,14.0165
cod,2017,d06,18.0876
cod,2017,d07,21.8258
cod,2017,d08,34.8025
cod,2017,d09,42.7912
cod,2017,d10,50.6033
cog,2005,d01,11.6985
cog,2005,d02,17.815
cog,2005,d03,11.5923
cog,2005,d04,11.3309
cog,2005,d05,19.5031
cog,2005,d06,17.4339
cog,2005,d07,19.505
cog,2005,d08,29.2395
cog,2005,d09,25.1404
cog,2005,d10,32.9051
cog,2011,d01,13.119
cog,2011,d02,16.213
cog,2011,d03,20.9325
cog,2011,d04,22.3359
cog,2011,d05,31.9115
cog,2011,d06,34.3669
cog,2011,d07,29.8736
cog,2011,d08,32.5375
cog,2011,d09,44.4169
cog,2011,d10,41.6594
cog,2014,d01,18.0805
cog,2014,d02,26.4247
cog,2014,d03,32.8319
cog,2014,d04,32.9821
cog,2014,d05,34.2163
cog,2014,d06,38.4061
cog,2014,d07,45.7639
cog,2014,d08,40.2726
cog,2014,d09,44.5004
cog,2014,d10,42.6272
col,1995,d01,48.0556
col,1995,d02,59.4251
col,1995,d03,70.7883
col,1995,d04,72.2878
col,1995,d05,72.6789
col,1995,d06,74.3064
col,1995,d07,73.4474
col,1995,d08,77.6938
col,1995,d09,78.6893
col,1995,d10,80.9659
col,2005,d01,62.0116
col,2005,d02,73.6114
col,2005,d03,74.6836
col,2005,d04,78.3996
col,2005,d05,78.1429
col,2005,d06,80.4998
col,2005,d07,81.5445
col,2005,d08,84.0437
col,2005,d09,84.4486
col,2005,d10,85.7068
col,2010,d01,72.957
col,2010,d02,82.6443
col,2010,d03,83.0213
col,2010,d04,83.6066
col,2010,d05,81.9482
col,2010,d06,84.3748
col,2010,d07,84.8688
col,2010,d08,86.3903
col,2010,d09,87.8402
col,2010,d10,87.7554
col,2015,d01,78.138
col,2015,d02,85.8246
col,2015,d03,87.4827
col,2015,d04,85.0831
col,2015,d05,86.8896
col,2015,d06,87.2719
col,2015,d07,88.7564
col,2015,d08,90.0996
col,2015,d09,86.5877
col,2015,d10,89.4097
com,1996,d01,9.4017
com,1996,d02,12.8205
com,1996,d03,17.4312
com,1996,d04,22.449
com,1996,d05,18.2927
com,1996,d06,20.2128
com,1996,d07,17.6471
com,1996,d08,20.7792
com,1996,d09,35.5556
com,1996,d10,34.1772
com,2012,d01,13.1693
com,2012,d02,21.8073
com,2012,d03,24.8256
com,2012,d04,25.1484
com,2012,d05,26.6847
com,2012,d06,23.8299
com,2012,d07,30.6151
com,2012,d08,33.5495
com,2012,d09,26.6377
com,2012,d10,30.2723
cri,2011,d01,82.7153
cri,2011,d02,88.2663
cri,2011,d03,90.8312
cri,2011,d04,82.8279
cri,2011,d05,88.7197
cri,2011,d06,88.4925
cri,2011,d07,93.5162
cri,2011,d08,89.951
cri,2011,d09,93.3426
cri,2011,d10,93.7654
cri,2018,d01,83.5616
cri,2018,d02,81.5944
cri,2018,d03,84.8757
cri,2018,d04,82.8742
cri,2018,d05,76.6407
cri,2018,d06,78.3532
cri,2018,d07,81.3971
cri,2018,d08,82.0234
cri,2018,d09,87.3201
cri,2018,d10,84.647
cub,2019,d01,84.7061
cub,2019,d02,83.4936
cub,2019,d03,83.4026
cub,2019,d04,87.5748
cub,2019,d05,88.0995
cub,2019,d06,86.7557
cub,2019,d07,88.9788
cub,2019,d08,83.461
cub,2019,d09,85.3694
cub,2019,d10,85.0615
dom,1996,d01,60.3128
dom,1996,d02,74.3901
dom,1996,d03,74.946
dom,1996,d04,79.1229
dom,1996,d05,74.7677
dom,1996,d06,75.5996
dom,1996,d07,80.4233
dom,1996,d08,81.4355
dom,1996,d09,80.1926
dom,1996,d10,80.7798
dom,1999,d01,68.8944
dom,1999,d02,70.0706
dom,1999,d03,77.85
dom,1999,d04,83.0628
dom,1999,d05,85.24
dom,1999,d06,73.4278
dom,1999,d07,72.4136
dom,1999,d08,71.7407
dom,1999,d09,83.1104
dom,1999,d10,82.1801
dom,2002,d01,70.8047
dom,2002,d02,74.0941
dom,2002,d03,78.4237
dom,2002,d04,77.2476
dom,2002,d05,79.5196
dom,2002,d06,84.4693
dom,2002,d07,82.4651
dom,2002,d08,80.9627
dom,2002,d09,79.9626
dom,2002,d10,85.8729
dom,2007,d01,75.2568
dom,2007,d02,82.139
dom,2007,d03,82.9338
dom,2007,d04,83.9141
dom,2007,d05,81.2075
dom,2007,d06,83.7737
dom,2007,d07,80.7279
dom,2007,d08,85.8581
dom,2007,d09,82.0161
dom,2007,d10,86.4216
dom,2013,d01,75.4823
dom,2013,d02,82.379
dom,2013,d03,82.8042
dom,2013,d04,85.7734
dom,2013,d05,79.0532
dom,2013,d06,82.4007
dom,2013,d07,83.5751
dom,2013,d08,80.7253
dom,2013,d09,86.814
dom,2013,d10,83.6904
dom,2014,d01,75.1296
dom,2014,d02,81.7592
dom,2014,d03,85.6943
dom,2014,d04,84.9632
dom,2014,d05,84.5128
dom,2014,d06,84.1621
dom,2014,d07,86.3746
dom,2014,d08,80.9967
dom,2014,d09,85.9069
dom,2014,d10,87.7854
dom,2019,d01,74.5171
dom,2019,d02,76.7403
dom,2019,d03,77.9372
dom,2019,d04,76.6714
dom,2019,d05,79.1764
dom,2019,d06,78.9062
dom,2019,d07,77.2549
dom,2019,d08,80.3255
dom,2019,d09,78.4254
dom,2019,d10,78.0584
dza,2012,d01,83.1464
dza,2012,d02,82.6109
dza,2012,d03,79.8514
dza,2012,d04,80.883
dza,2012,d05,80.327
dza,2012,d06,78.1112
dza,2012,d07,79.268
dza,2012,d08,81.8659
dza,2012,d09,80.8171
dza,2012,d10,80.2274
dza,2018,d01,72.1752
dza,2018,d02,72.4574
dza,2018,d03,69.8594
dza,2018,d04,67.0626
dza,2018,d05,65.6566
dza,2018,d06,63.5492
dza,2018,d07,64.6097
dza,2018,d08,67.4852
dza,2018,d09,68.4016
dza,2018,d10,68.5244
ecu,2018,d01,82.2373
ecu,2018,d02,89.6141
ecu,2018,d03,88.4409
ecu,2018,d04,88.99
ecu,2018,d05,87.4343
ecu,2018,d06,89.1719
ecu,2018,d07,86.6655
ecu,2018,d08,84.2561
ecu,2018,d09,87.782
ecu,2018,d10,89.8279
egy,1995,d01,48.3033
egy,1995,d02,53.0238
egy,1995,d03,62.4685
egy,1995,d04,61.8962
egy,1995,d05,70.8797
egy,1995,d06,73.2235
egy,1995,d07,74.4308
egy,1995,d08,77.2608
egy,1995,d09,79.9266
egy,1995,d10,80.8349
egy,2000,d01,64.0818
egy,2000,d02,72.2857
egy,2000,d03,75.223
egy,2000,d04,77.2869
egy,2000,d05,80.1119
egy,2000,d06,79.8317
egy,2000,d07,82.5155
egy,2000,d08,84.0547
egy,2000,d09,86.0736
egy,2000,d10,85.1858
egy,2005,d01,70.2367
egy,2005,d02,76.013
egy,2005,d03,77.3339
egy,2005,d04,79.7139
egy,2005,d05,80.932
egy,2005,d06,80.662
egy,2005,d07,83.1627
egy,2005,d08,83.8992
egy,2005,d09,84.5298
egy,2005,d10,82.3816
egy,2008,d01,72.1104
egy,2008,d02,77.7499
egy,2008,d03,79.2094
egy,2008,d04,81.3949
egy,2008,d05,82.5383
egy,2008,d06,82.343
egy,2008,d07,84.268
egy,2008,d08,84.2694
egy,2008,d09,86.2453
egy,2008,d10,86.5849
egy,2014,d01,77.2644
egy,2014,d02,74.8161
egy,2014,d03,75.6444
egy,2014,d04,77.982
egy,2014,d05,82.2191
egy,2014,d06,82.3345
egy,2014,d07,80.8509
egy,2014,d08,83.197
egy,2014,d09,80.6214
egy,2014,d10,83.2491
eth,2000,d01,9.6503
eth,2000,d02,4.1434
eth,2000,d03,5.6589
eth,2000,d04,7.9945
eth,2000,d05,5.2884
eth,2000,d06,5.2617
eth,2000,d07,6.9518
eth,2000,d08,9.5984
eth,2000,d09,25.2816
eth,2000,d10,51.3541
eth,2005,d01,10.6343
eth,2005,d02,10.2382
eth,2005,d03,12.1315
eth,2005,d04,16.9963
eth,2005,d05,20.1952
eth,2005,d06,26.0589
eth,2005,d07,27.1805
eth,2005,d08,30.7981
eth,2005,d09,41.3925
eth,2005,d10,66.1675
eth,2011,d01,25.7906
eth,2011,d02,31.0251
eth,2011,d03,42.0762
eth,2011,d04,44.3617
eth,2011,d05,39.9116
eth,2011,d06,50.1399
eth,2011,d07,45.5953
eth,2011,d08,55.1983
eth,2011,d09,68.3533
eth,2011,d10,75.2682
eth,2016,d01,35.1646
eth,2016,d02,46.8798
eth,2016,d03,52.6511
eth,2016,d04,52.8005
eth,2016,d05,60.8011
eth,2016,d06,59.1015
eth,2016,d07,65.6693
eth,2016,d08,65.8945
eth,2016,d09,70.7847
eth,2016,d10,77.7663
gab,2000,d01,6.5674
gab,2000,d02,14.6496
gab,2000,d03,16.745
gab,2000,d04,12.2166
gab,2000,d05,20.396
gab,2000,d06,16.1828
gab,2000,d07,24.83
gab,2000,d08,17.8105
gab,2000,d09,27.0897
gab,2000,d10,29.9173
gab,2012,d01,14.8677
gab,2012,d02,25.9798
gab,2012,d03,31.9024
gab,2012,d04,30.3867
gab,2012,d05,30.0958
gab,2012,d06,35.5292
gab,2012,d07,34.2653
gab,2012,d08,39.4712
gab,2012,d09,34.7133
gab,2012,d10,42.0734
gha,1993,d01,12.7517
gha,1993,d02,7.2464
gha,1993,d03,10.6383
gha,1993,d04,11.4286
gha,1993,d05,13.5135
gha,1993,d06,14.5
gha,1993,d07,20.2073
gha,1993,d08,18.5
gha,1993,d09,29.7674
gha,1993,d10,30.6604
gha,1998,d01,13.1352
gha,1998,d02,19.0402
gha,1998,d03,19.2991
gha,1998,d04,21.4004
gha,1998,d05,21.5516
gha,1998,d06,18.9709
gha,1998,d07,26.398
gha,1998,d08,30.0834
gha,1998,d09,26.4009
gha,1998,d10,35.1587
gha,2003,d01,13.0574
gha,2003,d02,18.5083
gha,2003,d03,28.9617
gha,2003,d04,31.2173
gha,2003,d05,27.9395
gha,2003,d06,32.1661
gha,2003,d07,29.6971
gha,2003,d08,39.4767
gha,2003,d09,42.8832
gha,2003,d10,45.0655
gha,2008,d01,23.6655
gha,2008,d02,22.1694
gha,2008,d03,23.0982
gha,2008,d04,22.5646
gha,2008,d05,28.6278
gha,2008,d06,22.9176
gha,2008,d07,30.7946
gha,2008,d08,31.8417
gha,2008,d09,35.6811
gha,2008,d10,38.6831
gha,2011,d01,29.174
gha,2011,d02,32.2578
gha,2011,d03,39.9079
gha,2011,d04,38.5757
gha,2011,d05,38.5757
gha,2011,d06,41.8617
gha,2011,d07,40.3403
gha,2011,d08,47.7267
gha,2011,d09,48.1399
gha,2011,d10,39.4338
gha,2014,d01,39.5038
gha,2014,d02,40.1308
gha,2014,d03,41.7292
gha,2014,d04,40.7391
gha,2014,d05,37.8484
gha,2014,d06,44.8861
gha,2014,d07,35.8503
gha,2014,d08,35.331
gha,2014,d09,34.3363
gha,2014,d10,35.317
gha,2017,d01,45.1421
gha,2017,d02,37.7891
gha,2017,d03,40.4282
gha,2017,d04,40.2074
gha,2017,d05,40.0673
gha,2017,d06,41.7105
gha,2017,d07,41.0779
gha,2017,d08,39.0493
gha,2017,d09,33.6638
gha,2017,d10,37.1749
gin,1999,d01,4.6611
gin,1999,d02,4.0924
gin,1999,d03,6.8969
gin,1999,d04,7.9098
gin,1999,d05,8.4629
gin,1999,d06,10.6596
gin,1999,d07,16.2294
gin,1999,d08,24.1381
gin,1999,d09,19.0604
gin,1999,d10,25.7424
gin,2005,d01,5.684
gin,2005,d02,4.0198
gin,2005,d03,5.8308
gin,2005,d04,4.6741
gin,2005,d05,7.9551
gin,2005,d06,8.6456
gin,2005,d07,10.6766
gin,2005,d08,21.7278
gin,2005,d09,24.8841
gin,2005,d10,27.7924
gin,2012,d01,6.9019
gin,2012,d02,3.7637
gin,2012,d03,8.8466
gin,2012,d04,2.2046
gin,2012,d05,9.2491
gin,2012,d06,13.9469
gin,2012,d07,5.6755
gin,2012,d08,18.6982
gin,2012,d09,18.3339
gin,2012,d10,22.2629
gin,2016,d01,6.8308
gin,2016,d02,9.8818
gin,2016,d03,16.1223
gin,2016,d04,17.2745
gin,2016,d05,18.9828
gin,2016,d06,24.8378
gin,2016,d07,22.8621
gin,2016,d08,22.0483
gin,2016,d09,33.572
gin,2016,d10,35.0269
gin,2018,d01,6.3252
gin,2018,d02,8.523
gin,2018,d03,16.3119
gin,2018,d04,18.3015
gin,2018,d05,15.2056
gin,2018,d06,17.3448
gin,2018,d07,18.5632
gin,2018,d08,26.3468
gin,2018,d09,29.2961
gin,2018,d10,39.3958
gmb,2010,d01,12.0424
gmb,2010,d02,15.3239
gmb,2010,d03,21.5662
gmb,2010,d04,18.4307
gmb,2010,d05,20.1933
gmb,2010,d06,25.1277
gmb,2010,d07,25.2351
gmb,2010,d08,25.1362
gmb,2010,d09,39.9798
gmb,2010,d10,48.8042
gmb,2013,d01,15.7857
gmb,2013,d02,13.5861
gmb,2013,d03,17.1621
gmb,2013,d04,12.5771
gmb,2013,d05,18.1085
gmb,2013,d06,17.3361
gmb,2013,d07,27.1599
gmb,2013,d08,31.0029
gmb,2013,d09,37.2492
gmb,2013,d10,38.4465
gmb,2018,d01,31.8041
gmb,2018,d02,35.3548
gmb,2018,d03,27.0768
gmb,2018,d04,33.4863
gmb,2018,d05,33.4406
gmb,2018,d06,36.8053
gmb,2018,d07,39.3148
gmb,2018,d08,45.6415
gmb,2018,d09,48.1707
gmb,2018,d10,44.2728
gmb,2019,d01,37.0618
gmb,2019,d02,39.4029
gmb,2019,d03,37.1963
gmb,2019,d04,32.5076
gmb,2019,d05,34.3982
gmb,2019,d06,38.5638
gmb,2019,d07,40.9623
gmb,2019,d08,50.9779
gmb,2019,d09,42.1016
gmb,2019,d10,38.7723
gnb,2006,d01,4.1138
gnb,2006,d02,4.7944
gnb,2006,d03,6.1395
gnb,2006,d04,7.5566
gnb,2006,d05,7.7734
gnb,2006,d06,9.2241
gnb,2006,d07,19.5408
gnb,2006,d08,30.8326
gnb,2006,d09,46.1558
gnb,2006,d10,45.8509
gnb,2014,d01,17.5083
gnb,2014,d02,21.7038
gnb,2014,d03,18.5426
gnb,2014,d04,23.7193
gnb,2014,d05,19.8102
gnb,2014,d06,30.4308
gnb,2014,d07,43.0298
gnb,2014,d08,47.7207
gnb,2014,d09,47.6443
gnb,2014,d10,52.7893
gnb,2018,d01,33.8795
gnb,2018,d02,38.3074
gnb,2018,d03,29.3212
gnb,2018,d04,34.9851
gnb,2018,d05,39.2397
gnb,2018,d06,37.6693
gnb,2018,d07,48.7661
gnb,2018,d08,42.5981
gnb,2018,d09,48.5519
gnb,2018,d10,47.5538
gtm,1995,d01,11.0663
gtm,1995,d02,14.1103
gtm,1995,d03,16.8735
gtm,1995,d04,27.5294
gtm,1995,d05,36.817
gtm,1995,d06,42.7112
gtm,1995,d07,48.4456
gtm,1995,d08,65.1626
gtm,1995,d09,76.3778
gtm,1995,d10,76.8854
gtm,1998,d01,13.1145
gtm,1998,d02,13.0945
gtm,1998,d03,19.8172
gtm,1998,d04,30.2391
gtm,1998,d05,38.3371
gtm,1998,d06,44.7219
gtm,1998,d07,56.0836
gtm,1998,d08,61.1829
gtm,1998,d09,70.9802
gtm,1998,d10,76.6054
gtm,2014,d01,41.9607
gtm,2014,d02,53.5468
gtm,2014,d03,54.0161
gtm,2014,d04,60.8236
gtm,2014,d05,66.2931
gtm,2014,d06,67.3208
gtm,2014,d07,72.0568
gtm,2014,d08,72.9429
gtm,2014,d09,77.4455
gtm,2014,d10,76.9735
guy,2006,d01,29.2348
guy,2006,d02,55.6958
guy,2006,d03,51.3846
guy,2006,d04,54.6702
guy,2006,d05,49.1975
guy,2006,d06,50.7313
guy,2006,d07,50.7177
guy,2006,d08,53.2122
guy,2006,d09,49.6924
guy,2006,d10,49.3391
guy,2009,d01,34.7695
guy,2009,d02,51.1157
guy,2009,d03,55.9361
guy,2009,d04,56.4852
guy,2009,d05,59.8749
guy,2009,d06,61.5782
guy,2009,d07,53.9135
guy,2009,d08,59.2582
guy,2009,d09,60.0347
guy,2009,d10,63.7758
guy,2014,d01,44.8542
guy,2014,d02,42.2931
guy,2014,d03,48.1152
guy,2014,d04,50.5577
guy,2014,d05,42.6555
guy,2014,d06,49.2168
guy,2014,d07,57.4098
guy,2014,d08,49.4242
guy,2014,d09,55.0965
guy,2014,d10,50.9525
guy,2019,d01,37.7492
guy,2019,d02,44.0502
guy,2019,d03,49.6244
guy,2019,d04,40.3616
guy,2019,d05,51.206
guy,2019,d06,43.4596
guy,2019,d07,47.1328
guy,2019,d08,37.3692
guy,2019,d09,46.9875
guy,2019,d10,41.5343
hnd,2005,d01,50.189
hnd,2005,d02,55.0129
hnd,2005,d03,61.0249
hnd,2005,d04,67.6907
hnd,2005,d05,70.1076
hnd,2005,d06,72.8723
hnd,2005,d07,74.2455
hnd,2005,d08,72.9378
hnd,2005,d09,74.5268
hnd,2005,d10,76.4929
hnd,2011,d01,62.847
hnd,2011,d02,72.8746
hnd,2011,d03,73.1412
hnd,2011,d04,77.6366
hnd,2011,d05,76.6714
hnd,2011,d06,79.0812
hnd,2011,d07,78.1691
hnd,2011,d08,80.1935
hnd,2011,d09,77.0002
hnd,2011,d10,80.3439
hnd,2019,d01,79.0865
hnd,2019,d02,82.0469
hnd,2019,d03,81.7651
hnd,2019,d04,83.349
hnd,2019,d05,83.2941
hnd,2019,d06,81.7317
hnd,2019,d07,80.6781
hnd,2019,d08,79.697
hnd,2019,d09,81.6086
hnd,2019,d10,79.281
hti,1994,d01,11.6215
hti,1994,d02,5.5549
hti,1994,d03,11.3588
hti,1994,d04,15.2514
hti,1994,d05,19.5294
hti,1994,d06,18.8376
hti,1994,d07,29.3799
hti,1994,d08,32.8766
hti,1994,d09,27.7093
hti,1994,d10,33.0779
hti,2000,d01,22.3477
hti,2000,d02,31.8155
hti,2000,d03,26.4639
hti,2000,d04,35.1786
hti,2000,d05,42.7172
hti,2000,d06,33.4116
hti,2000,d07,35.8849
hti,2000,d08,31.0682
hti,2000,d09,31.8334
hti,2000,d10,38.7816
hti,2005,d01,16.9046
hti,2005,d02,25.54
hti,2005,d03,23.4912
hti,2005,d04,31.2083
hti,2005,d05,35.3376
hti,2005,d06,35.9735
hti,2005,d07,38.1913
hti,2005,d08,41.7666
hti,2005,d09,37.3006
hti,2005,d10,46.2208
hti,2012,d01,44.3222
hti,2012,d02,42.5609
hti,2012,d03,41.0986
hti,2012,d04,40.8502
hti,2012,d05,48.5729
hti,2012,d06,46.1264
hti,2012,d07,47.0782
hti,2012,d08,45.7518
hti,2012,d09,45.4728
hti,2012,d10,38.3278
hti,2016,d01,35.0575
hti,2016,d02,38.4593
hti,2016,d03,41.9076
hti,2016,d04,42.5808
hti,2016,d05,45.3904
hti,2016,d06,47.9829
hti,2016,d07,44.8557
hti,2016,d08,43.8087
hti,2016,d09,43.7257
hti,2016,d10,46.1036
idn,1997,d01,72.0464
idn,1997,d02,79.1954
idn,1997,d03,80.5281
idn,1997,d04,82.1458
idn,1997,d05,84.2339
idn,1997,d06,83.5105
idn,1997,d07,81.6389
idn,1997,d08,83.3876
idn,1997,d09,83.9943
idn,1997,d10,78.8468
idn,2002,d01,68.6997
idn,2002,d02,79.133
idn,2002,d03,82.8864
idn,2002,d04,83.0873
idn,2002,d05,83.3677
idn,2002,d06,81.9538
idn,2002,d07,83.8672
idn,2002,d08,83.4142
idn,2002,d09,82.0671
idn,2002,d10,81.1111
idn,2007,d01,70.829
idn,2007,d02,79.7876
idn,2007,d03,82.1724
idn,2007,d04,84.5413
idn,2007,d05,83.3127
idn,2007,d06,81.4227
idn,2007,d07,82.9955
idn,2007,d08,83.1261
idn,2007,d09,80.8315
idn,2007,d10,80.3334
idn,2012,d01,75.1495
idn,2012,d02,76.8903
idn,2012,d03,83.2911
idn,2012,d04,81.5431
idn,2012,d05,80.4617
idn,2012,d06,81.8047
idn,2012,d07,80.5039
idn,2012,d08,78.4038
idn,2012,d09,76.1135
idn,2012,d10,73.985
idn,2017,d01,75.5247
idn,2017,d02,81.1354
idn,2017,d03,80.9694
idn,2017,d04,79.9147
idn,2017,d05,79.5939
idn,2017,d06,78.1992
idn,2017,d07,77.0604
idn,2017,d08,76.4942
idn,2017,d09,72.7271
idn,2017,d10,68.7414
ind,1998,d01,56.3015
ind,1998,d02,52.8258
ind,1998,d03,59.3113
ind,1998,d04,62.9956
ind,1998,d05,68.5182
ind,1998,d06,70.9206
ind,1998,d07,70.8857
ind,1998,d08,72.4834
ind,1998,d09,72.3152
ind,1998,d10,72.904
ind,2005,d01,53.8092
ind,2005,d02,59.5423
ind,2005,d03,64.3446
ind,2005,d04,66.3119
ind,2005,d05,69.3033
ind,2005,d06,73.0214
ind,2005,d07,74.9371
ind,2005,d08,75.8824
ind,2005,d09,75.4114
ind,2005,d10,77.908
ind,2015,d01,58.3314
ind,2015,d02,64.4422
ind,2015,d03,68.3396
ind,2015,d04,72.0885
ind,2015,d05,74.2396
ind,2015,d06,74.8579
ind,2015,d07,75.525
ind,2015,d08,74.3518
ind,2015,d09,73.6314
ind,2015,d10,76.2092
irq,2011,d01,55.3101
irq,2011,d02,56.585
irq,2011,d03,58.0934
irq,2011,d04,60.8395
irq,2011,d05,58.8183
irq,2011,d06,58.53
irq,2011,d07,58.7983
irq,2011,d08,65.257
irq,2011,d09,61.7527
irq,2011,d10,57.8469
irq,2018,d01,56.6663
irq,2018,d02,63.6974
irq,2018,d03,61.5523
irq,2018,d04,55.528
irq,2018,d05,59.7662
irq,2018,d06,59.7216
irq,2018,d07,54.8156
irq,2018,d08,50.8934
irq,2018,d09,49.6717
irq,2018,d10,38.7841
jor,1997,d01,38.6074
jor,1997,d02,43.059
jor,1997,d03,47.6092
jor,1997,d04,53.1221
jor,1997,d05,50.6804
jor,1997,d06,50.868
jor,1997,d07,57.3694
jor,1997,d08,57.9384
jor,1997,d09,60.2924
jor,1997,d10,63.5591
jor,2002,d01,40.1185
jor,2002,d02,44.7388
jor,2002,d03,49.1216
jor,2002,d04,55.2733
jor,2002,d05,55.9883
jor,2002,d06,56.8211
jor,2002,d07,56.8112
jor,2002,d08,65.5963
jor,2002,d09,62.428
jor,2002,d10,66.0107
jor,2007,d01,48.3748
jor,2007,d02,50.4999
jor,2007,d03,51.0081
jor,2007,d04,55.03
jor,2007,d05,49.969
jor,2007,d06,57.94
jor,2007,d07,64.1982
jor,2007,d08,66.2459
jor,2007,d09,59.3462
jor,2007,d10,68.8121
jor,2012,d01,49.8542
jor,2012,d02,55.7402
jor,2012,d03,52.5837
jor,2012,d04,57.5336
jor,2012,d05,53.932
jor,2012,d06,57.0413
jor,2012,d07,61.302
jor,2012,d08,59.4439
jor,2012,d09,58.2543
jor,2012,d10,51.5248
jor,2017,d01,47.2364
jor,2017,d02,54.8026
jor,2017,d03,55.329
jor,2017,d04,55.4571
jor,2017,d05,54.0902
jor,2017,d06,54.0379
jor,2017,d07,55.2065
jor,2017,d08,57.3358
jor,2017,d09,57.8039
jor,2017,d10,59.8846
kaz,1995,d01,59.1358
kaz,1995,d02,63.3161
kaz,1995,d03,71.2338
kaz,1995,d04,69.0549
kaz,1995,d05,53.8522
kaz,1995,d06,58.7585
kaz,1995,d07,60.9643
kaz,1995,d08,56.1566
kaz,1995,d09,64.5784
kaz,1995,d10,61.9661
kaz,1999,d01,64.8232
kaz,1999,d02,64.2807
kaz,1999,d03,66.6201
kaz,1999,d04,69.8217
kaz,1999,d05,71.8452
kaz,1999,d06,73.0697
kaz,1999,d07,72.458
kaz,1999,d08,69.0526
kaz,1999,d09,70.9792
kaz,1999,d10,75.8061
kaz,2010,d01,77.5399
kaz,2010,d02,75.1801
kaz,2010,d03,81.5356
kaz,2010,d04,79.08
kaz,2010,d05,81.6038
kaz,2010,d06,81.0901
kaz,2010,d07,81.0065
kaz,2010,d08,83.5618
kaz,2010,d09,82.9721
kaz,2010,d10,87.6977
kaz,2015,d01,84.5239
kaz,2015,d02,81.9082
kaz,2015,d03,82.5698
kaz,2015,d04,82.7548
kaz,2015,d05,79.6876
kaz,2015,d06,78.2597
kaz,2015,d07,80.6581
kaz,2015,d08,84.5648
kaz,2015,d09,80.5816
kaz,2015,d10,82.6539
ken,1993,d01,12.182
ken,1993,d02,23.3114
ken,1993,d03,25.1557
ken,1993,d04,27.0551
ken,1993,d05,34.6573
ken,1993,d06,42.3554
ken,1993,d07,47.7923
ken,1993,d08,50.225
ken,1993,d09,56.6342
ken,1993,d10,64.1655
ken,1998,d01,16.994
ken,1998,d02,25.3034
ken,1998,d03,28.9844
ken,1998,d04,52.4349
ken,1998,d05,48.0866
ken,1998,d06,51.9124
ken,1998,d07,59.691
ken,1998,d08,55.8821
ken,1998,d09,71.6153
ken,1998,d10,66.1063
ken,2003,d01,15.4284
ken,2003,d02,27.9758
ken,2003,d03,29.7805
ken,2003,d04,47.6408
ken,2003,d05,35.8512
ken,2003,d06,57.6098
ken,2003,d07,52.0097
ken,2003,d08,63.3576
ken,2003,d09,53.8493
ken,2003,d10,73.017
ken,2008,d01,21.3326
ken,2008,d02,34.15
ken,2008,d03,41.0918
ken,2008,d04,49.0666
ken,2008,d05,54.6765
ken,2008,d06,64.4849
ken,2008,d07,63.688
ken,2008,d08,66.5029
ken,2008,d09,62.1539
ken,2008,d10,66.101
ken,2014,d01,30.0726
ken,2014,d02,56.1534
ken,2014,d03,62.5361
ken,2014,d04,70.024
ken,2014,d05,70.3592
ken,2014,d06,74.8752
ken,2014,d07,74.855
ken,2014,d08,81.0548
ken,2014,d09,78.689
ken,2014,d10,78.6341
kgz,1997,d01,64.2766
kgz,1997,d02,65.2201
kgz,1997,d03,69.7771
kgz,1997,d04,67.3877
kgz,1997,d05,71.6016
kgz,1997,d06,70.3372
kgz,1997,d07,66.6587
kgz,1997,d08,73.0746
kgz,1997,d09,65.7818
kgz,1997,d10,71.1316
kgz,2005,d01,70.6205
kgz,2005,d02,73.5023
kgz,2005,d03,78.0952
kgz,2005,d04,63.1208
kgz,2005,d05,67.7225
kgz,2005,d06,78.1697
kgz,2005,d07,74.7025
kgz,2005,d08,80.3477
kgz,2005,d09,78.649
kgz,2005,d10,73.7047
kgz,2012,d01,73.8208
kgz,2012,d02,61.0269
kgz,2012,d03,64.6804
kgz,2012,d04,63.0507
kgz,2012,d05,59.1
kgz,2012,d06,58.9888
kgz,2012,d07,51.9117
kgz,2012,d08,58.3182
kgz,2012,d09,65.3809
kgz,2012,d10,59.7208
kgz,2014,d01,67.9921
kgz,2014,d02,62.663
kgz,2014,d03,59.7657
kgz,2014,d04,61.0783
kgz,2014,d05,59.725
kgz,2014,d06,59.7547
kgz,2014,d07,59.6984
kgz,2014,d08,72.3334
kgz,2014,d09,68.6667
kgz,2014,d10,68.5874
kgz,2018,d01,64.3179
kgz,2018,d02,65.3431
kgz,2018,d03,59.1221
kgz,2018,d04,57.9568
kgz,2018,d05,69.9167
kgz,2018,d06,66.7655
kgz,2018,d07,71.4843
kgz,2018,d08,65.5136
kgz,2018,d09,66.3219
kgz,2018,d10,76.8557
khm,2000,d01,17.4142
khm,2000,d02,29.1911
khm,2000,d03,26.1977
khm,2000,d04,33.0928
khm,2000,d05,37.9333
khm,2000,d06,37.0215
khm,2000,d07,34.5833
khm,2000,d08,39.8459
khm,2000,d09,39.159
khm,2000,d10,47.8623
khm,2005,d01,34.313
khm,2005,d02,36.1
khm,2005,d03,39.4536
khm,2005,d04,38.9926
khm,2005,d05,43.7949
khm,2005,d06,39.8436
khm,2005,d07,45.1208
khm,2005,d08,44.8945
khm,2005,d09,43.1153
khm,2005,d10,47.6703
khm,2010,d01,52.6442
khm,2010,d02,52.9184
khm,2010,d03,53.1736
khm,2010,d04,56.6378
khm,2010,d05,52.7454
khm,2010,d06,55.987
khm,2010,d07,49.1641
khm,2010,d08,49.629
khm,2010,d09,46.0984
khm,2010,d10,45.6381
khm,2014,d01,56.1984
khm,2014,d02,56.9149
khm,2014,d03,64.8996
khm,2014,d04,61.5563
khm,2014,d05,59.2728
khm,2014,d06,54.4251
khm,2014,d07,59.6492
khm,2014,d08,53.9006
khm,2014,d09,49.9071
khm,2014,d10,45.8626
kir,2018,d01,56.0961
kir,2018,d02,60.7999
kir,2018,d03,49.6133
kir,2018,d04,51.9304
kir,2018,d05,55.9116
kir,2018,d06,53.8635
kir,2018,d07,44.7737
kir,2018,d08,54.077
kir,2018,d09,50.6306
kir,2018,d10,59.065
kos,2013,d01,17.3451
kos,2013,d02,18.6334
kos,2013,d03,18.4633
kos,2013,d04,16.7188
kos,2013,d05,19.4608
kos,2013,d06,21.5158
kos,2013,d07,22.0567
kos,2013,d08,18.3861
kos,2013,d09,21.703
kos,2013,d10,28.0107
kos,2019,d01,19.1466
kos,2019,d02,13.0871
kos,2019,d03,9.0588
kos,2019,d04,11.7796
kos,2019,d05,12.5284
kos,2019,d06,10.8822
kos,2019,d07,17.393
kos,2019,d08,15.0521
kos,2019,d09,15.9271
kos,2019,d10,18.3825
lao,2011,d01,58.3301
lao,2011,d02,58.0948
lao,2011,d03,66.6674
lao,2011,d04,70.0285
lao,2011,d05,73.2872
lao,2011,d06,74.7626
lao,2011,d07,74.3182
lao,2011,d08,77.0843
lao,2011,d09,69.6097
lao,2011,d10,59.0326
lao,2017,d01,67.2148
lao,2017,d02,71.2978
lao,2017,d03,75.873
lao,2017,d04,75.1189
lao,2017,d05,78.3583
lao,2017,d06,75.3043
lao,2017,d07,77.069
lao,2017,d08,77.8564
lao,2017,d09,72.1266
lao,2017,d10,65.5739
lbr,2007,d01,9.3626
lbr,2007,d02,9.6689
lbr,2007,d03,12.5299
lbr,2007,d04,13.1811
lbr,2007,d05,26.8029
lbr,2007,d06,22.0937
lbr,2007,d07,24.735
lbr,2007,d08,27.9617
lbr,2007,d09,35.9606
lbr,2007,d10,30.2938
lbr,2013,d01,22.4013
lbr,2013,d02,32.0405
lbr,2013,d03,31.9329
lbr,2013,d04,34.7187
lbr,2013,d05,30.3563
lbr,2013,d06,48.1859
lbr,2013,d07,41.9645
lbr,2013,d08,44.4274
lbr,2013,d09,39.3411
lbr,2013,d10,44.3629
lbr,2019,d01,43.1813
lbr,2019,d02,38.5372
lbr,2019,d03,39.0351
lbr,2019,d04,43.9324
lbr,2019,d05,40.3129
lbr,2019,d06,39.7197
lbr,2019,d07,48.3765
lbr,2019,d08,39.9204
lbr,2019,d09,35.5245
lbr,2019,d10,32.2648
lca,2012,d01,71.8184
lca,2012,d02,71.5923
lca,2012,d03,62.5394
lca,2012,d04,71.3361
lca,2012,d05,70.419
lca,2012,d06,70.8893
lca,2012,d07,77.4309
lca,2012,d08,75.0123
lca,2012,d09,73.9232
lca,2012,d10,77.56
lso,2004,d01,22.7618
lso,2004,d02,27.3278
lso,2004,d03,34.8548
lso,2004,d04,37.5788
lso,2004,d05,43.6125
lso,2004,d06,56.2063
lso,2004,d07,54.0806
lso,2004,d08,60.0686
lso,2004,d09,66.2592
lso,2004,d10,76.2798
lso,2009,d01,40.5121
lso,2009,d02,44.9349
lso,2009,d03,51.7108
lso,2009,d04,56.4047
lso,2009,d05,64.5594
lso,2009,d06,65.0322
lso,2009,d07,67.3052
lso,2009,d08,70.5255
lso,2009,d09,81.9277
lso,2009,d10,81.2901
lso,2014,d01,62.3309
lso,2014,d02,70.9984
lso,2014,d03,71.6035
lso,2014,d04,69.6565
lso,2014,d05,77.0342
lso,2014,d06,79.3752
lso,2014,d07,74.8627
lso,2014,d08,79.6738
lso,2014,d09,87.1033
lso,2014,d10,78.4834
lso,2018,d01,80.8477
lso,2018,d02,81.7837
lso,2018,d03,82.3884
lso,2018,d04,77.9233
lso,2018,d05,73.4306
lso,2018,d06,77.6179
lso,2018,d07,81.4342
lso,2018,d08,79.6406
lso,2018,d09,83.4706
lso,2018,d10,77.3569
mar,2003,d01,57.6276
mar,2003,d02,70.007
mar,2003,d03,67.785
mar,2003,d04,72.2346
mar,2003,d05,71.0286
mar,2003,d06,70.779
mar,2003,d07,72.4103
mar,2003,d08,68.9948
mar,2003,d09,71.6188
mar,2003,d10,68.969
mda,2005,d01,42.229
mda,2005,d02,50.558
mda,2005,d03,47.4169
mda,2005,d04,51.8986
mda,2005,d05,52.1074
mda,2005,d06,56.6906
mda,2005,d07,61.6202
mda,2005,d08,60.9941
mda,2005,d09,65.0779
mda,2005,d10,67.2334
mda,2012,d01,57.5967
mda,2012,d02,55.8395
mda,2012,d03,59.2033
mda,2012,d04,61.0587
mda,2012,d05,62.4914
mda,2012,d06,67.5826
mda,2012,d07,71.3679
mda,2012,d08,71.3429
mda,2012,d09,69.9659
mda,2012,d10,74.44
mdg,1997,d01,6.1546
mdg,1997,d02,6.2035
mdg,1997,d03,5.173
mdg,1997,d04,14.2501
mdg,1997,d05,15.2162
mdg,1997,d06,20.4557
mdg,1997,d07,23.2311
mdg,1997,d08,23.894
mdg,1997,d09,34.3363
mdg,1997,d10,40.4942
mdg,2003,d01,24.6863
mdg,2003,d02,10.4737
mdg,2003,d03,18.4653
mdg,2003,d04,36.7951
mdg,2003,d05,24.5933
mdg,2003,d06,33.9847
mdg,2003,d07,35.0361
mdg,2003,d08,39.9027
mdg,2003,d09,38.4796
mdg,2003,d10,42.7034
mdg,2008,d01,34.7508
mdg,2008,d02,44.0176
mdg,2008,d03,43.4692
mdg,2008,d04,49.803
mdg,2008,d05,46.2807
mdg,2008,d06,50.701
mdg,2008,d07,51.3285
mdg,2008,d08,54.9868
mdg,2008,d09,54.2678
mdg,2008,d10,41.4771
mdg,2018,d01,51.2023
mdg,2018,d02,57.9745
mdg,2018,d03,59.7348
mdg,2018,d04,67.0058
mdg,2018,d05,68.8123
mdg,2018,d06,69.6012
mdg,2018,d07,72.2886
mdg,2018,d08,69.7268
mdg,2018,d09,71.8502
mdg,2018,d10,55.4757
mdv,2009,d01,41.5547
mdv,2009,d02,45.5017
mdv,2009,d03,43.8923
mdv,2009,d04,38.6272
mdv,2009,d05,39.7145
mdv,2009,d06,45.5377
mdv,2009,d07,41.4138
mdv,2009,d08,40.3563
mdv,2009,d09,45.8518
mdv,2009,d10,40.6075
mdv,2016,d01,26.74
mdv,2016,d02,28.7682
mdv,2016,d03,29.7532
mdv,2016,d04,33.2088
mdv,2016,d05,27.6635
mdv,2016,d06,25.7838
mdv,2016,d07,22.6079
mdv,2016,d08,25.0576
mdv,2016,d09,34.2423
mdv,2016,d10,43.2291
mex,2015,d01,73.3843
mex,2015,d02,81.6599
mex,2015,d03,77.1128
mex,2015,d04,81.4967
mex,2015,d05,77.61
mex,2015,d06,86.099
mex,2015,d07,84.6082
mex,2015,d08,83.2142
mex,2015,d09,86.329
mex,2015,d10,88.2092
mkd,2005,d01,15.8397
mkd,2005,d02,22.7429
mkd,2005,d03,23.397
mkd,2005,d04,17.6784
mkd,2005,d05,9.6779
mkd,2005,d06,20.4561
mkd,2005,d07,18.3853
mkd,2005,d08,19.8926
mkd,2005,d09,18.711
mkd,2005,d10,39.6493
mkd,2011,d01,13.2093
mkd,2011,d02,19.6207
mkd,2011,d03,18.7593
mkd,2011,d04,18.3993
mkd,2011,d05,24.7305
mkd,2011,d06,26.7989
mkd,2011,d07,33.552
mkd,2011,d08,29.3688
mkd,2011,d09,34.8192
mkd,2011,d10,40.3036
mkd,2018,d01,12.9474
mkd,2018,d02,8.5279
mkd,2018,d03,14.2372
mkd,2018,d04,14.0326
mkd,2018,d05,11.638
mkd,2018,d06,33.9141
mkd,2018,d07,26.8559
mkd,2018,d08,22.3272
mkd,2018,d09,26.1039
mkd,2018,d10,41.0212
mli,1995,d01,1.129
mli,1995,d02,4.5397
mli,1995,d03,6.0665
mli,1995,d04,5.6263
mli,1995,d05,6.5686
mli,1995,d06,9.5286
mli,1995,d07,8.7348
mli,1995,d08,15.5096
mli,1995,d09,25.6754
mli,1995,d10,39.4016
mli,2001,d01,6.0054
mli,2001,d02,6.2117
mli,2001,d03,6.9354
mli,2001,d04,6.5691
mli,2001,d05,9.5487
mli,2001,d06,6.4391
mli,2001,d07,13.7808
mli,2001,d08,20.1483
mli,2001,d09,27.3902
mli,2001,d10,38.7937
mli,2006,d01,4.8688
mli,2006,d02,9.2772
mli,2006,d03,12.6938
mli,2006,d04,8.5789
mli,2006,d05,9.5142
mli,2006,d06,7.0463
mli,2006,d07,14.7294
mli,2006,d08,16.6628
mli,2006,d09,25.9632
mli,2006,d10,33.2233
mli,2009,d01,8.5032
mli,2009,d02,8.9056
mli,2009,d03,9.7385
mli,2009,d04,12.0968
mli,2009,d05,14.3334
mli,2009,d06,14.714
mli,2009,d07,22.6963
mli,2009,d08,33.0496
mli,2009,d09,37.7592
mli,2009,d10,41.7398
mli,2012,d01,7.7244
mli,2012,d02,14.8981
mli,2012,d03,17.6833
mli,2012,d04,14.7699
mli,2012,d05,13.0372
mli,2012,d06,20.0805
mli,2012,d07,28.5504
mli,2012,d08,34.0416
mli,2012,d09,42.6852
mli,2012,d10,53.9553
mli,2015,d01,5.5029
mli,2015,d02,17.3311
mli,2015,d03,17.3248
mli,2015,d04,24.3374
mli,2015,d05,24.9463
mli,2015,d06,31.3364
mli,2015,d07,34.7928
mli,2015,d08,43.1124
mli,2015,d09,57.7561
mli,2015,d10,60.7485
mli,2018,d01,24.1151
mli,2018,d02,27.8322
mli,2018,d03,26.7611
mli,2018,d04,30.9142
mli,2018,d05,38.5087
mli,2018,d06,40.511
mli,2018,d07,45.0395
mli,2018,d08,48.0996
mli,2018,d09,52.5405
mli,2018,d10,55.088
mmr,2015,d01,64.3776
mmr,2015,d02,73.8678
mmr,2015,d03,76.1649
mmr,2015,d04,73.4737
mmr,2015,d05,72.5267
mmr,2015,d06,77.2266
mmr,2015,d07,72.1689
mmr,2015,d08,81.037
mmr,2015,d09,77.5672
mmr,2015,d10,79.4717
mne,2005,d01,10.0889
mne,2005,d02,14.6479
mne,2005,d03,24.4022
mne,2005,d04,32.6422
mne,2005,d05,33.9148
mne,2005,d06,24.3152
mne,2005,d07,30.5377
mne,2005,d08,38.8415
mne,2005,d09,49.9902
mne,2005,d10,31.9151
mne,2013,d01,8.518
mne,2013,d02,18.8315
mne,2013,d03,19.0131
mne,2013,d04,33.332
mne,2013,d05,39.6737
mne,2013,d06,38.174
mne,2013,d07,34.3233
mne,2013,d08,45.7172
mne,2013,d09,42.5302
mne,2013,d10,48.4995
mne,2018,d01,15.7116
mne,2018,d02,27.9584
mne,2018,d03,24.1837
mne,2018,d04,29.1269
mne,2018,d05,41.6917
mne,2018,d06,21.6586
mne,2018,d07,27.9137
mne,2018,d08,32.3022
mne,2018,d09,22.813
mne,2018,d10,33.8129
mng,2005,d01,82.807
mng,2005,d02,80.3798
mng,2005,d03,77.3304
mng,2005,d04,79.9444
mng,2005,d05,77.03
mng,2005,d06,82.0266
mng,2005,d07,77.1818
mng,2005,d08,75.7024
mng,2005,d09,72.6856
mng,2005,d10,71.3289
mng,2010,d01,83.1468
mng,2010,d02,85.497
mng,2010,d03,84.263
mng,2010,d04,81.8628
mng,2010,d05,85.835
mng,2010,d06,78.4574
mng,2010,d07,74.02
mng,2010,d08,73.9734
mng,2010,d09,78.9095
mng,2010,d10,71.8924
mng,2013,d01,77.3935
mng,2013,d02,74.9027
mng,2013,d03,70.6721
mng,2013,d04,71.2683
mng,2013,d05,67.5146
mng,2013,d06,65.8808
mng,2013,d07,66.2594
mng,2013,d08,63.4939
mng,2013,d09,61.2161
mng,2013,d10,61.1586
mng,2018,d01,74.2162
mng,2018,d02,74.929
mng,2018,d03,70.2274
mng,2018,d04,63.6003
mng,2018,d05,59.4476
mng,2018,d06,59.3092
mng,2018,d07,56.904
mng,2018,d08,58.5908
mng,2018,d09,60.6572
mng,2018,d10,61.3496
moz,1997,d01,2.3028
moz,1997,d02,6.0017
moz,1997,d03,9.0886
moz,1997,d04,6.4347
moz,1997,d05,8.3665
moz,1997,d06,22.2097
moz,1997,d07,18.7087
moz,1997,d08,17.1592
moz,1997,d09,26.0927
moz,1997,d10,48.1273
moz,2003,d01,11.2871
moz,2003,d02,10.4473
moz,2003,d03,13.8645
moz,2003,d04,11.8023
moz,2003,d05,19.9148
moz,2003,d06,18.6518
moz,2003,d07,21.2623
moz,2003,d08,32.416
moz,2003,d09,52.2598
moz,2003,d10,61.5419
moz,2011,d01,8.5307
moz,2011,d02,11.9854
moz,2011,d03,17.1342
moz,2011,d04,19.3979
moz,2011,d05,23.6395
moz,2011,d06,22.2098
moz,2011,d07,30.3716
moz,2011,d08,40.0656
moz,2011,d09,42.6403
moz,2011,d10,58.7655
moz,2015,d01,28.2916
moz,2015,d02,40.4741
moz,2015,d03,33.3022
moz,2015,d04,38.5985
moz,2015,d05,47.5368
moz,2015,d06,39.5811
moz,2015,d07,57.5612
moz,2015,d08,55.0393
moz,2015,d09,64.0948
moz,2015,d10,64.8524
mrt,2007,d01,5.968
mrt,2007,d02,5.0737
mrt,2007,d03,5.6427
mrt,2007,d04,16.3279
mrt,2007,d05,13.9246
mrt,2007,d06,23.1497
mrt,2007,d07,28.4523
mrt,2007,d08,33.7423
mrt,2007,d09,31.1131
mrt,2007,d10,42.4927
mrt,2011,d01,2.8028
mrt,2011,d02,5.0192
mrt,2011,d03,5.9482
mrt,2011,d04,12.2056
mrt,2011,d05,20.2767
mrt,2011,d06,16.3891
mrt,2011,d07,23.6479
mrt,2011,d08,37.0454
mrt,2011,d09,32.6829
mrt,2011,d10,39.9853
mrt,2015,d01,7.0039
mrt,2015,d02,10.9365
mrt,2015,d03,12.9375
mrt,2015,d04,17.575
mrt,2015,d05,21.5757
mrt,2015,d06,30.2852
mrt,2015,d07,43.0103
mrt,2015,d08,46.1838
mrt,2015,d09,46.19
mrt,2015,d10,45.1267
mrt,2019,d01,11.1575
mrt,2019,d02,11.5781
mrt,2019,d03,17.1968
mrt,2019,d04,17.4061
mrt,2019,d05,21.5636
mrt,2019,d06,29.4081
mrt,2019,d07,28.9225
mrt,2019,d08,44.5177
mrt,2019,d09,41.2741
mrt,2019,d10,51.0852
mwi,2000,d01,38.9028
mwi,2000,d02,34.2236
mwi,2000,d03,44.7925
mwi,2000,d04,41.3344
mwi,2000,d05,38.9345
mwi,2000,d06,42.5345
mwi,2000,d07,44.0534
mwi,2000,d08,48.0151
mwi,2000,d09,57.9224
mwi,2000,d10,63.2259
mwi,2004,d01,35.5055
mwi,2004,d02,38.328
mwi,2004,d03,40.3893
mwi,2004,d04,41.3377
mwi,2004,d05,39.657
mwi,2004,d06,43.3725
mwi,2004,d07,47.5588
mwi,2004,d08,46.77
mwi,2004,d09,51.0378
mwi,2004,d10,66.0944
mwi,2010,d01,48.2061
mwi,2010,d02,53.3438
mwi,2010,d03,54.509
mwi,2010,d04,56.4683
mwi,2010,d05,57.3764
mwi,2010,d06,57.8834
mwi,2010,d07,58.6406
mwi,2010,d08,64.2155
mwi,2010,d09,61.235
mwi,2010,d10,67.6835
mwi,2013,d01,67.9567
mwi,2013,d02,70.0814
mwi,2013,d03,73.4681
mwi,2013,d04,74.0023
mwi,2013,d05,73.8075
mwi,2013,d06,71.7384
mwi,2013,d07,75.2157
mwi,2013,d08,71.9081
mwi,2013,d09,75.13
mwi,2013,d10,79.8596
mwi,2015,d01,67.8897
mwi,2015,d02,73.191
mwi,2015,d03,74.3691
mwi,2015,d04,73.3082
mwi,2015,d05,75.7946
mwi,2015,d06,74.0269
mwi,2015,d07,74.93
mwi,2015,d08,75.7999
mwi,2015,d09,77.2901
mwi,2015,d10,76.5154
mwi,2019,d01,78.3299
mwi,2019,d02,82.0362
mwi,2019,d03,78.9166
mwi,2019,d04,80.1338
mwi,2019,d05,81.7484
mwi,2019,d06,81.1118
mwi,2019,d07,79.239
mwi,2019,d08,76.6462
mwi,2019,d09,81.0449
mwi,2019,d10,75.9345
nam,2000,d01,47.1535
nam,2000,d02,45.8923
nam,2000,d03,56.4096
nam,2000,d04,41.5562
nam,2000,d05,48.1605
nam,2000,d06,60.8743
nam,2000,d07,58.8815
nam,2000,d08,74.0375
nam,2000,d09,77.0812
nam,2000,d10,82.9363
nam,2006,d01,43.7335
nam,2006,d02,49.9592
nam,2006,d03,57.3414
nam,2006,d04,70.4351
nam,2006,d05,59.705
nam,2006,d06,67.4422
nam,2006,d07,76.2931
nam,2006,d08,82.4619
nam,2006,d09,82.1237
nam,2006,d10,84.3464
nam,2013,d01,53.3172
nam,2013,d02,67.5663
nam,2013,d03,71.1753
nam,2013,d04,72.5399
nam,2013,d05,74.6551
nam,2013,d06,73.423
nam,2013,d07,75.2932
nam,2013,d08,79.423
nam,2013,d09,83.4682
nam,2013,d10,84.7722
ner,1998,d01,2.1876
ner,1998,d02,6.7722
ner,1998,d03,11.248
ner,1998,d04,5.1786
ner,1998,d05,10.2633
ner,1998,d06,12.372
ner,1998,d07,6.4332
ner,1998,d08,16.4325
ner,1998,d09,28.8017
ner,1998,d10,52.9758
ner,2006,d01,7.5191
ner,2006,d02,9.9259
ner,2006,d03,5.1817
ner,2006,d04,11.6937
ner,2006,d05,3.681
ner,2006,d06,13.2444
ner,2006,d07,13.8918
ner,2006,d08,21.4011
ner,2006,d09,24.2565
ner,2006,d10,48.3499
ner,2012,d01,6.5216
ner,2012,d02,9.8245
ner,2012,d03,17.8572
ner,2012,d04,16.2317
ner,2012,d05,18.6609
ner,2012,d06,20.6806
ner,2012,d07,25.2244
ner,2012,d08,35.6504
ner,2012,d09,44.196
ner,2012,d10,52.6401
ner,2021,d01,23.0342
ner,2021,d02,28.1687
ner,2021,d03,22.7415
ner,2021,d04,28.7179
ner,2021,d05,36.8651
ner,2021,d06,38.5403
ner,2021,d07,35.2009
ner,2021,d08,41.4398
ner,2021,d09,54.4168
ner,2021,d10,67.6049
nga,2003,d01,9.2001
nga,2003,d02,19.92
nga,2003,d03,13.2991
nga,2003,d04,9.7243
nga,2003,d05,15.3913
nga,2003,d06,22.2893
nga,2003,d07,13.904
nga,2003,d08,27.7358
nga,2003,d09,36.3563
nga,2003,d10,40.0345
nga,2007,d01,7.4587
nga,2007,d02,9.5194
nga,2007,d03,10.7354
nga,2007,d04,17.894
nga,2007,d05,22.9145
nga,2007,d06,18.4195
nga,2007,d07,35.2526
nga,2007,d08,39.5948
nga,2007,d09,51.0962
nga,2007,d10,52.1128
nga,2008,d01,6.7891
nga,2008,d02,6.1983
nga,2008,d03,8.9291
nga,2008,d04,13.5707
nga,2008,d05,16.5572
nga,2008,d06,21.5406
nga,2008,d07,26.4413
nga,2008,d08,28.2117
nga,2008,d09,33.205
nga,2008,d10,40.8626
nga,2011,d01,8.5286
nga,2011,d02,11.3013
nga,2011,d03,19.7013
nga,2011,d04,21.3979
nga,2011,d05,22.4055
nga,2011,d06,26.1409
nga,2011,d07,34.7373
nga,2011,d08,33.7398
nga,2011,d09,40.263
nga,2011,d10,50.8174
nga,2013,d01,1.1476
nga,2013,d02,7.4331
nga,2013,d03,11.7333
nga,2013,d04,19.7773
nga,2013,d05,23.6803
nga,2013,d06,26.2716
nga,2013,d07,29.731
nga,2013,d08,34.151
nga,2013,d09,41.87
nga,2013,d10,44.2615
nga,2016,d01,7.2509
nga,2016,d02,8.4741
nga,2016,d03,13.4159
nga,2016,d04,20.4898
nga,2016,d05,20.231
nga,2016,d06,23.3177
nga,2016,d07,27.8199
nga,2016,d08,33.973
nga,2016,d09,41.9381
nga,2016,d10,42.6273
nga,2018,d01,10.5341
nga,2018,d02,19.2649
nga,2018,d03,20.9829
nga,2018,d04,23.3021
nga,2018,d05,27.3511
nga,2018,d06,29.8552
nga,2018,d07,31.1292
nga,2018,d08,37.4501
nga,2018,d09,38.6203
nga,2018,d10,39.5952
nic,1998,d01,48.4517
nic,1998,d02,67.1484
nic,1998,d03,70.9762
nic,1998,d04,74.7114
nic,1998,d05,76.009
nic,1998,d06,76.3271
nic,1998,d07,81.5738
nic,1998,d08,83.5678
nic,1998,d09,80.2332
nic,1998,d10,84.8249
nic,2001,d01,54.5957
nic,2001,d02,67.6278
nic,2001,d03,70.8443
nic,2001,d04,77.8618
nic,2001,d05,82.551
nic,2001,d06,82.2109
nic,2001,d07,82.9143
nic,2001,d08,81.6313
nic,2001,d09,83.2799
nic,2001,d10,84.1413
npl,1996,d01,26.7995
npl,1996,d02,32.1159
npl,1996,d03,36.0025
npl,1996,d04,37.2532
npl,1996,d05,40.8157
npl,1996,d06,43.8937
npl,1996,d07,46.0746
npl,1996,d08,41.9603
npl,1996,d09,52.8543
npl,1996,d10,69.9819
npl,2001,d01,37.1623
npl,2001,d02,41.1193
npl,2001,d03,45.3541
npl,2001,d04,45.2138
npl,2001,d05,48.4177
npl,2001,d06,47.8005
npl,2001,d07,57.1167
npl,2001,d08,57.3809
npl,2001,d09,71.0468
npl,2001,d10,69.9468
npl,2006,d01,43.4458
npl,2006,d02,49.5919
npl,2006,d03,59.349
npl,2006,d04,57.6367
npl,2006,d05,63.2149
npl,2006,d06,66.9569
npl,2006,d07,63.3745
npl,2006,d08,63.2774
npl,2006,d09,67.3045
npl,2006,d10,67.4736
npl,2011,d01,46.7934
npl,2011,d02,51.4142
npl,2011,d03,53.0132
npl,2011,d04,56.7563
npl,2011,d05,54.0979
npl,2011,d06,58.0613
npl,2011,d07,56.7675
npl,2011,d08,58.1083
npl,2011,d09,59.4264
npl,2011,d10,59.8838
npl,2014,d01,61.5956
npl,2014,d02,60.8314
npl,2014,d03,64.4767
npl,2014,d04,64.7417
npl,2014,d05,65.3991
npl,2014,d06,66.9462
npl,2014,d07,69.0317
npl,2014,d08,61.143
npl,2014,d09,63.447
npl,2014,d10,60.3536
npl,2016,d01,53.749
npl,2016,d02,55.895
npl,2016,d03,57.3785
npl,2016,d04,58.7322
npl,2016,d05,58.9296
npl,2016,d06,56.4859
npl,2016,d07,56.7249
npl,2016,d08,56.0523
npl,2016,d09,53.484
npl,2016,d10,52.959
npl,2019,d01,60.2343
npl,2019,d02,64.228
npl,2019,d03,65.1183
npl,2019,d04,67.382
npl,2019,d05,64.1186
npl,2019,d06,61.7057
npl,2019,d07,64.595
npl,2019,d08,62.3128
npl,2019,d09,54.1798
npl,2019,d10,58.8247
pak,2006,d01,21.4885
pak,2006,d02,31.2155
pak,2006,d03,28.6577
pak,2006,d04,35.644
pak,2006,d05,35.425
pak,2006,d06,41.6268
pak,2006,d07,41.2052
pak,2006,d08,51.3554
pak,2006,d09,49.7668
pak,2006,d10,49.5662
pak,2012,d01,25.2869
pak,2012,d02,37.7767
pak,2012,d03,35.4699
pak,2012,d04,42.2125
pak,2012,d05,43.6198
pak,2012,d06,45.8412
pak,2012,d07,50.9183
pak,2012,d08,48.0308
pak,2012,d09,50.9472
pak,2012,d10,50.2115
pak,2017,d01,39.429
pak,2017,d02,39.7399
pak,2017,d03,43.4386
pak,2017,d04,49.6755
pak,2017,d05,49.4795
pak,2017,d06,48.7879
pak,2017,d07,49.5079
pak,2017,d08,54.1006
pak,2017,d09,46.7189
pak,2017,d10,54.7938
pan,2013,d01,45.1918
pan,2013,d02,65.7469
pan,2013,d03,75.826
pan,2013,d04,75.0184
pan,2013,d05,73.7679
pan,2013,d06,73.8115
pan,2013,d07,75.8071
pan,2013,d08,85.1164
pan,2013,d09,83.1583
pan,2013,d10,81.9938
per,1996,d01,26.7204
per,1996,d02,35.4556
per,1996,d03,41.4578
per,1996,d04,48.5145
per,1996,d05,53.0254
per,1996,d06,54.9261
per,1996,d07,57.8422
per,1996,d08,61.8888
per,1996,d09,60.7463
per,1996,d10,64.9181
per,2000,d01,41.3454
per,2000,d02,47.4593
per,2000,d03,49.4831
per,2000,d04,57.7165
per,2000,d05,64.4434
per,2000,d06,64.2478
per,2000,d07,68.5484
per,2000,d08,64.9857
per,2000,d09,70.3696
per,2000,d10,71.9075
per,2004,d01,28.2795
per,2004,d02,33.4838
per,2004,d03,50.898
per,2004,d04,50.7598
per,2004,d05,63.7536
per,2004,d06,63.3445
per,2004,d07,60.7473
per,2004,d08,66.8431
per,2004,d09,60.1457
per,2004,d10,73.1695
per,2005,d01,44.0586
per,2005,d02,38.122
per,2005,d03,49.6943
per,2005,d04,53.59
per,2005,d05,55.1129
per,2005,d06,62.8033
per,2005,d07,64.5411
per,2005,d08,70.2334
per,2005,d09,69.299
per,2005,d10,71.3473
per,2006,d01,44.9308
per,2006,d02,47.5899
per,2006,d03,44.2222
per,2006,d04,54.4253
per,2006,d05,59.0809
per,2006,d06,64.2125
per,2006,d07,70.2418
per,2006,d08,64.4456
per,2006,d09,69.5923
per,2006,d10,56.9247
per,2007,d01,38.2117
per,2007,d02,41.3782
per,2007,d03,50.1538
per,2007,d04,51.7619
per,2007,d05,60.4968
per,2007,d06,60.2376
per,2007,d07,64.3087
per,2007,d08,63.2527
per,2007,d09,63.2237
per,2007,d10,71.0174
per,2008,d01,42.7439
per,2008,d02,48.4826
per,2008,d03,47.6934
per,2008,d04,52.9984
per,2008,d05,58.3841
per,2008,d06,62.984
per,2008,d07,66.419
per,2008,d08,63.2644
per,2008,d09,68.4812
per,2008,d10,68.5635
per,2009,d01,42.7331
per,2009,d02,52.3411
per,2009,d03,49.8231
per,2009,d04,56.2115
per,2009,d05,62.0045
per,2009,d06,60.962
per,2009,d07,65.1131
per,2009,d08,64.8149
per,2009,d09,67.7748
per,2009,d10,73.1281
per,2010,d01,45.2287
per,2010,d02,50.938
per,2010,d03,50.4842
per,2010,d04,57.5562
per,2010,d05,63.7526
per,2010,d06,60.3881
per,2010,d07,63.6272
per,2010,d08,64.291
per,2010,d09,66.8915
per,2010,d10,75.3718
per,2011,d01,46.5223
per,2011,d02,50.6973
per,2011,d03,53.6778
per,2011,d04,61.3296
per,2011,d05,60.7873
per,2011,d06,61.6235
per,2011,d07,65.3861
per,2011,d08,64.411
per,2011,d09,66.4292
per,2011,d10,73.7071
per,2012,d01,44.6993
per,2012,d02,49.8225
per,2012,d03,57.6928
per,2012,d04,61.3895
per,2012,d05,60.7707
per,2012,d06,62.7595
per,2012,d07,62.8731
per,2012,d08,67.7255
per,2012,d09,71.3379
per,2012,d10,72.5107
per,2013,d01,47.6133
per,2013,d02,51.1242
per,2013,d03,58.0016
per,2013,d04,61.403
per,2013,d05,62.4637
per,2013,d06,62.9408
per,2013,d07,64.3311
per,2013,d08,66.4763
per,2013,d09,67.6167
per,2013,d10,72.0608
per,2014,d01,48.0417
per,2014,d02,53.8504
per,2014,d03,58.0329
per,2014,d04,61.388
per,2014,d05,63.2085
per,2014,d06,63.0219
per,2014,d07,64.4973
per,2014,d08,67.4488
per,2014,d09,70.1063
per,2014,d10,70.4489
per,2015,d01,51.6937
per,2015,d02,56.2652
per,2015,d03,60.2085
per,2015,d04,63.2135
per,2015,d05,65.6307
per,2015,d06,65.864
per,2015,d07,61.8878
per,2015,d08,72.1514
per,2015,d09,71.0572
per,2015,d10,73.107
per,2016,d01,51.111
per,2016,d02,55.6739
per,2016,d03,62.8206
per,2016,d04,64.7514
per,2016,d05,62.9941
per,2016,d06,64.0339
per,2016,d07,66.5317
per,2016,d08,73.0129
per,2016,d09,68.5542
per,2016,d10,76.4109
per,2017,d01,49.9561
per,2017,d02,57.1959
per,2017,d03,61.1497
per,2017,d04,67.5589
per,2017,d05,66.0778
per,2017,d06,67.5228
per,2017,d07,68.1757
per,2017,d08,68.4383
per,2017,d09,70.624
per,2017,d10,72.7259
per,2018,d01,52.7028
per,2018,d02,59.9736
per,2018,d03,63.0562
per,2018,d04,63.8766
per,2018,d05,65.392
per,2018,d06,65.9629
per,2018,d07,68.8371
per,2018,d08,70.5254
per,2018,d09,72.1213
per,2018,d10,69.0138
per,2019,d01,51.9065
per,2019,d02,58.8919
per,2019,d03,66.0458
per,2019,d04,62.1671
per,2019,d05,65.8257
per,2019,d06,66.8671
per,2019,d07,71.1383
per,2019,d08,71.0735
per,2019,d09,75.9079
per,2019,d10,76.0279
per,2020,d01,54.148
per,2020,d02,60.2421
per,2020,d03,63.3487
per,2020,d04,66.497
per,2020,d05,68.7621
per,2020,d06,67.4457
per,2020,d07,66.8675
per,2020,d08,72.8167
per,2020,d09,72.5602
per,2020,d10,78.1234
phl,1993,d01,20.4672
phl,1993,d02,26.5796
phl,1993,d03,30.9335
phl,1993,d04,33.7764
phl,1993,d05,34.4797
phl,1993,d06,38.0934
phl,1993,d07,43.3515
phl,1993,d08,43.2578
phl,1993,d09,48.5606
phl,1993,d10,47.6002
phl,1998,d01,25.942
phl,1998,d02,30.4266
phl,1998,d03,34.8039
phl,1998,d04,37.462
phl,1998,d05,43.6833
phl,1998,d06,48.1866
phl,1998,d07,43.1566
phl,1998,d08,49.3624
phl,1998,d09,44.807
phl,1998,d10,47.0463
phl,2003,d01,29.3791
phl,2003,d02,41.1397
phl,2003,d03,45.5925
phl,2003,d04,48.2354
phl,2003,d05,49.4808
phl,2003,d06,50.9179
phl,2003,d07,53.9017
phl,2003,d08,53.2406
phl,2003,d09,55.7656
phl,2003,d10,51.199
phl,2008,d01,34.9704
phl,2008,d02,39.3558
phl,2008,d03,45.7097
phl,2008,d04,47.3123
phl,2008,d05,50.9622
phl,2008,d06,44.5736
phl,2008,d07,47.8644
phl,2008,d08,53.6246
phl,2008,d09,47.7217
phl,2008,d10,44.8783
phl,2013,d01,42.0451
phl,2013,d02,48.9039
phl,2013,d03,53.633
phl,2013,d04,51.6246
phl,2013,d05,51.9324
phl,2013,d06,56.0648
phl,2013,d07,52.4029
phl,2013,d08,52.3802
phl,2013,d09,48.8441
phl,2013,d10,48.3262
phl,2017,d01,57.7282
phl,2017,d02,60.4133
phl,2017,d03,63.0643
phl,2017,d04,57.3802
phl,2017,d05,53.6895
phl,2017,d06,59.3998
phl,2017,d07,51.3962
phl,2017,d08,56.0888
phl,2017,d09,45.6224
phl,2017,d10,53.5426
png,2016,d01,33.4083
png,2016,d02,33.5372
png,2016,d03,39.9524
png,2016,d04,47.6173
png,2016,d05,47.2093
png,2016,d06,49.9949
png,2016,d07,55.558
png,2016,d08,54.0803
png,2016,d09,58.9694
png,2016,d10,56.4812
pry,2016,d01,77.2699
pry,2016,d02,85.7599
pry,2016,d03,87.6812
pry,2016,d04,84.4895
pry,2016,d05,83.0797
pry,2016,d06,87.766
pry,2016,d07,82.9177
pry,2016,d08,80.8818
pry,2016,d09,80.9345
pry,2016,d10,74.151
pse,2010,d01,53.0432
pse,2010,d02,63.5406
pse,2010,d03,66.1758
pse,2010,d04,65.1385
pse,2010,d05,60.4976
pse,2010,d06,67.0515
pse,2010,d07,69.5126
pse,2010,d08,68.2814
pse,2010,d09,70.9829
pse,2010,d10,76.293
pse,2014,d01,61.5129
pse,2014,d02,67.303
pse,2014,d03,69.7837
pse,2014,d04,68.7469
pse,2014,d05,65.6186
pse,2014,d06,69.6219
pse,2014,d07,67.8855
pse,2014,d08,68.0179
pse,2014,d09,72.6105
pse,2014,d10,76.8299
pse,2019,d01,59.7025
pse,2019,d02,57.9354
pse,2019,d03,62.8314
pse,2019,d04,58.9606
pse,2019,d05,64.4991
pse,2019,d06,61.1571
pse,2019,d07,63.0131
pse,2019,d08,64.6259
pse,2019,d09,65.0114
pse,2019,d10,64.3645
rwa,2005,d01,12.7696
rwa,2005,d02,7.0478
rwa,2005,d03,12.3158
rwa,2005,d04,12.3939
rwa,2005,d05,9.0299
rwa,2005,d06,15.1269
rwa,2005,d07,12.1185
rwa,2005,d08,17.2019
rwa,2005,d09,20.9759
rwa,2005,d10,38.5753
rwa,2010,d01,50.4151
rwa,2010,d02,57.2528
rwa,2010,d03,57.3146
rwa,2010,d04,54.2326
rwa,2010,d05,60.3399
rwa,2010,d06,68.1594
rwa,2010,d07,65.6369
rwa,2010,d08,63.4571
rwa,2010,d09,67.1396
rwa,2010,d10,61.8353
rwa,2014,d01,59.5465
rwa,2014,d02,66.2159
rwa,2014,d03,62.0231
rwa,2014,d04,64.8941
rwa,2014,d05,64.058
rwa,2014,d06,67.7224
rwa,2014,d07,60.6562
rwa,2014,d08,66.5254
rwa,2014,d09,64.8398
rwa,2014,d10,66.4908
rwa,2019,d01,73.5315
rwa,2019,d02,75.9751
rwa,2019,d03,75.367
rwa,2019,d04,74.6659
rwa,2019,d05,73.4919
rwa,2019,d06,77.8522
rwa,2019,d07,72.126
rwa,2019,d08,74.1145
rwa,2019,d09,66.7543
rwa,2019,d10,65.6303
sdn,2010,d01,2.7951
sdn,2010,d02,4.5044
sdn,2010,d03,3.4322
sdn,2010,d04,7.5774
sdn,2010,d05,10.7566
sdn,2010,d06,16.0995
sdn,2010,d07,24.0681
sdn,2010,d08,33.5064
sdn,2010,d09,37.5631
sdn,2010,d10,45.0231
sdn,2014,d01,10.757
sdn,2014,d02,13.5649
sdn,2014,d03,11.0075
sdn,2014,d04,19.4705
sdn,2014,d05,24.1004
sdn,2014,d06,27.1266
sdn,2014,d07,36.962
sdn,2014,d08,39.2222
sdn,2014,d09,46.7584
sdn,2014,d10,53.512
sen,1997,d01,1.6803
sen,1997,d02,3.1814
sen,1997,d03,3.5047
sen,1997,d04,4.2291
sen,1997,d05,10.5609
sen,1997,d06,10.1389
sen,1997,d07,18.6815
sen,1997,d08,24.7233
sen,1997,d09,33.5497
sen,1997,d10,47.4799
sen,2005,d01,5.3956
sen,2005,d02,9.6776
sen,2005,d03,10.8921
sen,2005,d04,14.3336
sen,2005,d05,14.6883
sen,2005,d06,25.0234
sen,2005,d07,21.5322
sen,2005,d08,33.4533
sen,2005,d09,39.1512
sen,2005,d10,42.7342
sen,2010,d01,12.0618
sen,2010,d02,12.3401
sen,2010,d03,17.6567
sen,2010,d04,17.8373
sen,2010,d05,21.0176
sen,2010,d06,30.517
sen,2010,d07,29.0031
sen,2010,d08,35.5566
sen,2010,d09,43.7887
sen,2010,d10,43.1238
sen,2012,d01,13.5067
sen,2012,d02,16.0879
sen,2012,d03,23.6517
sen,2012,d04,17.9239
sen,2012,d05,25.9347
sen,2012,d06,40.0041
sen,2012,d07,40.1471
sen,2012,d08,43.1123
sen,2012,d09,51.2503
sen,2012,d10,50.8242
sen,2014,d01,23.8563
sen,2014,d02,26.4539
sen,2014,d03,27.4189
sen,2014,d04,35.1129
sen,2014,d05,36.1528
sen,2014,d06,49.9883
sen,2014,d07,56.0724
sen,2014,d08,53.3697
sen,2014,d09,55.3603
sen,2014,d10,47.3036
sen,2015,d01,25.9456
sen,2015,d02,27.7578
sen,2015,d03,26.665
sen,2015,d04,41.9339
sen,2015,d05,45.2749
sen,2015,d06,44.0061
sen,2015,d07,48.1142
sen,2015,d08,51.9029
sen,2015,d09,50.944
sen,2015,d10,61.4196
sen,2016,d01,27.6366
sen,2016,d02,32.0191
sen,2016,d03,33.5916
sen,2016,d04,44.5156
sen,2016,d05,49.1678
sen,2016,d06,55.5037
sen,2016,d07,53.1886
sen,2016,d08,54.9681
sen,2016,d09,56.9326
sen,2016,d10,54.8366
sen,2017,d01,38.031
sen,2017,d02,35.6271
sen,2017,d03,39.1252
sen,2017,d04,40.0951
sen,2017,d05,45.7523
sen,2017,d06,59.8495
sen,2017,d07,61.2232
sen,2017,d08,68.6681
sen,2017,d09,67.0997
sen,2017,d10,65.6462
sen,2018,d01,35.1368
sen,2018,d02,37.871
sen,2018,d03,42.0064
sen,2018,d04,51.8457
sen,2018,d05,44.5645
sen,2018,d06,53.283
sen,2018,d07,66.8258
sen,2018,d08,58.7329
sen,2018,d09,60.3488
sen,2018,d10,64.9442
sen,2019,d01,36.6796
sen,2019,d02,43.3333
sen,2019,d03,44.273
sen,2019,d04,47.0399
sen,2019,d05,52.8289
sen,2019,d06,60.7419
sen,2019,d07,48.1325
sen,2019,d08,59.7601
sen,2019,d09,62.1544
sen,2019,d10,62.8512
sle,2008,d01,3.2901
sle,2008,d02,9.4366
sle,2008,d03,7.2077
sle,2008,d04,7.3057
sle,2008,d05,10.0835
sle,2008,d06,7.8966
sle,2008,d07,23.5791
sle,2008,d08,18.3494
sle,2008,d09,29.5906
sle,2008,d10,42.08
sle,2010,d01,16.4807
sle,2010,d02,16.5501
sle,2010,d03,13.3733
sle,2010,d04,16.024
sle,2010,d05,19.5761
sle,2010,d06,26.4088
sle,2010,d07,26.6476
sle,2010,d08,37.5562
sle,2010,d09,39.2354
sle,2010,d10,49.314
sle,2013,d01,26.6316
sle,2013,d02,28.0029
sle,2013,d03,26.9578
sle,2013,d04,27.6772
sle,2013,d05,28.7182
sle,2013,d06,32.5431
sle,2013,d07,37.2832
sle,2013,d08,43.3473
sle,2013,d09,46.4292
sle,2013,d10,50.9442
sle,2017,d01,26.7096
sle,2017,d02,33.8373
sle,2017,d03,32.6272
sle,2017,d04,32.5612
sle,2017,d05,32.1871
sle,2017,d06,43.0891
sle,2017,d07,46.217
sle,2017,d08,59.8354
sle,2017,d09,50.87
sle,2017,d10,53.4668
sle,2019,d01,35.7682
sle,2019,d02,41.7266
sle,2019,d03,40.4786
sle,2019,d04,40.0391
sle,2019,d05,41.103
sle,2019,d06,49.2065
sle,2019,d07,47.6627
sle,2019,d08,52.38
sle,2019,d09,49.208
sle,2019,d10,50.9268
slv,2014,d01,78.9616
slv,2014,d02,80.9358
slv,2014,d03,82.3343
slv,2014,d04,81.2472
slv,2014,d05,83.4715
slv,2014,d06,82.5307
slv,2014,d07,82.7495
slv,2014,d08,86.5814
slv,2014,d09,85.4371
slv,2014,d10,81.0076
srb,2005,d01,10.9939
srb,2005,d02,18.8058
srb,2005,d03,20.2173
srb,2005,d04,25.2427
srb,2005,d05,26.6508
srb,2005,d06,30.7169
srb,2005,d07,36.5962
srb,2005,d08,30.2152
srb,2005,d09,37.0642
srb,2005,d10,53.1922
srb,2010,d01,15.8837
srb,2010,d02,19.9106
srb,2010,d03,25.4283
srb,2010,d04,31.7116
srb,2010,d05,31.1348
srb,2010,d06,31.567
srb,2010,d07,38.4789
srb,2010,d08,42.0037
srb,2010,d09,52.1945
srb,2010,d10,52.7855
srb,2014,d01,14.1958
srb,2014,d02,13.1734
srb,2014,d03,15.5122
srb,2014,d04,26.9133
srb,2014,d05,17.5155
srb,2014,d06,23.9448
srb,2014,d07,36.5597
srb,2014,d08,34.867
srb,2014,d09,33.3075
srb,2014,d10,42.8357
srb,2019,d01,17.4001
srb,2019,d02,20.9725
srb,2019,d03,22.0016
srb,2019,d04,30.3528
srb,2019,d05,29.1427
srb,2019,d06,33.8496
srb,2019,d07,39.1569
srb,2019,d08,31.6217
srb,2019,d09,40.554
srb,2019,d10,42.0588
stp,2008,d01,38.593
stp,2008,d02,38.6552
stp,2008,d03,43.9727
stp,2008,d04,43.5194
stp,2008,d05,42.2236
stp,2008,d06,38.6998
stp,2008,d07,52.967
stp,2008,d08,44.2636
stp,2008,d09,45.6541
stp,2008,d10,48.722
stp,2014,d01,45.7316
stp,2014,d02,50.457
stp,2014,d03,43.953
stp,2014,d04,58.5054
stp,2014,d05,52.8171
stp,2014,d06,56.0876
stp,2014,d07,50.5312
stp,2014,d08,52.1612
stp,2014,d09,37.1204
stp,2014,d10,54.6345
stp,2019,d01,56.6138
stp,2019,d02,56.5272
stp,2019,d03,60.2734
stp,2019,d04,56.8281
stp,2019,d05,59.3837
stp,2019,d06,56.9245
stp,2019,d07,70.6795
stp,2019,d08,57.9278
stp,2019,d09,54.0429
stp,2019,d10,61.8025
sur,2006,d01,30.3165
sur,2006,d02,59.1102
sur,2006,d03,66.6649
sur,2006,d04,68.0544
sur,2006,d05,72.9287
sur,2006,d06,79.124
sur,2006,d07,75.7784
sur,2006,d08,72.4662
sur,2006,d09,76.1034
sur,2006,d10,80.4446
sur,2010,d01,40.4058
sur,2010,d02,56.3306
sur,2010,d03,68.8978
sur,2010,d04,70.6989
sur,2010,d05,74.8299
sur,2010,d06,78.9459
sur,2010,d07,77.135
sur,2010,d08,82.0867
sur,2010,d09,79.7413
sur,2010,d10,85.8491
sur,2018,d01,35.1037
sur,2018,d02,44.7125
sur,2018,d03,56.2738
sur,2018,d04,56.8012
sur,2018,d05,57.4705
sur,2018,d06,55.1543
sur,2018,d07,56.5778
sur,2018,d08,59.6322
sur,2018,d09,63.5145
sur,2018,d10,71.5314
swz,2006,d01,45.1902
swz,2006,d02,49.4977
swz,2006,d03,54.8979
swz,2006,d04,61.3857
swz,2006,d05,62.1063
swz,2006,d06,63.8695
swz,2006,d07,59.8122
swz,2006,d08,66.7915
swz,2006,d09,72.4995
swz,2006,d10,75.7784
swz,2010,d01,70.0931
swz,2010,d02,64.5195
swz,2010,d03,73.6455
swz,2010,d04,70.8225
swz,2010,d05,79.4129
swz,2010,d06,72.1074
swz,2010,d07,77.3175
swz,2010,d08,82.7569
swz,2010,d09,82.7138
swz,2010,d10,83.3133
swz,2014,d01,80.1001
swz,2014,d02,73.3022
swz,2014,d03,81.7944
swz,2014,d04,75.4698
swz,2014,d05,76.9124
swz,2014,d06,78.2357
swz,2014,d07,76.302
swz,2014,d08,85.1617
swz,2014,d09,86.0527
swz,2014,d10,89.0892
syr,2006,d01,61.2707
syr,2006,d02,56.636
syr,2006,d03,58.1826
syr,2006,d04,63.2041
syr,2006,d05,62.2011
syr,2006,d06,70.7867
syr,2006,d07,73.1361
syr,2006,d08,70.2711
syr,2006,d09,74.0936
syr,2006,d10,75.3378
tca,2019,d01,88.4917
tca,2019,d02,54.7878
tca,2019,d03,40.9657
tca,2019,d04,76.2607
tca,2019,d05,41.8554
tca,2019,d06,59.0719
tca,2019,d07,36.2962
tca,2019,d08,60.2443
tca,2019,d09,49.986
tca,2019,d10,57.6079
tcd,1996,d01,0.4905
tcd,1996,d02,0
tcd,1996,d03,3.605
tcd,1996,d04,2.6408
tcd,1996,d05,0
tcd,1996,d06,1.9493
tcd,1996,d07,4.7538
tcd,1996,d08,8.5179
tcd,1996,d09,14.4845
tcd,1996,d10,26.8545
tcd,2004,d01,0
tcd,2004,d02,0
tcd,2004,d03,1.647
tcd,2004,d04,0
tcd,2004,d05,0.88
tcd,2004,d06,6.0388
tcd,2004,d07,0.2358
tcd,2004,d08,2.6836
tcd,2004,d09,9.9873
tcd,2004,d10,26.3132
tcd,2010,d01,0
tcd,2010,d02,1.8684
tcd,2010,d03,1.2197
tcd,2010,d04,1.9866
tcd,2010,d05,0.5091
tcd,2010,d06,3.3944
tcd,2010,d07,2.6569
tcd,2010,d08,4.9145
tcd,2010,d09,8.7372
tcd,2010,d10,24.8488
tcd,2014,d01,7.974
tcd,2014,d02,9.2684
tcd,2014,d03,13.6148
tcd,2014,d04,11.1971
tcd,2014,d05,12.4861
tcd,2014,d06,11.2446
tcd,2014,d07,9.0266
tcd,2014,d08,7.9124
tcd,2014,d09,22.2245
tcd,2014,d10,28.2569
tcd,2019,d01,5.0577
tcd,2019,d02,6.1289
tcd,2019,d03,7.4439
tcd,2019,d04,6.6841
tcd,2019,d05,9.8941
tcd,2019,d06,14.0232
tcd,2019,d07,13.2527
tcd,2019,d08,14.9283
tcd,2019,d09,19.7125
tcd,2019,d10,32.5582
tgo,1998,d01,3.9224
tgo,1998,d02,8.3761
tgo,1998,d03,8.3603
tgo,1998,d04,10.3395
tgo,1998,d05,12.2521
tgo,1998,d06,11.8128
tgo,1998,d07,13.0664
tgo,1998,d08,13.8942
tgo,1998,d09,17.8349
tgo,1998,d10,26.6686
tgo,2006,d01,9.3117
tgo,2006,d02,12.7276
tgo,2006,d03,17.9032
tgo,2006,d04,13.7833
tgo,2006,d05,19.5139
tgo,2006,d06,18.5815
tgo,2006,d07,20.7719
tgo,2006,d08,23.2999
tgo,2006,d09,23.1131
tgo,2006,d10,37.1253
tgo,2010,d01,15.0411
tgo,2010,d02,26.7478
tgo,2010,d03,15.8293
tgo,2010,d04,25.5589
tgo,2010,d05,23.4748
tgo,2010,d06,21.492
tgo,2010,d07,27.423
tgo,2010,d08,24.0697
tgo,2010,d09,36.198
tgo,2010,d10,39.005
tgo,2013,d01,27.1624
tgo,2013,d02,32.7477
tgo,2013,d03,30.4407
tgo,2013,d04,32.3795
tgo,2013,d05,28.0108
tgo,2013,d06,34.494
tgo,2013,d07,28.7816
tgo,2013,d08,30.676
tgo,2013,d09,36.4217
tgo,2013,d10,39.7497
tgo,2017,d01,23.9265
tgo,2017,d02,30.8402
tgo,2017,d03,35.4614
tgo,2017,d04,32.6242
tgo,2017,d05,28.5206
tgo,2017,d06,35.1153
tgo,2017,d07,40.982
tgo,2017,d08,43.3757
tgo,2017,d09,37.9718
tgo,2017,d10,49.2663
tha,2012,d01,94.2877
tha,2012,d02,95.0437
tha,2012,d03,96.0944
tha,2012,d04,93.0707
tha,2012,d05,91.0506
tha,2012,d06,93.6492
tha,2012,d07,93.1548
tha,2012,d08,93.4298
tha,2012,d09,91.1939
tha,2012,d10,88.3348
tha,2015,d01,93.7876
tha,2015,d02,92.9553
tha,2015,d03,88.8016
tha,2015,d04,90.436
tha,2015,d05,87.9165
tha,2015,d06,90.2173
tha,2015,d07,87.8693
tha,2015,d08,90.1422
tha,2015,d09,88.9739
tha,2015,d10,87.3026
tha,2019,d01,86.7032
tha,2019,d02,88.909
tha,2019,d03,89.5082
tha,2019,d04,88.8404
tha,2019,d05,90.8034
tha,2019,d06,88.0387
tha,2019,d07,87.2774
tha,2019,d08,87.8676
tha,2019,d09,83.2214
tha,2019,d10,87.7256
tjk,2005,d01,44.0241
tjk,2005,d02,49.5752
tjk,2005,d03,52.8381
tjk,2005,d04,53.3241
tjk,2005,d05,52.0503
tjk,2005,d06,55.4768
tjk,2005,d07,56.465
tjk,2005,d08,62.0373
tjk,2005,d09,56.4266
tjk,2005,d10,67.5083
tjk,2012,d01,44.5174
tjk,2012,d02,45.6024
tjk,2012,d03,46.9253
tjk,2012,d04,51.5048
tjk,2012,d05,46.8306
tjk,2012,d06,51.5889
tjk,2012,d07,47.2458
tjk,2012,d08,49.5993
tjk,2012,d09,60.8229
tjk,2012,d10,58.8429
tjk,2017,d01,48.1252
tjk,2017,d02,46.8867
tjk,2017,d03,42.4635
tjk,2017,d04,51.1745
tjk,2017,d05,48.7567
tjk,2017,d06,48.0255
tjk,2017,d07,55.2978
tjk,2017,d08,50.9476
tjk,2017,d09,55.3927
tjk,2017,d10,56.0437
tkm,2006,d01,66.3452
tkm,2006,d02,72.2887
tkm,2006,d03,73.2655
tkm,2006,d04,73.4201
tkm,2006,d05,75.2883
tkm,2006,d06,72.2922
tkm,2006,d07,76.4551
tkm,2006,d08,73.6099
tkm,2006,d09,75.3207
tkm,2006,d10,67.8433
tkm,2015,d01,72.2436
tkm,2015,d02,73.1153
tkm,2015,d03,77.8175
tkm,2015,d04,80.312
tkm,2015,d05,78.2235
tkm,2015,d06,77.9026
tkm,2015,d07,78.3528
tkm,2015,d08,73.1416
tkm,2015,d09,76.8695
tkm,2015,d10,72.6161
tkm,2019,d01,78.0142
tkm,2019,d02,88.0306
tkm,2019,d03,81.0357
tkm,2019,d04,79.8662
tkm,2019,d05,78.735
tkm,2019,d06,81.2422
tkm,2019,d07,74.5073
tkm,2019,d08,78.8677
tkm,2019,d09,79.2487
tkm,2019,d10,81.6073
tls,2009,d01,24.5775
tls,2009,d02,33.4216
tls,2009,d03,30.6936
tls,2009,d04,35.2559
tls,2009,d05,29.0632
tls,2009,d06,35.4042
tls,2009,d07,47.6577
tls,2009,d08,43.8369
tls,2009,d09,51.364
tls,2009,d10,46.0138
tls,2016,d01,45.3234
tls,2016,d02,45.7746
tls,2016,d03,43.809
tls,2016,d04,42.4807
tls,2016,d05,50.8554
tls,2016,d06,48.5797
tls,2016,d07,51.515
tls,2016,d08,43.1144
tls,2016,d09,43.3689
tls,2016,d10,43.5972
ton,2019,d01,39.4605
ton,2019,d02,51.1996
ton,2019,d03,53.7127
ton,2019,d04,47.5986
ton,2019,d05,51.7566
ton,2019,d06,59.2187
ton,2019,d07,54.4976
ton,2019,d08,55.8111
ton,2019,d09,55.1338
ton,2019,d10,45.4386
tto,2006,d01,52.5932
tto,2006,d02,61.5314
tto,2006,d03,48.6767
tto,2006,d04,51.9426
tto,2006,d05,58.2172
tto,2006,d06,49.4751
tto,2006,d07,54.26
tto,2006,d08,55.3935
tto,2006,d09,56.9994
tto,2006,d10,72.9586
tto,2011,d01,48.1951
tto,2011,d02,64.8248
tto,2011,d03,67.3209
tto,2011,d04,57.4415
tto,2011,d05,62.9061
tto,2011,d06,65.7447
tto,2011,d07,60.5327
tto,2011,d08,67.0201
tto,2011,d09,73.5938
tto,2011,d10,75.9613
tun,2011,d01,74.485
tun,2011,d02,83.011
tun,2011,d03,83.0446
tun,2011,d04,78.8434
tun,2011,d05,70.3474
tun,2011,d06,79.4492
tun,2011,d07,71.8337
tun,2011,d08,67.3037
tun,2011,d09,72.3026
tun,2011,d10,64.9754
tun,2018,d01,87.5367
tun,2018,d02,86.0213
tun,2018,d03,84.687
tun,2018,d04,81.8233
tun,2018,d05,82.0349
tun,2018,d06,83.5965
tun,2018,d07,79.9019
tun,2018,d08,77.8749
tun,2018,d09,76.7509
tun,2018,d10,83.9246
tur,1993,d01,26.0646
tur,1993,d02,32.4101
tur,1993,d03,39.6538
tur,1993,d04,39.1135
tur,1993,d05,42.1121
tur,1993,d06,45.9502
tur,1993,d07,50.4548
tur,1993,d08,47.6007
tur,1993,d09,55.3188
tur,1993,d10,63.109
tur,1998,d01,31.7622
tur,1998,d02,35.8835
tur,1998,d03,44.8407
tur,1998,d04,42.9962
tur,1998,d05,49.3935
tur,1998,d06,49.3391
tur,1998,d07,55.2349
tur,1998,d08,54.8378
tur,1998,d09,57.415
tur,1998,d10,61.7668
tur,2003,d01,32.9778
tur,2003,d02,48.3081
tur,2003,d03,49.1754
tur,2003,d04,49.0343
tur,2003,d05,48.7819
tur,2003,d06,56.5691
tur,2003,d07,58.6614
tur,2003,d08,52.0622
tur,2003,d09,64.4357
tur,2003,d10,67.505
tur,2013,d01,48.2341
tur,2013,d02,52.9915
tur,2013,d03,50.5848
tur,2013,d04,57.2861
tur,2013,d05,56.9171
tur,2013,d06,57.5739
tur,2013,d07,59.0268
tur,2013,d08,67.8872
tur,2013,d09,63.6196
tur,2013,d10,72.4141
tza,1996,d01,6.8024
tza,1996,d02,19.7042
tza,1996,d03,22.5269
tza,1996,d04,21.838
tza,1996,d05,22.1549
tza,1996,d06,27.0636
tza,1996,d07,30.4655
tza,1996,d08,35.5096
tza,1996,d09,47.0387
tza,1996,d10,58.0294
tza,1999,d01,16.3759
tza,1999,d02,13.2094
tza,1999,d03,26.0626
tza,1999,d04,31.2795
tza,1999,d05,22.0815
tza,1999,d06,31.2674
tza,1999,d07,39.7182
tza,1999,d08,44.1594
tza,1999,d09,53.7014
tza,1999,d10,56.5843
tza,2004,d01,22.6255
tza,2004,d02,27.1537
tza,2004,d03,29.4919
tza,2004,d04,28.872
tza,2004,d05,30.4401
tza,2004,d06,32.2712
tza,2004,d07,39.7693
tza,2004,d08,46.8721
tza,2004,d09,53.1437
tza,2004,d10,61.4394
tza,2010,d01,33.6156
tza,2010,d02,40.6439
tza,2010,d03,35.1422
tza,2010,d04,43.0894
tza,2010,d05,39.8126
tza,2010,d06,44.6674
tza,2010,d07,49.0912
tza,2010,d08,57.5969
tza,2010,d09,57.0683
tza,2010,d10,56.2524
tza,2015,d01,32.0157
tza,2015,d02,44.5291
tza,2015,d03,50.0273
tza,2015,d04,46.2727
tza,2015,d05,56.11
tza,2015,d06,55.6893
tza,2015,d07,64.4889
tza,2015,d08,59.7541
tza,2015,d09,55.8742
tza,2015,d10,50.2727
uga,1995,d01,3.0798
uga,1995,d02,9.2129
uga,1995,d03,5.9515
uga,1995,d04,7.9911
uga,1995,d05,10.0338
uga,1995,d06,9.8266
uga,1995,d07,12.0048
uga,1995,d08,18.1781
uga,1995,d09,29.3473
uga,1995,d10,49.0074
uga,2000,d01,9.8475
uga,2000,d02,11.1088
uga,2000,d03,9.9425
uga,2000,d04,11.3849
uga,2000,d05,9.1889
uga,2000,d06,18.993
uga,2000,d07,23.6501
uga,2000,d08,28.3165
uga,2000,d09,40.6441
uga,2000,d10,62.3749
uga,2006,d01,9.4538
uga,2006,d02,17.175
uga,2006,d03,17.8128
uga,2006,d04,23.2456
uga,2006,d05,22.4015
uga,2006,d06,22.2162
uga,2006,d07,29.6287
uga,2006,d08,32.0603
uga,2006,d09,43.8259
uga,2006,d10,59.9868
uga,2011,d01,17.1409
uga,2011,d02,26.3169
uga,2011,d03,30.0029
uga,2011,d04,39.2118
uga,2011,d05,37.5184
uga,2011,d06,38.8055
uga,2011,d07,42.5728
uga,2011,d08,46.8551
uga,2011,d09,48.1773
uga,2011,d10,62.8479
uga,2016,d01,29.6577
uga,2016,d02,38.3339
uga,2016,d03,44.7045
uga,2016,d04,48.566
uga,2016,d05,50.1825
uga,2016,d06,51.0874
uga,2016,d07,54.182
uga,2016,d08,58.3116
uga,2016,d09,56.2516
uga,2016,d10,58.8266
ukr,2005,d01,55.9561
ukr,2005,d02,69.4335
ukr,2005,d03,65.9271
ukr,2005,d04,78.7279
ukr,2005,d05,75.7579
ukr,2005,d06,80.5573
ukr,2005,d07,88.3895
ukr,2005,d08,81.9062
ukr,2005,d09,83.7337
ukr,2005,d10,83.4863
ukr,2007,d01,43.5521
ukr,2007,d02,49.2114
ukr,2007,d03,60.859
ukr,2007,d04,61.2447
ukr,2007,d05,65.0081
ukr,2007,d06,57.7681
ukr,2007,d07,63.2977
ukr,2007,d08,62.3958
ukr,2007,d09,66.907
ukr,2007,d10,67.5943
ukr,2012,d01,47.9203
ukr,2012,d02,63.1519
ukr,2012,d03,56.065
ukr,2012,d04,73.5384
ukr,2012,d05,68.374
ukr,2012,d06,70.8165
ukr,2012,d07,76.6417
ukr,2012,d08,74.0069
ukr,2012,d09,74.7699
ukr,2012,d10,72.1359
uzb,1996,d01,63.743
uzb,1996,d02,73.0212
uzb,1996,d03,77.3235
uzb,1996,d04,75.8849
uzb,1996,d05,81.6683
uzb,1996,d06,75.7129
uzb,1996,d07,71.7336
uzb,1996,d08,74.7497
uzb,1996,d09,76.577
uzb,1996,d10,70.4869
uzb,2006,d01,80.3642
uzb,2006,d02,83.6499
uzb,2006,d03,82.7949
uzb,2006,d04,84.5301
uzb,2006,d05,86.676
uzb,2006,d06,84.2164
uzb,2006,d07,83.8509
uzb,2006,d08,84.7453
uzb,2006,d09,80.8467
uzb,2006,d10,77.6804
vnm,1997,d01,56.9807
vnm,1997,d02,66.1133
vnm,1997,d03,70.0943
vnm,1997,d04,68.8572
vnm,1997,d05,70.6377
vnm,1997,d06,71.3244
vnm,1997,d07,72.5036
vnm,1997,d08,66.6555
vnm,1997,d09,67.0993
vnm,1997,d10,61.5515
vnm,2002,d01,73.1477
vnm,2002,d02,66.1179
vnm,2002,d03,67.5314
vnm,2002,d04,70.7461
vnm,2002,d05,66.5238
vnm,2002,d06,66.1976
vnm,2002,d07,67.4547
vnm,2002,d08,67.438
vnm,2002,d09,64.7505
vnm,2002,d10,62.7681
vnm,2010,d01,81.69
vnm,2010,d02,80.519
vnm,2010,d03,80.498
vnm,2010,d04,72.6884
vnm,2010,d05,75.6632
vnm,2010,d06,74.7345
vnm,2010,d07,69.3664
vnm,2010,d08,71.2351
vnm,2010,d09,72.4958
vnm,2010,d10,73.7103
vnm,2013,d01,80.7505
vnm,2013,d02,75.6476
vnm,2013,d03,72.036
vnm,2013,d04,72.9234
vnm,2013,d05,70.4749
vnm,2013,d06,67.7902
vnm,2013,d07,66.6304
vnm,2013,d08,67.863
vnm,2013,d09,69.2365
vnm,2013,d10,71.1064
wsm,2019,d01,22.2482
wsm,2019,d02,31.3627
wsm,2019,d03,26.3372
wsm,2019,d04,26.2031
wsm,2019,d05,26.7309
wsm,2019,d06,27.5463
wsm,2019,d07,32.0605
wsm,2019,d08,28.0718
wsm,2019,d09,24.0594
wsm,2019,d10,35.5701
yem,2006,d01,10.6315
yem,2006,d02,13.2678
yem,2006,d03,19.7237
yem,2006,d04,24.1318
yem,2006,d05,34.5601
yem,2006,d06,48.6098
yem,2006,d07,51.7233
yem,2006,d08,62.3684
yem,2006,d09,66.9491
yem,2006,d10,68.4836
yem,2013,d01,11.7016
yem,2013,d02,17.2997
yem,2013,d03,25.9647
yem,2013,d04,31.0194
yem,2013,d05,42.4635
yem,2013,d06,44.0972
yem,2013,d07,48.7663
yem,2013,d08,51.3887
yem,2013,d09,52.5802
yem,2013,d10,61.985
zaf,1998,d01,48.3414
zaf,1998,d02,62.4803
zaf,1998,d03,64.1272
zaf,1998,d04,69.154
zaf,1998,d05,76.8845
zaf,1998,d06,76.8663
zaf,1998,d07,78.9241
zaf,1998,d08,87.534
zaf,1998,d09,87.289
zaf,1998,d10,92.9876
zaf,2016,d01,80.1749
zaf,2016,d02,72.4706
zaf,2016,d03,75.4415
zaf,2016,d04,70.1594
zaf,2016,d05,78.9617
zaf,2016,d06,81.6973
zaf,2016,d07,79.576
zaf,2016,d08,81.0283
zaf,2016,d09,79.5279
zaf,2016,d10,77.9766
zmb,1996,d01,15.3623
zmb,1996,d02,11.1455
zmb,1996,d03,23.5773
zmb,1996,d04,20.3423
zmb,1996,d05,14.7526
zmb,1996,d06,23.6133
zmb,1996,d07,30.176
zmb,1996,d08,37.7821
zmb,1996,d09,43.5208
zmb,1996,d10,57.0917
zmb,2001,d01,13.92
zmb,2001,d02,19.0261
zmb,2001,d03,16.2785
zmb,2001,d04,21.0794
zmb,2001,d05,27.0278
zmb,2001,d06,27.0013
zmb,2001,d07,38.5187
zmb,2001,d08,47.3552
zmb,2001,d09,62.5244
zmb,2001,d10,69.1969
zmb,2007,d01,23.0875
zmb,2007,d02,26.865
zmb,2007,d03,25.0651
zmb,2007,d04,27.6083
zmb,2007,d05,27.6459
zmb,2007,d06,30.6422
zmb,2007,d07,52.1271
zmb,2007,d08,49.8449
zmb,2007,d09,59.1639
zmb,2007,d10,67.3532
zmb,2013,d01,46.0508
zmb,2013,d02,49.4538
zmb,2013,d03,54.7765
zmb,2013,d04,56.2527
zmb,2013,d05,59.3969
zmb,2013,d06,62.7624
zmb,2013,d07,69.8157
zmb,2013,d08,67.1198
zmb,2013,d09,77.4242
zmb,2013,d10,74.6649
zmb,2018,d01,53.017
zmb,2018,d02,63.5238
zmb,2018,d03,60.1804
zmb,2018,d04,62.1227
zmb,2018,d05,67.6894
zmb,2018,d06,72.6748
zmb,2018,d07,69.9019
zmb,2018,d08,77.3959
zmb,2018,d09,72.2504
zmb,2018,d10,68.3278
zwe,1994,d01,49.1605
zwe,1994,d02,48.2588
zwe,1994,d03,54.9785
zwe,1994,d04,57.2682
zwe,1994,d05,56.3452
zwe,1994,d06,63.0735
zwe,1994,d07,68.7136
zwe,1994,d08,76.1264
zwe,1994,d09,82.6395
zwe,1994,d10,78.691
zwe,1999,d01,62.4399
zwe,1999,d02,62.1591
zwe,1999,d03,61.1093
zwe,1999,d04,64.9017
zwe,1999,d05,59.4892
zwe,1999,d06,70.5388
zwe,1999,d07,76.2386
zwe,1999,d08,81.0568
zwe,1999,d09,83.7345
zwe,1999,d10,88.0846
zwe,2005,d01,61.5398
zwe,2005,d02,65.6529
zwe,2005,d03,72.0763
zwe,2005,d04,78.2488
zwe,2005,d05,80.0386
zwe,2005,d06,77.4504
zwe,2005,d07,85.6555
zwe,2005,d08,82.8971
zwe,2005,d09,86.7419
zwe,2005,d10,88.6918
zwe,2010,d01,74.1801
zwe,2010,d02,72.0054
zwe,2010,d03,74.148
zwe,2010,d04,70.4491
zwe,2010,d05,81.364
zwe,2010,d06,77.4322
zwe,2010,d07,78.985
zwe,2010,d08,81.2442
zwe,2010,d09,81.9628
zwe,2010,d10,87.1641
zwe,2014,d01,79.0353
zwe,2014,d02,83.2608
zwe,2014,d03,85.6461
zwe,2014,d04,83.2311
zwe,2014,d05,86.7338
zwe,2014,d06,88.0671
zwe,2014,d07,89.6338
zwe,2014,d08,86.6902
zwe,2014,d09,87.9315
zwe,2014,d10,88.9022
zwe,2015,d01,80.1302
zwe,2015,d02,79.5395
zwe,2015,d03,82.2743
zwe,2015,d04,81.9559
zwe,2015,d05,84.8199
zwe,2015,d06,87.8637
zwe,2015,d07,84.0259
zwe,2015,d08,87.1435
zwe,2015,d09,90.8282
zwe,2015,d10,88.609
