country,time,decile,cpmo
afg,2010,d01,16.8217
afg,2010,d02,11.7201
afg,2010,d03,11.778
afg,2010,d04,13.0998
afg,2010,d05,15.4974
afg,2010,d06,19.4685
afg,2010,d07,19.6277
afg,2010,d08,22.3554
afg,2010,d09,30.0995
afg,2010,d10,36.3933
afg,2015,d01,13.3809
afg,2015,d02,15.8086
afg,2015,d03,15.0985
afg,2015,d04,13.8052
afg,2015,d05,13.7352
afg,2015,d06,14.4306
afg,2015,d07,17.6753
afg,2015,d08,22.9255
afg,2015,d09,27.2847
afg,2015,d10,31.888
ago,2015,d01,0.6658
ago,2015,d02,1.1894
ago,2015,d03,1.1247
ago,2015,d04,3.7716
ago,2015,d05,6.0657
ago,2015,d06,10.6281
ago,2015,d07,16.9276
ago,2015,d08,19.543
ago,2015,d09,25.6348
ago,2015,d10,36.0879
alb,2005,d01,22.9414
alb,2005,d02,13.0759
alb,2005,d03,12.3472
alb,2005,d04,13.2844
alb,2005,d05,17.9373
alb,2005,d06,24.666
alb,2005,d07,25.5462
alb,2005,d08,26.7165
alb,2005,d09,33.707
alb,2005,d10,34.2447
alb,2008,d01,8.9024
alb,2008,d02,11.2011
alb,2008,d03,7.7103
alb,2008,d04,9.2765
alb,2008,d05,10.9698
alb,2008,d06,9.7349
alb,2008,d07,8.1252
alb,2008,d08,8.9657
alb,2008,d09,12.0702
alb,2008,d10,15.51
alb,2017,d01,4.0389
alb,2017,d02,3.436
alb,2017,d03,3.1585
alb,2017,d04,4.0566
alb,2017,d05,2.58
alb,2017,d06,2.9996
alb,2017,d07,3.7391
alb,2017,d08,3.582
alb,2017,d09,5.4504
alb,2017,d10,3.5078
arg,2011,d01,49.2427
arg,2011,d02,51.7629
arg,2011,d03,48.4594
arg,2011,d04,51.2465
arg,2011,d05,48.2248
arg,2011,d06,54.1582
arg,2011,d07,57.0791
arg,2011,d08,57.8646
arg,2011,d09,54.7148
arg,2011,d10,59.6578
arg,2019,d01,63.8947
arg,2019,d02,69.274
arg,2019,d03,68.6478
arg,2019,d04,67.1685
arg,2019,d05,61.2939
arg,2019,d06,68.3364
arg,2019,d07,70.6522
arg,2019,d08,69.4807
arg,2019,d09,69.7628
arg,2019,d10,72.803
arm,2000,d01,12.4212
arm,2000,d02,13.6471
arm,2000,d03,20.4549
arm,2000,d04,18.6788
arm,2000,d05,23.1349
arm,2000,d06,18.9131
arm,2000,d07,20.0827
arm,2000,d08,21.6675
arm,2000,d09,26.3776
arm,2000,d10,26.6705
arm,2005,d01,10.0867
arm,2005,d02,14.1732
arm,2005,d03,16.0889
arm,2005,d04,14.826
arm,2005,d05,15.3926
arm,2005,d06,18.7091
arm,2005,d07,16.0802
arm,2005,d08,27.4726
arm,2005,d09,22.3589
arm,2005,d10,34.0052
arm,2010,d01,19.287
arm,2010,d02,21.2547
arm,2010,d03,17.7308
arm,2010,d04,15.4455
arm,2010,d05,21.4107
arm,2010,d06,30.4258
arm,2010,d07,34.789
arm,2010,d08,28.127
arm,2010,d09,28.4669
arm,2010,d10,43.5907
arm,2015,d01,17.5135
arm,2015,d02,23.0607
arm,2015,d03,24.4618
arm,2015,d04,22.909
arm,2015,d05,20.4482
arm,2015,d06,26.5397
arm,2015,d07,29.6563
arm,2015,d08,29.1115
arm,2015,d09,38.2536
arm,2015,d10,35.0848
aze,2006,d01,9.3189
aze,2006,d02,9.7397
aze,2006,d03,9.0493
aze,2006,d04,9.2504
aze,2006,d05,7.9773
aze,2006,d06,10.9712
aze,2006,d07,16.6487
aze,2006,d08,18.6435
aze,2006,d09,16.0635
aze,2006,d10,23.0096
bdi,2005,d01,4.9789
bdi,2005,d02,5.9621
bdi,2005,d03,5.7958
bdi,2005,d04,7.968
bdi,2005,d05,5.008
bdi,2005,d06,7.3589
bdi,2005,d07,8.8925
bdi,2005,d08,6.7765
bdi,2005,d09,6.9679
bdi,2005,d10,16.8863
bdi,2010,d01,15.8608
bdi,2010,d02,13.1895
bdi,2010,d03,13.3271
bdi,2010,d04,15.009
bdi,2010,d05,16.9729
bdi,2010,d06,17.6237
bdi,2010,d07,19.4935
bdi,2010,d08,15.0857
bdi,2010,d09,22.4742
bdi,2010,d10,29.8997
bdi,2016,d01,23.9028
bdi,2016,d02,19.4978
bdi,2016,d03,21.5219
bdi,2016,d04,22.8812
bdi,2016,d05,23.0708
bdi,2016,d06,20.5567
bdi,2016,d07,18.8767
bdi,2016,d08,20.0401
bdi,2016,d09,24.9401
bdi,2016,d10,28.1414
ben,1996,d01,1.0538
ben,1996,d02,1.6715
ben,1996,d03,1.2574
ben,1996,d04,1.4629
ben,1996,d05,2.3593
ben,1996,d06,0.976
ben,1996,d07,4.6425
ben,1996,d08,4.5141
ben,1996,d09,7.9738
ben,1996,d10,10.3104
ben,2001,d01,3.1169
ben,2001,d02,3.7658
ben,2001,d03,2.2081
ben,2001,d04,3.4082
ben,2001,d05,5.5883
ben,2001,d06,6.8778
ben,2001,d07,7.7054
ben,2001,d08,8.2666
ben,2001,d09,13.179
ben,2001,d10,15.8734
ben,2006,d01,1.8395
ben,2006,d02,2.5551
ben,2006,d03,2.9064
ben,2006,d04,3.8023
ben,2006,d05,3.6159
ben,2006,d06,5.8092
ben,2006,d07,5.4325
ben,2006,d08,7.5046
ben,2006,d09,11.3559
ben,2006,d10,15.949
ben,2011,d01,3.8334
ben,2011,d02,4.1865
ben,2011,d03,5.8679
ben,2011,d04,5.5805
ben,2011,d05,6.7878
ben,2011,d06,7.8631
ben,2011,d07,8.0932
ben,2011,d08,8.2451
ben,2011,d09,11.1721
ben,2011,d10,12.269
ben,2014,d01,7.2633
ben,2014,d02,5.2297
ben,2014,d03,7.0438
ben,2014,d04,7.9025
ben,2014,d05,9.2626
ben,2014,d06,10.9533
ben,2014,d07,13.2221
ben,2014,d08,14.2249
ben,2014,d09,17.4748
ben,2014,d10,20.9021
ben,2017,d01,8.2968
ben,2017,d02,10.488
ben,2017,d03,9.0828
ben,2017,d04,10.052
ben,2017,d05,11.7971
ben,2017,d06,10.9625
ben,2017,d07,10.8109
ben,2017,d08,13.8404
ben,2017,d09,14.2847
ben,2017,d10,19.2776
bfa,1998,d01,0.9629
bfa,1998,d02,2.6509
bfa,1998,d03,2.9414
bfa,1998,d04,2.3428
bfa,1998,d05,2.311
bfa,1998,d06,2.9901
bfa,1998,d07,2.6876
bfa,1998,d08,1.8853
bfa,1998,d09,8.1848
bfa,1998,d10,24.3541
bfa,2003,d01,1.9133
bfa,2003,d02,2.1869
bfa,2003,d03,4.8617
bfa,2003,d04,2.583
bfa,2003,d05,6.1588
bfa,2003,d06,7.7436
bfa,2003,d07,5.5817
bfa,2003,d08,7.2267
bfa,2003,d09,19.3706
bfa,2003,d10,34.0942
bfa,2006,d01,4.9308
bfa,2006,d02,7.8182
bfa,2006,d03,6.1228
bfa,2006,d04,6.0223
bfa,2006,d05,7.3482
bfa,2006,d06,8.5426
bfa,2006,d07,12.198
bfa,2006,d08,12.7432
bfa,2006,d09,34.2262
bfa,2006,d10,36.8785
bfa,2010,d01,6.4257
bfa,2010,d02,7.7714
bfa,2010,d03,8.067
bfa,2010,d04,9.1298
bfa,2010,d05,8.4565
bfa,2010,d06,10.5919
bfa,2010,d07,13.678
bfa,2010,d08,18.7565
bfa,2010,d09,27.6204
bfa,2010,d10,39.1917
bgd,1993,d01,32.3535
bgd,1993,d02,36.6187
bgd,1993,d03,36.7389
bgd,1993,d04,34.6265
bgd,1993,d05,36.1858
bgd,1993,d06,34.7628
bgd,1993,d07,35.0683
bgd,1993,d08,35.3009
bgd,1993,d09,36.6134
bgd,1993,d10,48.9656
bgd,1996,d01,37.6265
bgd,1996,d02,41.7777
bgd,1996,d03,40.5079
bgd,1996,d04,40.3791
bgd,1996,d05,44.8681
bgd,1996,d06,42.9505
bgd,1996,d07,37.2046
bgd,1996,d08,39.9383
bgd,1996,d09,44.0417
bgd,1996,d10,52.9173
bgd,1999,d01,34.9335
bgd,1999,d02,39.8185
bgd,1999,d03,43.0625
bgd,1999,d04,44.33
bgd,1999,d05,44.1619
bgd,1999,d06,45.4648
bgd,1999,d07,42.3031
bgd,1999,d08,44.5874
bgd,1999,d09,50.355
bgd,1999,d10,49.9484
bgd,2004,d01,45.0484
bgd,2004,d02,45.3758
bgd,2004,d03,46.7852
bgd,2004,d04,49.6119
bgd,2004,d05,49.8487
bgd,2004,d06,44.4262
bgd,2004,d07,48.6734
bgd,2004,d08,46.2398
bgd,2004,d09,47.5388
bgd,2004,d10,52.7744
bgd,2007,d01,46.5827
bgd,2007,d02,47.3968
bgd,2007,d03,44.8806
bgd,2007,d04,49.3545
bgd,2007,d05,46.949
bgd,2007,d06,45.1322
bgd,2007,d07,47.0158
bgd,2007,d08,48.2427
bgd,2007,d09,47.4643
bgd,2007,d10,51.386
bgd,2011,d01,51.3875
bgd,2011,d02,54.2795
bgd,2011,d03,51.7344
bgd,2011,d04,55.792
bgd,2011,d05,52.8751
bgd,2011,d06,51.4781
bgd,2011,d07,48.9552
bgd,2011,d08,52.2667
bgd,2011,d09,49.057
bgd,2011,d10,53.2202
bgd,2012,d01,62.1099
bgd,2012,d02,64.3064
bgd,2012,d03,63.9742
bgd,2012,d04,62.9647
bgd,2012,d05,62.8535
bgd,2012,d06,59.679
bgd,2012,d07,55.9604
bgd,2012,d08,56.0481
bgd,2012,d09,54.3222
bgd,2012,d10,50.5898
bgd,2014,d01,54.4112
bgd,2014,d02,55.9201
bgd,2014,d03,55.0092
bgd,2014,d04,55.1968
bgd,2014,d05,56.0928
bgd,2014,d06,52.8994
bgd,2014,d07,50.4104
bgd,2014,d08,55.1836
bgd,2014,d09,51.899
bgd,2014,d10,53.8602
bgd,2017,d01,59.2458
bgd,2017,d02,55.1924
bgd,2017,d03,53.4839
bgd,2017,d04,51.6143
bgd,2017,d05,50.7465
bgd,2017,d06,49.6326
bgd,2017,d07,50.7257
bgd,2017,d08,51.8908
bgd,2017,d09,47.8529
bgd,2017,d10,49.7725
bgd,2019,d01,63.0472
bgd,2019,d02,63.5032
bgd,2019,d03,65.7153
bgd,2019,d04,63.2316
bgd,2019,d05,59.8336
bgd,2019,d06,57.8077
bgd,2019,d07,54.3434
bgd,2019,d08,56.5538
bgd,2019,d09,53.4835
bgd,2019,d10,55.053
bih,2006,d01,3.5748
bih,2006,d02,5.2647
bih,2006,d03,11.4584
bih,2006,d04,8.6185
bih,2006,d05,6.3315
bih,2006,d06,8.6806
bih,2006,d07,12.3824
bih,2006,d08,12.5536
bih,2006,d09,16.8051
bih,2006,d10,23.9983
bih,2011,d01,4.6958
bih,2011,d02,8.742
bih,2011,d03,7.7341
bih,2011,d04,6.0972
bih,2011,d05,10.9073
bih,2011,d06,11.6188
bih,2011,d07,11.2527
bih,2011,d08,14.0845
bih,2011,d09,18.6412
bih,2011,d10,20.5737
blr,2005,d01,42.6673
blr,2005,d02,53.2344
blr,2005,d03,50.8814
blr,2005,d04,55.9386
blr,2005,d05,59.2497
blr,2005,d06,58.9146
blr,2005,d07,59.7192
blr,2005,d08,60.8205
blr,2005,d09,57.2015
blr,2005,d10,59.8871
blr,2012,d01,42.5431
blr,2012,d02,44.4294
blr,2012,d03,49.147
blr,2012,d04,51.8229
blr,2012,d05,51.7043
blr,2012,d06,46.835
blr,2012,d07,51.2627
blr,2012,d08,52.1477
blr,2012,d09,55.4899
blr,2012,d10,57.5108
blr,2019,d01,33.4085
blr,2019,d02,44.2024
blr,2019,d03,46.338
blr,2019,d04,49.4229
blr,2019,d05,38.118
blr,2019,d06,44.3885
blr,2019,d07,46.7384
blr,2019,d08,53.9591
blr,2019,d09,50.5525
blr,2019,d10,44.3578
blz,2006,d01,10.014
blz,2006,d02,20.4609
blz,2006,d03,26.7406
blz,2006,d04,32.8875
blz,2006,d05,36.6157
blz,2006,d06,33.1537
blz,2006,d07,35.57
blz,2006,d08,34.8253
blz,2006,d09,38.1635
blz,2006,d10,34.8697
blz,2011,d01,35.8115
blz,2011,d02,45.2795
blz,2011,d03,46.9388
blz,2011,d04,54.9247
blz,2011,d05,50.1538
blz,2011,d06,50.9046
blz,2011,d07,59.1006
blz,2011,d08,55.6144
blz,2011,d09,50.3031
blz,2011,d10,65.5015
blz,2015,d01,29.1902
blz,2015,d02,42.0106
blz,2015,d03,47.5038
blz,2015,d04,49.2965
blz,2015,d05,51.1526
blz,2015,d06,51.6086
blz,2015,d07,49.2298
blz,2015,d08,54.4236
blz,2015,d09,52.8306
blz,2015,d10,51.8294
bol,1994,d01,1.5081
bol,1994,d02,1.7893
bol,1994,d03,6.1738
bol,1994,d04,7.661
bol,1994,d05,10.9842
bol,1994,d06,18.615
bol,1994,d07,19.1455
bol,1994,d08,25.9562
bol,1994,d09,36.0328
bol,1994,d10,47.8451
bol,1998,d01,5.2449
bol,1998,d02,9.1392
bol,1998,d03,16.363
bol,1998,d04,17.8966
bol,1998,d05,18.1143
bol,1998,d06,25.9584
bol,1998,d07,28.9848
bol,1998,d08,35.7394
bol,1998,d09,42.378
bol,1998,d10,48.6836
bol,2003,d01,16.9916
bol,2003,d02,19.6313
bol,2003,d03,25.9536
bol,2003,d04,24.081
bol,2003,d05,26.4077
bol,2003,d06,31.6815
bol,2003,d07,36.119
bol,2003,d08,42.6278
bol,2003,d09,42.7578
bol,2003,d10,54.03
bol,2008,d01,18.658
bol,2008,d02,25.7572
bol,2008,d03,27.6002
bol,2008,d04,25.6054
bol,2008,d05,30.6496
bol,2008,d06,35.6204
bol,2008,d07,38.0046
bol,2008,d08,41.8538
bol,2008,d09,43.9732
bol,2008,d10,47.0007
bol,2016,d01,33.0058
bol,2016,d02,32.0059
bol,2016,d03,35.4642
bol,2016,d04,45.0665
bol,2016,d05,43.4085
bol,2016,d06,41.8769
bol,2016,d07,46.6673
bol,2016,d08,46.7179
bol,2016,d09,51.0857
bol,2016,d10,54.3151
bra,1996,d01,50.5033
bra,1996,d02,60.7413
bra,1996,d03,66.0429
bra,1996,d04,71.8213
bra,1996,d05,72.7007
bra,1996,d06,74.5567
bra,1996,d07,74.2601
bra,1996,d08,73.3957
bra,1996,d09,75.6118
bra,1996,d10,77.9381
bra,2006,d01,68.3637
bra,2006,d02,79.1262
bra,2006,d03,79.2628
bra,2006,d04,80.721
bra,2006,d05,75.3776
bra,2006,d06,80.4735
bra,2006,d07,76.5218
bra,2006,d08,79.611
bra,2006,d09,79.8559
bra,2006,d10,80.6492
bra,2013,d01,76.3291
bra,2013,d02,78.8529
bra,2013,d03,79.233
bra,2013,d04,77.2163
bra,2013,d05,82.6949
bra,2013,d06,82.9394
bra,2013,d07,79.7347
bra,2013,d08,77.6102
bra,2013,d09,77.1175
bra,2013,d10,81.5143
bra,2019,d01,78.1021
bra,2019,d02,77.8405
bra,2019,d03,77.5316
bra,2019,d04,76.0912
bra,2019,d05,77.7278
bra,2019,d06,78.2376
bra,2019,d07,78.4676
bra,2019,d08,79.6077
bra,2019,d09,81.134
bra,2019,d10,75.589
brb,2012,d01,56.2646
brb,2012,d02,46.5106
brb,2012,d03,50.5573
brb,2012,d04,54.825
brb,2012,d05,47.8437
brb,2012,d06,52.6395
brb,2012,d07,54.1652
brb,2012,d08,63.72
brb,2012,d09,59.2135
brb,2012,d10,64.3084
btn,2010,d01,69.3027
btn,2010,d02,68.4932
btn,2010,d03,68.2077
btn,2010,d04,62.8371
btn,2010,d05,63.4496
btn,2010,d06,65.8968
btn,2010,d07,66.8618
btn,2010,d08,65.564
btn,2010,d09,61.6199
btn,2010,d10,62.2131
caf,1994,d01,0.6125
caf,1994,d02,0.6646
caf,1994,d03,0.7277
caf,1994,d04,1.1279
caf,1994,d05,1.758
caf,1994,d06,2.0929
caf,1994,d07,2.8487
caf,1994,d08,8.6815
caf,1994,d09,7.3695
caf,1994,d10,10.2701
caf,2006,d01,0.4823
caf,2006,d02,0.448
caf,2006,d03,1.6712
caf,2006,d04,3.0859
caf,2006,d05,3.5366
caf,2006,d06,5.8684
caf,2006,d07,11.5065
caf,2006,d08,12.518
caf,2006,d09,15.0445
caf,2006,d10,31.729
caf,2010,d01,1.2853
caf,2010,d02,1.9879
caf,2010,d03,1.6874
caf,2010,d04,1.526
caf,2010,d05,4.2283
caf,2010,d06,4.294
caf,2010,d07,7.7772
caf,2010,d08,18.9474
caf,2010,d09,23.6504
caf,2010,d10,26.6958
caf,2018,d01,3.908
caf,2018,d02,3.4156
caf,2018,d03,5.3051
caf,2018,d04,4.3829
caf,2018,d05,6.0934
caf,2018,d06,7.9662
caf,2018,d07,13.1874
caf,2018,d08,18.4655
caf,2018,d09,23.9349
caf,2018,d10,30.6564
civ,1994,d01,0.6786
civ,1994,d02,1.735
civ,1994,d03,1.2015
civ,1994,d04,3.2183
civ,1994,d05,1.5974
civ,1994,d06,2.4016
civ,1994,d07,4.9493
civ,1994,d08,5.756
civ,1994,d09,7.1265
civ,1994,d10,18.7521
civ,1998,d01,0.6897
civ,1998,d02,2.7939
civ,1998,d03,5.1679
civ,1998,d04,1.3226
civ,1998,d05,4.0836
civ,1998,d06,5.8949
civ,1998,d07,10.4137
civ,1998,d08,10.1291
civ,1998,d09,17.2242
civ,1998,d10,22.4579
civ,2006,d01,2.1422
civ,2006,d02,5.5653
civ,2006,d03,5.2268
civ,2006,d04,8.2629
civ,2006,d05,6.6278
civ,2006,d06,7.6599
civ,2006,d07,10.8421
civ,2006,d08,13.7958
civ,2006,d09,15.9892
civ,2006,d10,22.765
civ,2011,d01,4.8457
civ,2011,d02,8.6632
civ,2011,d03,9.7583
civ,2011,d04,10.852
civ,2011,d05,7.6453
civ,2011,d06,10.6235
civ,2011,d07,11.3943
civ,2011,d08,18.7351
civ,2011,d09,17.305
civ,2011,d10,17.525
civ,2016,d01,8.3474
civ,2016,d02,8.6874
civ,2016,d03,10.9391
civ,2016,d04,8.6142
civ,2016,d05,11.9026
civ,2016,d06,14.0343
civ,2016,d07,16.0014
civ,2016,d08,20.4887
civ,2016,d09,22.7655
civ,2016,d10,17.2928
cmr,1998,d01,1.7347
cmr,1998,d02,1.033
cmr,1998,d03,3.2499
cmr,1998,d04,1.4228
cmr,1998,d05,4.2489
cmr,1998,d06,7.7499
cmr,1998,d07,10.5555
cmr,1998,d08,10.4771
cmr,1998,d09,13.116
cmr,1998,d10,19.9643
cmr,2004,d01,1.2227
cmr,2004,d02,3.4992
cmr,2004,d03,4.369
cmr,2004,d04,4.9466
cmr,2004,d05,8.8212
cmr,2004,d06,12.3648
cmr,2004,d07,17.5469
cmr,2004,d08,21.0422
cmr,2004,d09,24.3233
cmr,2004,d10,28.5122
cmr,2006,d01,0.7984
cmr,2006,d02,2.2562
cmr,2006,d03,3.8625
cmr,2006,d04,6.4011
cmr,2006,d05,10.8633
cmr,2006,d06,12.847
cmr,2006,d07,16.6281
cmr,2006,d08,21.335
cmr,2006,d09,20.146
cmr,2006,d10,31.2037
cmr,2011,d01,1.2503
cmr,2011,d02,3.1055
cmr,2011,d03,6.4348
cmr,2011,d04,8.9795
cmr,2011,d05,12.7635
cmr,2011,d06,14.0689
cmr,2011,d07,20.9931
cmr,2011,d08,21.0377
cmr,2011,d09,24.3297
cmr,2011,d10,26.7476
cmr,2014,d01,1.7435
cmr,2014,d02,3.5508
cmr,2014,d03,6.1822
cmr,2014,d04,13.181
cmr,2014,d05,19.1061
cmr,2014,d06,16.5837
cmr,2014,d07,22.2641
cmr,2014,d08,25.2996
cmr,2014,d09,29.0355
cmr,2014,d10,28.3207
cmr,2018,d01,1.7396
cmr,2018,d02,4.6017
cmr,2018,d03,10.7845
cmr,2018,d04,12.7195
cmr,2018,d05,15.2862
cmr,2018,d06,16.8829
cmr,2018,d07,17.7984
cmr,2018,d08,18.2878
cmr,2018,d09,20.8268
cmr,2018,d10,25.1794
cod,2007,d01,2.9388
cod,2007,d02,2.3
cod,2007,d03,3.0077
cod,2007,d04,2.4646
cod,2007,d05,2.9491
cod,2007,d06,4.3047
cod,2007,d07,5.2613
cod,2007,d08,8.6398
cod,2007,d09,13.5042
cod,2007,d10,16.3548
cod,2010,d01,1.7098
cod,2010,d02,1.1386
cod,2010,d03,2.6801
cod,2010,d04,1.903
cod,2010,d05,3.1985
cod,2010,d06,2.8412
cod,2010,d07,5.217
cod,2010,d08,9.2074
cod,2010,d09,11.8656
cod,2010,d10,17.0468
cod,2013,d01,3.249
cod,2013,d02,2.7439
cod,2013,d03,3.8954
cod,2013,d04,4.7159
cod,2013,d05,3.9428
cod,2013,d06,4.3572
cod,2013,d07,8.8533
cod,2013,d08,11.1111
cod,2013,d09,13.7602
cod,2013,d10,17.4376
cod,2017,d01,3.161
cod,2017,d02,3.8746
cod,2017,d03,4.4675
cod,2017,d04,5.0739
cod,2017,d05,6.5327
cod,2017,d06,9.4425
cod,2017,d07,11.6315
cod,2017,d08,22.2428
cod,2017,d09,26.4174
cod,2017,d10,30.5098
cog,2005,d01,7.3935
cog,2005,d02,10.8019
cog,2005,d03,7.3658
cog,2005,d04,6.5432
cog,2005,d05,12.7466
cog,2005,d06,11.7728
cog,2005,d07,13.0744
cog,2005,d08,19.7638
cog,2005,d09,16.0857
cog,2005,d10,19.8388
cog,2011,d01,7.6848
cog,2011,d02,9.6813
cog,2011,d03,13.6309
cog,2011,d04,13.7087
cog,2011,d05,20.2906
cog,2011,d06,20.5264
cog,2011,d07,20.6626
cog,2011,d08,21.0316
cog,2011,d09,29.3214
cog,2011,d10,25.9485
cog,2014,d01,8.3882
cog,2014,d02,14.3837
cog,2014,d03,17.4614
cog,2014,d04,19.7878
cog,2014,d05,16.3339
cog,2014,d06,19.7434
cog,2014,d07,21.7007
cog,2014,d08,18.0674
cog,2014,d09,21.3352
cog,2014,d10,17.5004
col,1995,d01,36.6269
col,1995,d02,47.7045
col,1995,d03,58.2145
col,1995,d04,61.1202
col,1995,d05,61.1751
col,1995,d06,64.0149
col,1995,d07,62.0157
col,1995,d08,63.968
col,1995,d09,66.6206
col,1995,d10,67.9953
col,2005,d01,52.9611
col,2005,d02,64.0691
col,2005,d03,63.8211
col,2005,d04,69.4513
col,2005,d05,67.1585
col,2005,d06,70.1861
col,2005,d07,70.1183
col,2005,d08,73.1588
col,2005,d09,71.8821
col,2005,d10,71.7029
col,2010,d01,63.7094
col,2010,d02,72.334
col,2010,d03,73.3356
col,2010,d04,72.3797
col,2010,d05,70.9741
col,2010,d06,75.1186
col,2010,d07,75.5966
col,2010,d08,74.5114
col,2010,d09,75.7863
col,2010,d10,73.8793
col,2015,d01,67.8245
col,2015,d02,76.5785
col,2015,d03,76.4476
col,2015,d04,73.3488
col,2015,d05,76.7516
col,2015,d06,76.6129
col,2015,d07,79.9472
col,2015,d08,78.8622
col,2015,d09,77.1746
col,2015,d10,74.9632
com,1996,d01,6.3218
com,1996,d02,6.8493
com,1996,d03,10.9195
com,1996,d04,12.2222
com,1996,d05,9.0909
com,1996,d06,11.2426
com,1996,d07,9.4937
com,1996,d08,10.596
com,1996,d09,19.3939
com,1996,d10,17.7632
com,2012,d01,7.2617
com,2012,d02,11.9555
com,2012,d03,13.8094
com,2012,d04,11.8288
com,2012,d05,13.0419
com,2012,d06,13.4271
com,2012,d07,16.0502
com,2012,d08,17.5435
com,2012,d09,13.6829
com,2012,d10,13.4006
cri,2011,d01,69.6176
cri,2011,d02,69.3204
cri,2011,d03,74.1117
cri,2011,d04,69.7021
cri,2011,d05,77.0717
cri,2011,d06,74.6608
cri,2011,d07,81.224
cri,2011,d08,75.8653
cri,2011,d09,78.8462
cri,2011,d10,77.2051
cri,2018,d01,70.8363
cri,2018,d02,66.7322
cri,2018,d03,71.8444
cri,2018,d04,66.9305
cri,2018,d05,60.6792
cri,2018,d06,69.5364
cri,2018,d07,70.2819
cri,2018,d08,65.3342
cri,2018,d09,72.1326
cri,2018,d10,75.8154
cub,2019,d01,67.8977
cub,2019,d02,69.7303
cub,2019,d03,64.4625
cub,2019,d04,63.886
cub,2019,d05,72.2006
cub,2019,d06,67.9579
cub,2019,d07,77.2683
cub,2019,d08,60.151
cub,2019,d09,68.0376
cub,2019,d10,67.7803
dom,1996,d01,46.9728
dom,1996,d02,55.4692
dom,1996,d03,58.839
dom,1996,d04,64.4167
dom,1996,d05,57.4108
dom,1996,d06,59.1049
dom,1996,d07,61.7013
dom,1996,d08,61.1312
dom,1996,d09,65.6039
dom,1996,d10,61.8433
dom,1999,d01,54.8408
dom,1999,d02,51.9072
dom,1999,d03,64.0552
dom,1999,d04,72.4581
dom,1999,d05,75.8696
dom,1999,d06,58.9459
dom,1999,d07,59.5501
dom,1999,d08,62.1988
dom,1999,d09,66.2624
dom,1999,d10,69.4167
dom,2002,d01,57.4063
dom,2002,d02,59.1215
dom,2002,d03,65.3096
dom,2002,d04,63.3884
dom,2002,d05,64.1389
dom,2002,d06,70.4423
dom,2002,d07,66.4866
dom,2002,d08,66.5143
dom,2002,d09,65.5863
dom,2002,d10,72.5931
dom,2007,d01,60.6201
dom,2007,d02,69.5734
dom,2007,d03,71.4365
dom,2007,d04,70.8377
dom,2007,d05,69.4313
dom,2007,d06,71.7721
dom,2007,d07,68.6489
dom,2007,d08,73.6841
dom,2007,d09,66.9728
dom,2007,d10,71.2044
dom,2013,d01,58.3328
dom,2013,d02,69.3068
dom,2013,d03,69.4475
dom,2013,d04,77.7781
dom,2013,d05,66.4753
dom,2013,d06,66.3853
dom,2013,d07,67.6071
dom,2013,d08,65.9468
dom,2013,d09,68.4262
dom,2013,d10,69.9694
dom,2014,d01,60.5659
dom,2014,d02,67.8061
dom,2014,d03,72.0515
dom,2014,d04,70.563
dom,2014,d05,71.2813
dom,2014,d06,64.8378
dom,2014,d07,69.7613
dom,2014,d08,62.9359
dom,2014,d09,71.2016
dom,2014,d10,68.1552
dom,2019,d01,59.4474
dom,2019,d02,62.4592
dom,2019,d03,62.8014
dom,2019,d04,61.3189
dom,2019,d05,62.8572
dom,2019,d06,63.2936
dom,2019,d07,60.2321
dom,2019,d08,61.8374
dom,2019,d09,61.8669
dom,2019,d10,63.3227
dza,2012,d01,48.3506
dza,2012,d02,49.2974
dza,2012,d03,45.7678
dza,2012,d04,46.928
dza,2012,d05,46.9945
dza,2012,d06,44.8372
dza,2012,d07,48.5494
dza,2012,d08,48.8414
dza,2012,d09,51.134
dza,2012,d10,48.3074
dza,2018,d01,47.9202
dza,2018,d02,46.8315
dza,2018,d03,45.5051
dza,2018,d04,43.5792
dza,2018,d05,41.8888
dza,2018,d06,41.8076
dza,2018,d07,43.6715
dza,2018,d08,44.8484
dza,2018,d09,46.6629
dza,2018,d10,45.5622
ecu,2012,d01,66.4417
ecu,2012,d02,67.1785
ecu,2012,d03,70.6109
ecu,2012,d04,71.0659
ecu,2012,d05,71.9569
ecu,2012,d06,68.9613
ecu,2012,d07,74.9017
ecu,2012,d08,74.9901
ecu,2012,d09,73.207
ecu,2012,d10,71.506
ecu,2018,d01,65.8121
ecu,2018,d02,73.4375
ecu,2018,d03,72.3448
ecu,2018,d04,74.099
ecu,2018,d05,72.608
ecu,2018,d06,74.1453
ecu,2018,d07,70.2557
ecu,2018,d08,70.6761
ecu,2018,d09,71.1432
ecu,2018,d10,75.7857
egy,1995,d01,25.7497
egy,1995,d02,30.5542
egy,1995,d03,39.0627
egy,1995,d04,38.8572
egy,1995,d05,44.153
egy,1995,d06,50.074
egy,1995,d07,51.5814
egy,1995,d08,52.3402
egy,1995,d09,56.9607
egy,1995,d10,58.0712
egy,2000,d01,38.2594
egy,2000,d02,46.7917
egy,2000,d03,48.8476
egy,2000,d04,51.0863
egy,2000,d05,55.3379
egy,2000,d06,53.354
egy,2000,d07,55.9868
egy,2000,d08,60.1592
egy,2000,d09,61.0381
egy,2000,d10,61.4605
egy,2005,d01,48.6209
egy,2005,d02,51.3537
egy,2005,d03,52.2708
egy,2005,d04,56.5113
egy,2005,d05,57.2267
egy,2005,d06,57.1619
egy,2005,d07,59.6092
egy,2005,d08,60.4522
egy,2005,d09,59.7959
egy,2005,d10,59.5029
egy,2008,d01,49.3563
egy,2008,d02,54.0985
egy,2008,d03,53.467
egy,2008,d04,56.0548
egy,2008,d05,58.9229
egy,2008,d06,58.7546
egy,2008,d07,60.3161
egy,2008,d08,58.2258
egy,2008,d09,62.1032
egy,2008,d10,62.5787
egy,2014,d01,56.4679
egy,2014,d02,52.0128
egy,2014,d03,54.479
egy,2014,d04,54.1336
egy,2014,d05,56.9938
egy,2014,d06,58.9728
egy,2014,d07,54.9618
egy,2014,d08,62.1691
egy,2014,d09,58.7134
egy,2014,d10,59.8289
eth,2000,d01,3.9584
eth,2000,d02,1.6062
eth,2000,d03,2.158
eth,2000,d04,3.3454
eth,2000,d05,2.0054
eth,2000,d06,1.9005
eth,2000,d07,2.8693
eth,2000,d08,4.3214
eth,2000,d09,13.2639
eth,2000,d10,33.401
eth,2005,d01,3.4161
eth,2005,d02,4.3393
eth,2005,d03,5.2639
eth,2005,d04,7.7631
eth,2005,d05,9.9229
eth,2005,d06,12.8553
eth,2005,d07,14.0952
eth,2005,d08,15.9903
eth,2005,d09,23.0472
eth,2005,d10,44.8949
eth,2011,d01,10.69
eth,2011,d02,15.1539
eth,2011,d03,19.7604
eth,2011,d04,23.3304
eth,2011,d05,21.7524
eth,2011,d06,26.1984
eth,2011,d07,25.9094
eth,2011,d08,34.713
eth,2011,d09,43.8853
eth,2011,d10,52.2872
eth,2016,d01,14.3659
eth,2016,d02,23.9691
eth,2016,d03,29.4242
eth,2016,d04,32.4344
eth,2016,d05,37.1888
eth,2016,d06,35.8874
eth,2016,d07,41.7314
eth,2016,d08,39.2553
eth,2016,d09,44.775
eth,2016,d10,48.9083
eth,2019,d01,14.6807
eth,2019,d02,35.6009
eth,2019,d03,31.3204
eth,2019,d04,37.1377
eth,2019,d05,42.2529
eth,2019,d06,45.5203
eth,2019,d07,36.1392
eth,2019,d08,48.5681
eth,2019,d09,50.5218
eth,2019,d10,49.3658
gab,2000,d01,3.1936
gab,2000,d02,8.169
gab,2000,d03,9.1212
gab,2000,d04,7.5561
gab,2000,d05,13.2911
gab,2000,d06,10.2657
gab,2000,d07,15.3717
gab,2000,d08,11.3341
gab,2000,d09,17.1499
gab,2000,d10,19.3372
gab,2012,d01,7.4478
gab,2012,d02,14.8816
gab,2012,d03,20.1457
gab,2012,d04,17.0384
gab,2012,d05,17.4631
gab,2012,d06,21.5851
gab,2012,d07,20.4139
gab,2012,d08,22.0178
gab,2012,d09,20.358
gab,2012,d10,23.2416
geo,2005,d01,9.7167
geo,2005,d02,13.6434
geo,2005,d03,15.5098
geo,2005,d04,16.6385
geo,2005,d05,16.2312
geo,2005,d06,19.0252
geo,2005,d07,22.2434
geo,2005,d08,23.9982
geo,2005,d09,29.307
geo,2005,d10,27.1257
geo,2018,d01,20.2439
geo,2018,d02,19.6685
geo,2018,d03,25.9483
geo,2018,d04,28.3758
geo,2018,d05,32.4449
geo,2018,d06,31.0196
geo,2018,d07,38.7016
geo,2018,d08,40.708
geo,2018,d09,37.8866
geo,2018,d10,44.7905
gha,1993,d01,6.81
gha,1993,d02,3.8168
gha,1993,d03,5.698
gha,1993,d04,5.178
gha,1993,d05,7.7882
gha,1993,d06,7.8804
gha,1993,d07,12.5402
gha,1993,d08,11.315
gha,1993,d09,18.8791
gha,1993,d10,19.2878
gha,1998,d01,6.5411
gha,1998,d02,9.1175
gha,1998,d03,10.0354
gha,1998,d04,11.0627
gha,1998,d05,13.6989
gha,1998,d06,11.7274
gha,1998,d07,15.0329
gha,1998,d08,17.6217
gha,1998,d09,15.8949
gha,1998,d10,19.2889
gha,2003,d01,6.5814
gha,2003,d02,10.8902
gha,2003,d03,18.2571
gha,2003,d04,19.0696
gha,2003,d05,16.8919
gha,2003,d06,18.8038
gha,2003,d07,18.2564
gha,2003,d08,24.6583
gha,2003,d09,23.9776
gha,2003,d10,27.5405
gha,2006,d01,4.3005
gha,2006,d02,8.4718
gha,2006,d03,10.0837
gha,2006,d04,13.1181
gha,2006,d05,14.2288
gha,2006,d06,14.7569
gha,2006,d07,18.7485
gha,2006,d08,18.5744
gha,2006,d09,16.9883
gha,2006,d10,16.0693
gha,2008,d01,11.0999
gha,2008,d02,11.9904
gha,2008,d03,13.8823
gha,2008,d04,14.9736
gha,2008,d05,18.5022
gha,2008,d06,13.3201
gha,2008,d07,20.4176
gha,2008,d08,19.7119
gha,2008,d09,20.1728
gha,2008,d10,21.1279
gha,2011,d01,14.3542
gha,2011,d02,18.5265
gha,2011,d03,26.0646
gha,2011,d04,24.9763
gha,2011,d05,26.0581
gha,2011,d06,28.1125
gha,2011,d07,23.6164
gha,2011,d08,25.6506
gha,2011,d09,26.4533
gha,2011,d10,19.0495
gha,2014,d01,18.5102
gha,2014,d02,24.0434
gha,2014,d03,25.102
gha,2014,d04,23.9503
gha,2014,d05,23.3262
gha,2014,d06,25.2065
gha,2014,d07,21.1443
gha,2014,d08,20.609
gha,2014,d09,18.1741
gha,2014,d10,18.9722
gha,2017,d01,27.1517
gha,2017,d02,23.2309
gha,2017,d03,26.4286
gha,2017,d04,26.2778
gha,2017,d05,24.2664
gha,2017,d06,27.147
gha,2017,d07,27.404
gha,2017,d08,23.9792
gha,2017,d09,19.064
gha,2017,d10,17.9249
gin,1999,d01,1.0129
gin,1999,d02,0.9799
gin,1999,d03,1.6661
gin,1999,d04,2.0373
gin,1999,d05,2.6036
gin,1999,d06,3.0575
gin,1999,d07,5.6463
gin,1999,d08,9.2635
gin,1999,d09,7.0832
gin,1999,d10,11.5065
gin,2005,d01,1.3092
gin,2005,d02,1.0138
gin,2005,d03,1.527
gin,2005,d04,1.2491
gin,2005,d05,2.5334
gin,2005,d06,2.5274
gin,2005,d07,3.2972
gin,2005,d08,7.7604
gin,2005,d09,9.1258
gin,2005,d10,11.9095
gin,2012,d01,1.7291
gin,2012,d02,0.9924
gin,2012,d03,2.2481
gin,2012,d04,0.5407
gin,2012,d05,2.4128
gin,2012,d06,3.9512
gin,2012,d07,1.9391
gin,2012,d08,5.7664
gin,2012,d09,7.1302
gin,2012,d10,8.1563
gin,2016,d01,1.2681
gin,2016,d02,1.9034
gin,2016,d03,3.2666
gin,2016,d04,3.4296
gin,2016,d05,4.114
gin,2016,d06,5.6602
gin,2016,d07,5.5333
gin,2016,d08,5.7523
gin,2016,d09,8.8765
gin,2016,d10,10.262
gin,2018,d01,1.8764
gin,2018,d02,2.1269
gin,2018,d03,4.9622
gin,2018,d04,5.7209
gin,2018,d05,5.0819
gin,2018,d06,5.5861
gin,2018,d07,6.6269
gin,2018,d08,10.6733
gin,2018,d09,10.3987
gin,2018,d10,15.4927
gmb,2010,d01,3.2692
gmb,2010,d02,5.066
gmb,2010,d03,7.4216
gmb,2010,d04,5.5048
gmb,2010,d05,7.7579
gmb,2010,d06,7.7892
gmb,2010,d07,8.1698
gmb,2010,d08,8.6583
gmb,2010,d09,13.2136
gmb,2010,d10,19.021
gmb,2013,d01,4.1508
gmb,2013,d02,4.2837
gmb,2013,d03,5.689
gmb,2013,d04,4.0162
gmb,2013,d05,5.624
gmb,2013,d06,5.3365
gmb,2013,d07,9.6296
gmb,2013,d08,11.9387
gmb,2013,d09,14.6253
gmb,2013,d10,15.6596
gmb,2018,d01,13.6528
gmb,2018,d02,16.0053
gmb,2018,d03,12.4505
gmb,2018,d04,13.8081
gmb,2018,d05,13.6789
gmb,2018,d06,15.8958
gmb,2018,d07,16.2726
gmb,2018,d08,19.3872
gmb,2018,d09,21.8089
gmb,2018,d10,20.2585
gmb,2019,d01,15.1262
gmb,2019,d02,16.1206
gmb,2019,d03,16.5034
gmb,2019,d04,13.5859
gmb,2019,d05,14.9137
gmb,2019,d06,16.6936
gmb,2019,d07,18.2179
gmb,2019,d08,22.5924
gmb,2019,d09,19.7834
gmb,2019,d10,15.8889
gnb,2006,d01,1.0442
gnb,2006,d02,1.4166
gnb,2006,d03,1.755
gnb,2006,d04,2.3418
gnb,2006,d05,2.4668
gnb,2006,d06,3.4769
gnb,2006,d07,5.7804
gnb,2006,d08,12.841
gnb,2006,d09,17.5904
gnb,2006,d10,20.0189
gnb,2014,d01,4.4663
gnb,2014,d02,6.1356
gnb,2014,d03,5.6947
gnb,2014,d04,7.6503
gnb,2014,d05,6.4675
gnb,2014,d06,10.4804
gnb,2014,d07,17.2886
gnb,2014,d08,20.6862
gnb,2014,d09,19.7641
gnb,2014,d10,27.9637
gnb,2018,d01,12.5048
gnb,2018,d02,12.5321
gnb,2018,d03,9.9002
gnb,2018,d04,13.8511
gnb,2018,d05,14.5801
gnb,2018,d06,12.9039
gnb,2018,d07,18.0849
gnb,2018,d08,19.5349
gnb,2018,d09,22.5831
gnb,2018,d10,21.9094
gtm,1995,d01,4.6888
gtm,1995,d02,6.2259
gtm,1995,d03,6.9562
gtm,1995,d04,13.4016
gtm,1995,d05,18.6629
gtm,1995,d06,24.2222
gtm,1995,d07,29.0683
gtm,1995,d08,45.0315
gtm,1995,d09,55.8304
gtm,1995,d10,58.5402
gtm,1998,d01,4.6802
gtm,1998,d02,6.1896
gtm,1998,d03,9.0956
gtm,1998,d04,14.7536
gtm,1998,d05,22.3722
gtm,1998,d06,26.7141
gtm,1998,d07,38.2995
gtm,1998,d08,51.1874
gtm,1998,d09,56.613
gtm,1998,d10,63.3373
gtm,2014,d01,28.1492
gtm,2014,d02,36.9973
gtm,2014,d03,37.4012
gtm,2014,d04,42.7516
gtm,2014,d05,48.6747
gtm,2014,d06,50.0211
gtm,2014,d07,57.933
gtm,2014,d08,57.3189
gtm,2014,d09,61.749
gtm,2014,d10,63.2938
guy,2006,d01,20.3653
guy,2006,d02,35.8057
guy,2006,d03,33.18
guy,2006,d04,33.3144
guy,2006,d05,35.0502
guy,2006,d06,37.8285
guy,2006,d07,31.9721
guy,2006,d08,33.0619
guy,2006,d09,30.9407
guy,2006,d10,32.8222
guy,2009,d01,23.0148
guy,2009,d02,38.8047
guy,2009,d03,40.9048
guy,2009,d04,37.2422
guy,2009,d05,40.9877
guy,2009,d06,44.4734
guy,2009,d07,38.0347
guy,2009,d08,41.8255
guy,2009,d09,45.9578
guy,2009,d10,44.6213
guy,2014,d01,31.0727
guy,2014,d02,28.3159
guy,2014,d03,34.7576
guy,2014,d04,33.3966
guy,2014,d05,29.0499
guy,2014,d06,32.1096
guy,2014,d07,38.3049
guy,2014,d08,30.8289
guy,2014,d09,34.3858
guy,2014,d10,32.736
guy,2019,d01,26.7233
guy,2019,d02,28.5209
guy,2019,d03,30.7059
guy,2019,d04,25.9944
guy,2019,d05,35.5266
guy,2019,d06,28.0801
guy,2019,d07,27.6444
guy,2019,d08,24.4871
guy,2019,d09,31.0028
guy,2019,d10,24.7179
hnd,2005,d01,38.8021
hnd,2005,d02,42.6627
hnd,2005,d03,48.5543
hnd,2005,d04,55.5527
hnd,2005,d05,56.3603
hnd,2005,d06,60.4487
hnd,2005,d07,62.1315
hnd,2005,d08,61.5425
hnd,2005,d09,62.9793
hnd,2005,d10,66.3137
hnd,2011,d01,50.7544
hnd,2011,d02,59.2705
hnd,2011,d03,61.2831
hnd,2011,d04,64.4976
hnd,2011,d05,64.2644
hnd,2011,d06,67.4717
hnd,2011,d07,66.4931
hnd,2011,d08,67.4863
hnd,2011,d09,65.2437
hnd,2011,d10,69.7406
hnd,2019,d01,63.8213
hnd,2019,d02,67.0152
hnd,2019,d03,65.49
hnd,2019,d04,69.794
hnd,2019,d05,68.8702
hnd,2019,d06,67.758
hnd,2019,d07,67.0633
hnd,2019,d08,65.1518
hnd,2019,d09,66.1873
hnd,2019,d10,63.4365
hti,1994,d01,5.6957
hti,1994,d02,3.0407
hti,1994,d03,7.1957
hti,1994,d04,8.9692
hti,1994,d05,12.6416
hti,1994,d06,12.7496
hti,1994,d07,18.0133
hti,1994,d08,22.4389
hti,1994,d09,19.6632
hti,1994,d10,22.2712
hti,2000,d01,13.921
hti,2000,d02,22.4993
hti,2000,d03,17.7729
hti,2000,d04,23.2601
hti,2000,d05,26.3638
hti,2000,d06,24.1307
hti,2000,d07,26.1933
hti,2000,d08,21.3883
hti,2000,d09,21.2325
hti,2000,d10,27.37
hti,2005,d01,10.9787
hti,2005,d02,16.1969
hti,2005,d03,16.3681
hti,2005,d04,22.9667
hti,2005,d05,25.4291
hti,2005,d06,24.7258
hti,2005,d07,26.9716
hti,2005,d08,30.5435
hti,2005,d09,26.9627
hti,2005,d10,30.4179
hti,2012,d01,28.1333
hti,2012,d02,30.5607
hti,2012,d03,28.1554
hti,2012,d04,30.7905
hti,2012,d05,34.0671
hti,2012,d06,34.3171
hti,2012,d07,34.8604
hti,2012,d08,33.4395
hti,2012,d09,31.1253
hti,2012,d10,22.7414
hti,2016,d01,25.0467
hti,2016,d02,30.0388
hti,2016,d03,32.3413
hti,2016,d04,31.9199
hti,2016,d05,34.5013
hti,2016,d06,37.1274
hti,2016,d07,34.0674
hti,2016,d08,29.8142
hti,2016,d09,29.3998
hti,2016,d10,26.612
idn,1997,d01,42.1536
idn,1997,d02,50.0403
idn,1997,d03,53.284
idn,1997,d04,58.0166
idn,1997,d05,55.6442
idn,1997,d06,57.7123
idn,1997,d07,57.1054
idn,1997,d08,58.9391
idn,1997,d09,58.7162
idn,1997,d10,54.7666
idn,2002,d01,43.2291
idn,2002,d02,52.9262
idn,2002,d03,57.4191
idn,2002,d04,58.2089
idn,2002,d05,59.0121
idn,2002,d06,59.4337
idn,2002,d07,60.0743
idn,2002,d08,58.9412
idn,2002,d09,58.2662
idn,2002,d10,57.9393
idn,2007,d01,46.1356
idn,2007,d02,53.3427
idn,2007,d03,58.5624
idn,2007,d04,61.8972
idn,2007,d05,59.3507
idn,2007,d06,58.5515
idn,2007,d07,60.8763
idn,2007,d08,57.3886
idn,2007,d09,58.2346
idn,2007,d10,57.5056
idn,2012,d01,50.0801
idn,2012,d02,55.679
idn,2012,d03,61.283
idn,2012,d04,61.5882
idn,2012,d05,60.6796
idn,2012,d06,59.6655
idn,2012,d07,59.4985
idn,2012,d08,57.7622
idn,2012,d09,56.9876
idn,2012,d10,53.4761
idn,2017,d01,52.415
idn,2017,d02,59.7728
idn,2017,d03,62.0307
idn,2017,d04,60.6439
idn,2017,d05,60.412
idn,2017,d06,58.6425
idn,2017,d07,56.1282
idn,2017,d08,56.3143
idn,2017,d09,53.8694
idn,2017,d10,50.2822
ind,1998,d01,30.5739
ind,1998,d02,28.0479
ind,1998,d03,32.8473
ind,1998,d04,36.9397
ind,1998,d05,42.6312
ind,1998,d06,47.1904
ind,1998,d07,47.835
ind,1998,d08,51.4401
ind,1998,d09,52.9038
ind,1998,d10,56.2137
ind,2005,d01,32.0935
ind,2005,d02,36.9674
ind,2005,d03,42.2152
ind,2005,d04,44.6375
ind,2005,d05,47.8075
ind,2005,d06,51.6946
ind,2005,d07,54.6433
ind,2005,d08,55.8437
ind,2005,d09,56.4437
ind,2005,d10,59.5988
ind,2015,d01,32.9084
ind,2015,d02,39.353
ind,2015,d03,43.5323
ind,2015,d04,47.731
ind,2015,d05,49.6762
ind,2015,d06,50.6562
ind,2015,d07,52.2946
ind,2015,d08,51.2156
ind,2015,d09,51.5097
ind,2015,d10,54.6748
ind,2019,d01,47.7184
ind,2019,d02,50.5964
ind,2019,d03,53.1183
ind,2019,d04,55.7266
ind,2019,d05,57.0265
ind,2019,d06,58.0125
ind,2019,d07,58.1414
ind,2019,d08,57.4927
ind,2019,d09,57.1095
ind,2019,d10,59.1076
irq,2011,d01,26.7772
irq,2011,d02,30.8611
irq,2011,d03,33.6778
irq,2011,d04,33.7153
irq,2011,d05,33.4858
irq,2011,d06,32.9921
irq,2011,d07,34.9487
irq,2011,d08,37.6856
irq,2011,d09,35.7628
irq,2011,d10,35.6538
irq,2018,d01,35.8908
irq,2018,d02,40.3883
irq,2018,d03,39.0985
irq,2018,d04,35.5469
irq,2018,d05,37.7439
irq,2018,d06,38.0815
irq,2018,d07,34.5834
irq,2018,d08,34.0203
irq,2018,d09,30.9144
irq,2018,d10,27.445
jor,1997,d01,25.9745
jor,1997,d02,28.8771
jor,1997,d03,31.863
jor,1997,d04,39.4222
jor,1997,d05,34.41
jor,1997,d06,37.0323
jor,1997,d07,40.6079
jor,1997,d08,43.4721
jor,1997,d09,45.3597
jor,1997,d10,48.2288
jor,2002,d01,25.6294
jor,2002,d02,29.7897
jor,2002,d03,32.386
jor,2002,d04,36.8667
jor,2002,d05,38.7119
jor,2002,d06,39.8411
jor,2002,d07,41.3253
jor,2002,d08,48.2803
jor,2002,d09,46.3829
jor,2002,d10,50.9112
jor,2007,d01,31.1103
jor,2007,d02,33.8097
jor,2007,d03,34.6281
jor,2007,d04,38.633
jor,2007,d05,37.4303
jor,2007,d06,43.1757
jor,2007,d07,49.3548
jor,2007,d08,47.8968
jor,2007,d09,44.17
jor,2007,d10,49.6597
jor,2012,d01,35.3748
jor,2012,d02,43.3489
jor,2012,d03,38.4436
jor,2012,d04,40.8942
jor,2012,d05,38.1051
jor,2012,d06,41.5192
jor,2012,d07,44.687
jor,2012,d08,43.4042
jor,2012,d09,45.2248
jor,2012,d10,35.6164
jor,2017,d01,29.8197
jor,2017,d02,36.0548
jor,2017,d03,35.755
jor,2017,d04,36.4808
jor,2017,d05,36.6487
jor,2017,d06,37.1757
jor,2017,d07,37.3132
jor,2017,d08,38.3082
jor,2017,d09,38.1401
jor,2017,d10,38.1601
kaz,1995,d01,41.2047
kaz,1995,d02,44.4172
kaz,1995,d03,50.0283
kaz,1995,d04,50.6454
kaz,1995,d05,39.9345
kaz,1995,d06,41.7029
kaz,1995,d07,44.9417
kaz,1995,d08,46.7652
kaz,1995,d09,50.9525
kaz,1995,d10,48.2586
kaz,1999,d01,47.6322
kaz,1999,d02,50.3548
kaz,1999,d03,49.2664
kaz,1999,d04,52.1842
kaz,1999,d05,54.7647
kaz,1999,d06,50.8662
kaz,1999,d07,56.5804
kaz,1999,d08,53.7529
kaz,1999,d09,52.0939
kaz,1999,d10,57.3773
kaz,2006,d01,38.5039
kaz,2006,d02,41.7182
kaz,2006,d03,44.2448
kaz,2006,d04,46.4814
kaz,2006,d05,47.8273
kaz,2006,d06,50.5689
kaz,2006,d07,48.4564
kaz,2006,d08,54.7636
kaz,2006,d09,56.1084
kaz,2006,d10,58.1043
kaz,2010,d01,45.2243
kaz,2010,d02,44.0254
kaz,2010,d03,44.8573
kaz,2010,d04,45.3906
kaz,2010,d05,47.9698
kaz,2010,d06,49.7457
kaz,2010,d07,50.8786
kaz,2010,d08,56.3814
kaz,2010,d09,51.886
kaz,2010,d10,57.5993
kaz,2015,d01,56.1776
kaz,2015,d02,49.0122
kaz,2015,d03,52.981
kaz,2015,d04,52.5993
kaz,2015,d05,50.0366
kaz,2015,d06,53.1174
kaz,2015,d07,53.1747
kaz,2015,d08,52.2357
kaz,2015,d09,51.1812
kaz,2015,d10,54.3108
ken,1993,d01,7.0563
ken,1993,d02,14.0025
ken,1993,d03,14.3975
ken,1993,d04,17.7926
ken,1993,d05,24.9759
ken,1993,d06,29.3612
ken,1993,d07,36.7544
ken,1993,d08,38.1345
ken,1993,d09,40.3893
ken,1993,d10,49.3403
ken,1998,d01,10.7017
ken,1998,d02,14.5364
ken,1998,d03,16.6488
ken,1998,d04,33.4557
ken,1998,d05,29.7118
ken,1998,d06,31.4674
ken,1998,d07,40.2135
ken,1998,d08,39.2697
ken,1998,d09,48.9672
ken,1998,d10,51.3978
ken,2003,d01,7.3614
ken,2003,d02,15.9768
ken,2003,d03,19.0165
ken,2003,d04,30.6879
ken,2003,d05,25.1762
ken,2003,d06,41.5042
ken,2003,d07,36.061
ken,2003,d08,45.3923
ken,2003,d09,37.062
ken,2003,d10,52.2183
ken,2008,d01,10.6289
ken,2008,d02,22.7243
ken,2008,d03,29.1373
ken,2008,d04,36.3882
ken,2008,d05,40.6586
ken,2008,d06,44.8456
ken,2008,d07,49.9972
ken,2008,d08,50.4155
ken,2008,d09,45.4121
ken,2008,d10,48.9874
ken,2014,d01,15.7866
ken,2014,d02,42.3822
ken,2014,d03,52.4651
ken,2014,d04,55.6476
ken,2014,d05,58.2745
ken,2014,d06,60.4165
ken,2014,d07,59.6405
ken,2014,d08,61.8213
ken,2014,d09,60.0824
ken,2014,d10,55.0608
kgz,1997,d01,42.7734
kgz,1997,d02,46.0548
kgz,1997,d03,44.4222
kgz,1997,d04,46.4376
kgz,1997,d05,48.2534
kgz,1997,d06,47.7211
kgz,1997,d07,49.1835
kgz,1997,d08,55.5871
kgz,1997,d09,49.3254
kgz,1997,d10,56.2568
kgz,2005,d01,47.7084
kgz,2005,d02,46.8304
kgz,2005,d03,46.7322
kgz,2005,d04,32.8038
kgz,2005,d05,37.9014
kgz,2005,d06,48.512
kgz,2005,d07,44.041
kgz,2005,d08,51.9508
kgz,2005,d09,51.9312
kgz,2005,d10,45.2774
kgz,2012,d01,38.3612
kgz,2012,d02,33.5033
kgz,2012,d03,34.2504
kgz,2012,d04,35.8111
kgz,2012,d05,33.1042
kgz,2012,d06,31.5469
kgz,2012,d07,26.2135
kgz,2012,d08,33.6958
kgz,2012,d09,35.8947
kgz,2012,d10,32.032
kgz,2014,d01,40.1217
kgz,2014,d02,36.5821
kgz,2014,d03,33.0082
kgz,2014,d04,36.0214
kgz,2014,d05,36.7423
kgz,2014,d06,35.1276
kgz,2014,d07,38.5249
kgz,2014,d08,46.4222
kgz,2014,d09,41.9963
kgz,2014,d10,40.436
kgz,2018,d01,34.3077
kgz,2018,d02,32.0367
kgz,2018,d03,32.6153
kgz,2018,d04,35.1917
kgz,2018,d05,37.1328
kgz,2018,d06,38.8139
kgz,2018,d07,41.0853
kgz,2018,d08,38.1546
kgz,2018,d09,42.3033
kgz,2018,d10,49.3903
khm,2000,d01,9.0815
khm,2000,d02,15.7096
khm,2000,d03,13.5122
khm,2000,d04,16.7776
khm,2000,d05,20.6674
khm,2000,d06,19.0791
khm,2000,d07,17.5616
khm,2000,d08,21.7345
khm,2000,d09,22.0375
khm,2000,d10,27.972
khm,2005,d01,22.2022
khm,2005,d02,21.4105
khm,2005,d03,25.2926
khm,2005,d04,24.6086
khm,2005,d05,28.4169
khm,2005,d06,25.9701
khm,2005,d07,28.2253
khm,2005,d08,29.0081
khm,2005,d09,28.8335
khm,2005,d10,35.6337
khm,2010,d01,34.659
khm,2010,d02,35.6498
khm,2010,d03,36.0334
khm,2010,d04,37.9948
khm,2010,d05,37.2161
khm,2010,d06,36.7098
khm,2010,d07,33.6806
khm,2010,d08,34.0436
khm,2010,d09,31.4462
khm,2010,d10,31.3066
khm,2014,d01,39.5676
khm,2014,d02,39.3303
khm,2014,d03,44.397
khm,2014,d04,39.9428
khm,2014,d05,39.5794
khm,2014,d06,36.7545
khm,2014,d07,39.5752
khm,2014,d08,38.0149
khm,2014,d09,35.4795
khm,2014,d10,33.3558
kir,2018,d01,31.1616
kir,2018,d02,32.1348
kir,2018,d03,25.6767
kir,2018,d04,26.6068
kir,2018,d05,29.6012
kir,2018,d06,27.4062
kir,2018,d07,23.1752
kir,2018,d08,26.9747
kir,2018,d09,24.252
kir,2018,d10,26.9259
kos,2013,d01,11.5588
kos,2013,d02,12.779
kos,2013,d03,12.0916
kos,2013,d04,9.8254
kos,2013,d05,12.6154
kos,2013,d06,15.0432
kos,2013,d07,15.0895
kos,2013,d08,12.2892
kos,2013,d09,14.8181
kos,2013,d10,18.8558
kos,2019,d01,12.6755
kos,2019,d02,8.5168
kos,2019,d03,6.2006
kos,2019,d04,7.934
kos,2019,d05,7.7117
kos,2019,d06,7.1594
kos,2019,d07,11.1814
kos,2019,d08,9.724
kos,2019,d09,10.6687
kos,2019,d10,11.8842
lao,2011,d01,33.0405
lao,2011,d02,33.2876
lao,2011,d03,40.8585
lao,2011,d04,41.4525
lao,2011,d05,44.0943
lao,2011,d06,49.8138
lao,2011,d07,47.7406
lao,2011,d08,49.3801
lao,2011,d09,44.6321
lao,2011,d10,34.9614
lao,2017,d01,41.0536
lao,2017,d02,45.574
lao,2017,d03,51.5556
lao,2017,d04,51.3691
lao,2017,d05,56.0247
lao,2017,d06,53.8538
lao,2017,d07,56.0747
lao,2017,d08,57.5078
lao,2017,d09,51.8778
lao,2017,d10,44.0335
lbr,2007,d01,3.2457
lbr,2007,d02,3.5606
lbr,2007,d03,5.5298
lbr,2007,d04,5.5689
lbr,2007,d05,14.366
lbr,2007,d06,11.2682
lbr,2007,d07,13.1632
lbr,2007,d08,14.9576
lbr,2007,d09,17.958
lbr,2007,d10,16.3134
lbr,2013,d01,10.9794
lbr,2013,d02,15.441
lbr,2013,d03,15.2996
lbr,2013,d04,17.5508
lbr,2013,d05,15.4837
lbr,2013,d06,26.9487
lbr,2013,d07,23.9794
lbr,2013,d08,23.8918
lbr,2013,d09,21.0232
lbr,2013,d10,20.3215
lbr,2019,d01,24.0657
lbr,2019,d02,22.8969
lbr,2019,d03,23.8386
lbr,2019,d04,26.194
lbr,2019,d05,23.4069
lbr,2019,d06,22.9192
lbr,2019,d07,32.484
lbr,2019,d08,25.2564
lbr,2019,d09,17.7564
lbr,2019,d10,16.6369
lca,2012,d01,50.8669
lca,2012,d02,51.5083
lca,2012,d03,40.1056
lca,2012,d04,58.0986
lca,2012,d05,50.7813
lca,2012,d06,51.2547
lca,2012,d07,59.577
lca,2012,d08,53.2422
lca,2012,d09,48.3381
lca,2012,d10,56.866
lso,2004,d01,13.8552
lso,2004,d02,16.7038
lso,2004,d03,22.977
lso,2004,d04,24.6592
lso,2004,d05,28.6615
lso,2004,d06,39.2686
lso,2004,d07,37.8421
lso,2004,d08,41.1152
lso,2004,d09,46.557
lso,2004,d10,59.6502
lso,2009,d01,27.0722
lso,2009,d02,30.0804
lso,2009,d03,34.4081
lso,2009,d04,38.59
lso,2009,d05,41.8884
lso,2009,d06,46.8601
lso,2009,d07,47.6309
lso,2009,d08,48.9989
lso,2009,d09,61.3573
lso,2009,d10,60.3641
lso,2014,d01,49.8434
lso,2014,d02,49.8885
lso,2014,d03,55.6902
lso,2014,d04,56.8393
lso,2014,d05,62.327
lso,2014,d06,62.2062
lso,2014,d07,59.4514
lso,2014,d08,61.805
lso,2014,d09,70.2259
lso,2014,d10,61.7735
lso,2018,d01,65.6441
lso,2018,d02,66.5942
lso,2018,d03,64.9345
lso,2018,d04,63.887
lso,2018,d05,60.3266
lso,2018,d06,63.2283
lso,2018,d07,65.2749
lso,2018,d08,65.6907
lso,2018,d09,66.3993
lso,2018,d10,63.3127
mar,2003,d01,39.4995
mar,2003,d02,52.1591
mar,2003,d03,48.6853
mar,2003,d04,54.937
mar,2003,d05,52.9663
mar,2003,d06,53.1716
mar,2003,d07,54.9443
mar,2003,d08,51.6495
mar,2003,d09,56.4692
mar,2003,d10,54.8837
mda,2005,d01,30.3553
mda,2005,d02,37.9809
mda,2005,d03,34.7162
mda,2005,d04,39.5709
mda,2005,d05,39.1028
mda,2005,d06,44.2929
mda,2005,d07,45.4677
mda,2005,d08,45.5338
mda,2005,d09,50.3017
mda,2005,d10,51.0148
mda,2012,d01,32.6097
mda,2012,d02,35.4833
mda,2012,d03,36.0669
mda,2012,d04,39.3787
mda,2012,d05,39.9556
mda,2012,d06,38.5003
mda,2012,d07,47.8004
mda,2012,d08,44.1342
mda,2012,d09,42.6243
mda,2012,d10,49.7386
mdg,1997,d01,2.3913
mdg,1997,d02,2.1635
mdg,1997,d03,1.4823
mdg,1997,d04,4.9725
mdg,1997,d05,6.2097
mdg,1997,d06,8.8192
mdg,1997,d07,11.2356
mdg,1997,d08,13.1357
mdg,1997,d09,20.3479
mdg,1997,d10,27.2184
mdg,2003,d01,9.3261
mdg,2003,d02,3.3242
mdg,2003,d03,7.8406
mdg,2003,d04,16.143
mdg,2003,d05,11.6636
mdg,2003,d06,17.0517
mdg,2003,d07,17.0745
mdg,2003,d08,25.748
mdg,2003,d09,26.9507
mdg,2003,d10,28.6117
mdg,2008,d01,14.765
mdg,2008,d02,19.0846
mdg,2008,d03,20.1908
mdg,2008,d04,26.5736
mdg,2008,d05,25.4333
mdg,2008,d06,30.255
mdg,2008,d07,33.3728
mdg,2008,d08,36.6462
mdg,2008,d09,38.8343
mdg,2008,d10,31.441
mdg,2018,d01,26.9986
mdg,2018,d02,31.1552
mdg,2018,d03,34.6359
mdg,2018,d04,39.2401
mdg,2018,d05,42.3168
mdg,2018,d06,44.6833
mdg,2018,d07,46.869
mdg,2018,d08,45.4641
mdg,2018,d09,47.5075
mdg,2018,d10,33.5231
mdv,2009,d01,28.4483
mdv,2009,d02,29.8643
mdv,2009,d03,28.7872
mdv,2009,d04,25.1025
mdv,2009,d05,24.6848
mdv,2009,d06,30.0499
mdv,2009,d07,26.0884
mdv,2009,d08,25.1036
mdv,2009,d09,27.1283
mdv,2009,d10,25.0502
mdv,2016,d01,13.6562
mdv,2016,d02,14.8294
mdv,2016,d03,15.1884
mdv,2016,d04,18.4339
mdv,2016,d05,13.3619
mdv,2016,d06,12.855
mdv,2016,d07,11.356
mdv,2016,d08,14.0788
mdv,2016,d09,14.778
mdv,2016,d10,19.6451
mex,2015,d01,54.9827
mex,2015,d02,62.3662
mex,2015,d03,61.5746
mex,2015,d04,63.4109
mex,2015,d05,63.1321
mex,2015,d06,69.447
mex,2015,d07,66.9121
mex,2015,d08,68.6069
mex,2015,d09,68.8378
mex,2015,d10,72.4978
mkd,2005,d01,7.2539
mkd,2005,d02,9.4999
mkd,2005,d03,12.1388
mkd,2005,d04,7.3717
mkd,2005,d05,3.2279
mkd,2005,d06,7.6214
mkd,2005,d07,7.6821
mkd,2005,d08,8.2192
mkd,2005,d09,10.9233
mkd,2005,d10,22.3042
mkd,2011,d01,7.063
mkd,2011,d02,7.883
mkd,2011,d03,8.8683
mkd,2011,d04,7.6654
mkd,2011,d05,11.4452
mkd,2011,d06,13.0641
mkd,2011,d07,16.4415
mkd,2011,d08,15.5138
mkd,2011,d09,17.3125
mkd,2011,d10,19.8518
mkd,2018,d01,8.7109
mkd,2018,d02,5.6137
mkd,2018,d03,9.2265
mkd,2018,d04,9.5561
mkd,2018,d05,7.2089
mkd,2018,d06,20.9822
mkd,2018,d07,16.4058
mkd,2018,d08,11.953
mkd,2018,d09,16.8244
mkd,2018,d10,32.6912
mli,1995,d01,0.2183
mli,1995,d02,1.1301
mli,1995,d03,1.7237
mli,1995,d04,1.4266
mli,1995,d05,2.0226
mli,1995,d06,2.8423
mli,1995,d07,3.0541
mli,1995,d08,6.0178
mli,1995,d09,10.7254
mli,1995,d10,21.5506
mli,2001,d01,2.0084
mli,2001,d02,2.1017
mli,2001,d03,2.2359
mli,2001,d04,2.0458
mli,2001,d05,2.7718
mli,2001,d06,2.1626
mli,2001,d07,4.532
mli,2001,d08,8.1991
mli,2001,d09,12.8484
mli,2001,d10,21.6986
mli,2006,d01,1.728
mli,2006,d02,3.3012
mli,2006,d03,4.6576
mli,2006,d04,2.9682
mli,2006,d05,3.3233
mli,2006,d06,2.5138
mli,2006,d07,5.3947
mli,2006,d08,6.449
mli,2006,d09,12.0868
mli,2006,d10,19.3219
mli,2009,d01,2.4046
mli,2009,d02,2.4781
mli,2009,d03,3.0475
mli,2009,d04,3.7451
mli,2009,d05,4.4993
mli,2009,d06,5.172
mli,2009,d07,8.3031
mli,2009,d08,14.4215
mli,2009,d09,16.8503
mli,2009,d10,20.3443
mli,2012,d01,2.2207
mli,2012,d02,4.2149
mli,2012,d03,5.5561
mli,2012,d04,4.4698
mli,2012,d05,4.1675
mli,2012,d06,7.3887
mli,2012,d07,11.0544
mli,2012,d08,14.9663
mli,2012,d09,19.7513
mli,2012,d10,25.9825
mli,2015,d01,1.9675
mli,2015,d02,6.822
mli,2015,d03,6.7975
mli,2015,d04,9.6323
mli,2015,d05,11.1381
mli,2015,d06,14.1493
mli,2015,d07,17.6927
mli,2015,d08,21.552
mli,2015,d09,28.3166
mli,2015,d10,32.0185
mli,2018,d01,10.5004
mli,2018,d02,11.0133
mli,2018,d03,10.1137
mli,2018,d04,10.9171
mli,2018,d05,14.5854
mli,2018,d06,18.4072
mli,2018,d07,18.7218
mli,2018,d08,20.9502
mli,2018,d09,23.793
mli,2018,d10,22.6177
mmr,2015,d01,43.7458
mmr,2015,d02,48.4685
mmr,2015,d03,51.4926
mmr,2015,d04,48.8163
mmr,2015,d05,47.3219
mmr,2015,d06,52.2787
mmr,2015,d07,50.2159
mmr,2015,d08,58.9987
mmr,2015,d09,56.6569
mmr,2015,d10,55.1131
mne,2005,d01,5.766
mne,2005,d02,9.099
mne,2005,d03,15.587
mne,2005,d04,19.9605
mne,2005,d05,20.3415
mne,2005,d06,14.7928
mne,2005,d07,15.9436
mne,2005,d08,22.6199
mne,2005,d09,24.6954
mne,2005,d10,21.1585
mne,2013,d01,2.8135
mne,2013,d02,7.3327
mne,2013,d03,7.2718
mne,2013,d04,14.121
mne,2013,d05,18.8919
mne,2013,d06,14.852
mne,2013,d07,13.6611
mne,2013,d08,20.6903
mne,2013,d09,19.9837
mne,2013,d10,23.9094
mne,2018,d01,6.4755
mne,2018,d02,8.8726
mne,2018,d03,8.8435
mne,2018,d04,12.4904
mne,2018,d05,15.5662
mne,2018,d06,6.5604
mne,2018,d07,12.438
mne,2018,d08,13.5732
mne,2018,d09,10.3322
mne,2018,d10,17.6554
mng,2005,d01,66.5698
mng,2005,d02,63.7945
mng,2005,d03,63.251
mng,2005,d04,62.4735
mng,2005,d05,61.0333
mng,2005,d06,64.1423
mng,2005,d07,60.5361
mng,2005,d08,58.1835
mng,2005,d09,54.4035
mng,2005,d10,51.3896
mng,2010,d01,54.4493
mng,2010,d02,57.7924
mng,2010,d03,53.8534
mng,2010,d04,53.2824
mng,2010,d05,52.8808
mng,2010,d06,49.975
mng,2010,d07,48.1838
mng,2010,d08,44.7593
mng,2010,d09,45.9094
mng,2010,d10,41.3035
mng,2013,d01,59.0014
mng,2013,d02,56.4273
mng,2013,d03,50.1568
mng,2013,d04,49.3935
mng,2013,d05,48.9245
mng,2013,d06,46.5358
mng,2013,d07,46.576
mng,2013,d08,43.0673
mng,2013,d09,40.7685
mng,2013,d10,42.3115
mng,2018,d01,56.8425
mng,2018,d02,54.5741
mng,2018,d03,50.4153
mng,2018,d04,43.9306
mng,2018,d05,40.993
mng,2018,d06,43.646
mng,2018,d07,39.773
mng,2018,d08,39.0232
mng,2018,d09,40.9892
mng,2018,d10,41.6327
moz,1997,d01,0.7059
moz,1997,d02,1.1029
moz,1997,d03,1.9397
moz,1997,d04,1.6386
moz,1997,d05,1.6643
moz,1997,d06,5.1806
moz,1997,d07,4.9598
moz,1997,d08,5.8844
moz,1997,d09,10.948
moz,1997,d10,24.2096
moz,2003,d01,3.9876
moz,2003,d02,3.783
moz,2003,d03,5.0934
moz,2003,d04,5.0046
moz,2003,d05,8.5372
moz,2003,d06,8.7243
moz,2003,d07,9.0584
moz,2003,d08,14.4949
moz,2003,d09,28.5983
moz,2003,d10,41.3732
moz,2008,d01,3.9851
moz,2008,d02,5.8725
moz,2008,d03,5.24
moz,2008,d04,4.5211
moz,2008,d05,7.195
moz,2008,d06,9.771
moz,2008,d07,12.2247
moz,2008,d08,17.4276
moz,2008,d09,25.6386
moz,2008,d10,34.3414
moz,2011,d01,2.2291
moz,2011,d02,3.0167
moz,2011,d03,4.988
moz,2011,d04,5.4501
moz,2011,d05,6.658
moz,2011,d06,7.0217
moz,2011,d07,10.5957
moz,2011,d08,16.5753
moz,2011,d09,23.3482
moz,2011,d10,35.6817
moz,2015,d01,13.296
moz,2015,d02,16.4901
moz,2015,d03,15.0827
moz,2015,d04,17.2816
moz,2015,d05,19.9132
moz,2015,d06,19.0602
moz,2015,d07,30.9871
moz,2015,d08,29.3512
moz,2015,d09,40.5461
moz,2015,d10,43.5549
mrt,2007,d01,1.1043
mrt,2007,d02,1.2729
mrt,2007,d03,1.1429
mrt,2007,d04,4.4308
mrt,2007,d05,4.3387
mrt,2007,d06,9.1424
mrt,2007,d07,11.7879
mrt,2007,d08,14.1588
mrt,2007,d09,13.1211
mrt,2007,d10,19.3462
mrt,2011,d01,0.9933
mrt,2011,d02,1.7805
mrt,2011,d03,2.4725
mrt,2011,d04,5.4413
mrt,2011,d05,9.0474
mrt,2011,d06,8.0072
mrt,2011,d07,11.333
mrt,2011,d08,19.2955
mrt,2011,d09,17.6585
mrt,2011,d10,21.3992
mrt,2015,d01,3.5353
mrt,2015,d02,5.267
mrt,2015,d03,6.5336
mrt,2015,d04,8.5399
mrt,2015,d05,11.0769
mrt,2015,d06,17.0749
mrt,2015,d07,24.7949
mrt,2015,d08,24.7848
mrt,2015,d09,25.8252
mrt,2015,d10,27.4547
mrt,2019,d01,4.687
mrt,2019,d02,4.3802
mrt,2019,d03,7.2644
mrt,2019,d04,7.7445
mrt,2019,d05,9.9323
mrt,2019,d06,13.4552
mrt,2019,d07,13.6258
mrt,2019,d08,22.5249
mrt,2019,d09,21.1255
mrt,2019,d10,24.4608
mwi,2000,d01,22.9344
mwi,2000,d02,19.1681
mwi,2000,d03,25.5591
mwi,2000,d04,26.3726
mwi,2000,d05,22.1952
mwi,2000,d06,25.0373
mwi,2000,d07,25.1003
mwi,2000,d08,29.3784
mwi,2000,d09,38.4153
mwi,2000,d10,41.6568
mwi,2004,d01,19.3464
mwi,2004,d02,23.1433
mwi,2004,d03,23.6571
mwi,2004,d04,24.5706
mwi,2004,d05,23.4349
mwi,2004,d06,26.9895
mwi,2004,d07,32.255
mwi,2004,d08,29.6577
mwi,2004,d09,31.5771
mwi,2004,d10,44.215
mwi,2006,d01,34.0388
mwi,2006,d02,35.2173
mwi,2006,d03,32.3336
mwi,2006,d04,40.1898
mwi,2006,d05,36.9216
mwi,2006,d06,38.4187
mwi,2006,d07,36.7176
mwi,2006,d08,39.1514
mwi,2006,d09,43.3933
mwi,2006,d10,46.6707
mwi,2010,d01,32.5153
mwi,2010,d02,37.0209
mwi,2010,d03,39.4175
mwi,2010,d04,40.127
mwi,2010,d05,40.999
mwi,2010,d06,41.8715
mwi,2010,d07,42.5448
mwi,2010,d08,47.6811
mwi,2010,d09,45.8477
mwi,2010,d10,50.9542
mwi,2013,d01,52.2639
mwi,2013,d02,54.2521
mwi,2013,d03,57.1349
mwi,2013,d04,57.6847
mwi,2013,d05,58.1042
mwi,2013,d06,56.3893
mwi,2013,d07,56.0074
mwi,2013,d08,57.4122
mwi,2013,d09,60.6272
mwi,2013,d10,62.0083
mwi,2015,d01,50.8784
mwi,2015,d02,54.8117
mwi,2015,d03,57.3568
mwi,2015,d04,58.7411
mwi,2015,d05,59.3771
mwi,2015,d06,57.879
mwi,2015,d07,60.0956
mwi,2015,d08,58.8742
mwi,2015,d09,61.0995
mwi,2015,d10,59.6985
mwi,2019,d01,64.1567
mwi,2019,d02,66.0949
mwi,2019,d03,65.2533
mwi,2019,d04,65.3354
mwi,2019,d05,67.3026
mwi,2019,d06,64.4083
mwi,2019,d07,63.5186
mwi,2019,d08,60.6536
mwi,2019,d09,65.8681
mwi,2019,d10,62.2521
nam,2000,d01,25.3097
nam,2000,d02,23.2479
nam,2000,d03,31.9585
nam,2000,d04,21.7909
nam,2000,d05,25.5981
nam,2000,d06,39.9822
nam,2000,d07,40.8962
nam,2000,d08,52.2703
nam,2000,d09,61.8234
nam,2000,d10,66.5539
nam,2006,d01,28.342
nam,2006,d02,31.4466
nam,2006,d03,37.6626
nam,2006,d04,52.3559
nam,2006,d05,43.9997
nam,2006,d06,48.8325
nam,2006,d07,63.1617
nam,2006,d08,68.4403
nam,2006,d09,65.914
nam,2006,d10,70.3988
nam,2013,d01,33.98
nam,2013,d02,50.3538
nam,2013,d03,53.1071
nam,2013,d04,52.9118
nam,2013,d05,56.4958
nam,2013,d06,56.8645
nam,2013,d07,55.5986
nam,2013,d08,61.356
nam,2013,d09,60.8709
nam,2013,d10,62.0906
ner,1998,d01,0.4742
ner,1998,d02,1.127
ner,1998,d03,2.213
ner,1998,d04,1.1743
ner,1998,d05,2.1612
ner,1998,d06,2.1688
ner,1998,d07,1.5819
ner,1998,d08,4.3797
ner,1998,d09,10.6137
ner,1998,d10,26.0536
ner,2006,d01,2.1514
ner,2006,d02,2.4392
ner,2006,d03,1.1107
ner,2006,d04,2.8364
ner,2006,d05,0.7979
ner,2006,d06,3.1006
ner,2006,d07,3.3264
ner,2006,d08,5.018
ner,2006,d09,8.1656
ner,2006,d10,24.2846
ner,2012,d01,1.7176
ner,2012,d02,2.822
ner,2012,d03,4.3019
ner,2012,d04,3.9626
ner,2012,d05,4.6769
ner,2012,d06,5.1433
ner,2012,d07,6.916
ner,2012,d08,12.6316
ner,2012,d09,16.0206
ner,2012,d10,24.9204
ner,2021,d01,4.0862
ner,2021,d02,6.1838
ner,2021,d03,4.1797
ner,2021,d04,5.9107
ner,2021,d05,8.9357
ner,2021,d06,8.2732
ner,2021,d07,7.8158
ner,2021,d08,10.6483
ner,2021,d09,16.7899
ner,2021,d10,28.6003
nga,2003,d01,1.9905
nga,2003,d02,4.3668
nga,2003,d03,2.7152
nga,2003,d04,2.1644
nga,2003,d05,3.9853
nga,2003,d06,5.7317
nga,2003,d07,4.6045
nga,2003,d08,9.348
nga,2003,d09,15.4235
nga,2003,d10,21.5083
nga,2007,d01,1.5894
nga,2007,d02,2.3192
nga,2007,d03,2.3837
nga,2007,d04,4.1544
nga,2007,d05,6.7858
nga,2007,d06,5.3616
nga,2007,d07,12.591
nga,2007,d08,14.9164
nga,2007,d09,20.9534
nga,2007,d10,21.2765
nga,2008,d01,1.451
nga,2008,d02,1.3483
nga,2008,d03,2.1841
nga,2008,d04,3.6176
nga,2008,d05,5.1123
nga,2008,d06,7.7137
nga,2008,d07,11.0771
nga,2008,d08,13.2389
nga,2008,d09,17.1317
nga,2008,d10,22.3698
nga,2011,d01,1.8357
nga,2011,d02,2.4689
nga,2011,d03,5.1481
nga,2011,d04,6.5689
nga,2011,d05,7.909
nga,2011,d06,10.6732
nga,2011,d07,15.0871
nga,2011,d08,14.7709
nga,2011,d09,19.1913
nga,2011,d10,22.4068
nga,2013,d01,0.1623
nga,2013,d02,1.3202
nga,2013,d03,2.1585
nga,2013,d04,4.5259
nga,2013,d05,7.1446
nga,2013,d06,9.5942
nga,2013,d07,11.6151
nga,2013,d08,15.1723
nga,2013,d09,19.9162
nga,2013,d10,22.9285
nga,2016,d01,2.1948
nga,2016,d02,2.5081
nga,2016,d03,4.3643
nga,2016,d04,6.8222
nga,2016,d05,7.3654
nga,2016,d06,9.3478
nga,2016,d07,12.4686
nga,2016,d08,16.3067
nga,2016,d09,21.0871
nga,2016,d10,21.4925
nga,2018,d01,2.2105
nga,2018,d02,3.9205
nga,2018,d03,5.0634
nga,2018,d04,6.0518
nga,2018,d05,9.0302
nga,2018,d06,11.5067
nga,2018,d07,14.0627
nga,2018,d08,18.1335
nga,2018,d09,19.6589
nga,2018,d10,20.6732
nic,1998,d01,33.2404
nic,1998,d02,46.9759
nic,1998,d03,52.5956
nic,1998,d04,58.3249
nic,1998,d05,60.341
nic,1998,d06,60.1886
nic,1998,d07,65.0392
nic,1998,d08,65.6643
nic,1998,d09,62.3531
nic,1998,d10,66.1302
nic,2001,d01,41.0626
nic,2001,d02,54.152
nic,2001,d03,59.4275
nic,2001,d04,65.4639
nic,2001,d05,70.9292
nic,2001,d06,68.6245
nic,2001,d07,71.0618
nic,2001,d08,69.7021
nic,2001,d09,68.9213
nic,2001,d10,71.32
npl,1996,d01,14.81
npl,1996,d02,16.9525
npl,1996,d03,21.0996
npl,1996,d04,21.0986
npl,1996,d05,20.9878
npl,1996,d06,25.9301
npl,1996,d07,26.8381
npl,1996,d08,26.4662
npl,1996,d09,36.7384
npl,1996,d10,52.7846
npl,2001,d01,22.294
npl,2001,d02,25.3181
npl,2001,d03,29.1109
npl,2001,d04,28.1737
npl,2001,d05,31.9617
npl,2001,d06,31.5935
npl,2001,d07,37.5125
npl,2001,d08,40.2124
npl,2001,d09,54.0717
npl,2001,d10,56.3026
npl,2006,d01,26.6167
npl,2006,d02,33.9974
npl,2006,d03,40.8908
npl,2006,d04,40.2818
npl,2006,d05,44.0367
npl,2006,d06,49.604
npl,2006,d07,47.2556
npl,2006,d08,48.9499
npl,2006,d09,50.8472
npl,2006,d10,57.2327
npl,2011,d01,33.3143
npl,2011,d02,37.817
npl,2011,d03,39.768
npl,2011,d04,42.4699
npl,2011,d05,40.3743
npl,2011,d06,46.1465
npl,2011,d07,44.9824
npl,2011,d08,45.5
npl,2011,d09,48.3399
npl,2011,d10,49.535
npl,2014,d01,43.6515
npl,2014,d02,44.4524
npl,2014,d03,45.6991
npl,2014,d04,47.9212
npl,2014,d05,49.2006
npl,2014,d06,51.0168
npl,2014,d07,49.6571
npl,2014,d08,47.8028
npl,2014,d09,45.531
npl,2014,d10,45.5585
npl,2016,d01,40.3696
npl,2016,d02,43.0518
npl,2016,d03,44.1395
npl,2016,d04,45.4659
npl,2016,d05,42.7587
npl,2016,d06,42.4367
npl,2016,d07,42.0265
npl,2016,d08,41.2941
npl,2016,d09,43.4501
npl,2016,d10,42.5692
npl,2019,d01,43.1165
npl,2019,d02,44.4882
npl,2019,d03,47.134
npl,2019,d04,47.8051
npl,2019,d05,45.957
npl,2019,d06,43.8401
npl,2019,d07,47.5816
npl,2019,d08,43.1192
npl,2019,d09,37.3613
npl,2019,d10,42.4204
pak,2006,d01,9.4045
pak,2006,d02,15.5069
pak,2006,d03,13.7393
pak,2006,d04,17.3308
pak,2006,d05,19.2441
pak,2006,d06,24.5155
pak,2006,d07,22.5254
pak,2006,d08,30.0794
pak,2006,d09,31.09
pak,2006,d10,31.9975
pak,2012,d01,11.4637
pak,2012,d02,17.143
pak,2012,d03,17.6796
pak,2012,d04,23.5909
pak,2012,d05,23.5088
pak,2012,d06,27.689
pak,2012,d07,30.7789
pak,2012,d08,28.874
pak,2012,d09,30.2391
pak,2012,d10,31.5338
pak,2017,d01,15.6251
pak,2017,d02,18.1129
pak,2017,d03,20.866
pak,2017,d04,23.9538
pak,2017,d05,26.3049
pak,2017,d06,26.8975
pak,2017,d07,26.9197
pak,2017,d08,27.8804
pak,2017,d09,26.0277
pak,2017,d10,33.2853
pan,2013,d01,34.2033
pan,2013,d02,55.533
pan,2013,d03,65.5171
pan,2013,d04,64.1895
pan,2013,d05,61.5337
pan,2013,d06,60.9188
pan,2013,d07,58.9475
pan,2013,d08,69.8801
pan,2013,d09,68.1624
pan,2013,d10,61.4095
per,1996,d01,20.5096
per,1996,d02,27.9002
per,1996,d03,33.2689
per,1996,d04,41.4299
per,1996,d05,45.0118
per,1996,d06,45.2851
per,1996,d07,47.4971
per,1996,d08,50.3367
per,1996,d09,48.3072
per,1996,d10,52.6312
per,2000,d01,32.8247
per,2000,d02,38.1192
per,2000,d03,40.9563
per,2000,d04,48.8461
per,2000,d05,54.9671
per,2000,d06,52.5238
per,2000,d07,58.8532
per,2000,d08,53.0043
per,2000,d09,56.6209
per,2000,d10,58.6241
per,2004,d01,21.0336
per,2004,d02,27.3317
per,2004,d03,41.6311
per,2004,d04,41.1369
per,2004,d05,55.155
per,2004,d06,53.951
per,2004,d07,51.1042
per,2004,d08,56.0786
per,2004,d09,48.4859
per,2004,d10,60.7885
per,2005,d01,36.3016
per,2005,d02,30.7541
per,2005,d03,41.591
per,2005,d04,45.6384
per,2005,d05,47.7672
per,2005,d06,53.677
per,2005,d07,53.0925
per,2005,d08,57.035
per,2005,d09,54.3101
per,2005,d10,52.9934
per,2006,d01,38.5213
per,2006,d02,40.5942
per,2006,d03,37.31
per,2006,d04,46.4691
per,2006,d05,49.5804
per,2006,d06,53.5502
per,2006,d07,57.4847
per,2006,d08,52.9648
per,2006,d09,54.5392
per,2006,d10,46.4372
per,2007,d01,33.768
per,2007,d02,36.0497
per,2007,d03,44.6052
per,2007,d04,45.4405
per,2007,d05,54.3199
per,2007,d06,52.2304
per,2007,d07,52.6197
per,2007,d08,52.6842
per,2007,d09,51.4174
per,2007,d10,48.9085
per,2008,d01,36.6846
per,2008,d02,40.9522
per,2008,d03,41.0781
per,2008,d04,45.8398
per,2008,d05,50.9081
per,2008,d06,54.3016
per,2008,d07,54.5058
per,2008,d08,54.8918
per,2008,d09,52.7594
per,2008,d10,55.283
per,2009,d01,34.9433
per,2009,d02,45.1188
per,2009,d03,42.2155
per,2009,d04,48.426
per,2009,d05,53.4129
per,2009,d06,51.313
per,2009,d07,55.7127
per,2009,d08,53.5534
per,2009,d09,54.8324
per,2009,d10,56.8661
per,2010,d01,38.1028
per,2010,d02,43.6779
per,2010,d03,43.6677
per,2010,d04,49.7345
per,2010,d05,55.3102
per,2010,d06,52.1202
per,2010,d07,52.438
per,2010,d08,53.1003
per,2010,d09,52.949
per,2010,d10,61.8715
per,2011,d01,39.9898
per,2011,d02,43.581
per,2011,d03,46.9781
per,2011,d04,52.2969
per,2011,d05,52.7271
per,2011,d06,51.7652
per,2011,d07,55.7084
per,2011,d08,52.7351
per,2011,d09,52.5071
per,2011,d10,61.1776
per,2012,d01,38.196
per,2012,d02,43.5406
per,2012,d03,51.0336
per,2012,d04,52.5105
per,2012,d05,51.6881
per,2012,d06,53.6366
per,2012,d07,51.8457
per,2012,d08,56.871
per,2012,d09,58.784
per,2012,d10,58.6924
per,2013,d01,40.9033
per,2013,d02,43.9083
per,2013,d03,50.7921
per,2013,d04,51.9942
per,2013,d05,52.7266
per,2013,d06,51.6405
per,2013,d07,54.739
per,2013,d08,55.0149
per,2013,d09,54.1722
per,2013,d10,56.6911
per,2014,d01,40.7626
per,2014,d02,46.2049
per,2014,d03,50.7551
per,2014,d04,53.0302
per,2014,d05,53.9443
per,2014,d06,54.3517
per,2014,d07,52.7788
per,2014,d08,55.6086
per,2014,d09,56.8188
per,2014,d10,55.7684
per,2015,d01,43.3579
per,2015,d02,47.5303
per,2015,d03,50.6683
per,2015,d04,52.3906
per,2015,d05,55.7325
per,2015,d06,53.8912
per,2015,d07,51.9354
per,2015,d08,60.4173
per,2015,d09,58.4552
per,2015,d10,58.6127
per,2016,d01,43.6113
per,2016,d02,46.7569
per,2016,d03,55.0388
per,2016,d04,55.149
per,2016,d05,55.4041
per,2016,d06,55.5634
per,2016,d07,54.8781
per,2016,d08,61.7188
per,2016,d09,55.4088
per,2016,d10,59.6056
per,2017,d01,43.0104
per,2017,d02,49.1665
per,2017,d03,52.5933
per,2017,d04,57.942
per,2017,d05,55.6522
per,2017,d06,58.1261
per,2017,d07,58.2688
per,2017,d08,59.0832
per,2017,d09,55.3952
per,2017,d10,55.904
per,2018,d01,44.4307
per,2018,d02,52.8988
per,2018,d03,55.0909
per,2018,d04,55.0339
per,2018,d05,56.2217
per,2018,d06,55.5688
per,2018,d07,58.7896
per,2018,d08,58.236
per,2018,d09,61.4058
per,2018,d10,51.6232
per,2019,d01,44.4339
per,2019,d02,50.3593
per,2019,d03,57.8248
per,2019,d04,53.6058
per,2019,d05,56.2216
per,2019,d06,55.2367
per,2019,d07,58.9494
per,2019,d08,58.1256
per,2019,d09,61.2811
per,2019,d10,60.6476
per,2020,d01,45.0727
per,2020,d02,49.306
per,2020,d03,53.2911
per,2020,d04,55.8331
per,2020,d05,58.036
per,2020,d06,54.8078
per,2020,d07,55.952
per,2020,d08,61.1076
per,2020,d09,57.4885
per,2020,d10,62.6165
phl,1993,d01,13.0673
phl,1993,d02,18.3577
phl,1993,d03,21.7463
phl,1993,d04,23.4259
phl,1993,d05,24.7628
phl,1993,d06,26.5517
phl,1993,d07,30.4146
phl,1993,d08,28.9224
phl,1993,d09,31.9588
phl,1993,d10,30.8047
phl,1998,d01,17.939
phl,1998,d02,21.2187
phl,1998,d03,25.1082
phl,1998,d04,27.0246
phl,1998,d05,30.8939
phl,1998,d06,34.5703
phl,1998,d07,31.0371
phl,1998,d08,34.2027
phl,1998,d09,29.1292
phl,1998,d10,29.2068
phl,2003,d01,19.0826
phl,2003,d02,27.9857
phl,2003,d03,33.0239
phl,2003,d04,33.671
phl,2003,d05,34.3899
phl,2003,d06,35.8722
phl,2003,d07,38.2631
phl,2003,d08,36.6412
phl,2003,d09,37.6831
phl,2003,d10,31.4829
phl,2008,d01,23.8071
phl,2008,d02,27.4871
phl,2008,d03,34.0101
phl,2008,d04,35.9933
phl,2008,d05,37.9584
phl,2008,d06,33.7854
phl,2008,d07,36.0344
phl,2008,d08,40.3243
phl,2008,d09,33.6882
phl,2008,d10,31.621
phl,2013,d01,29.3811
phl,2013,d02,35.3956
phl,2013,d03,40.4335
phl,2013,d04,38.59
phl,2013,d05,38.4631
phl,2013,d06,42.735
phl,2013,d07,39.2933
phl,2013,d08,37.3962
phl,2013,d09,33.9466
phl,2013,d10,32.3422
phl,2017,d01,40.4441
phl,2017,d02,45.9925
phl,2017,d03,47.8819
phl,2017,d04,43.7063
phl,2017,d05,39.0099
phl,2017,d06,42.0983
phl,2017,d07,36.2715
phl,2017,d08,36.9336
phl,2017,d09,30.0379
phl,2017,d10,34.4494
png,2016,d01,18.4638
png,2016,d02,18.5489
png,2016,d03,22.5615
png,2016,d04,30.0611
png,2016,d05,28.4094
png,2016,d06,31.5605
png,2016,d07,38.726
png,2016,d08,37.0861
png,2016,d09,41.1737
png,2016,d10,35.2883
pry,2016,d01,63.0277
pry,2016,d02,72.2851
pry,2016,d03,69.3939
pry,2016,d04,68.8391
pry,2016,d05,67.3224
pry,2016,d06,67.3765
pry,2016,d07,66.4787
pry,2016,d08,61.763
pry,2016,d09,66.6651
pry,2016,d10,55.6786
pse,2010,d01,32.6224
pse,2010,d02,39.3529
pse,2010,d03,39.9303
pse,2010,d04,39.0335
pse,2010,d05,36.8187
pse,2010,d06,42.0612
pse,2010,d07,43.1242
pse,2010,d08,44.0232
pse,2010,d09,46.7414
pse,2010,d10,49.3904
pse,2014,d01,33.9542
pse,2014,d02,37.4432
pse,2014,d03,41.7685
pse,2014,d04,40.8274
pse,2014,d05,38.6463
pse,2014,d06,43.6588
pse,2014,d07,41.8958
pse,2014,d08,43.5319
pse,2014,d09,49.2159
pse,2014,d10,53.6746
pse,2019,d01,37.5767
pse,2019,d02,39.7299
pse,2019,d03,41.482
pse,2019,d04,39.7103
pse,2019,d05,41.661
pse,2019,d06,37.4898
pse,2019,d07,42.4787
pse,2019,d08,45.164
pse,2019,d09,46.43
pse,2019,d10,43.1974
rwa,2005,d01,6.1984
rwa,2005,d02,3.8165
rwa,2005,d03,6.6211
rwa,2005,d04,6.591
rwa,2005,d05,4.8926
rwa,2005,d06,8.3124
rwa,2005,d07,6.4165
rwa,2005,d08,9.0964
rwa,2005,d09,12.8329
rwa,2005,d10,27.266
rwa,2010,d01,33.7599
rwa,2010,d02,40.7361
rwa,2010,d03,39.5667
rwa,2010,d04,40.2226
rwa,2010,d05,42.1156
rwa,2010,d06,50.2118
rwa,2010,d07,48.7704
rwa,2010,d08,48.9587
rwa,2010,d09,51.0247
rwa,2010,d10,44.0516
rwa,2014,d01,41.843
rwa,2014,d02,46.9165
rwa,2014,d03,43.5516
rwa,2014,d04,47.0083
rwa,2014,d05,44.601
rwa,2014,d06,50.7396
rwa,2014,d07,46.4424
rwa,2014,d08,47.6508
rwa,2014,d09,48.1468
rwa,2014,d10,47.7137
rwa,2019,d01,59.1092
rwa,2019,d02,59.764
rwa,2019,d03,60.0047
rwa,2019,d04,59.2904
rwa,2019,d05,57.465
rwa,2019,d06,61.9181
rwa,2019,d07,56.0068
rwa,2019,d08,59.0581
rwa,2019,d09,49.6352
rwa,2019,d10,46.3707
sdn,2010,d01,0.8825
sdn,2010,d02,1.4282
sdn,2010,d03,1.0354
sdn,2010,d04,2.4211
sdn,2010,d05,3.5722
sdn,2010,d06,6.1716
sdn,2010,d07,10.7783
sdn,2010,d08,15.4785
sdn,2010,d09,19.5015
sdn,2010,d10,23.5931
sdn,2014,d01,3.5229
sdn,2014,d02,3.7789
sdn,2014,d03,3.4396
sdn,2014,d04,6.4433
sdn,2014,d05,8.2703
sdn,2014,d06,9.8398
sdn,2014,d07,16.0066
sdn,2014,d08,16.1236
sdn,2014,d09,21.7333
sdn,2014,d10,27.3031
sen,1997,d01,0.6742
sen,1997,d02,1.276
sen,1997,d03,1.409
sen,1997,d04,1.8979
sen,1997,d05,4.9347
sen,1997,d06,4.5933
sen,1997,d07,10.2658
sen,1997,d08,13.3368
sen,1997,d09,18.8496
sen,1997,d10,27.8674
sen,2005,d01,1.7385
sen,2005,d02,3.4839
sen,2005,d03,3.9465
sen,2005,d04,5.5335
sen,2005,d05,6.1676
sen,2005,d06,11.499
sen,2005,d07,10.3018
sen,2005,d08,17.1863
sen,2005,d09,19.5925
sen,2005,d10,24.4193
sen,2010,d01,4.2699
sen,2010,d02,4.3397
sen,2010,d03,6.2193
sen,2010,d04,7.1125
sen,2010,d05,9.2454
sen,2010,d06,14.3492
sen,2010,d07,13.7027
sen,2010,d08,16.2198
sen,2010,d09,23.2497
sen,2010,d10,22.1418
sen,2012,d01,4.8089
sen,2012,d02,6.7973
sen,2012,d03,9.3434
sen,2012,d04,7.9356
sen,2012,d05,11.8346
sen,2012,d06,19.9268
sen,2012,d07,20.308
sen,2012,d08,20.4074
sen,2012,d09,29.8395
sen,2012,d10,29.7768
sen,2014,d01,9.8128
sen,2014,d02,11.2315
sen,2014,d03,11.5438
sen,2014,d04,15.0259
sen,2014,d05,16.055
sen,2014,d06,22.7896
sen,2014,d07,28.5
sen,2014,d08,28.7044
sen,2014,d09,27.6487
sen,2014,d10,30.4691
sen,2015,d01,10.688
sen,2015,d02,12.1831
sen,2015,d03,11.0593
sen,2015,d04,19.298
sen,2015,d05,21.0283
sen,2015,d06,22.5984
sen,2015,d07,25.0341
sen,2015,d08,25.9553
sen,2015,d09,30.1362
sen,2015,d10,34.3829
sen,2016,d01,12.1381
sen,2016,d02,13.7745
sen,2016,d03,14.4019
sen,2016,d04,21.6023
sen,2016,d05,24.1995
sen,2016,d06,28.811
sen,2016,d07,27.6907
sen,2016,d08,30.1613
sen,2016,d09,30.1708
sen,2016,d10,26.9243
sen,2017,d01,16.4718
sen,2017,d02,16.2241
sen,2017,d03,18.1735
sen,2017,d04,19.2829
sen,2017,d05,22.7598
sen,2017,d06,29.7404
sen,2017,d07,31.7641
sen,2017,d08,38.6148
sen,2017,d09,35.9027
sen,2017,d10,35.3415
sen,2018,d01,14.0415
sen,2018,d02,14.8535
sen,2018,d03,19.5499
sen,2018,d04,25.476
sen,2018,d05,21.8745
sen,2018,d06,27.3349
sen,2018,d07,32.0319
sen,2018,d08,28.2839
sen,2018,d09,31.7216
sen,2018,d10,35.0748
sen,2019,d01,13.2359
sen,2019,d02,20.0378
sen,2019,d03,19.8397
sen,2019,d04,22.6319
sen,2019,d05,27.4704
sen,2019,d06,27.0453
sen,2019,d07,25.5452
sen,2019,d08,34.5564
sen,2019,d09,32.7455
sen,2019,d10,31.9341
sle,2005,d01,0.4771
sle,2005,d02,1.5036
sle,2005,d03,0.6608
sle,2005,d04,0.6118
sle,2005,d05,0.8604
sle,2005,d06,2.5197
sle,2005,d07,2.6361
sle,2005,d08,8.1574
sle,2005,d09,13.2795
sle,2005,d10,19.1385
sle,2008,d01,1.0034
sle,2008,d02,2.9453
sle,2008,d03,2.3
sle,2008,d04,2.2519
sle,2008,d05,3.0668
sle,2008,d06,2.702
sle,2008,d07,8.8492
sle,2008,d08,7.8338
sle,2008,d09,12.7258
sle,2008,d10,21.2298
sle,2010,d01,5.1786
sle,2010,d02,5.5481
sle,2010,d03,4.3664
sle,2010,d04,5.559
sle,2010,d05,6.8721
sle,2010,d06,10.7689
sle,2010,d07,9.6447
sle,2010,d08,15.2351
sle,2010,d09,18.9755
sle,2010,d10,23.2979
sle,2013,d01,9.8133
sle,2013,d02,10.0246
sle,2013,d03,10.315
sle,2013,d04,10.5827
sle,2013,d05,11.0064
sle,2013,d06,12.3199
sle,2013,d07,14.9864
sle,2013,d08,21.7687
sle,2013,d09,24.348
sle,2013,d10,27.4074
sle,2017,d01,12.0106
sle,2017,d02,16.4272
sle,2017,d03,15.2955
sle,2017,d04,16.0921
sle,2017,d05,16.0273
sle,2017,d06,22.2844
sle,2017,d07,27.7416
sle,2017,d08,34.5476
sle,2017,d09,29.1107
sle,2017,d10,28.8807
sle,2019,d01,13.9329
sle,2019,d02,17.05
sle,2019,d03,17.03
sle,2019,d04,17.9971
sle,2019,d05,18.9606
sle,2019,d06,22.419
sle,2019,d07,23.7625
sle,2019,d08,27.8716
sle,2019,d09,26.2579
sle,2019,d10,25.1186
slv,2014,d01,63.0201
slv,2014,d02,61.6963
slv,2014,d03,68.0635
slv,2014,d04,66.2639
slv,2014,d05,70.2252
slv,2014,d06,68.3266
slv,2014,d07,68.8543
slv,2014,d08,72.2065
slv,2014,d09,70.3252
slv,2014,d10,65.9033
som,2006,d01,0
som,2006,d02,0.2273
som,2006,d03,0.2019
som,2006,d04,0.1891
som,2006,d05,0.2011
som,2006,d06,0.2366
som,2006,d07,1.5457
som,2006,d08,2.0911
som,2006,d09,1.6475
som,2006,d10,6.4466
srb,2005,d01,6.7714
srb,2005,d02,11.8708
srb,2005,d03,12.929
srb,2005,d04,14.613
srb,2005,d05,16.8788
srb,2005,d06,19.1777
srb,2005,d07,20.8913
srb,2005,d08,20.2553
srb,2005,d09,25.005
srb,2005,d10,35.2424
srb,2010,d01,8.8807
srb,2010,d02,12.141
srb,2010,d03,14.4891
srb,2010,d04,19.5442
srb,2010,d05,18.7182
srb,2010,d06,21.7428
srb,2010,d07,23.0466
srb,2010,d08,26.646
srb,2010,d09,28.5877
srb,2010,d10,34.9839
srb,2014,d01,9.5104
srb,2014,d02,9.7665
srb,2014,d03,9.5856
srb,2014,d04,17.3645
srb,2014,d05,11.3202
srb,2014,d06,16.7366
srb,2014,d07,24.8019
srb,2014,d08,24.4122
srb,2014,d09,19.3306
srb,2014,d10,30.4408
srb,2019,d01,11.5938
srb,2019,d02,14.7129
srb,2019,d03,13.5465
srb,2019,d04,20.9968
srb,2019,d05,19.7788
srb,2019,d06,24.4032
srb,2019,d07,24.8983
srb,2019,d08,20.4142
srb,2019,d09,26.8281
srb,2019,d10,26.2304
ssd,2010,d01,0.3127
ssd,2010,d02,0
ssd,2010,d03,0.1939
ssd,2010,d04,1.0298
ssd,2010,d05,0.6484
ssd,2010,d06,0
ssd,2010,d07,1.3876
ssd,2010,d08,1.4546
ssd,2010,d09,2.7901
ssd,2010,d10,4.5389
stp,2008,d01,29.898
stp,2008,d02,30.9339
stp,2008,d03,32.8445
stp,2008,d04,32.125
stp,2008,d05,31.0481
stp,2008,d06,29.2087
stp,2008,d07,38.4783
stp,2008,d08,33.8927
stp,2008,d09,34.8442
stp,2008,d10,36.8936
stp,2014,d01,33.0515
stp,2014,d02,37.1579
stp,2014,d03,32.9696
stp,2014,d04,40.4112
stp,2014,d05,37.3214
stp,2014,d06,43.5773
stp,2014,d07,38.7823
stp,2014,d08,40.4331
stp,2014,d09,28.2127
stp,2014,d10,41.2549
stp,2019,d01,47.1235
stp,2019,d02,43.2186
stp,2019,d03,45.8506
stp,2019,d04,44.8861
stp,2019,d05,47.6927
stp,2019,d06,45.5582
stp,2019,d07,55.6317
stp,2019,d08,45.2337
stp,2019,d09,40.7286
stp,2019,d10,43.4714
sur,2006,d01,13.7667
sur,2006,d02,38.063
sur,2006,d03,44.7295
sur,2006,d04,42.3364
sur,2006,d05,47.8229
sur,2006,d06,50.5064
sur,2006,d07,48.3517
sur,2006,d08,48.2059
sur,2006,d09,50.9947
sur,2006,d10,51.6992
sur,2010,d01,24.2378
sur,2010,d02,36.9723
sur,2010,d03,46.9062
sur,2010,d04,48.5059
sur,2010,d05,45.7463
sur,2010,d06,50.108
sur,2010,d07,48.4357
sur,2010,d08,50.4523
sur,2010,d09,53.0414
sur,2010,d10,56.9803
sur,2018,d01,23.3781
sur,2018,d02,34.2747
sur,2018,d03,38.9131
sur,2018,d04,40.642
sur,2018,d05,39.7395
sur,2018,d06,37.7922
sur,2018,d07,40.151
sur,2018,d08,40.272
sur,2018,d09,40.003
sur,2018,d10,48.9749
swz,2006,d01,30.2291
swz,2006,d02,35.3434
swz,2006,d03,37.7171
swz,2006,d04,41.4145
swz,2006,d05,46.4423
swz,2006,d06,52.3189
swz,2006,d07,45.4206
swz,2006,d08,49.1754
swz,2006,d09,55.3752
swz,2006,d10,62.2497
swz,2010,d01,58.5367
swz,2010,d02,52.8085
swz,2010,d03,61.579
swz,2010,d04,58.2418
swz,2010,d05,65.0736
swz,2010,d06,58.6936
swz,2010,d07,63.8547
swz,2010,d08,67.6087
swz,2010,d09,69.1802
swz,2010,d10,67.2159
swz,2014,d01,62.4865
swz,2014,d02,58.1383
swz,2014,d03,63.3399
swz,2014,d04,61.4182
swz,2014,d05,66.5831
swz,2014,d06,61.4894
swz,2014,d07,60.3911
swz,2014,d08,71.3167
swz,2014,d09,71.9015
swz,2014,d10,71.689
syr,2006,d01,29.696
syr,2006,d02,29.1202
syr,2006,d03,33.2347
syr,2006,d04,39.8112
syr,2006,d05,39.044
syr,2006,d06,47.9935
syr,2006,d07,47.8335
syr,2006,d08,47.6788
syr,2006,d09,51.4146
syr,2006,d10,56.5984
tca,2019,d01,51.5202
tca,2019,d02,39.0544
tca,2019,d03,25.9486
tca,2019,d04,51.6721
tca,2019,d05,26.5501
tca,2019,d06,28.6553
tca,2019,d07,13.3222
tca,2019,d08,32.9516
tca,2019,d09,36.9182
tca,2019,d10,31.2391
tcd,1996,d01,0.0654
tcd,1996,d02,0
tcd,1996,d03,0.3201
tcd,1996,d04,0.2707
tcd,1996,d05,0
tcd,1996,d06,0.2414
tcd,1996,d07,0.6087
tcd,1996,d08,1.4179
tcd,1996,d09,2.9392
tcd,1996,d10,6.6265
tcd,2004,d01,0
tcd,2004,d02,0
tcd,2004,d03,0.4569
tcd,2004,d04,0
tcd,2004,d05,0.301
tcd,2004,d06,1.5645
tcd,2004,d07,0.0687
tcd,2004,d08,0.7726
tcd,2004,d09,3.623
tcd,2004,d10,10.9953
tcd,2010,d01,0
tcd,2010,d02,0.4381
tcd,2010,d03,0.2969
tcd,2010,d04,0.5897
tcd,2010,d05,0.1429
tcd,2010,d06,0.8707
tcd,2010,d07,0.7928
tcd,2010,d08,1.5223
tcd,2010,d09,3.0087
tcd,2010,d10,9.5324
tcd,2014,d01,2.2265
tcd,2014,d02,2.572
tcd,2014,d03,3.5152
tcd,2014,d04,3.1217
tcd,2014,d05,3.4167
tcd,2014,d06,2.8427
tcd,2014,d07,2.2619
tcd,2014,d08,2.0064
tcd,2014,d09,7.7909
tcd,2014,d10,11.6982
tcd,2019,d01,1.6775
tcd,2019,d02,1.813
tcd,2019,d03,2.7004
tcd,2019,d04,2.2078
tcd,2019,d05,3.3697
tcd,2019,d06,4.8366
tcd,2019,d07,4.914
tcd,2019,d08,5.9491
tcd,2019,d09,8.6709
tcd,2019,d10,14.9191
tgo,1998,d01,2.2508
tgo,1998,d02,4.4205
tgo,1998,d03,4.1589
tgo,1998,d04,5.888
tgo,1998,d05,7.2538
tgo,1998,d06,6.6755
tgo,1998,d07,7.8677
tgo,1998,d08,7.1363
tgo,1998,d09,10.6311
tgo,1998,d10,14.5632
tgo,2006,d01,4.6971
tgo,2006,d02,6.8552
tgo,2006,d03,9.6992
tgo,2006,d04,7.7939
tgo,2006,d05,11.4888
tgo,2006,d06,11.1353
tgo,2006,d07,12.616
tgo,2006,d08,12.9876
tgo,2006,d09,12.99
tgo,2006,d10,19.5317
tgo,2010,d01,8.1205
tgo,2010,d02,12.9335
tgo,2010,d03,7.6883
tgo,2010,d04,13.1336
tgo,2010,d05,12.3914
tgo,2010,d06,12.2478
tgo,2010,d07,14.8133
tgo,2010,d08,13.1228
tgo,2010,d09,18.0939
tgo,2010,d10,17.8526
tgo,2013,d01,13.9223
tgo,2013,d02,16.9399
tgo,2013,d03,15.0492
tgo,2013,d04,18.3918
tgo,2013,d05,14.1932
tgo,2013,d06,18.8358
tgo,2013,d07,16.2581
tgo,2013,d08,16.5595
tgo,2013,d09,19.7439
tgo,2013,d10,21.959
tgo,2017,d01,12.31
tgo,2017,d02,16.8384
tgo,2017,d03,19.0566
tgo,2017,d04,18.4424
tgo,2017,d05,16.7342
tgo,2017,d06,21.6053
tgo,2017,d07,24.3239
tgo,2017,d08,25.5298
tgo,2017,d09,22.5638
tgo,2017,d10,29.1373
tha,2005,d01,78.4411
tha,2005,d02,78.6585
tha,2005,d03,81.1041
tha,2005,d04,76.5404
tha,2005,d05,75.0433
tha,2005,d06,74.7324
tha,2005,d07,72.5033
tha,2005,d08,74.7142
tha,2005,d09,71.7752
tha,2005,d10,68.906
tha,2012,d01,81.1486
tha,2012,d02,80.9384
tha,2012,d03,81.6716
tha,2012,d04,76.0485
tha,2012,d05,76.5457
tha,2012,d06,79.4468
tha,2012,d07,77.8874
tha,2012,d08,77.4385
tha,2012,d09,72.0496
tha,2012,d10,67.4718
tha,2015,d01,81.0816
tha,2015,d02,81.9965
tha,2015,d03,74.8828
tha,2015,d04,77.7451
tha,2015,d05,73.9417
tha,2015,d06,79.3309
tha,2015,d07,72.3111
tha,2015,d08,76.2323
tha,2015,d09,72.6451
tha,2015,d10,66.3547
tha,2019,d01,69.1379
tha,2019,d02,72.538
tha,2019,d03,74.825
tha,2019,d04,73.3764
tha,2019,d05,73.7896
tha,2019,d06,71.8584
tha,2019,d07,71.5597
tha,2019,d08,71.4108
tha,2019,d09,64.4004
tha,2019,d10,70.1223
tjk,2005,d01,24.8602
tjk,2005,d02,26.808
tjk,2005,d03,32.4025
tjk,2005,d04,32.9539
tjk,2005,d05,30.4367
tjk,2005,d06,32.5075
tjk,2005,d07,34.3993
tjk,2005,d08,36.539
tjk,2005,d09,33.4946
tjk,2005,d10,44.464
tjk,2012,d01,23.7405
tjk,2012,d02,22.8232
tjk,2012,d03,22.6842
tjk,2012,d04,22.7499
tjk,2012,d05,20.6679
tjk,2012,d06,26.3431
tjk,2012,d07,24.5939
tjk,2012,d08,26.6927
tjk,2012,d09,33.6256
tjk,2012,d10,32.6557
tjk,2017,d01,26.9977
tjk,2017,d02,22.111
tjk,2017,d03,21.0331
tjk,2017,d04,23.9941
tjk,2017,d05,25.8076
tjk,2017,d06,25.5334
tjk,2017,d07,28.1537
tjk,2017,d08,28.3723
tjk,2017,d09,28.7142
tjk,2017,d10,31.3114
tkm,2006,d01,43.1048
tkm,2006,d02,41.976
tkm,2006,d03,43.18
tkm,2006,d04,48.2987
tkm,2006,d05,49.4346
tkm,2006,d06,43.9191
tkm,2006,d07,47.574
tkm,2006,d08,49.0632
tkm,2006,d09,49.6649
tkm,2006,d10,42.9189
tkm,2015,d01,40.5432
tkm,2015,d02,43.5345
tkm,2015,d03,45.4803
tkm,2015,d04,49.0756
tkm,2015,d05,50.7465
tkm,2015,d06,50.5016
tkm,2015,d07,51.0674
tkm,2015,d08,44.9059
tkm,2015,d09,48.3646
tkm,2015,d10,46.751
tkm,2019,d01,42.7845
tkm,2019,d02,46.7487
tkm,2019,d03,42.609
tkm,2019,d04,45.4943
tkm,2019,d05,47.1992
tkm,2019,d06,46.9136
tkm,2019,d07,39.6232
tkm,2019,d08,49.3659
tkm,2019,d09,53.8622
tkm,2019,d10,58.4896
tls,2009,d01,12.7998
tls,2009,d02,16.0157
tls,2009,d03,14.0747
tls,2009,d04,16.6152
tls,2009,d05,14.6695
tls,2009,d06,18.5581
tls,2009,d07,24.3699
tls,2009,d08,24.8735
tls,2009,d09,31.5189
tls,2009,d10,28.7126
tls,2016,d01,22.0901
tls,2016,d02,24.3706
tls,2016,d03,20.8678
tls,2016,d04,21.7074
tls,2016,d05,24.6754
tls,2016,d06,23.2017
tls,2016,d07,28.2685
tls,2016,d08,22.2111
tls,2016,d09,21.7126
tls,2016,d10,25.566
ton,2019,d01,19.2179
ton,2019,d02,23.1957
ton,2019,d03,25.491
ton,2019,d04,25.1905
ton,2019,d05,27.8413
ton,2019,d06,31.9726
ton,2019,d07,25.0182
ton,2019,d08,28.25
ton,2019,d09,23.6285
ton,2019,d10,22.5941
tto,2006,d01,36.3309
tto,2006,d02,37.3228
tto,2006,d03,33.8114
tto,2006,d04,33.4691
tto,2006,d05,36.6011
tto,2006,d06,33.1071
tto,2006,d07,37.7336
tto,2006,d08,38.9772
tto,2006,d09,36.9219
tto,2006,d10,53.1671
tto,2011,d01,30.5407
tto,2011,d02,43.364
tto,2011,d03,41.6651
tto,2011,d04,29.8016
tto,2011,d05,36.2359
tto,2011,d06,37.2426
tto,2011,d07,36.4073
tto,2011,d08,40.7654
tto,2011,d09,37.6929
tto,2011,d10,42.1877
tun,2011,d01,52.0915
tun,2011,d02,56.8291
tun,2011,d03,54.2642
tun,2011,d04,55.1144
tun,2011,d05,43.2225
tun,2011,d06,54.1981
tun,2011,d07,47.1299
tun,2011,d08,47.5305
tun,2011,d09,49.5556
tun,2011,d10,42.4892
tun,2018,d01,68.6231
tun,2018,d02,66.0831
tun,2018,d03,63.5242
tun,2018,d04,65.0409
tun,2018,d05,60.6904
tun,2018,d06,65.6889
tun,2018,d07,60.3385
tun,2018,d08,60.0326
tun,2018,d09,60.608
tun,2018,d10,65.8869
tur,1993,d01,18.3025
tur,1993,d02,23.2928
tur,1993,d03,29.7141
tur,1993,d04,29.0679
tur,1993,d05,31.3652
tur,1993,d06,34.8607
tur,1993,d07,38.997
tur,1993,d08,38.0237
tur,1993,d09,40.8578
tur,1993,d10,50.2203
tur,1998,d01,20.8081
tur,1998,d02,26.1907
tur,1998,d03,32.0667
tur,1998,d04,32.5482
tur,1998,d05,37.6932
tur,1998,d06,37.7494
tur,1998,d07,42.1479
tur,1998,d08,41.7395
tur,1998,d09,44.6075
tur,1998,d10,51.1534
tur,2003,d01,27.3856
tur,2003,d02,32.424
tur,2003,d03,38.3224
tur,2003,d04,37.1033
tur,2003,d05,37.6926
tur,2003,d06,43.672
tur,2003,d07,48.6716
tur,2003,d08,44.2808
tur,2003,d09,49.4003
tur,2003,d10,54.8796
tur,2013,d01,35.2231
tur,2013,d02,40.0477
tur,2013,d03,37.5864
tur,2013,d04,46.2293
tur,2013,d05,45.6299
tur,2013,d06,48.0541
tur,2013,d07,48.108
tur,2013,d08,55.2055
tur,2013,d09,51.3714
tur,2013,d10,57.4145
tuv,2019,d01,14.4363
tuv,2019,d02,26.0699
tuv,2019,d03,31.281
tuv,2019,d04,19.6111
tuv,2019,d05,23.4482
tuv,2019,d06,28.5962
tuv,2019,d07,24.7094
tuv,2019,d08,18.9322
tuv,2019,d09,16.6076
tuv,2019,d10,18.75
tza,1996,d01,2.1312
tza,1996,d02,8.277
tza,1996,d03,7.3616
tza,1996,d04,7.9779
tza,1996,d05,9.6795
tza,1996,d06,10.2644
tza,1996,d07,12.1904
tza,1996,d08,16.6799
tza,1996,d09,24.1451
tza,1996,d10,33.9759
tza,1999,d01,5.9086
tza,1999,d02,4.9729
tza,1999,d03,12.6214
tza,1999,d04,13.0172
tza,1999,d05,9.3168
tza,1999,d06,15.5301
tza,1999,d07,16.911
tza,1999,d08,24.3236
tza,1999,d09,28.836
tza,1999,d10,36.6164
tza,2004,d01,9.8171
tza,2004,d02,10.1232
tza,2004,d03,11.8056
tza,2004,d04,12.6293
tza,2004,d05,14.1899
tza,2004,d06,16.3434
tza,2004,d07,20.8713
tza,2004,d08,25.9425
tza,2004,d09,31.8961
tza,2004,d10,39.8862
tza,2010,d01,16.1616
tza,2010,d02,19.6942
tza,2010,d03,18.4318
tza,2010,d04,21.0156
tza,2010,d05,20.1451
tza,2010,d06,24.11
tza,2010,d07,30.5716
tza,2010,d08,35.5942
tza,2010,d09,35.9116
tza,2010,d10,36.0768
tza,2015,d01,16.37
tza,2015,d02,23.393
tza,2015,d03,27.915
tza,2015,d04,27.0262
tza,2015,d05,35.4043
tza,2015,d06,34.5268
tza,2015,d07,41.2294
tza,2015,d08,38.9498
tza,2015,d09,35.5554
tza,2015,d10,34.2332
uga,1995,d01,1.0334
uga,1995,d02,3.3833
uga,1995,d03,2.2806
uga,1995,d04,3.1624
uga,1995,d05,3.9373
uga,1995,d06,4.2385
uga,1995,d07,4.8552
uga,1995,d08,8.2184
uga,1995,d09,17.6515
uga,1995,d10,32.8836
uga,2000,d01,4.7982
uga,2000,d02,5.5654
uga,2000,d03,4.8703
uga,2000,d04,5.9923
uga,2000,d05,4.842
uga,2000,d06,10.6995
uga,2000,d07,13.5847
uga,2000,d08,18.8929
uga,2000,d09,28.073
uga,2000,d10,46.0087
uga,2006,d01,4.5454
uga,2006,d02,9.6299
uga,2006,d03,10.3256
uga,2006,d04,14.1988
uga,2006,d05,13.9125
uga,2006,d06,12.3051
uga,2006,d07,18.694
uga,2006,d08,21.5351
uga,2006,d09,31.7539
uga,2006,d10,43.3971
uga,2011,d01,8.8821
uga,2011,d02,16.3453
uga,2011,d03,18.2267
uga,2011,d04,25.2543
uga,2011,d05,23.9442
uga,2011,d06,24.3748
uga,2011,d07,29.0081
uga,2011,d08,33.0463
uga,2011,d09,32.4792
uga,2011,d10,44.3303
uga,2016,d01,17.2143
uga,2016,d02,25.0515
uga,2016,d03,29.4604
uga,2016,d04,32.8397
uga,2016,d05,33.5532
uga,2016,d06,36.2598
uga,2016,d07,37.5056
uga,2016,d08,39.4415
uga,2016,d09,40.1025
uga,2016,d10,40.7193
ukr,2005,d01,37.2157
ukr,2005,d02,49.5644
ukr,2005,d03,49.3644
ukr,2005,d04,57.2813
ukr,2005,d05,58.1983
ukr,2005,d06,58.5806
ukr,2005,d07,68.9204
ukr,2005,d08,64.0189
ukr,2005,d09,64.9105
ukr,2005,d10,68.1518
ukr,2007,d01,34.0861
ukr,2007,d02,37.0027
ukr,2007,d03,45.3677
ukr,2007,d04,44.9402
ukr,2007,d05,48.2191
ukr,2007,d06,45.7168
ukr,2007,d07,49.8554
ukr,2007,d08,51.7049
ukr,2007,d09,52.0411
ukr,2007,d10,53.1279
ukr,2012,d01,26.6687
ukr,2012,d02,40.7972
ukr,2012,d03,37.6587
ukr,2012,d04,48.1074
ukr,2012,d05,47.7495
ukr,2012,d06,50.2504
ukr,2012,d07,51.7468
ukr,2012,d08,55.7989
ukr,2012,d09,50.9372
ukr,2012,d10,48.3763
uzb,1996,d01,44.9004
uzb,1996,d02,46.7912
uzb,1996,d03,56.2853
uzb,1996,d04,54.6338
uzb,1996,d05,58.8424
uzb,1996,d06,51.6827
uzb,1996,d07,47.2357
uzb,1996,d08,48.1936
uzb,1996,d09,52.4807
uzb,1996,d10,51.9829
uzb,2006,d01,59.424
uzb,2006,d02,62.7355
uzb,2006,d03,59.2098
uzb,2006,d04,61.2157
uzb,2006,d05,62.3747
uzb,2006,d06,59.7775
uzb,2006,d07,57.7224
uzb,2006,d08,57.1307
uzb,2006,d09,57.111
uzb,2006,d10,56.4
vnm,1997,d01,45.4864
vnm,1997,d02,48.3293
vnm,1997,d03,58.7032
vnm,1997,d04,56.1485
vnm,1997,d05,57.2289
vnm,1997,d06,61.7302
vnm,1997,d07,61.1941
vnm,1997,d08,57.6606
vnm,1997,d09,58.3856
vnm,1997,d10,52.6041
vnm,2002,d01,60.1994
vnm,2002,d02,55.4676
vnm,2002,d03,56.6409
vnm,2002,d04,59.2088
vnm,2002,d05,57.8916
vnm,2002,d06,58.2929
vnm,2002,d07,58.1416
vnm,2002,d08,57.9292
vnm,2002,d09,52.9663
vnm,2002,d10,50.2878
vnm,2006,d01,67.7903
vnm,2006,d02,65.1416
vnm,2006,d03,60.4414
vnm,2006,d04,62.7538
vnm,2006,d05,58.2534
vnm,2006,d06,61.4867
vnm,2006,d07,58.9303
vnm,2006,d08,56.0125
vnm,2006,d09,57.6015
vnm,2006,d10,55.2541
vnm,2010,d01,65.4037
vnm,2010,d02,64.8146
vnm,2010,d03,64.4818
vnm,2010,d04,59.4212
vnm,2010,d05,60.4014
vnm,2010,d06,59.9616
vnm,2010,d07,54.5156
vnm,2010,d08,55.9375
vnm,2010,d09,58.3701
vnm,2010,d10,56.962
vnm,2013,d01,62.6876
vnm,2013,d02,59.5832
vnm,2013,d03,59.319
vnm,2013,d04,58.6203
vnm,2013,d05,56.1946
vnm,2013,d06,55.04
vnm,2013,d07,51.9762
vnm,2013,d08,54.0464
vnm,2013,d09,56.7641
vnm,2013,d10,56.4824
vut,2007,d01,29.0508
vut,2007,d02,27.7736
vut,2007,d03,41.5479
vut,2007,d04,36.7609
vut,2007,d05,31.59
vut,2007,d06,35.8026
vut,2007,d07,39.7212
vut,2007,d08,37.9642
vut,2007,d09,43.5637
vut,2007,d10,43.8682
wsm,2019,d01,14.1444
wsm,2019,d02,18.4032
wsm,2019,d03,17.5525
wsm,2019,d04,15.4863
wsm,2019,d05,13.0252
wsm,2019,d06,14.5191
wsm,2019,d07,16.1461
wsm,2019,d08,15.81
wsm,2019,d09,11.8999
wsm,2019,d10,18.8876
yem,2006,d01,4.4042
yem,2006,d02,5.3917
yem,2006,d03,8.1066
yem,2006,d04,9.8985
yem,2006,d05,15.2379
yem,2006,d06,23.1127
yem,2006,d07,25.6803
yem,2006,d08,32.0371
yem,2006,d09,31.6764
yem,2006,d10,37.8575
yem,2013,d01,6.6718
yem,2013,d02,10.0656
yem,2013,d03,14.5971
yem,2013,d04,18.3335
yem,2013,d05,25.9642
yem,2013,d06,28.2474
yem,2013,d07,31.4689
yem,2013,d08,33.2613
yem,2013,d09,35.9717
yem,2013,d10,41.5201
zaf,1998,d01,29.0021
zaf,1998,d02,38.7682
zaf,1998,d03,45.251
zaf,1998,d04,44.8672
zaf,1998,d05,53.8513
zaf,1998,d06,55.1327
zaf,1998,d07,52.9606
zaf,1998,d08,71.3707
zaf,1998,d09,65.4641
zaf,1998,d10,74.1751
zaf,2016,d01,56.0903
zaf,2016,d02,50.5786
zaf,2016,d03,52.4483
zaf,2016,d04,48.6737
zaf,2016,d05,53.687
zaf,2016,d06,52.796
zaf,2016,d07,56.8675
zaf,2016,d08,58.5999
zaf,2016,d09,57.0724
zaf,2016,d10,53.3889
zmb,1996,d01,6.7522
zmb,1996,d02,5.237
zmb,1996,d03,11.0404
zmb,1996,d04,10.1433
zmb,1996,d05,6.7265
zmb,1996,d06,11.6483
zmb,1996,d07,16.3467
zmb,1996,d08,21.8526
zmb,1996,d09,27.5196
zmb,1996,d10,40.0284
zmb,2001,d01,6.9276
zmb,2001,d02,10.0411
zmb,2001,d03,8.5437
zmb,2001,d04,11.969
zmb,2001,d05,16.1663
zmb,2001,d06,15.3125
zmb,2001,d07,24.9462
zmb,2001,d08,32.5293
zmb,2001,d09,48.5879
zmb,2001,d10,53.5314
zmb,2007,d01,16.1855
zmb,2007,d02,17.0616
zmb,2007,d03,16.0047
zmb,2007,d04,18.5894
zmb,2007,d05,17.0503
zmb,2007,d06,18.4422
zmb,2007,d07,35.9908
zmb,2007,d08,35.1049
zmb,2007,d09,42.0247
zmb,2007,d10,50.7661
zmb,2013,d01,27.9565
zmb,2013,d02,32.8747
zmb,2013,d03,37.0514
zmb,2013,d04,39.6054
zmb,2013,d05,41.736
zmb,2013,d06,46.0171
zmb,2013,d07,49.6626
zmb,2013,d08,48.4177
zmb,2013,d09,58.4046
zmb,2013,d10,54.53
zmb,2018,d01,32.1966
zmb,2018,d02,42.546
zmb,2018,d03,40.7986
zmb,2018,d04,43.2747
zmb,2018,d05,49.8568
zmb,2018,d06,49.9102
zmb,2018,d07,50.0917
zmb,2018,d08,55.9759
zmb,2018,d09,52.2627
zmb,2018,d10,47.1311
zwe,1994,d01,32.3164
zwe,1994,d02,29.6946
zwe,1994,d03,33.2882
zwe,1994,d04,32.3174
zwe,1994,d05,36.8625
zwe,1994,d06,39.2324
zwe,1994,d07,46.9684
zwe,1994,d08,52.2806
zwe,1994,d09,54.4743
zwe,1994,d10,57.0206
zwe,1999,d01,38.9457
zwe,1999,d02,40.9436
zwe,1999,d03,39.5806
zwe,1999,d04,43.3188
zwe,1999,d05,39.8047
zwe,1999,d06,43.3516
zwe,1999,d07,51.0404
zwe,1999,d08,56.3103
zwe,1999,d09,64.918
zwe,1999,d10,68.3695
zwe,2005,d01,45.3642
zwe,2005,d02,43.1807
zwe,2005,d03,52.453
zwe,2005,d04,56.498
zwe,2005,d05,55.1753
zwe,2005,d06,53.4109
zwe,2005,d07,67.3754
zwe,2005,d08,61.9815
zwe,2005,d09,71.2609
zwe,2005,d10,69.6252
zwe,2009,d01,51.7775
zwe,2009,d02,58.8235
zwe,2009,d03,59.7402
zwe,2009,d04,64.4732
zwe,2009,d05,61.5935
zwe,2009,d06,60.8432
zwe,2009,d07,66.63
zwe,2009,d08,68.6269
zwe,2009,d09,66.8469
zwe,2009,d10,68.5226
zwe,2010,d01,51.2098
zwe,2010,d02,53.2341
zwe,2010,d03,54.0365
zwe,2010,d04,51.568
zwe,2010,d05,57.7021
zwe,2010,d06,54.5856
zwe,2010,d07,57.0359
zwe,2010,d08,62.4227
zwe,2010,d09,61.6449
zwe,2010,d10,65.7309
zwe,2014,d01,59.9853
zwe,2014,d02,63.6585
zwe,2014,d03,65.0194
zwe,2014,d04,61.3866
zwe,2014,d05,65.524
zwe,2014,d06,65.4582
zwe,2014,d07,69.7754
zwe,2014,d08,68.9002
zwe,2014,d09,68.2945
zwe,2014,d10,72.5368
zwe,2015,d01,62.1808
zwe,2015,d02,60.6297
zwe,2015,d03,60.4044
zwe,2015,d04,62.0954
zwe,2015,d05,58.5936
zwe,2015,d06,68.1635
zwe,2015,d07,66.8437
zwe,2015,d08,70.0206
zwe,2015,d09,70.6301
zwe,2015,d10,73.3086
