country,time,quintile,sba
afg,2010,q1,15.5603
afg,2010,q2,24.9402
afg,2010,q3,30.9824
afg,2010,q4,46.5556
afg,2010,q5,76.3372
afg,2015,q1,26.8986
afg,2015,q2,39.7332
afg,2015,q3,47.1262
afg,2015,q4,68.5587
afg,2015,q5,88.0336
ago,2015,q1,18.8543
ago,2015,q2,29.4758
ago,2015,q3,58.6379
ago,2015,q4,76.7701
ago,2015,q5,89.291
alb,2002,q1,82.4758
alb,2002,q2,86.1976
alb,2002,q3,80.591
alb,2002,q4,81.9545
alb,2002,q5,80.5746
alb,2005,q1,99.0415
alb,2005,q2,100
alb,2005,q3,100
alb,2005,q4,100
alb,2005,q5,100
alb,2008,q1,99.5629
alb,2008,q2,99.3482
alb,2008,q3,98.9423
alb,2008,q4,100
alb,2008,q5,100
alb,2017,q1,99.2682
alb,2017,q2,99.9137
alb,2017,q3,100
alb,2017,q4,100
alb,2017,q5,100
arg,2019,q1,98.4829
arg,2019,q2,98.6767
arg,2019,q3,99.0838
arg,2019,q4,98.9255
arg,2019,q5,98.8979
arm,2000,q1,94.4865
arm,2000,q2,91.6808
arm,2000,q3,99.6196
arm,2000,q4,98.432
arm,2000,q5,100
arm,2005,q1,97.6276
arm,2005,q2,98.2475
arm,2005,q3,100
arm,2005,q4,99.0216
arm,2005,q5,100
arm,2010,q1,100
arm,2010,q2,99.909
arm,2010,q3,100
arm,2010,q4,99.1785
arm,2010,q5,100
arm,2015,q1,99.5055
arm,2015,q2,100
arm,2015,q3,100
arm,2015,q4,98.7425
arm,2015,q5,100
aze,2006,q1,75.8724
aze,2006,q2,87.6955
aze,2006,q3,91.0723
aze,2006,q4,98.5915
aze,2006,q5,100
bdi,2005,q1,25.1704
bdi,2005,q2,29.2171
bdi,2005,q3,29.9024
bdi,2005,q4,30.8528
bdi,2005,q5,55.0506
bdi,2010,q1,55.2482
bdi,2010,q2,58.8759
bdi,2010,q3,64.3267
bdi,2010,q4,66.2824
bdi,2010,q5,83.0847
bdi,2016,q1,79.0719
bdi,2016,q2,85.1771
bdi,2016,q3,86.7179
bdi,2016,q4,87.2869
bdi,2016,q5,96.1732
ben,1996,q1,34.396
ben,1996,q2,53.0557
ben,1996,q3,66.1274
ben,1996,q4,87.6193
ben,1996,q5,97.457
ben,2001,q1,51.5546
ben,2001,q2,62.2726
ben,2001,q3,79.704
ben,2001,q4,91.607
ben,2001,q5,98.8756
ben,2006,q1,59.0914
ben,2006,q2,72.0347
ben,2006,q3,81.9116
ben,2006,q4,92.4713
ben,2006,q5,98.229
ben,2011,q1,65.7293
ben,2011,q2,79.5019
ben,2011,q3,85.6349
ben,2011,q4,96.6325
ben,2011,q5,98.7957
ben,2014,q1,60.6799
ben,2014,q2,70.0963
ben,2014,q3,81.7977
ben,2014,q4,84.5569
ben,2014,q5,91.0109
ben,2017,q1,57.3504
ben,2017,q2,74.7413
ben,2017,q3,81.0711
ben,2017,q4,89.9806
ben,2017,q5,96.2156
bfa,1998,q1,19.7024
bfa,1998,q2,21.2539
bfa,1998,q3,24.3974
bfa,1998,q4,31.6655
bfa,1998,q5,77.5138
bfa,2003,q1,18.3072
bfa,2003,q2,24.9656
bfa,2003,q3,31.4458
bfa,2003,q4,46.0767
bfa,2003,q5,85.679
bfa,2006,q1,56.0441
bfa,2006,q2,54.8152
bfa,2006,q3,46.4838
bfa,2006,q4,48.8484
bfa,2006,q5,64.6451
bfa,2010,q1,50.7737
bfa,2010,q2,64.0591
bfa,2010,q3,73.7634
bfa,2010,q4,83.2497
bfa,2010,q5,95.7226
bgd,1993,q1,3.8621
bgd,1993,q2,4.0735
bgd,1993,q3,5.3448
bgd,1993,q4,8.4355
bgd,1993,q5,30.9928
bgd,1996,q1,1.7478
bgd,1996,q2,2.2296
bgd,1996,q3,4.4345
bgd,1996,q4,10.0607
bgd,1996,q5,30.9392
bgd,1999,q1,3.8178
bgd,1999,q2,5.8834
bgd,1999,q3,7.2502
bgd,1999,q4,14.9081
bgd,1999,q5,43.4883
bgd,2004,q1,3.7141
bgd,2004,q2,4.4246
bgd,2004,q3,12.0483
bgd,2004,q4,20.2364
bgd,2004,q5,45.8494
bgd,2006,q1,6.4923
bgd,2006,q2,9.0021
bgd,2006,q3,14.5186
bgd,2006,q4,24.7615
bgd,2006,q5,55.0131
bgd,2007,q1,6.8129
bgd,2007,q2,7.2567
bgd,2007,q3,12.874
bgd,2007,q4,25.7709
bgd,2007,q5,56.4481
bgd,2011,q1,11.4962
bgd,2011,q2,18.5942
bgd,2011,q3,28.2139
bgd,2011,q4,43.152
bgd,2011,q5,63.7879
bgd,2012,q1,26.5023
bgd,2012,q2,33.4458
bgd,2012,q3,38.0123
bgd,2012,q4,50.2261
bgd,2012,q5,72.8098
bgd,2014,q1,17.9109
bgd,2014,q2,29.9161
bgd,2014,q3,38.7641
bgd,2014,q4,51.9591
bgd,2014,q5,74.3863
bgd,2017,q1,28.2309
bgd,2017,q2,40.1856
bgd,2017,q3,52.7865
bgd,2017,q4,62.3986
bgd,2017,q5,83.0536
bgd,2019,q1,32.3916
bgd,2019,q2,46.9607
bgd,2019,q3,59.1598
bgd,2019,q4,70.1932
bgd,2019,q5,85.7517
bih,2006,q1,99.2204
bih,2006,q2,100
bih,2006,q3,100
bih,2006,q4,99.0325
bih,2006,q5,99.621
bih,2011,q1,100
bih,2011,q2,99.6107
bih,2011,q3,100
bih,2011,q4,100
bih,2011,q5,100
blr,2005,q1,100
blr,2005,q2,100
blr,2005,q3,100
blr,2005,q4,100
blr,2005,q5,100
blr,2012,q1,100
blr,2012,q2,100
blr,2012,q3,99.7704
blr,2012,q4,100
blr,2012,q5,100
blr,2019,q1,99.6054
blr,2019,q2,100
blr,2019,q3,100
blr,2019,q4,100
blr,2019,q5,100
blz,1991,q1,57.5949
blz,1991,q2,76.1905
blz,1991,q3,94.9296
blz,1991,q4,94.4853
blz,1991,q5,96.875
blz,2006,q1,84.3262
blz,2006,q2,100
blz,2006,q3,100
blz,2006,q4,100
blz,2006,q5,97.9041
blz,2011,q1,89.3685
blz,2011,q2,98.4627
blz,2011,q3,97.6386
blz,2011,q4,99.5633
blz,2011,q5,98.0793
blz,2015,q1,92.9131
blz,2015,q2,97.3342
blz,2015,q3,98.3543
blz,2015,q4,97.7923
blz,2015,q5,99.3083
bol,1994,q1,11.4047
bol,1994,q2,34.6594
bol,1994,q3,48.523
bol,1994,q4,75.3626
bol,1994,q5,96.5316
bol,1998,q1,22.7761
bol,1998,q2,48.2888
bol,1998,q3,70.5448
bol,1998,q4,89.6974
bol,1998,q5,97.7641
bol,2003,q1,28.9032
bol,2003,q2,52.5948
bol,2003,q3,74.3755
bol,2003,q4,89.3913
bol,2003,q5,98.659
bol,2008,q1,39.3724
bol,2008,q2,69.106
bol,2008,q3,83.3112
bol,2008,q4,93.6625
bol,2008,q5,98.796
bol,2016,q1,67.7718
bol,2016,q2,88.9924
bol,2016,q3,96.9483
bol,2016,q4,99.0168
bol,2016,q5,99.7718
bra,1996,q1,73.6577
bra,1996,q2,89.2151
bra,1996,q3,96.192
bra,1996,q4,98.4677
bra,1996,q5,99.0077
bra,2013,q1,91.0375
bra,2013,q2,97.6905
bra,2013,q3,98.8131
bra,2013,q4,99.515
bra,2013,q5,99.59
bra,2019,q1,76.8804
bra,2019,q2,85.5615
bra,2019,q3,87.41
bra,2019,q4,94.6771
bra,2019,q5,96.8886
brb,2012,q1,100
brb,2012,q2,94.5099
brb,2012,q3,100
brb,2012,q4,100
brb,2012,q5,100
btn,2010,q1,34.1599
btn,2010,q2,43.0867
btn,2010,q3,67.3
btn,2010,q4,80.762
btn,2010,q5,95.1388
caf,1994,q1,14.2711
caf,1994,q2,25.2037
caf,1994,q3,40.7051
caf,1994,q4,69.9458
caf,1994,q5,81.6654
caf,2006,q1,26.7985
caf,2006,q2,37.9564
caf,2006,q3,52.2921
caf,2006,q4,68.8907
caf,2006,q5,88.7486
caf,2010,q1,33.1269
caf,2010,q2,39.1092
caf,2010,q3,49.9384
caf,2010,q4,70.0646
caf,2010,q5,87.1592
caf,2018,q1,22.7542
caf,2018,q2,29.2995
caf,2018,q3,34.4324
caf,2018,q4,54.886
caf,2018,q5,88.041
civ,1994,q1,16.7676
civ,1994,q2,29.5638
civ,1994,q3,45.7609
civ,1994,q4,65.1919
civ,1994,q5,83.4643
civ,1998,q1,15.6863
civ,1998,q2,34.3858
civ,1998,q3,49.0632
civ,1998,q4,73.0559
civ,1998,q5,87.3015
civ,2006,q1,28.4966
civ,2006,q2,40.2619
civ,2006,q3,58.6716
civ,2006,q4,78.8934
civ,2006,q5,94.5922
civ,2011,q1,36.9872
civ,2011,q2,54.0144
civ,2011,q3,55.4137
civ,2011,q4,79.579
civ,2011,q5,91.7353
civ,2016,q1,48.787
civ,2016,q2,66.0864
civ,2016,q3,79.3982
civ,2016,q4,93.8864
civ,2016,q5,95.0856
cmr,1998,q1,27.8762
cmr,1998,q2,43.3594
cmr,1998,q3,63.4564
cmr,1998,q4,84.3191
cmr,1998,q5,89.1719
cmr,2004,q1,30.1564
cmr,2004,q2,45.5908
cmr,2004,q3,73.7642
cmr,2004,q4,87.211
cmr,2004,q5,94.9182
cmr,2006,q1,18.9645
cmr,2006,q2,52.6363
cmr,2006,q3,64.2229
cmr,2006,q4,84.0992
cmr,2006,q5,95.5177
cmr,2011,q1,18.7891
cmr,2011,q2,55.9502
cmr,2011,q3,77.4838
cmr,2011,q4,90.6256
cmr,2011,q5,97.5154
cmr,2014,q1,21.2953
cmr,2014,q2,52.4859
cmr,2014,q3,80.9507
cmr,2014,q4,92.7642
cmr,2014,q5,97.9098
cmr,2018,q1,30.6875
cmr,2018,q2,61.9943
cmr,2018,q3,79.9748
cmr,2018,q4,91.4166
cmr,2018,q5,98.1008
cod,2007,q1,61.5077
cod,2007,q2,65.2355
cod,2007,q3,75.4013
cod,2007,q4,86.658
cod,2007,q5,97.9432
cod,2010,q1,59.8256
cod,2010,q2,67.496
cod,2010,q3,68.9679
cod,2010,q4,85.0789
cod,2010,q5,96.2376
cod,2013,q1,66.7945
cod,2013,q2,72.6219
cod,2013,q3,79.2946
cod,2013,q4,92.1269
cod,2013,q5,97.7677
cod,2017,q1,73.2639
cod,2017,q2,79.9618
cod,2017,q3,86.1269
cod,2017,q4,94.4469
cod,2017,q5,98.9121
cog,2005,q1,72.1899
cog,2005,q2,79.5747
cog,2005,q3,93.6317
cog,2005,q4,98.9323
cog,2005,q5,98.6539
cog,2011,q1,81.3918
cog,2011,q2,95.3941
cog,2011,q3,98.1003
cog,2011,q4,98.9981
cog,2011,q5,99.2185
cog,2014,q1,77.7079
cog,2014,q2,94.6969
cog,2014,q3,97.6709
cog,2014,q4,98.895
cog,2014,q5,99.1881
col,1995,q1,61.1847
col,1995,q2,86.203
col,1995,q3,93.6175
col,1995,q4,99.3033
col,1995,q5,98.8179
col,2000,q1,65.6953
col,2000,q2,85.694
col,2000,q3,95.849
col,2000,q4,98.248
col,2000,q5,98.7226
col,2005,q1,74.3219
col,2005,q2,95.5328
col,2005,q3,97.965
col,2005,q4,99.0813
col,2005,q5,99.5934
col,2010,q1,85.0924
col,2010,q2,97.2659
col,2010,q3,99.0432
col,2010,q4,99.4686
col,2010,q5,99.3407
col,2015,q1,87.8906
col,2015,q2,99.3435
col,2015,q3,99.2564
col,2015,q4,99.2345
col,2015,q5,99.0069
com,1996,q1,26.1993
com,1996,q2,40.0778
com,1996,q3,54.5872
com,1996,q4,67.1053
com,1996,q5,84.7953
com,2012,q1,66.0255
com,2012,q2,80.1515
com,2012,q3,90.8245
com,2012,q4,94.5752
com,2012,q5,95.0197
cpv,1998,q1,33.6777
cpv,1998,q2,35.8382
cpv,1998,q3,60.6619
cpv,1998,q4,83.6515
cpv,1998,q5,81.3639
cri,1992,q1,93.3852
cri,1992,q2,97.6654
cri,1992,q3,99.5192
cri,1992,q4,99.5192
cri,1992,q5,100
cri,2011,q1,96.7317
cri,2011,q2,99.1365
cri,2011,q3,99.7198
cri,2011,q4,97.7811
cri,2011,q5,99.4205
cri,2018,q1,99.3084
cri,2018,q2,97.4438
cri,2018,q3,98.18
cri,2018,q4,99.3352
cri,2018,q5,98.0829
cub,2019,q1,100
cub,2019,q2,100
cub,2019,q3,100
cub,2019,q4,99.9332
cub,2019,q5,100
dom,1996,q1,89.6015
dom,1996,q2,96.9937
dom,1996,q3,98.1493
dom,1996,q4,98.3145
dom,1996,q5,97.7255
dom,1999,q1,95.2689
dom,1999,q2,100
dom,1999,q3,100
dom,1999,q4,98.1857
dom,1999,q5,91.4442
dom,2002,q1,94.4477
dom,2002,q2,98.7615
dom,2002,q3,99.1327
dom,2002,q4,99.6518
dom,2002,q5,99.6757
dom,2007,q1,95.32
dom,2007,q2,99.0185
dom,2007,q3,98.1715
dom,2007,q4,99.2847
dom,2007,q5,99.3612
dom,2013,q1,96.9797
dom,2013,q2,99.5376
dom,2013,q3,98.9469
dom,2013,q4,99.4014
dom,2013,q5,97.4446
dom,2014,q1,97.9019
dom,2014,q2,99.0523
dom,2014,q3,99.4398
dom,2014,q4,98.378
dom,2014,q5,98.9469
dom,2019,q1,96.2014
dom,2019,q2,99.5379
dom,2019,q3,98.9474
dom,2019,q4,98.8623
dom,2019,q5,98.8485
dza,2012,q1,94.6258
dza,2012,q2,96.5936
dza,2012,q3,96.4438
dza,2012,q4,97.3458
dza,2012,q5,98.7009
dza,2018,q1,97.1041
dza,2018,q2,99.3439
dza,2018,q3,99.4946
dza,2018,q4,99.1556
dza,2018,q5,99.4223
ecu,1994,q1,20.4721
ecu,1994,q2,41.7626
ecu,1994,q3,59.8148
ecu,1994,q4,64.9409
ecu,1994,q5,58.0439
ecu,1999,q1,34.9418
ecu,1999,q2,54.7151
ecu,1999,q3,78.7104
ecu,1999,q4,87.9342
ecu,1999,q5,93.444
ecu,2004,q1,39.5817
ecu,2004,q2,72.5862
ecu,2004,q3,87.4297
ecu,2004,q4,91.6941
ecu,2004,q5,93.3151
ecu,2012,q1,77.6925
ecu,2012,q2,91.5187
ecu,2012,q3,96.0545
ecu,2012,q4,96.0707
ecu,2012,q5,98.1147
ecu,2018,q1,89.5918
ecu,2018,q2,98.0821
ecu,2018,q3,98.5747
ecu,2018,q4,98.9398
ecu,2018,q5,99.7968
egy,1995,q1,22.2297
egy,1995,q2,32.0994
egy,1995,q3,48.5922
egy,1995,q4,64.5945
egy,1995,q5,86.8434
egy,2000,q1,34.4824
egy,2000,q2,49.6296
egy,2000,q3,63.8728
egy,2000,q4,78.3983
egy,2000,q5,94.22
egy,2005,q1,52.2109
egy,2005,q2,66.6902
egy,2005,q3,80.4336
egy,2005,q4,87.9267
egy,2005,q5,96.8071
egy,2008,q1,58.201
egy,2008,q2,72.7561
egy,2008,q3,84.9088
egy,2008,q4,90.9648
egy,2008,q5,97.3926
egy,2014,q1,84.9845
egy,2014,q2,87.0954
egy,2014,q3,94.6569
egy,2014,q4,97.2479
egy,2014,q5,98.9198
eth,2000,q1,1.0881
eth,2000,q2,1.2979
eth,2000,q3,1.8555
eth,2000,q4,3.1561
eth,2000,q5,25.3179
eth,2005,q1,1.2925
eth,2005,q2,1.4352
eth,2005,q3,1.775
eth,2005,q4,4.9672
eth,2005,q5,29.1302
eth,2011,q1,2.8507
eth,2011,q2,3.7921
eth,2011,q3,4.0967
eth,2011,q4,9.2334
eth,2011,q5,50.3662
eth,2016,q1,14.0135
eth,2016,q2,27.2273
eth,2016,q3,30.1837
eth,2016,q4,35.7561
eth,2016,q5,78.2895
eth,2019,q1,23.1492
eth,2019,q2,43.1756
eth,2019,q3,49.9806
eth,2019,q4,66.4147
eth,2019,q5,87.987
gab,2000,q1,65.0475
gab,2000,q2,85.5518
gab,2000,q3,94.2312
gab,2000,q4,94.375
gab,2000,q5,96.4059
gab,2012,q1,76.4606
gab,2012,q2,92.4316
gab,2012,q3,94.6839
gab,2012,q4,95.137
gab,2012,q5,95.6475
geo,2005,q1,95.1038
geo,2005,q2,99.0088
geo,2005,q3,98.8233
geo,2005,q4,99.4399
geo,2005,q5,98.494
gha,1993,q1,25.2822
gha,1993,q2,24.1309
gha,1993,q3,31.6129
gha,1993,q4,62.2727
gha,1993,q5,85.2861
gha,1998,q1,20.1729
gha,1998,q2,26.7351
gha,1998,q3,49.2866
gha,1998,q4,64.8437
gha,1998,q5,86.6895
gha,2003,q1,19.4318
gha,2003,q2,30.3923
gha,2003,q3,42.9249
gha,2003,q4,72.695
gha,2003,q5,89.5645
gha,2006,q1,22.6117
gha,2006,q2,32.545
gha,2006,q3,46.2558
gha,2006,q4,74.2774
gha,2006,q5,89.9344
gha,2008,q1,23.0658
gha,2008,q2,51.87
gha,2008,q3,66.4014
gha,2008,q4,82.2078
gha,2008,q5,95.7976
gha,2011,q1,38.6453
gha,2011,q2,57.2552
gha,2011,q3,70.6001
gha,2011,q4,85.9271
gha,2011,q5,97.5859
gha,2014,q1,50.5711
gha,2014,q2,63.4729
gha,2014,q3,77.8503
gha,2014,q4,95.042
gha,2014,q5,97.6414
gha,2017,q1,63.4117
gha,2017,q2,71.663
gha,2017,q3,77.4213
gha,2017,q4,87.3359
gha,2017,q5,96.8186
gin,1999,q1,12.43
gin,1999,q2,16.0089
gin,1999,q3,27.0876
gin,1999,q4,55.2675
gin,1999,q5,84.1094
gin,2005,q1,15.179
gin,2005,q2,19.9981
gin,2005,q3,34.8318
gin,2005,q4,57.4848
gin,2005,q5,86.8485
gin,2012,q1,18.9366
gin,2012,q2,28.3568
gin,2012,q3,38.9843
gin,2012,q4,67.7281
gin,2012,q5,91.8638
gin,2016,q1,27.0325
gin,2016,q2,48.9757
gin,2016,q3,60.6304
gin,2016,q4,87.268
gin,2016,q5,95.5825
gin,2018,q1,28.6467
gin,2018,q2,43.312
gin,2018,q3,53.1733
gin,2018,q4,81.8514
gin,2018,q5,95.8793
gmb,2005,q1,28.3261
gmb,2005,q2,45.9277
gmb,2005,q3,58.9582
gmb,2005,q4,72.6806
gmb,2005,q5,88.5529
gmb,2010,q1,35.7966
gmb,2010,q2,47.084
gmb,2010,q3,54.2372
gmb,2010,q4,65.5146
gmb,2010,q5,87.7305
gmb,2013,q1,47.4985
gmb,2013,q2,47.1897
gmb,2013,q3,49.1357
gmb,2013,q4,68.4941
gmb,2013,q5,81.7851
gmb,2018,q1,72.3557
gmb,2018,q2,77.1684
gmb,2018,q3,79.4249
gmb,2018,q4,93.5258
gmb,2018,q5,96.4702
gmb,2019,q1,75.4564
gmb,2019,q2,82.1014
gmb,2019,q3,85.9498
gmb,2019,q4,91.541
gmb,2019,q5,96.474
gnb,2006,q1,19.427
gnb,2006,q2,25.8667
gnb,2006,q3,30.9058
gnb,2006,q4,53.887
gnb,2006,q5,78.5155
gnb,2014,q1,26.0735
gnb,2014,q2,30.3354
gnb,2014,q3,34.7637
gnb,2014,q4,68.6382
gnb,2014,q5,82.7879
gnb,2018,q1,40.6281
gnb,2018,q2,43.8731
gnb,2018,q3,44.5179
gnb,2018,q4,63.6304
gnb,2018,q5,91.0567
gtm,1995,q1,9.9791
gtm,1995,q2,16.5183
gtm,1995,q3,33.594
gtm,1995,q4,62.656
gtm,1995,q5,92.8747
gtm,1998,q1,9.1036
gtm,1998,q2,19.5894
gtm,1998,q3,40.8094
gtm,1998,q4,74.4886
gtm,1998,q5,92.3761
gtm,2002,q1,13.6728
gtm,2002,q2,29.765
gtm,2002,q3,48.7066
gtm,2002,q4,75.5974
gtm,2002,q5,90.6455
gtm,2008,q1,23.1619
gtm,2008,q2,43.04
gtm,2008,q3,63.1172
gtm,2008,q4,88.4146
gtm,2008,q5,96.3257
gtm,2014,q1,39.8504
gtm,2014,q2,56.9375
gtm,2014,q3,78.582
gtm,2014,q4,92.0661
gtm,2014,q5,96.4237
guy,2006,q1,63.9257
guy,2006,q2,91.3376
guy,2006,q3,93.4195
guy,2006,q4,90.9312
guy,2006,q5,93.2108
guy,2009,q1,81.644
guy,2009,q2,95.5554
guy,2009,q3,95.9204
guy,2009,q4,97.6234
guy,2009,q5,97.0157
guy,2014,q1,79.3091
guy,2014,q2,96.0847
guy,2014,q3,97.18
guy,2014,q4,100
guy,2014,q5,100
guy,2019,q1,93.1973
guy,2019,q2,99.3365
guy,2019,q3,100
guy,2019,q4,99.5411
guy,2019,q5,97.8075
hnd,2005,q1,37.4981
hnd,2005,q2,56.3031
hnd,2005,q3,80.7569
hnd,2005,q4,90.5135
hnd,2005,q5,98.2619
hnd,2011,q1,61.0842
hnd,2011,q2,83.4075
hnd,2011,q3,91.8115
hnd,2011,q4,96.9444
hnd,2011,q5,98.2902
hnd,2019,q1,82.9578
hnd,2019,q2,94.2884
hnd,2019,q3,97.513
hnd,2019,q4,98.9093
hnd,2019,q5,100
hti,1994,q1,2.6601
hti,1994,q2,4.899
hti,1994,q3,14.4612
hti,1994,q4,34.9523
hti,1994,q5,61.3125
hti,2000,q1,3.9264
hti,2000,q2,11.8438
hti,2000,q3,13.4472
hti,2000,q4,39.7488
hti,2000,q5,71.2695
hti,2005,q1,7.783
hti,2005,q2,12.3092
hti,2005,q3,22.092
hti,2005,q4,41.6746
hti,2005,q5,70.4488
hti,2012,q1,10.8733
hti,2012,q2,22.1407
hti,2012,q3,43.2344
hti,2012,q4,54.638
hti,2012,q5,82.4845
hti,2016,q1,15.2055
hti,2016,q2,28.2839
hti,2016,q3,44.0691
hti,2016,q4,59.8836
hti,2016,q5,81.791
idn,1997,q1,21.8855
idn,1997,q2,36.7044
idn,1997,q3,50.7555
idn,1997,q4,66.6021
idn,1997,q5,89.3153
idn,2002,q1,42.0352
idn,2002,q2,58.5272
idn,2002,q3,68.2323
idn,2002,q4,84.4118
idn,2002,q5,94.9466
idn,2007,q1,46.5116
idn,2007,q2,68.5841
idn,2007,q3,80.0605
idn,2007,q4,88.4957
idn,2007,q5,96.0282
idn,2012,q1,60.432
idn,2012,q2,84.0126
idn,2012,q3,90.8791
idn,2012,q4,95.2938
idn,2012,q5,97.4261
idn,2017,q1,75.6053
idn,2017,q2,91.02
idn,2017,q3,96.0396
idn,2017,q4,97.0422
idn,2017,q5,99.2241
ind,1998,q1,16.3836
ind,1998,q2,25.9337
ind,1998,q3,41.9597
ind,1998,q4,60.5897
ind,1998,q5,84.418
ind,2005,q1,21.0017
ind,2005,q2,34.1189
ind,2005,q3,51.8024
ind,2005,q4,69.6473
ind,2005,q5,89.7752
ind,2015,q1,67.1779
ind,2015,q2,80.4996
ind,2015,q3,88.5204
ind,2015,q4,92.5846
ind,2015,q5,95.8796
ind,2019,q1,81.2372
ind,2019,q2,89.4052
ind,2019,q3,93.2023
ind,2019,q4,95.3427
ind,2019,q5,96.934
irq,2011,q1,82.1573
irq,2011,q2,89.6447
irq,2011,q3,93.6692
irq,2011,q4,95.467
irq,2011,q5,95.954
irq,2018,q1,92.4877
irq,2018,q2,95.5026
irq,2018,q3,95.7101
irq,2018,q4,95.5971
irq,2018,q5,99.3202
jam,2011,q1,96.4849
jam,2011,q2,99.6051
jam,2011,q3,100
jam,2011,q4,100
jam,2011,q5,100
jor,1997,q1,92.561
jor,1997,q2,97.5801
jor,1997,q3,98.7149
jor,1997,q4,97.9488
jor,1997,q5,99.32
jor,2002,q1,95.6503
jor,2002,q2,98.8528
jor,2002,q3,99.3124
jor,2002,q4,99.8669
jor,2002,q5,99.5797
jor,2007,q1,98.4389
jor,2007,q2,98.6803
jor,2007,q3,99.5322
jor,2007,q4,99.9637
jor,2007,q5,100
jor,2012,q1,98.6499
jor,2012,q2,99.9819
jor,2012,q3,100
jor,2012,q4,99.2145
jor,2012,q5,100
jor,2017,q1,99.4771
jor,2017,q2,99.6414
jor,2017,q3,99.8072
jor,2017,q4,99.9598
jor,2017,q5,99.8574
kaz,1995,q1,99.4064
kaz,1995,q2,100
kaz,1995,q3,98.8058
kaz,1995,q4,100
kaz,1995,q5,100
kaz,1999,q1,99.5134
kaz,1999,q2,99.1808
kaz,1999,q3,98.7725
kaz,1999,q4,100
kaz,1999,q5,99.1186
kaz,2006,q1,100
kaz,2006,q2,100
kaz,2006,q3,100
kaz,2006,q4,99.2206
kaz,2006,q5,99.8417
kaz,2010,q1,99.5116
kaz,2010,q2,100
kaz,2010,q3,99.8292
kaz,2010,q4,100
kaz,2010,q5,100
kaz,2015,q1,99.6779
kaz,2015,q2,99.0637
kaz,2015,q3,99.5017
kaz,2015,q4,99.0487
kaz,2015,q5,99.6914
ken,1993,q1,21.0508
ken,1993,q2,32.6724
ken,1993,q3,43.3105
ken,1993,q4,56.1206
ken,1993,q5,75.5299
ken,1998,q1,23.23
ken,1998,q2,33.2864
ken,1998,q3,41.8983
ken,1998,q4,56.1437
ken,1998,q5,79.6356
ken,2003,q1,17.1216
ken,2003,q2,33.0072
ken,2003,q3,36.5788
ken,2003,q4,55.1388
ken,2003,q5,75.7705
ken,2008,q1,22.1425
ken,2008,q2,31.8159
ken,2008,q3,41.2193
ken,2008,q4,55.7804
ken,2008,q5,81.6133
ken,2014,q1,34.0129
ken,2014,q2,54.0389
ken,2014,q3,66.5927
ken,2014,q4,84.0677
ken,2014,q5,92.9002
kgz,1997,q1,95.9528
kgz,1997,q2,98.1591
kgz,1997,q3,98.0729
kgz,1997,q4,99.7467
kgz,1997,q5,100
kgz,2005,q1,93.3967
kgz,2005,q2,98.8427
kgz,2005,q3,97.1771
kgz,2005,q4,98.113
kgz,2005,q5,100
kgz,2012,q1,99.0705
kgz,2012,q2,99.7881
kgz,2012,q3,98.6631
kgz,2012,q4,98.0608
kgz,2012,q5,100
kgz,2014,q1,96.4879
kgz,2014,q2,98.9211
kgz,2014,q3,98.8666
kgz,2014,q4,98.4793
kgz,2014,q5,99.1955
kgz,2018,q1,98.9843
kgz,2018,q2,100
kgz,2018,q3,100
kgz,2018,q4,100
kgz,2018,q5,100
khm,2000,q1,14.1636
khm,2000,q2,22.7927
khm,2000,q3,30.1076
khm,2000,q4,43.377
khm,2000,q5,81.4517
khm,2005,q1,22.4021
khm,2005,q2,32.6669
khm,2005,q3,43.4459
khm,2005,q4,64.5132
khm,2005,q5,92.4003
khm,2010,q1,56.3323
khm,2010,q2,69.5344
khm,2010,q3,79.0763
khm,2010,q4,89.8506
khm,2010,q5,97.317
khm,2014,q1,79.0049
khm,2014,q2,90.9264
khm,2014,q3,95.345
khm,2014,q4,97.9123
khm,2014,q5,98.6978
kir,2018,q1,89.8731
kir,2018,q2,91.8209
kir,2018,q3,92.7023
kir,2018,q4,92.9313
kir,2018,q5,92.0829
kos,2013,q1,97.5768
kos,2013,q2,99.2175
kos,2013,q3,100
kos,2013,q4,98.9013
kos,2013,q5,100
kos,2019,q1,98.7236
kos,2019,q2,100
kos,2019,q3,100
kos,2019,q4,99.0973
kos,2019,q5,100
lao,2006,q1,2.9646
lao,2006,q2,8.6497
lao,2006,q3,14.3042
lao,2006,q4,32.7796
lao,2006,q5,81.1648
lao,2011,q1,10.8312
lao,2011,q2,23.9295
lao,2011,q3,44.9552
lao,2011,q4,64.2799
lao,2011,q5,90.748
lao,2017,q1,32.5855
lao,2017,q2,50.9445
lao,2017,q3,72.1886
lao,2017,q4,87.3782
lao,2017,q5,96.802
lbr,2007,q1,29.9363
lbr,2007,q2,31.6289
lbr,2007,q3,45.603
lbr,2007,q4,73.9303
lbr,2007,q5,81.5544
lbr,2013,q1,45.974
lbr,2013,q2,56.3691
lbr,2013,q3,63.7779
lbr,2013,q4,78.2569
lbr,2013,q5,88.7366
lbr,2019,q1,79.788
lbr,2019,q2,87.0561
lbr,2019,q3,88.5723
lbr,2019,q4,86.8636
lbr,2019,q5,97.2485
lso,2004,q1,34.2784
lso,2004,q2,39.4355
lso,2004,q3,57.687
lso,2004,q4,70.0909
lso,2004,q5,81.4924
lso,2009,q1,36.2007
lso,2009,q2,50.3265
lso,2009,q3,60.2135
lso,2009,q4,77.6234
lso,2009,q5,92.5959
lso,2014,q1,65.1839
lso,2014,q2,72.32
lso,2014,q3,82.3565
lso,2014,q4,90.1505
lso,2014,q5,94.3929
lso,2018,q1,76.408
lso,2018,q2,84.8712
lso,2018,q3,86.022
lso,2018,q4,92.7003
lso,2018,q5,93.5173
mar,2003,q1,32.0876
mar,2003,q2,51.9428
mar,2003,q3,73.9012
mar,2003,q4,87.8023
mar,2003,q5,95.8801
mda,2005,q1,98.6061
mda,2005,q2,99.3835
mda,2005,q3,100
mda,2005,q4,99.637
mda,2005,q5,100
mda,2012,q1,97.6879
mda,2012,q2,100
mda,2012,q3,100
mda,2012,q4,99.5036
mda,2012,q5,98.5725
mdg,1997,q1,29.5544
mdg,1997,q2,36.9775
mdg,1997,q3,40.4635
mdg,1997,q4,64.996
mdg,1997,q5,88.4504
mdg,2003,q1,22.8779
mdg,2003,q2,30.4247
mdg,2003,q3,40.9495
mdg,2003,q4,62.2308
mdg,2003,q5,90.5557
mdg,2008,q1,22.395
mdg,2008,q2,27.9525
mdg,2008,q3,42.4518
mdg,2008,q4,58.2795
mdg,2008,q5,90.3735
mdg,2018,q1,19.4761
mdg,2018,q2,31.3972
mdg,2018,q3,47.2809
mdg,2018,q4,62.1732
mdg,2018,q5,91.9255
mdv,2009,q1,92.1207
mdv,2009,q2,95.3398
mdv,2009,q3,97.0303
mdv,2009,q4,99.3162
mdv,2009,q5,100
mdv,2016,q1,100
mdv,2016,q2,100
mdv,2016,q3,99.7264
mdv,2016,q4,98.8711
mdv,2016,q5,98.538
mex,2015,q1,91.8625
mex,2015,q2,99.49
mex,2015,q3,99.7251
mex,2015,q4,99.3703
mex,2015,q5,99.8276
mkd,2005,q1,95.3269
mkd,2005,q2,98.5441
mkd,2005,q3,98.1855
mkd,2005,q4,100
mkd,2005,q5,100
mkd,2011,q1,97.5312
mkd,2011,q2,96.0463
mkd,2011,q3,100
mkd,2011,q4,100
mkd,2011,q5,97.9703
mkd,2018,q1,100
mkd,2018,q2,100
mkd,2018,q3,100
mkd,2018,q4,100
mkd,2018,q5,100
mli,1995,q1,12.0851
mli,1995,q2,23.9267
mli,1995,q3,35.9452
mli,1995,q4,52.6748
mli,1995,q5,81.9937
mli,2001,q1,23.3704
mli,2001,q2,27.4592
mli,2001,q3,28.4038
mli,2001,q4,47.5458
mli,2001,q5,90.4545
mli,2006,q1,38.4482
mli,2006,q2,38.3346
mli,2006,q3,40.036
mli,2006,q4,54.1275
mli,2006,q5,84.3171
mli,2009,q1,7.5519
mli,2009,q2,11.7062
mli,2009,q3,17.4037
mli,2009,q4,42.1528
mli,2009,q5,81.1462
mli,2012,q1,37.8187
mli,2012,q2,47.3413
mli,2012,q3,52.6013
mli,2012,q4,78.3046
mli,2012,q5,94.7408
mli,2015,q1,18.2851
mli,2015,q2,30.0936
mli,2015,q3,36.9703
mli,2015,q4,52.87
mli,2015,q5,85.2085
mli,2018,q1,47.2266
mli,2018,q2,55.7909
mli,2018,q3,63.6363
mli,2018,q4,86.6954
mli,2018,q5,97.2361
mmr,2015,q1,39.6258
mmr,2015,q2,55.9337
mmr,2015,q3,69.9081
mmr,2015,q4,82.3434
mmr,2015,q5,98.3509
mne,2005,q1,97.5358
mne,2005,q2,98.4835
mne,2005,q3,100
mne,2005,q4,98.4425
mne,2005,q5,100
mne,2013,q1,98.8335
mne,2013,q2,100
mne,2013,q3,98.3999
mne,2013,q4,98.0712
mne,2013,q5,100
mne,2018,q1,100
mne,2018,q2,100
mne,2018,q3,94.5692
mne,2018,q4,100
mne,2018,q5,100
mng,2005,q1,98.1002
mng,2005,q2,99.3837
mng,2005,q3,99.6205
mng,2005,q4,99.21
mng,2005,q5,100
mng,2010,q1,97.6528
mng,2010,q2,99.043
mng,2010,q3,98.6584
mng,2010,q4,99.7643
mng,2010,q5,99.2601
mng,2013,q1,97.1841
mng,2013,q2,99.4189
mng,2013,q3,98.3048
mng,2013,q4,98.5455
mng,2013,q5,98.6983
mng,2018,q1,97.6334
mng,2018,q2,99.6078
mng,2018,q3,99.3574
mng,2018,q4,100
mng,2018,q5,100
moz,1997,q1,18.0978
moz,1997,q2,35.164
moz,1997,q3,31.3915
moz,1997,q4,64.0035
moz,1997,q5,82.0624
moz,2003,q1,25.9021
moz,2003,q2,34.6145
moz,2003,q3,45.1337
moz,2003,q4,69.9355
moz,2003,q5,89.6497
moz,2008,q1,36.4818
moz,2008,q2,45.1456
moz,2008,q3,52.6124
moz,2008,q4,66.163
moz,2008,q5,88.5153
moz,2011,q1,34.2257
moz,2011,q2,39.8101
moz,2011,q3,53.2756
moz,2011,q4,75.4999
moz,2011,q5,90.6452
moz,2015,q1,51.6042
moz,2015,q2,55.8988
moz,2015,q3,65.8434
moz,2015,q4,76.5934
moz,2015,q5,83.4334
mrt,2007,q1,20.5153
mrt,2007,q2,40.5631
mrt,2007,q3,70.6463
mrt,2007,q4,90.3174
mrt,2007,q5,95.1323
mrt,2011,q1,26.6744
mrt,2011,q2,45.9041
mrt,2011,q3,71.6332
mrt,2011,q4,89.1688
mrt,2011,q5,95.9474
mrt,2015,q1,30.1145
mrt,2015,q2,54.3416
mrt,2015,q3,78.9802
mrt,2015,q4,95.0812
mrt,2015,q5,96.9721
mrt,2019,q1,39.5076
mrt,2019,q2,59.4106
mrt,2019,q3,83.0153
mrt,2019,q4,97.1938
mrt,2019,q5,99.039
mwi,2000,q1,41.3865
mwi,2000,q2,48.164
mwi,2000,q3,48.9274
mwi,2000,q4,57.2645
mwi,2000,q5,83.3645
mwi,2004,q1,45.1476
mwi,2004,q2,45.6123
mwi,2004,q3,51.2944
mwi,2004,q4,62.4385
mwi,2004,q5,86.9548
mwi,2006,q1,42.5963
mwi,2006,q2,47.5033
mwi,2006,q3,52.2419
mwi,2006,q4,53.7695
mwi,2006,q5,77.018
mwi,2010,q1,65.9274
mwi,2010,q2,67.873
mwi,2010,q3,69.763
mwi,2010,q4,78.9825
mwi,2010,q5,89.6381
mwi,2013,q1,83.0826
mwi,2013,q2,85.5776
mwi,2013,q3,87.5953
mwi,2013,q4,89.0378
mwi,2013,q5,94.7257
mwi,2015,q1,87.6175
mwi,2015,q2,89.754
mwi,2015,q3,89.6511
mwi,2015,q4,92.8776
mwi,2015,q5,95.461
mwi,2019,q1,95.0928
mwi,2019,q2,95.2763
mwi,2019,q3,96.2359
mwi,2019,q4,97.9564
mwi,2019,q5,98.6332
nam,2000,q1,55.9748
nam,2000,q2,63.0382
nam,2000,q3,80.4598
nam,2000,q4,85.8559
nam,2000,q5,96.2977
nam,2006,q1,61.0103
nam,2006,q2,74.5241
nam,2006,q3,85.3678
nam,2006,q4,94.6385
nam,2006,q5,97.6456
nam,2013,q1,75.7351
nam,2013,q2,89.3403
nam,2013,q3,89.3147
nam,2013,q4,95.4891
nam,2013,q5,98.3784
ner,1998,q1,4.2136
ner,1998,q2,7.1473
ner,1998,q3,7.6461
ner,1998,q4,15.4647
ner,1998,q5,62.7682
ner,2006,q1,5.3112
ner,2006,q2,8.3004
ner,2006,q3,9.5285
ner,2006,q4,14.9034
ner,2006,q5,59.7801
ner,2012,q1,13.9725
ner,2012,q2,22.1454
ner,2012,q3,24.2416
ner,2012,q4,31.8803
ner,2012,q5,73.3315
ner,2021,q1,26.4364
ner,2021,q2,35.3128
ner,2021,q3,38.9319
ner,2021,q4,46.074
ner,2021,q5,85.1728
nga,2003,q1,12.2189
nga,2003,q2,19.4362
nga,2003,q3,28.8096
nga,2003,q4,50.0131
nga,2003,q5,85.646
nga,2007,q1,11.6525
nga,2007,q2,21.4476
nga,2007,q3,33.8415
nga,2007,q4,61.249
nga,2007,q5,84.9674
nga,2008,q1,8.7729
nga,2008,q2,18.0434
nga,2008,q3,37.9095
nga,2008,q4,63.7038
nga,2008,q5,85.8704
nga,2011,q1,10.9796
nga,2011,q2,25.834
nga,2011,q3,49.8002
nga,2011,q4,72.6817
nga,2011,q5,89.7441
nga,2013,q1,6.0855
nga,2013,q2,18.9029
nga,2013,q3,40.4267
nga,2013,q4,63.6726
nga,2013,q5,86.2443
nga,2016,q1,12.8161
nga,2016,q2,24.3138
nga,2016,q3,42.1002
nga,2016,q4,63.5101
nga,2016,q5,84.8757
nga,2018,q1,12.7037
nga,2018,q2,23.7857
nga,2018,q3,46.9375
nga,2018,q4,67.9303
nga,2018,q5,87.0845
nic,1998,q1,35.8602
nic,1998,q2,62.1167
nic,1998,q3,81.3398
nic,1998,q4,90.421
nic,1998,q5,94.1144
nic,2001,q1,78.9804
nic,2001,q2,89.4847
nic,2001,q3,96.3374
nic,2001,q4,97.3994
nic,2001,q5,99.6902
nic,2006,q1,47.5946
nic,2006,q2,79.8356
nic,2006,q3,91.2655
nic,2006,q4,96.4358
nic,2006,q5,99.4985
npl,1996,q1,2.9239
npl,1996,q2,5.2065
npl,1996,q3,6.3738
npl,1996,q4,9.1238
npl,1996,q5,33.7449
npl,2001,q1,4.2075
npl,2001,q2,5.3481
npl,2001,q3,10.4888
npl,2001,q4,16.1908
npl,2001,q5,48.8199
npl,2006,q1,5.225
npl,2006,q2,11.0484
npl,2006,q3,13.4157
npl,2006,q4,25.5936
npl,2006,q5,60.5153
npl,2011,q1,12.3945
npl,2011,q2,27.7488
npl,2011,q3,42.5938
npl,2011,q4,57.624
npl,2011,q5,86.5731
npl,2014,q1,25.537
npl,2014,q2,44.9813
npl,2014,q3,55.6718
npl,2014,q4,71.1404
npl,2014,q5,93.3272
npl,2016,q1,38.4797
npl,2016,q2,53.9007
npl,2016,q3,66.2961
npl,2016,q4,73.641
npl,2016,q5,90.3201
npl,2019,q1,57.665
npl,2019,q2,72.3795
npl,2019,q3,80.4857
npl,2019,q4,87.0451
npl,2019,q5,94.3913
pak,2006,q1,17.8351
pak,2006,q2,27.7152
pak,2006,q3,39.7006
pak,2006,q4,55.8564
pak,2006,q5,79.3353
pak,2012,q1,34.0386
pak,2012,q2,43.4071
pak,2012,q3,55.468
pak,2012,q4,72.9751
pak,2012,q5,85.7828
pak,2017,q1,49.7511
pak,2017,q2,61.3384
pak,2017,q3,77.3878
pak,2017,q4,85.7483
pak,2017,q5,93.8593
pan,2013,q1,72.1016
pan,2013,q2,99.0063
pan,2013,q3,99.8484
pan,2013,q4,99.7086
pan,2013,q5,100
per,1996,q1,14.7217
per,1996,q2,50.4908
per,1996,q3,77.6225
per,1996,q4,91.2203
per,1996,q5,97.7795
per,2000,q1,23.0717
per,2000,q2,49.3414
per,2000,q3,82.045
per,2000,q4,93.3228
per,2000,q5,98.2712
per,2004,q1,27.6625
per,2004,q2,71.8317
per,2004,q3,87.9596
per,2004,q4,98.3177
per,2004,q5,100
per,2005,q1,35.6951
per,2005,q2,58.9928
per,2005,q3,94.389
per,2005,q4,96.2416
per,2005,q5,99.1511
per,2006,q1,40.0556
per,2006,q2,63.9552
per,2006,q3,93.9984
per,2006,q4,98.1981
per,2006,q5,98.0049
per,2007,q1,38.4313
per,2007,q2,58.5092
per,2007,q3,89.5039
per,2007,q4,96.951
per,2007,q5,99.8826
per,2008,q1,43.6944
per,2008,q2,68.766
per,2008,q3,89.7521
per,2008,q4,98.3103
per,2008,q5,99.3132
per,2009,q1,56.3274
per,2009,q2,82.6839
per,2009,q3,96.2804
per,2009,q4,98.8187
per,2009,q5,99.2292
per,2010,q1,57.704
per,2010,q2,85.7163
per,2010,q3,96.8897
per,2010,q4,98.9559
per,2010,q5,99.7167
per,2011,q1,58.725
per,2011,q2,87.7977
per,2011,q3,97.6662
per,2011,q4,99.4601
per,2011,q5,99.9683
per,2012,q1,64.3646
per,2012,q2,88.7313
per,2012,q3,97.4837
per,2012,q4,99.3363
per,2012,q5,99.5314
per,2013,q1,67.0162
per,2013,q2,93.1452
per,2013,q3,97.8058
per,2013,q4,98.8537
per,2013,q5,99.7661
per,2014,q1,69.7422
per,2014,q2,94.0795
per,2014,q3,98.2213
per,2014,q4,99.7169
per,2014,q5,98.9575
per,2015,q1,73.1768
per,2015,q2,96.2095
per,2015,q3,98.5648
per,2015,q4,99.4076
per,2015,q5,99.5522
per,2016,q1,73.7623
per,2016,q2,96.5166
per,2016,q3,98.986
per,2016,q4,99.7853
per,2016,q5,100
per,2017,q1,78.9392
per,2017,q2,97.7319
per,2017,q3,98.8225
per,2017,q4,99.7825
per,2017,q5,99.9431
per,2018,q1,79.2603
per,2018,q2,97.8093
per,2018,q3,99.1702
per,2018,q4,99.4938
per,2018,q5,99.5413
per,2019,q1,82.1406
per,2019,q2,98.7728
per,2019,q3,99.5456
per,2019,q4,99.7944
per,2019,q5,99.849
per,2020,q1,84.6751
per,2020,q2,98.4602
per,2020,q3,99.342
per,2020,q4,99.7904
per,2020,q5,99.9054
phl,1993,q1,22.9682
phl,1993,q2,40.3606
phl,1993,q3,64.2654
phl,1993,q4,80.5996
phl,1993,q5,92.7535
phl,1998,q1,22.2596
phl,1998,q2,47.0001
phl,1998,q3,73.3487
phl,1998,q4,84.7844
phl,1998,q5,92.5476
phl,2003,q1,25.9667
phl,2003,q2,52.09
phl,2003,q3,75.0541
phl,2003,q4,85.8231
phl,2003,q5,91.5725
phl,2008,q1,27.2765
phl,2008,q2,55.8599
phl,2008,q3,78.9481
phl,2008,q4,87.7053
phl,2008,q5,95.3127
phl,2013,q1,46.4118
phl,2013,q2,74.1877
phl,2013,q3,85.6621
phl,2013,q4,94.5431
phl,2013,q5,96.9833
phl,2017,q1,69.0393
phl,2017,q2,86.4006
phl,2017,q3,94.1668
phl,2017,q4,98.4284
phl,2017,q5,98.2703
png,2016,q1,32.8202
png,2016,q2,39.1587
png,2016,q3,56.7658
png,2016,q4,70.0587
png,2016,q5,91.696
pry,1995,q1,37.8817
pry,1995,q2,56.5548
pry,1995,q3,79.5221
pry,1995,q4,90.0929
pry,1995,q5,97.1856
pry,1998,q1,35.1219
pry,1998,q2,48.1576
pry,1998,q3,66.9171
pry,1998,q4,85.8596
pry,1998,q5,94.2416
pry,2004,q1,53.3983
pry,2004,q2,73.3556
pry,2004,q3,84.4208
pry,2004,q4,90.6273
pry,2004,q5,91.4142
pry,2008,q1,70.0757
pry,2008,q2,87.2054
pry,2008,q3,89.047
pry,2008,q4,91.7464
pry,2008,q5,94.2134
pry,2016,q1,87.9319
pry,2016,q2,95.1553
pry,2016,q3,98.5306
pry,2016,q4,99.3273
pry,2016,q5,100
pse,2010,q1,98.7646
pse,2010,q2,99.1813
pse,2010,q3,99.0397
pse,2010,q4,99.4075
pse,2010,q5,98.8001
pse,2014,q1,99.7066
pse,2014,q2,99.3077
pse,2014,q3,99.5114
pse,2014,q4,99.8555
pse,2014,q5,99.3753
pse,2019,q1,100
pse,2019,q2,100
pse,2019,q3,99.3225
pse,2019,q4,100
pse,2019,q5,98.8275
rwa,2000,q1,19.4582
rwa,2000,q2,19.5708
rwa,2000,q3,26.2575
rwa,2000,q4,28.6238
rwa,2000,q5,61.4597
rwa,2005,q1,29.1029
rwa,2005,q2,32.4588
rwa,2005,q3,35.3334
rwa,2005,q4,41.3532
rwa,2005,q5,68.3352
rwa,2010,q1,69.9781
rwa,2010,q2,72.1448
rwa,2010,q3,75.9511
rwa,2010,q4,81.6689
rwa,2010,q5,90.9322
rwa,2014,q1,86.1108
rwa,2014,q2,91.0532
rwa,2014,q3,92.0205
rwa,2014,q4,93.79
rwa,2014,q5,97.6056
rwa,2019,q1,88.2893
rwa,2019,q2,93.4727
rwa,2019,q3,94.9875
rwa,2019,q4,97.4018
rwa,2019,q5,99.1439
sdn,2010,q1,48.196
sdn,2010,q2,59.9244
sdn,2010,q3,78.1089
sdn,2010,q4,93.601
sdn,2010,q5,94.7222
sdn,2014,q1,47.7368
sdn,2014,q2,69.9067
sdn,2014,q3,83.7349
sdn,2014,q4,94.5922
sdn,2014,q5,96.2199
sen,1997,q1,20.7318
sen,1997,q2,26.7649
sen,1997,q3,46.4433
sen,1997,q4,70.1403
sen,1997,q5,86.7261
sen,2005,q1,20.9923
sen,2005,q2,31.5426
sen,2005,q3,55.8323
sen,2005,q4,83.7312
sen,2005,q5,90.8962
sen,2010,q1,30.1189
sen,2010,q2,51.8825
sen,2010,q3,74.3566
sen,2010,q4,86.4808
sen,2010,q5,94.8997
sen,2012,q1,19.0989
sen,2012,q2,39.0218
sen,2012,q3,54.9206
sen,2012,q4,68.0747
sen,2012,q5,87.1025
sen,2014,q1,31.8255
sen,2014,q2,45.6329
sen,2014,q3,66.2137
sen,2014,q4,83.0153
sen,2014,q5,83.8205
sen,2015,q1,30.8136
sen,2015,q2,46.438
sen,2015,q3,58.8155
sen,2015,q4,66.1229
sen,2015,q5,79.1984
sen,2016,q1,31.8509
sen,2016,q2,52.3843
sen,2016,q3,64.6677
sen,2016,q4,78.966
sen,2016,q5,91.2216
sen,2017,q1,39.5427
sen,2017,q2,61.1375
sen,2017,q3,79.3309
sen,2017,q4,88.6835
sen,2017,q5,95.57
sen,2018,q1,48.4275
sen,2018,q2,69.9494
sen,2018,q3,83.2795
sen,2018,q4,92.8974
sen,2018,q5,95.5315
sen,2019,q1,49.4694
sen,2019,q2,67.9687
sen,2019,q3,88.4343
sen,2019,q4,92.9547
sen,2019,q5,94.7052
sle,2005,q1,27.3471
sle,2005,q2,34.1581
sle,2005,q3,37.6491
sle,2005,q4,49.9561
sle,2005,q5,82.5988
sle,2008,q1,27.9256
sle,2008,q2,35.4844
sle,2008,q3,37.3605
sle,2008,q4,47.9466
sle,2008,q5,72.423
sle,2010,q1,44.0231
sle,2010,q2,55.5402
sle,2010,q3,64.0584
sle,2010,q4,71.8021
sle,2010,q5,84.9866
sle,2013,q1,53.254
sle,2013,q2,55.0488
sle,2013,q3,57.2808
sle,2013,q4,70.6209
sle,2013,q5,85.0171
sle,2017,q1,75.1063
sle,2017,q2,76.6545
sle,2017,q3,80.6083
sle,2017,q4,86.8984
sle,2017,q5,92.9489
sle,2019,q1,84.3501
sle,2019,q2,83.0835
sle,2019,q3,88.1567
sle,2019,q4,93.3521
sle,2019,q5,96.7788
slv,2014,q1,93.7295
slv,2014,q2,98.096
slv,2014,q3,99.331
slv,2014,q4,99.5219
slv,2014,q5,99.2593
som,2006,q1,10.6261
som,2006,q2,14.3387
som,2006,q3,19.6095
som,2006,q4,45.1067
som,2006,q5,76.8312
srb,2005,q1,97.7688
srb,2005,q2,99.4947
srb,2005,q3,99.5211
srb,2005,q4,98.2
srb,2005,q5,100
srb,2010,q1,99.3166
srb,2010,q2,100
srb,2010,q3,99.8351
srb,2010,q4,100
srb,2010,q5,99.5965
srb,2014,q1,97.5247
srb,2014,q2,100
srb,2014,q3,100
srb,2014,q4,99.8292
srb,2014,q5,95.429
srb,2019,q1,100
srb,2019,q2,99.3568
srb,2019,q3,100
srb,2019,q4,100
srb,2019,q5,100
ssd,2010,q1,8.2897
ssd,2010,q2,9.3396
ssd,2010,q3,13.5706
ssd,2010,q4,23.1373
ssd,2010,q5,41.1261
stp,2008,q1,75.8488
stp,2008,q2,75.1481
stp,2008,q3,85.3896
stp,2008,q4,88.5472
stp,2008,q5,91.9095
stp,2014,q1,84.9899
stp,2014,q2,92.4946
stp,2014,q3,92.2298
stp,2014,q4,96.1524
stp,2014,q5,97.5032
stp,2019,q1,96.0416
stp,2019,q2,94.7976
stp,2019,q3,98.179
stp,2019,q4,97.3876
stp,2019,q5,97.9257
sur,2006,q1,80.9972
sur,2006,q2,91.0852
sur,2006,q3,97.5918
sur,2006,q4,92.4982
sur,2006,q5,95.7387
sur,2010,q1,84.2685
sur,2010,q2,93.7807
sur,2010,q3,98.0645
sur,2010,q4,98.6914
sur,2010,q5,96.4635
sur,2018,q1,96.2911
sur,2018,q2,97.4501
sur,2018,q3,98.1886
sur,2018,q4,97.7015
sur,2018,q5,99.021
swz,2006,q1,50.837
swz,2006,q2,66.4839
swz,2006,q3,82.1131
swz,2006,q4,87.5661
swz,2006,q5,93.004
swz,2010,q1,65.015
swz,2010,q2,75.8925
swz,2010,q3,86.8543
swz,2010,q4,89.2071
swz,2010,q5,94.0173
swz,2014,q1,76.3438
swz,2014,q2,86.8956
swz,2014,q3,90.3464
swz,2014,q4,94.9597
swz,2014,q5,95.1404
syr,2006,q1,77.5778
syr,2006,q2,95.0679
syr,2006,q3,98.0605
syr,2006,q4,96.6971
syr,2006,q5,98.8826
tcd,1996,q1,13.0095
tcd,1996,q2,15.0882
tcd,1996,q3,14.0355
tcd,1996,q4,26.0002
tcd,1996,q5,51.2712
tcd,2004,q1,4.8334
tcd,2004,q2,12.5177
tcd,2004,q3,16.1761
tcd,2004,q4,18.8236
tcd,2004,q5,55.9317
tcd,2010,q1,8.1444
tcd,2010,q2,10.635
tcd,2010,q3,11.8218
tcd,2010,q4,22.497
tcd,2010,q5,61.306
tcd,2014,q1,14.609
tcd,2014,q2,18.8244
tcd,2014,q3,18.2557
tcd,2014,q4,19.442
tcd,2014,q5,65.6605
tcd,2019,q1,30.6042
tcd,2019,q2,37.7422
tcd,2019,q3,42.8659
tcd,2019,q4,55.0749
tcd,2019,q5,74.6735
tgo,1998,q1,25.098
tgo,1998,q2,34.6999
tgo,1998,q3,52.4698
tgo,1998,q4,71.7024
tgo,1998,q5,91.1908
tgo,2006,q1,36.8461
tgo,2006,q2,39.8903
tgo,2006,q3,58.2019
tgo,2006,q4,84.6974
tgo,2006,q5,89.9782
tgo,2010,q1,27.6815
tgo,2010,q2,40.2596
tgo,2010,q3,61.0771
tgo,2010,q4,83.8626
tgo,2010,q5,94.1446
tgo,2013,q1,27.8054
tgo,2013,q2,38.919
tgo,2013,q3,58.5503
tgo,2013,q4,89.6576
tgo,2013,q5,96.2014
tgo,2017,q1,36.0045
tgo,2017,q2,47.7651
tgo,2017,q3,76.6746
tgo,2017,q4,94.9441
tgo,2017,q5,97.6902
tha,2005,q1,92.6925
tha,2005,q2,97.7509
tha,2005,q3,97.4656
tha,2005,q4,99.0484
tha,2005,q5,99.8174
tha,2012,q1,98.4076
tha,2012,q2,99.6265
tha,2012,q3,100
tha,2012,q4,99.6605
tha,2012,q5,99.9003
tha,2015,q1,95.625
tha,2015,q2,96.7753
tha,2015,q3,98.6527
tha,2015,q4,99.1953
tha,2015,q5,99.9683
tha,2019,q1,97.8926
tha,2019,q2,99.2472
tha,2019,q3,99.8102
tha,2019,q4,99.3716
tha,2019,q5,99.2485
tjk,2005,q1,69.9775
tjk,2005,q2,81.0937
tjk,2005,q3,86.4824
tjk,2005,q4,89.8804
tjk,2005,q5,91.443
tjk,2012,q1,73.8754
tjk,2012,q2,86.9324
tjk,2012,q3,91.6071
tjk,2012,q4,94.5691
tjk,2012,q5,96.8013
tjk,2017,q1,90.8632
tjk,2017,q2,93.5144
tjk,2017,q3,95.7857
tjk,2017,q4,97.7226
tjk,2017,q5,98.1019
tkm,2006,q1,99.0354
tkm,2006,q2,98.567
tkm,2006,q3,100
tkm,2006,q4,100
tkm,2006,q5,100
tkm,2015,q1,100
tkm,2015,q2,100
tkm,2015,q3,100
tkm,2015,q4,100
tkm,2015,q5,100
tkm,2019,q1,100
tkm,2019,q2,100
tkm,2019,q3,100
tkm,2019,q4,100
tkm,2019,q5,100
tls,2009,q1,12.3174
tls,2009,q2,16.29
tls,2009,q3,24.4414
tls,2009,q4,40.8574
tls,2009,q5,70.9823
tls,2016,q1,27.9356
tls,2016,q2,41.1559
tls,2016,q3,58.9326
tls,2016,q4,74.8892
tls,2016,q5,91.4661
ton,2019,q1,95.5168
ton,2019,q2,97.4272
ton,2019,q3,97.3197
ton,2019,q4,99.0071
ton,2019,q5,100
tto,2006,q1,97.727
tto,2006,q2,98.9291
tto,2006,q3,94.3153
tto,2006,q4,98.9068
tto,2006,q5,100
tto,2011,q1,96.1232
tto,2011,q2,100
tto,2011,q3,98.1057
tto,2011,q4,100
tto,2011,q5,95.7726
tun,2011,q1,93.8442
tun,2011,q2,99.7834
tun,2011,q3,100
tun,2011,q4,99.8085
tun,2011,q5,99.6568
tun,2018,q1,98.9332
tun,2018,q2,98.8345
tun,2018,q3,99.6983
tun,2018,q4,100
tun,2018,q5,100
tur,1993,q1,45.482
tur,1993,q2,73.5163
tur,1993,q3,86.7064
tur,1993,q4,96.2611
tur,1993,q5,99.023
tur,1998,q1,57.8923
tur,1998,q2,79.1614
tur,1998,q3,89.9598
tur,1998,q4,97.076
tur,1998,q5,98.5059
tur,2003,q1,60.3903
tur,2003,q2,79.7758
tur,2003,q3,92.3611
tur,2003,q4,97.0635
tur,2003,q5,99.5449
tur,2013,q1,92.9071
tur,2013,q2,98.2809
tur,2013,q3,99.242
tur,2013,q4,99.9047
tur,2013,q5,100
tuv,2019,q1,100
tuv,2019,q2,100
tuv,2019,q3,97.5898
tuv,2019,q4,100
tuv,2019,q5,100
tza,1996,q1,25.6981
tza,1996,q2,40.8036
tza,1996,q3,38.432
tza,1996,q4,51.3043
tza,1996,q5,80.4718
tza,1999,q1,27.4254
tza,1999,q2,32.2585
tza,1999,q3,33.6937
tza,1999,q4,45.7016
tza,1999,q5,84.5876
tza,2004,q1,29.4417
tza,2004,q2,34.3053
tza,2004,q3,36.1719
tza,2004,q4,52.1521
tza,2004,q5,87.6983
tza,2010,q1,32.5005
tza,2010,q2,36.6609
tza,2010,q3,46.714
tza,2010,q4,62.6638
tza,2010,q5,88.7898
tza,2015,q1,43.8513
tza,2015,q2,52.917
tza,2015,q3,62.0297
tza,2015,q4,80.4133
tza,2015,q5,96.2054
uga,1995,q1,20.7997
uga,1995,q2,29.0004
uga,1995,q3,31.8598
uga,1995,q4,38.7286
uga,1995,q5,69.159
uga,2000,q1,19.5569
uga,2000,q2,27.7994
uga,2000,q3,34.0162
uga,2000,q4,47.0844
uga,2000,q5,79.1409
uga,2006,q1,30.8723
uga,2006,q2,32.4875
uga,2006,q3,36.6051
uga,2006,q4,50.6983
uga,2006,q5,78.3332
uga,2011,q1,44.484
uga,2011,q2,51.3377
uga,2011,q3,56.3897
uga,2011,q4,61.3146
uga,2011,q5,89.217
uga,2016,q1,66.0521
uga,2016,q2,67.0381
uga,2016,q3,73.4159
uga,2016,q4,80.7891
uga,2016,q5,94.5273
ukr,2005,q1,99.4992
ukr,2005,q2,99.4575
ukr,2005,q3,100
ukr,2005,q4,100
ukr,2005,q5,100
ukr,2007,q1,98.9938
ukr,2007,q2,98.1938
ukr,2007,q3,99.4992
ukr,2007,q4,99.3319
ukr,2007,q5,100
ukr,2012,q1,99.3797
ukr,2012,q2,97.3417
ukr,2012,q3,99.3803
ukr,2012,q4,100
ukr,2012,q5,99.5015
ury,2012,q1,99.2345
ury,2012,q2,95.6706
ury,2012,q3,99.5277
ury,2012,q4,99.3506
ury,2012,q5,98.1242
uzb,1996,q1,91.6587
uzb,1996,q2,100
uzb,1996,q3,99.0307
uzb,1996,q4,99.2808
uzb,1996,q5,100
uzb,2006,q1,100
uzb,2006,q2,99.8518
uzb,2006,q3,99.711
uzb,2006,q4,100
uzb,2006,q5,100
vnm,1997,q1,49.0291
vnm,1997,q2,78.4177
vnm,1997,q3,84.1549
vnm,1997,q4,93.5594
vnm,1997,q5,99.2379
vnm,2002,q1,58.051
vnm,2002,q2,85.9967
vnm,2002,q3,95.0655
vnm,2002,q4,97.4475
vnm,2002,q5,99.7492
vnm,2006,q1,52.8464
vnm,2006,q2,86.8752
vnm,2006,q3,94.8714
vnm,2006,q4,100
vnm,2006,q5,99.3923
vnm,2010,q1,71.9097
vnm,2010,q2,96.2901
vnm,2010,q3,99.5949
vnm,2010,q4,99.6237
vnm,2010,q5,99.2129
vnm,2013,q1,73.371
vnm,2013,q2,96.8295
vnm,2013,q3,99.6977
vnm,2013,q4,99.0419
vnm,2013,q5,100
vut,2007,q1,55.019
vut,2007,q2,77.9521
vut,2007,q3,72.7197
vut,2007,q4,86.9212
vut,2007,q5,89.8514
wsm,2019,q1,83.1105
wsm,2019,q2,91.545
wsm,2019,q3,86.384
wsm,2019,q4,92.3475
wsm,2019,q5,93.5787
yem,2006,q1,17.0816
yem,2006,q2,19.7848
yem,2006,q3,31.9745
yem,2006,q4,50.0975
yem,2006,q5,73.5699
yem,2013,q1,20.4604
yem,2013,q2,32.3884
yem,2013,q3,45.5119
yem,2013,q4,64.3451
yem,2013,q5,82.6839
zaf,1998,q1,69.9407
zaf,1998,q2,82.2798
zaf,1998,q3,91.2193
zaf,1998,q4,95.9822
zaf,1998,q5,97.921
zaf,2016,q1,92.1619
zaf,2016,q2,97.108
zaf,2016,q3,98.0938
zaf,2016,q4,98.4273
zaf,2016,q5,98.4846
zmb,1996,q1,18.473
zmb,1996,q2,23.6502
zmb,1996,q3,35.356
zmb,1996,q4,65.8908
zmb,1996,q5,91.009
zmb,2001,q1,19.9909
zmb,2001,q2,21.0847
zmb,2001,q3,34.1674
zmb,2001,q4,67.7728
zmb,2001,q5,91.3831
zmb,2007,q1,26.3318
zmb,2007,q2,27.3751
zmb,2007,q3,35.8515
zmb,2007,q4,71.6208
zmb,2007,q5,91.6252
zmb,2013,q1,48.7903
zmb,2013,q2,55.589
zmb,2013,q3,65.0227
zmb,2013,q4,87.0233
zmb,2013,q5,94.7268
zmb,2018,q1,69.1484
zmb,2018,q2,76.2207
zmb,2018,q3,84.0108
zmb,2018,q4,90.9173
zmb,2018,q5,96.0021
zwe,1994,q1,55.0602
zwe,1994,q2,59.466
zwe,1994,q3,65.2576
zwe,1994,q4,77.8637
zwe,1994,q5,92.8282
zwe,1999,q1,57.7999
zwe,1999,q2,65.5521
zwe,1999,q3,65.6474
zwe,1999,q4,81.8315
zwe,1999,q5,92.1234
zwe,2005,q1,43.4558
zwe,2005,q2,54.1052
zwe,2005,q3,70.0318
zwe,2005,q4,84.3841
zwe,2005,q5,97.2714
zwe,2009,q1,38.6443
zwe,2009,q2,45.3919
zwe,2009,q3,55.9364
zwe,2009,q4,81.2776
zwe,2009,q5,92.0834
zwe,2010,q1,45.885
zwe,2010,q2,54.4522
zwe,2010,q3,61.8992
zwe,2010,q4,79.1291
zwe,2010,q5,90.1745
zwe,2014,q1,69.6688
zwe,2014,q2,71.1308
zwe,2014,q3,78.2239
zwe,2014,q4,85.5156
zwe,2014,q5,96.2054
zwe,2015,q1,65.8792
zwe,2015,q2,73.9079
zwe,2015,q3,80.0257
zwe,2015,q4,89.5154
zwe,2015,q5,96.4495
zwe,2019,q1,73.2577
zwe,2019,q2,84.1147
zwe,2019,q3,86.8485
zwe,2019,q4,91.9209
zwe,2019,q5,97.3485
