country,time,decile,vmsl
afg,2010,d01,41.8059
afg,2010,d02,42.8471
afg,2010,d03,51.2295
afg,2010,d04,57.1264
afg,2010,d05,45.8075
afg,2010,d06,56.7561
afg,2010,d07,57.8655
afg,2010,d08,57.8613
afg,2010,d09,56.7717
afg,2010,d10,77.5918
afg,2015,d01,54.049
afg,2015,d02,57.9187
afg,2015,d03,61.0269
afg,2015,d04,52.7054
afg,2015,d05,54.0267
afg,2015,d06,53.331
afg,2015,d07,60.2667
afg,2015,d08,68.3298
afg,2015,d09,70.2289
afg,2015,d10,67.2805
ago,2015,d01,33.6602
ago,2015,d02,28.7546
ago,2015,d03,36.958
ago,2015,d04,47.736
ago,2015,d05,55.3492
ago,2015,d06,71.4038
ago,2015,d07,68.126
ago,2015,d08,76.3973
ago,2015,d09,81.0651
ago,2015,d10,91.6675
arm,2015,d01,93.7907
arm,2015,d02,89.854
arm,2015,d03,82.5851
arm,2015,d04,89.2776
arm,2015,d05,81.8515
arm,2015,d06,93.1988
arm,2015,d07,82.8504
arm,2015,d08,91.086
arm,2015,d09,84.6751
arm,2015,d10,77.4185
aze,2006,d01,47.9388
aze,2006,d02,51.6211
aze,2006,d03,65.4701
aze,2006,d04,61.6795
aze,2006,d05,55.1984
aze,2006,d06,67.2173
aze,2006,d07,34.5431
aze,2006,d08,81.379
aze,2006,d09,75.5349
aze,2006,d10,89.4988
bdi,2005,d01,79.6349
bdi,2005,d02,72.9501
bdi,2005,d03,78.0859
bdi,2005,d04,80.4869
bdi,2005,d05,70.3563
bdi,2005,d06,73.7953
bdi,2005,d07,76.7994
bdi,2005,d08,77.8067
bdi,2005,d09,71.8308
bdi,2005,d10,82.2023
bdi,2010,d01,92.1963
bdi,2010,d02,90.392
bdi,2010,d03,90.502
bdi,2010,d04,97.3662
bdi,2010,d05,95.8612
bdi,2010,d06,93.5097
bdi,2010,d07,96.4995
bdi,2010,d08,95.0519
bdi,2010,d09,94.0164
bdi,2010,d10,98.58
bdi,2016,d01,89.4843
bdi,2016,d02,93.98
bdi,2016,d03,94.5713
bdi,2016,d04,94.2921
bdi,2016,d05,92.1939
bdi,2016,d06,97.1976
bdi,2016,d07,93.7085
bdi,2016,d08,94.6621
bdi,2016,d09,94.3004
bdi,2016,d10,93.2033
ben,1996,d01,44.5088
ben,1996,d02,54.0514
ben,1996,d03,52.9837
ben,1996,d04,66.97
ben,1996,d05,71.1086
ben,1996,d06,71.3825
ben,1996,d07,72.0165
ben,1996,d08,68.0736
ben,1996,d09,75.5337
ben,1996,d10,84.8083
ben,2001,d01,49.2728
ben,2001,d02,64.5306
ben,2001,d03,59.9117
ben,2001,d04,63.3912
ben,2001,d05,66.5017
ben,2001,d06,64.5022
ben,2001,d07,74.5485
ben,2001,d08,76.6839
ben,2001,d09,77.124
ben,2001,d10,90.1767
ben,2006,d01,43.7523
ben,2006,d02,52.3912
ben,2006,d03,57.6229
ben,2006,d04,55.4785
ben,2006,d05,60.9872
ben,2006,d06,66.1026
ben,2006,d07,60.8598
ben,2006,d08,65.8197
ben,2006,d09,70.7051
ben,2006,d10,83.0916
ben,2011,d01,50.8804
ben,2011,d02,56.3729
ben,2011,d03,62.5338
ben,2011,d04,62.7714
ben,2011,d05,69.8719
ben,2011,d06,73.9594
ben,2011,d07,76.2535
ben,2011,d08,77.2063
ben,2011,d09,82.0029
ben,2011,d10,87.9484
ben,2014,d01,45.6228
ben,2014,d02,70.4704
ben,2014,d03,69.1415
ben,2014,d04,65.9388
ben,2014,d05,66.134
ben,2014,d06,67.2851
ben,2014,d07,72.9085
ben,2014,d08,69.7915
ben,2014,d09,86.9794
ben,2014,d10,89.0659
ben,2017,d01,48.2625
ben,2017,d02,57.397
ben,2017,d03,60.2253
ben,2017,d04,63.5148
ben,2017,d05,70.1529
ben,2017,d06,76.4497
ben,2017,d07,69.6654
ben,2017,d08,74.7531
ben,2017,d09,77.5711
ben,2017,d10,83.2692
bfa,1998,d01,30.438
bfa,1998,d02,30.3784
bfa,1998,d03,44.8891
bfa,1998,d04,45.6019
bfa,1998,d05,36.4838
bfa,1998,d06,45.4079
bfa,1998,d07,48.2863
bfa,1998,d08,49.6501
bfa,1998,d09,59.8279
bfa,1998,d10,77.4838
bfa,2003,d01,50.6494
bfa,2003,d02,43.7473
bfa,2003,d03,56.9084
bfa,2003,d04,57.7164
bfa,2003,d05,54.2699
bfa,2003,d06,48.7205
bfa,2003,d07,58.5352
bfa,2003,d08,54.0892
bfa,2003,d09,62.9864
bfa,2003,d10,84.8162
bfa,2006,d01,67.1653
bfa,2006,d02,76.0642
bfa,2006,d03,78.0459
bfa,2006,d04,59.5652
bfa,2006,d05,75.2212
bfa,2006,d06,74.6715
bfa,2006,d07,76.9643
bfa,2006,d08,75.0877
bfa,2006,d09,87.9555
bfa,2006,d10,79.2027
bfa,2010,d01,77.9217
bfa,2010,d02,78.3127
bfa,2010,d03,86.5961
bfa,2010,d04,85.3041
bfa,2010,d05,86.8329
bfa,2010,d06,91.7997
bfa,2010,d07,91.157
bfa,2010,d08,92.2677
bfa,2010,d09,92.3986
bfa,2010,d10,92.7167
bgd,1993,d01,58.624
bgd,1993,d02,56.6402
bgd,1993,d03,64.6419
bgd,1993,d04,64.271
bgd,1993,d05,73.2979
bgd,1993,d06,68.3453
bgd,1993,d07,72.8611
bgd,1993,d08,79.4483
bgd,1993,d09,73.9145
bgd,1993,d10,87.2455
bgd,1996,d01,58.3502
bgd,1996,d02,72.4048
bgd,1996,d03,56.3375
bgd,1996,d04,61.551
bgd,1996,d05,69.908
bgd,1996,d06,79.3126
bgd,1996,d07,78.4968
bgd,1996,d08,77.6861
bgd,1996,d09,78.916
bgd,1996,d10,87.9486
bgd,1999,d01,56.5589
bgd,1999,d02,61.7545
bgd,1999,d03,64.1904
bgd,1999,d04,70.1693
bgd,1999,d05,72.6326
bgd,1999,d06,72.6136
bgd,1999,d07,71.3543
bgd,1999,d08,83.8086
bgd,1999,d09,81.6906
bgd,1999,d10,90.2918
bgd,2004,d01,55.0693
bgd,2004,d02,63.9366
bgd,2004,d03,77.7416
bgd,2004,d04,81.4543
bgd,2004,d05,74.6077
bgd,2004,d06,77.9427
bgd,2004,d07,77.9984
bgd,2004,d08,83.5146
bgd,2004,d09,84.1123
bgd,2004,d10,96.5815
bgd,2006,d01,81.174
bgd,2006,d02,84.0668
bgd,2006,d03,85.7481
bgd,2006,d04,80.9318
bgd,2006,d05,86.658
bgd,2006,d06,87.7987
bgd,2006,d07,90.7151
bgd,2006,d08,92.5623
bgd,2006,d09,92.4133
bgd,2006,d10,94.8054
bgd,2007,d01,81.1813
bgd,2007,d02,78.9624
bgd,2007,d03,72.9384
bgd,2007,d04,81.652
bgd,2007,d05,79.27
bgd,2007,d06,80.8244
bgd,2007,d07,87.7306
bgd,2007,d08,90.9358
bgd,2007,d09,90.0358
bgd,2007,d10,88.4017
bgd,2011,d01,77.1189
bgd,2011,d02,81.8643
bgd,2011,d03,87.7281
bgd,2011,d04,87.1975
bgd,2011,d05,88.8308
bgd,2011,d06,87.3693
bgd,2011,d07,89.129
bgd,2011,d08,91.9496
bgd,2011,d09,92.0007
bgd,2011,d10,95.1477
bgd,2014,d01,71.819
bgd,2014,d02,74.8155
bgd,2014,d03,84.923
bgd,2014,d04,86.441
bgd,2014,d05,87.265
bgd,2014,d06,90.4091
bgd,2014,d07,93.5522
bgd,2014,d08,88.5356
bgd,2014,d09,94.2307
bgd,2014,d10,93.5429
bgd,2017,d01,87.236
bgd,2017,d02,89.9583
bgd,2017,d03,86.696
bgd,2017,d04,88.2727
bgd,2017,d05,92.0608
bgd,2017,d06,91.7351
bgd,2017,d07,89.9195
bgd,2017,d08,88.6349
bgd,2017,d09,92.8854
bgd,2017,d10,95.4224
bih,2006,d01,64.5161
bih,2006,d02,70.099
bih,2006,d03,86.3736
bih,2006,d04,68.3544
bih,2006,d05,70.0861
bih,2006,d06,74.3617
bih,2006,d07,82.2828
bih,2006,d08,82.6923
bih,2006,d09,66.2135
bih,2006,d10,80.0226
bih,2011,d01,80.846
bih,2011,d02,93.346
bih,2011,d03,86.3593
bih,2011,d04,81.4768
bih,2011,d05,96.9859
bih,2011,d06,88.3327
bih,2011,d07,86.8807
bih,2011,d08,88.805
bih,2011,d09,74.4769
bih,2011,d10,86.2443
blr,2005,d01,100
blr,2005,d02,100
blr,2005,d03,96.6451
blr,2005,d04,96.6425
blr,2005,d05,98.5482
blr,2005,d06,98.5168
blr,2005,d07,96.7057
blr,2005,d08,98.5295
blr,2005,d09,98.9268
blr,2005,d10,97.0028
blz,2015,d01,77.827
blz,2015,d02,72.9652
blz,2015,d03,75.079
blz,2015,d04,85.5029
blz,2015,d05,82.107
blz,2015,d06,74.1612
blz,2015,d07,80.7918
blz,2015,d08,90.3653
blz,2015,d09,78.0528
blz,2015,d10,71.5558
bol,1994,d01,36.6027
bol,1994,d02,45.4945
bol,1994,d03,47.9747
bol,1994,d04,46.5441
bol,1994,d05,58.3493
bol,1994,d06,61.1171
bol,1994,d07,62.008
bol,1994,d08,70.2679
bol,1994,d09,83.2065
bol,1994,d10,74.4636
bol,1998,d01,46.5739
bol,1998,d02,43.4437
bol,1998,d03,46.4835
bol,1998,d04,44.3946
bol,1998,d05,51.1229
bol,1998,d06,46.955
bol,1998,d07,49.7218
bol,1998,d08,67.8501
bol,1998,d09,62.9332
bol,1998,d10,69.6721
bol,2003,d01,62.5368
bol,2003,d02,61.9613
bol,2003,d03,58.7013
bol,2003,d04,55.7169
bol,2003,d05,57.2629
bol,2003,d06,65.7362
bol,2003,d07,74.2907
bol,2003,d08,66.9305
bol,2003,d09,67.8286
bol,2003,d10,81.9025
bol,2008,d01,87.0264
bol,2008,d02,88.5714
bol,2008,d03,79.4869
bol,2008,d04,89.908
bol,2008,d05,83.1376
bol,2008,d06,82.3404
bol,2008,d07,84.8101
bol,2008,d08,88.6069
bol,2008,d09,89.5203
bol,2008,d10,85.9324
bol,2016,d01,93.2552
bol,2016,d02,93.2511
bol,2016,d03,90.1013
bol,2016,d04,89.6178
bol,2016,d05,95.0581
bol,2016,d06,92.3106
bol,2016,d07,90.6192
bol,2016,d08,87.5965
bol,2016,d09,92.3734
bol,2016,d10,89.862
bra,1996,d01,75.0448
bra,1996,d02,81.4947
bra,1996,d03,83.1262
bra,1996,d04,91.0705
bra,1996,d05,93.4217
bra,1996,d06,98.7184
bra,1996,d07,85.2553
bra,1996,d08,95.6344
bra,1996,d09,89.8786
bra,1996,d10,90.5745
caf,1994,d01,25.6061
caf,1994,d02,39.8108
caf,1994,d03,44.1136
caf,1994,d04,47.5725
caf,1994,d05,36.3879
caf,1994,d06,48.3538
caf,1994,d07,58.2255
caf,1994,d08,64.2375
caf,1994,d09,77.863
caf,1994,d10,81.9139
caf,2006,d01,48.2644
caf,2006,d02,51.0757
caf,2006,d03,55.601
caf,2006,d04,51.6392
caf,2006,d05,60.3181
caf,2006,d06,62.3088
caf,2006,d07,64.2725
caf,2006,d08,80.0505
caf,2006,d09,72.0738
caf,2006,d10,78.9891
caf,2010,d01,42.4766
caf,2010,d02,40.1481
caf,2010,d03,46.074
caf,2010,d04,50.9937
caf,2010,d05,58.2785
caf,2010,d06,58.6278
caf,2010,d07,59.5918
caf,2010,d08,63.5555
caf,2010,d09,72.5941
caf,2010,d10,75.6718
caf,2018,d01,23.418
caf,2018,d02,28.5608
caf,2018,d03,35.9753
caf,2018,d04,28.1478
caf,2018,d05,42.4412
caf,2018,d06,32.3911
caf,2018,d07,40.9426
caf,2018,d08,56.0863
caf,2018,d09,58.747
caf,2018,d10,77.3199
civ,1994,d01,25.8811
civ,1994,d02,36.3925
civ,1994,d03,42.0544
civ,1994,d04,48.4561
civ,1994,d05,54.2632
civ,1994,d06,49.5575
civ,1994,d07,63.3727
civ,1994,d08,64.6675
civ,1994,d09,72.513
civ,1994,d10,85.9651
civ,1998,d01,53.3333
civ,1998,d02,40.5405
civ,1998,d03,80.2868
civ,1998,d04,63.4953
civ,1998,d05,52.9854
civ,1998,d06,57.8057
civ,1998,d07,73.6028
civ,1998,d08,77.2441
civ,1998,d09,93.6459
civ,1998,d10,98.1362
civ,2006,d01,65.3836
civ,2006,d02,66.2231
civ,2006,d03,69.9587
civ,2006,d04,81.8767
civ,2006,d05,82.4202
civ,2006,d06,92.994
civ,2006,d07,92.3493
civ,2006,d08,96.8784
civ,2006,d09,95.8534
civ,2006,d10,97.3744
civ,2011,d01,49.6121
civ,2011,d02,58.2718
civ,2011,d03,57.9174
civ,2011,d04,55.8212
civ,2011,d05,70.7414
civ,2011,d06,59.6277
civ,2011,d07,66.08
civ,2011,d08,72.9618
civ,2011,d09,76.8911
civ,2011,d10,91.2859
civ,2016,d01,43.5084
civ,2016,d02,49.5255
civ,2016,d03,60.2311
civ,2016,d04,50.8816
civ,2016,d05,53.1259
civ,2016,d06,50.55
civ,2016,d07,63.4125
civ,2016,d08,65.4049
civ,2016,d09,68.663
civ,2016,d10,71.9356
cmr,1998,d01,36.3636
cmr,1998,d02,36.4009
cmr,1998,d03,33.4461
cmr,1998,d04,41.0408
cmr,1998,d05,48.5556
cmr,1998,d06,70.3023
cmr,1998,d07,69.0726
cmr,1998,d08,69.2684
cmr,1998,d09,74.8796
cmr,1998,d10,82.1953
cmr,2004,d01,45.3855
cmr,2004,d02,59.8074
cmr,2004,d03,59.252
cmr,2004,d04,61.6224
cmr,2004,d05,64.822
cmr,2004,d06,69.4275
cmr,2004,d07,62.7177
cmr,2004,d08,74.2866
cmr,2004,d09,81.6881
cmr,2004,d10,85.2696
cmr,2006,d01,70.522
cmr,2006,d02,66.7171
cmr,2006,d03,72.7319
cmr,2006,d04,85.9728
cmr,2006,d05,65.5039
cmr,2006,d06,80.5264
cmr,2006,d07,87.7801
cmr,2006,d08,83.0973
cmr,2006,d09,82.7683
cmr,2006,d10,92.7204
cmr,2011,d01,48.756
cmr,2011,d02,54.4012
cmr,2011,d03,64.6056
cmr,2011,d04,67.5066
cmr,2011,d05,75.8803
cmr,2011,d06,75.788
cmr,2011,d07,75.1072
cmr,2011,d08,82.1111
cmr,2011,d09,85.3689
cmr,2011,d10,87.4709
cmr,2014,d01,63.6741
cmr,2014,d02,65.2265
cmr,2014,d03,81.5549
cmr,2014,d04,87.4739
cmr,2014,d05,92.1654
cmr,2014,d06,94.3689
cmr,2014,d07,94.6941
cmr,2014,d08,93.4484
cmr,2014,d09,89.8516
cmr,2014,d10,98.8727
cmr,2018,d01,36.2219
cmr,2018,d02,56.8324
cmr,2018,d03,54.436
cmr,2018,d04,66.6683
cmr,2018,d05,59.9605
cmr,2018,d06,69.1131
cmr,2018,d07,79.0319
cmr,2018,d08,71.1619
cmr,2018,d09,81.5384
cmr,2018,d10,92.1191
cod,2007,d01,45.6512
cod,2007,d02,58.0425
cod,2007,d03,58.9434
cod,2007,d04,56.1324
cod,2007,d05,56.5463
cod,2007,d06,62.4015
cod,2007,d07,65.626
cod,2007,d08,68.4525
cod,2007,d09,82.55
cod,2007,d10,88.977
cod,2010,d01,57.9937
cod,2010,d02,63.7841
cod,2010,d03,61.8745
cod,2010,d04,67.125
cod,2010,d05,70.5927
cod,2010,d06,74.085
cod,2010,d07,78.5695
cod,2010,d08,74.5822
cod,2010,d09,81.1537
cod,2010,d10,90.9401
cod,2013,d01,61.1576
cod,2013,d02,62.4928
cod,2013,d03,70.5683
cod,2013,d04,63.3822
cod,2013,d05,70.2775
cod,2013,d06,75.1361
cod,2013,d07,77.846
cod,2013,d08,72.5267
cod,2013,d09,77.2707
cod,2013,d10,91.3691
cod,2017,d01,38.2319
cod,2017,d02,48.9172
cod,2017,d03,46.4265
cod,2017,d04,50.6626
cod,2017,d05,51.2676
cod,2017,d06,61.1382
cod,2017,d07,61.7587
cod,2017,d08,69.8887
cod,2017,d09,75.1964
cod,2017,d10,85.6743
cog,2005,d01,48.4917
cog,2005,d02,48.411
cog,2005,d03,59.8871
cog,2005,d04,65.1505
cog,2005,d05,61.2123
cog,2005,d06,74.6862
cog,2005,d07,76.0446
cog,2005,d08,76.573
cog,2005,d09,88.3918
cog,2005,d10,80.0362
cog,2011,d01,53.997
cog,2011,d02,64.3091
cog,2011,d03,65.5699
cog,2011,d04,74.2599
cog,2011,d05,71.7154
cog,2011,d06,88.0369
cog,2011,d07,83.7209
cog,2011,d08,86.6655
cog,2011,d09,86.331
cog,2011,d10,87.8184
cog,2014,d01,46.7141
cog,2014,d02,53.7048
cog,2014,d03,64.6537
cog,2014,d04,69.5134
cog,2014,d05,75.5173
cog,2014,d06,60.4163
cog,2014,d07,75.1212
cog,2014,d08,71.805
cog,2014,d09,70.754
cog,2014,d10,81.537
col,1995,d01,75.13
col,1995,d02,79.1611
col,1995,d03,78.7095
col,1995,d04,83.3555
col,1995,d05,84.712
col,1995,d06,88.2589
col,1995,d07,90.7809
col,1995,d08,89.9102
col,1995,d09,87.7804
col,1995,d10,89.5219
col,2005,d01,63.0383
col,2005,d02,78.7828
col,2005,d03,84.6591
col,2005,d04,83.6538
col,2005,d05,85.0399
col,2005,d06,87.0156
col,2005,d07,88.5957
col,2005,d08,90.1841
col,2005,d09,90.5797
col,2005,d10,89.8517
col,2010,d01,73.3847
col,2010,d02,81.9086
col,2010,d03,80.5024
col,2010,d04,78.7367
col,2010,d05,85.253
col,2010,d06,82.9746
col,2010,d07,85.1319
col,2010,d08,87.4029
col,2010,d09,79.2879
col,2010,d10,79.4959
com,2012,d01,58.9907
com,2012,d02,66.8819
com,2012,d03,66.3114
com,2012,d04,73.0459
com,2012,d05,87.2708
com,2012,d06,79.8347
com,2012,d07,86.1785
com,2012,d08,81.4924
com,2012,d09,79.8775
com,2012,d10,79.6515
cri,2018,d01,71.6024
cri,2018,d02,78.6829
cri,2018,d03,77.3323
cri,2018,d04,81.2238
cri,2018,d05,79.5935
cri,2018,d06,78.4252
cri,2018,d07,70.0863
cri,2018,d08,49.5697
cri,2018,d09,77.5136
cri,2018,d10,81.1608
cub,2019,d01,92.892
cub,2019,d02,80.69
cub,2019,d03,87.0223
cub,2019,d04,86.956
cub,2019,d05,83.1015
cub,2019,d06,89.8716
cub,2019,d07,86.3329
cub,2019,d08,89.2125
cub,2019,d09,91.7519
cub,2019,d10,75.3915
dom,1996,d01,67.9779
dom,1996,d02,72.1468
dom,1996,d03,61.0527
dom,1996,d04,75.5936
dom,1996,d05,83.135
dom,1996,d06,85.4657
dom,1996,d07,85.7765
dom,1996,d08,88.1947
dom,1996,d09,88.9399
dom,1996,d10,86.6373
dom,2002,d01,79.0337
dom,2002,d02,86.7475
dom,2002,d03,87.5846
dom,2002,d04,90.3427
dom,2002,d05,86.9087
dom,2002,d06,89.9496
dom,2002,d07,84.7589
dom,2002,d08,92.8797
dom,2002,d09,92.5006
dom,2002,d10,95.4815
dom,2007,d01,67.6764
dom,2007,d02,77.2882
dom,2007,d03,81.4583
dom,2007,d04,79.712
dom,2007,d05,73.1074
dom,2007,d06,84.3192
dom,2007,d07,79.0625
dom,2007,d08,79.6718
dom,2007,d09,87.3495
dom,2007,d10,87.0611
dom,2013,d01,68.4148
dom,2013,d02,79.6441
dom,2013,d03,79.8949
dom,2013,d04,83.9747
dom,2013,d05,82.3463
dom,2013,d06,81.1544
dom,2013,d07,77.3185
dom,2013,d08,89.1856
dom,2013,d09,83.7274
dom,2013,d10,76.1306
dom,2014,d01,55.7306
dom,2014,d02,63.5315
dom,2014,d03,66.2136
dom,2014,d04,66.5865
dom,2014,d05,76.049
dom,2014,d06,78.5753
dom,2014,d07,67.4115
dom,2014,d08,68.3992
dom,2014,d09,76.3128
dom,2014,d10,68.5679
dom,2019,d01,64.0828
dom,2019,d02,65.3129
dom,2019,d03,68.8911
dom,2019,d04,71.3557
dom,2019,d05,79.3499
dom,2019,d06,75.4926
dom,2019,d07,67.2242
dom,2019,d08,69.9715
dom,2019,d09,66.9231
dom,2019,d10,69.0026
dza,2012,d01,83.2539
dza,2012,d02,85.1372
dza,2012,d03,89.9381
dza,2012,d04,91.1504
dza,2012,d05,90.7751
dza,2012,d06,93.2891
dza,2012,d07,93.6339
dza,2012,d08,94.2673
dza,2012,d09,91.7615
dza,2012,d10,88.3071
dza,2018,d01,72.2839
dza,2018,d02,82.1897
dza,2018,d03,84.1353
dza,2018,d04,85.7015
dza,2018,d05,87.6975
dza,2018,d06,85.4947
dza,2018,d07,83.4587
dza,2018,d08,86.1365
dza,2018,d09,92.0247
dza,2018,d10,88.2462
ecu,2012,d01,72.3799
ecu,2012,d02,75.478
ecu,2012,d03,78.7887
ecu,2012,d04,73.8711
ecu,2012,d05,68.796
ecu,2012,d06,72.4667
ecu,2012,d07,70.2811
ecu,2012,d08,76.0779
ecu,2012,d09,81.1453
ecu,2012,d10,87.6024
ecu,2018,d01,70.8266
ecu,2018,d02,74.5661
ecu,2018,d03,78.6483
ecu,2018,d04,74.5443
ecu,2018,d05,73.7922
ecu,2018,d06,73.3234
ecu,2018,d07,74.2636
ecu,2018,d08,74.4148
ecu,2018,d09,81.5614
ecu,2018,d10,74.199
egy,1995,d01,78.454
egy,1995,d02,81.5647
egy,1995,d03,82.0258
egy,1995,d04,83.0007
egy,1995,d05,90.136
egy,1995,d06,93.3751
egy,1995,d07,94.0421
egy,1995,d08,94.6368
egy,1995,d09,99.2212
egy,1995,d10,99.8638
egy,2000,d01,93.0096
egy,2000,d02,96.8979
egy,2000,d03,94.8095
egy,2000,d04,97.3974
egy,2000,d05,95.3479
egy,2000,d06,98.9707
egy,2000,d07,97.1015
egy,2000,d08,97.6565
egy,2000,d09,99.6199
egy,2000,d10,98.1317
egy,2005,d01,93.3549
egy,2005,d02,96.8784
egy,2005,d03,97.7452
egy,2005,d04,93.5129
egy,2005,d05,97.7552
egy,2005,d06,97.8752
egy,2005,d07,97.487
egy,2005,d08,97.2795
egy,2005,d09,97.5384
egy,2005,d10,96.5972
egy,2008,d01,97.6768
egy,2008,d02,97.3865
egy,2008,d03,99.1557
egy,2008,d04,96.9983
egy,2008,d05,98.2388
egy,2008,d06,97.6956
egy,2008,d07,98.5712
egy,2008,d08,99.3888
egy,2008,d09,99.2212
egy,2008,d10,99.2574
egy,2014,d01,90.3645
egy,2014,d02,94.1316
egy,2014,d03,96.2902
egy,2014,d04,97.1016
egy,2014,d05,96.9015
egy,2014,d06,96.9067
egy,2014,d07,98.1954
egy,2014,d08,94.4736
egy,2014,d09,93.6196
egy,2014,d10,97.6346
eth,2000,d01,19.7466
eth,2000,d02,16.6762
eth,2000,d03,16.9613
eth,2000,d04,14.7877
eth,2000,d05,16.0401
eth,2000,d06,28.7688
eth,2000,d07,24.3254
eth,2000,d08,34.3012
eth,2000,d09,40.85
eth,2000,d10,69.6931
eth,2005,d01,17.7581
eth,2005,d02,31.6688
eth,2005,d03,30.899
eth,2005,d04,27.1256
eth,2005,d05,39.7978
eth,2005,d06,35.1921
eth,2005,d07,31.2765
eth,2005,d08,41.2894
eth,2005,d09,40.27
eth,2005,d10,69.3854
eth,2011,d01,40.827
eth,2011,d02,49.8446
eth,2011,d03,51.598
eth,2011,d04,52.4566
eth,2011,d05,52.3014
eth,2011,d06,51.686
eth,2011,d07,48.7097
eth,2011,d08,63.5597
eth,2011,d09,70.9022
eth,2011,d10,89.2424
eth,2016,d01,44.0468
eth,2016,d02,42.4807
eth,2016,d03,48.0247
eth,2016,d04,51.4673
eth,2016,d05,56.34
eth,2016,d06,52.6245
eth,2016,d07,58.1579
eth,2016,d08,59.0359
eth,2016,d09,64.5171
eth,2016,d10,82.5893
eth,2019,d01,37.048
eth,2019,d02,47.7777
eth,2019,d03,61.4791
eth,2019,d04,45.8471
eth,2019,d05,42.1092
eth,2019,d06,50.3017
eth,2019,d07,64.0955
eth,2019,d08,61.1295
eth,2019,d09,73.8477
eth,2019,d10,90.6986
gab,2000,d01,29.4697
gab,2000,d02,39.2489
gab,2000,d03,51.2572
gab,2000,d04,54.0133
gab,2000,d05,53.6299
gab,2000,d06,61.5684
gab,2000,d07,63.3664
gab,2000,d08,61.8484
gab,2000,d09,77.2563
gab,2000,d10,65.685
gab,2012,d01,73.0844
gab,2012,d02,73.2731
gab,2012,d03,74.8821
gab,2012,d04,68.0547
gab,2012,d05,91.3644
gab,2012,d06,59.8544
gab,2012,d07,83.686
gab,2012,d08,85.1887
gab,2012,d09,57.7989
gab,2012,d10,66.3704
gha,1993,d01,55.5556
gha,1993,d02,39.0625
gha,1993,d03,69.1176
gha,1993,d04,56.1404
gha,1993,d05,56.6667
gha,1993,d06,63.1579
gha,1993,d07,61.2903
gha,1993,d08,66.6667
gha,1993,d09,84.7458
gha,1993,d10,93.4426
gha,1998,d01,56.292
gha,1998,d02,63.2429
gha,1998,d03,63.8201
gha,1998,d04,63.8856
gha,1998,d05,77.1848
gha,1998,d06,74.1446
gha,1998,d07,77.3701
gha,1998,d08,95.1886
gha,1998,d09,86.7428
gha,1998,d10,91.1187
gha,2003,d01,69.3398
gha,2003,d02,81.8846
gha,2003,d03,84.9318
gha,2003,d04,78.8449
gha,2003,d05,94.5759
gha,2003,d06,80.3468
gha,2003,d07,86.2587
gha,2003,d08,87.2192
gha,2003,d09,85.6362
gha,2003,d10,92.4051
gha,2006,d01,73.7219
gha,2006,d02,83.3659
gha,2006,d03,86.1706
gha,2006,d04,79.6597
gha,2006,d05,92.9349
gha,2006,d06,77.254
gha,2006,d07,83.5754
gha,2006,d08,85.6599
gha,2006,d09,96.5522
gha,2006,d10,100
gha,2008,d01,86.2758
gha,2008,d02,88.6607
gha,2008,d03,91.3299
gha,2008,d04,80.5058
gha,2008,d05,92.0961
gha,2008,d06,86.4235
gha,2008,d07,91.8061
gha,2008,d08,98.7599
gha,2008,d09,92.8198
gha,2008,d10,97.0116
gha,2011,d01,90.6216
gha,2011,d02,91.1238
gha,2011,d03,97.543
gha,2011,d04,89.5435
gha,2011,d05,94.7796
gha,2011,d06,92.3488
gha,2011,d07,91.9894
gha,2011,d08,94.4652
gha,2011,d09,97.4042
gha,2011,d10,100
gha,2014,d01,81.5953
gha,2014,d02,91.2044
gha,2014,d03,93.0924
gha,2014,d04,85.4248
gha,2014,d05,86.9554
gha,2014,d06,92.7378
gha,2014,d07,89.4741
gha,2014,d08,88.0759
gha,2014,d09,95.1286
gha,2014,d10,89.7858
gha,2017,d01,84.0218
gha,2017,d02,86.8403
gha,2017,d03,80.583
gha,2017,d04,93.2222
gha,2017,d05,85.0066
gha,2017,d06,81.6248
gha,2017,d07,91.1147
gha,2017,d08,78.37
gha,2017,d09,87.5222
gha,2017,d10,96.2524
gin,1999,d01,34.7642
gin,1999,d02,31.5135
gin,1999,d03,44.1479
gin,1999,d04,41.5558
gin,1999,d05,49.2421
gin,1999,d06,60.9806
gin,1999,d07,58.7763
gin,1999,d08,60.4547
gin,1999,d09,66.9907
gin,1999,d10,78.4894
gin,2005,d01,41.4456
gin,2005,d02,42.8343
gin,2005,d03,42.9586
gin,2005,d04,45.8984
gin,2005,d05,53.9656
gin,2005,d06,57.3831
gin,2005,d07,59.1191
gin,2005,d08,55.0973
gin,2005,d09,55.2019
gin,2005,d10,59.8502
gin,2012,d01,44.1877
gin,2012,d02,50.1397
gin,2012,d03,56.3356
gin,2012,d04,64.1952
gin,2012,d05,59.7815
gin,2012,d06,62.0009
gin,2012,d07,61.9818
gin,2012,d08,69.7069
gin,2012,d09,71.7257
gin,2012,d10,88.9586
gin,2016,d01,21.6568
gin,2016,d02,31.5813
gin,2016,d03,49.6105
gin,2016,d04,36.0513
gin,2016,d05,41.1652
gin,2016,d06,46.6307
gin,2016,d07,56.0003
gin,2016,d08,61.0192
gin,2016,d09,62.0086
gin,2016,d10,81.9934
gin,2018,d01,23.9135
gin,2018,d02,31.209
gin,2018,d03,30.2098
gin,2018,d04,32.9039
gin,2018,d05,45.6539
gin,2018,d06,38.3345
gin,2018,d07,40.961
gin,2018,d08,45.3526
gin,2018,d09,60.6867
gin,2018,d10,57.6932
gmb,2005,d01,96.6436
gmb,2005,d02,92.6281
gmb,2005,d03,91.1521
gmb,2005,d04,90.5311
gmb,2005,d05,92.562
gmb,2005,d06,88.0534
gmb,2005,d07,92.2158
gmb,2005,d08,94.5977
gmb,2005,d09,92.182
gmb,2005,d10,88.1216
gmb,2010,d01,94.6565
gmb,2010,d02,96.3451
gmb,2010,d03,94.0379
gmb,2010,d04,89.6717
gmb,2010,d05,95.9819
gmb,2010,d06,94.3819
gmb,2010,d07,93.1778
gmb,2010,d08,95.3223
gmb,2010,d09,95.9721
gmb,2010,d10,96.3256
gmb,2013,d01,92.9102
gmb,2013,d02,93.0053
gmb,2013,d03,87.3453
gmb,2013,d04,91.4757
gmb,2013,d05,90.8959
gmb,2013,d06,87.4122
gmb,2013,d07,94.3041
gmb,2013,d08,85.7596
gmb,2013,d09,76.9764
gmb,2013,d10,75.3655
gmb,2018,d01,88.9172
gmb,2018,d02,84.7598
gmb,2018,d03,89.4931
gmb,2018,d04,84.7872
gmb,2018,d05,82.0607
gmb,2018,d06,82.3394
gmb,2018,d07,83.0529
gmb,2018,d08,90.2226
gmb,2018,d09,91.4274
gmb,2018,d10,92.972
gmb,2019,d01,94.9662
gmb,2019,d02,92.9229
gmb,2019,d03,93.0994
gmb,2019,d04,91.2503
gmb,2019,d05,90.6899
gmb,2019,d06,88.0605
gmb,2019,d07,85.9336
gmb,2019,d08,90.5509
gmb,2019,d09,85.98
gmb,2019,d10,85.2515
gnb,2006,d01,67.8181
gnb,2006,d02,72.6778
gnb,2006,d03,71.8963
gnb,2006,d04,70.5929
gnb,2006,d05,67.492
gnb,2006,d06,75.3984
gnb,2006,d07,77.8434
gnb,2006,d08,78.2455
gnb,2006,d09,89.7285
gnb,2006,d10,89.872
gnb,2014,d01,71.8025
gnb,2014,d02,78.8576
gnb,2014,d03,79.0819
gnb,2014,d04,84.758
gnb,2014,d05,82.3634
gnb,2014,d06,85.4005
gnb,2014,d07,75.5152
gnb,2014,d08,86.4311
gnb,2014,d09,89.797
gnb,2014,d10,80.6812
gnb,2018,d01,72.087
gnb,2018,d02,73.3994
gnb,2018,d03,75.7253
gnb,2018,d04,71.3685
gnb,2018,d05,81.9206
gnb,2018,d06,76.8141
gnb,2018,d07,77.2237
gnb,2018,d08,70.0248
gnb,2018,d09,73.8044
gnb,2018,d10,88.0018
gtm,1995,d01,62.2128
gtm,1995,d02,77.702
gtm,1995,d03,74.4408
gtm,1995,d04,74.3638
gtm,1995,d05,74.3149
gtm,1995,d06,72.5323
gtm,1995,d07,74.7772
gtm,1995,d08,81.6022
gtm,1995,d09,86.7293
gtm,1995,d10,89.6206
gtm,1998,d01,75.5953
gtm,1998,d02,78.9285
gtm,1998,d03,81.9083
gtm,1998,d04,80.7953
gtm,1998,d05,76.6282
gtm,1998,d06,79.2781
gtm,1998,d07,65.8133
gtm,1998,d08,89.7129
gtm,1998,d09,90.9977
gtm,1998,d10,97.9575
gtm,2014,d01,55.6755
gtm,2014,d02,60.0338
gtm,2014,d03,59.3178
gtm,2014,d04,60.5138
gtm,2014,d05,63.8919
gtm,2014,d06,61.1278
gtm,2014,d07,70.5493
gtm,2014,d08,72.5458
gtm,2014,d09,63.8855
gtm,2014,d10,76.0357
guy,2014,d01,72.4039
guy,2014,d02,85.8652
guy,2014,d03,81.2132
guy,2014,d04,80.9129
guy,2014,d05,81.8502
guy,2014,d06,63.6833
guy,2014,d07,85.7099
guy,2014,d08,74.0302
guy,2014,d09,87.0884
guy,2014,d10,76.0459
guy,2019,d01,67.0224
guy,2019,d02,84.71
guy,2019,d03,69.2234
guy,2019,d04,76.0019
guy,2019,d05,78.7832
guy,2019,d06,79.8384
guy,2019,d07,80.6618
guy,2019,d08,68.7165
guy,2019,d09,91.854
guy,2019,d10,85.6101
hnd,2005,d01,83.9854
hnd,2005,d02,86.5641
hnd,2005,d03,86.4026
hnd,2005,d04,86.9076
hnd,2005,d05,87.757
hnd,2005,d06,83.6823
hnd,2005,d07,86.7153
hnd,2005,d08,80.9748
hnd,2005,d09,84.641
hnd,2005,d10,86.4561
hnd,2011,d01,88.8914
hnd,2011,d02,91.2708
hnd,2011,d03,87.3638
hnd,2011,d04,87.9278
hnd,2011,d05,89.5694
hnd,2011,d06,83.3469
hnd,2011,d07,85.5961
hnd,2011,d08,84.1395
hnd,2011,d09,91.1099
hnd,2011,d10,87.9871
hnd,2019,d01,89.5991
hnd,2019,d02,96.0799
hnd,2019,d03,86.4639
hnd,2019,d04,92.4349
hnd,2019,d05,86.7725
hnd,2019,d06,83.7449
hnd,2019,d07,92.1038
hnd,2019,d08,93.2852
hnd,2019,d09,87.0872
hnd,2019,d10,94.5057
hti,1994,d01,44.5946
hti,1994,d02,33.1504
hti,1994,d03,37.7136
hti,1994,d04,41.0925
hti,1994,d05,45.2347
hti,1994,d06,53.0409
hti,1994,d07,52.2146
hti,1994,d08,54.7959
hti,1994,d09,62.3379
hti,1994,d10,68.0002
hti,2000,d01,41.6263
hti,2000,d02,44.1517
hti,2000,d03,42.7834
hti,2000,d04,56.672
hti,2000,d05,46.8789
hti,2000,d06,69.0043
hti,2000,d07,50.097
hti,2000,d08,66.4455
hti,2000,d09,56.2572
hti,2000,d10,76.1622
hti,2005,d01,48.1731
hti,2005,d02,52.1306
hti,2005,d03,54.8995
hti,2005,d04,56.5813
hti,2005,d05,67.9001
hti,2005,d06,59.5695
hti,2005,d07,60.4241
hti,2005,d08,50.4471
hti,2005,d09,68.273
hti,2005,d10,65.5696
hti,2012,d01,74.8444
hti,2012,d02,56.1014
hti,2012,d03,67.8888
hti,2012,d04,61.148
hti,2012,d05,64.7362
hti,2012,d06,73.2694
hti,2012,d07,58.9812
hti,2012,d08,66.5453
hti,2012,d09,64.0834
hti,2012,d10,61.2574
hti,2016,d01,45.166
hti,2016,d02,57.4734
hti,2016,d03,54.3767
hti,2016,d04,55.2277
hti,2016,d05,55.2391
hti,2016,d06,59.7156
hti,2016,d07,73.5861
hti,2016,d08,73.3479
hti,2016,d09,84.3482
hti,2016,d10,72.8657
idn,1997,d01,56.0201
idn,1997,d02,62.3323
idn,1997,d03,65.1136
idn,1997,d04,66.1299
idn,1997,d05,66.5493
idn,1997,d06,78.1929
idn,1997,d07,73.8443
idn,1997,d08,75.8573
idn,1997,d09,79.8819
idn,1997,d10,91.5877
idn,2002,d01,59.2916
idn,2002,d02,59.3122
idn,2002,d03,63.69
idn,2002,d04,65.4509
idn,2002,d05,68.6478
idn,2002,d06,73.3409
idn,2002,d07,77.2477
idn,2002,d08,81.267
idn,2002,d09,83.3062
idn,2002,d10,86.746
idn,2007,d01,59.5631
idn,2007,d02,68.3801
idn,2007,d03,78.2277
idn,2007,d04,70.8903
idn,2007,d05,77.6652
idn,2007,d06,78.7863
idn,2007,d07,82.6589
idn,2007,d08,80.4957
idn,2007,d09,81.047
idn,2007,d10,89.6675
idn,2012,d01,60.468
idn,2012,d02,69.672
idn,2012,d03,76.7336
idn,2012,d04,82.3963
idn,2012,d05,86.1344
idn,2012,d06,84.8268
idn,2012,d07,82.0943
idn,2012,d08,82.9265
idn,2012,d09,87.9794
idn,2012,d10,91.7232
idn,2017,d01,70.7465
idn,2017,d02,72.8401
idn,2017,d03,70.4434
idn,2017,d04,80.3532
idn,2017,d05,79.2861
idn,2017,d06,81.7613
idn,2017,d07,82.3781
idn,2017,d08,83.0555
idn,2017,d09,85.3717
idn,2017,d10,82.0043
ind,1998,d01,28.0849
ind,1998,d02,28.6227
ind,1998,d03,33.5087
ind,1998,d04,43.8717
ind,1998,d05,49.4346
ind,1998,d06,55.2478
ind,1998,d07,60.3272
ind,1998,d08,69.1255
ind,1998,d09,76.6655
ind,1998,d10,86.4822
ind,2005,d01,37.05
ind,2005,d02,43.0283
ind,2005,d03,46.0808
ind,2005,d04,50.0248
ind,2005,d05,56.5283
ind,2005,d06,66.6989
ind,2005,d07,71.0734
ind,2005,d08,72.855
ind,2005,d09,79.7987
ind,2005,d10,91.2272
ind,2015,d01,70.7776
ind,2015,d02,75.7464
ind,2015,d03,77.9395
ind,2015,d04,79.9788
ind,2015,d05,82.5197
ind,2015,d06,83.6274
ind,2015,d07,85.7781
ind,2015,d08,85.6355
ind,2015,d09,86.5487
ind,2015,d10,91.3757
irq,2011,d01,57.7875
irq,2011,d02,67.3894
irq,2011,d03,73.8709
irq,2011,d04,77.2893
irq,2011,d05,79.1759
irq,2011,d06,76.2481
irq,2011,d07,83.3801
irq,2011,d08,84.9338
irq,2011,d09,84.6293
irq,2011,d10,83.729
irq,2018,d01,55.5433
irq,2018,d02,69.4176
irq,2018,d03,70.9207
irq,2018,d04,79.6728
irq,2018,d05,68.0347
irq,2018,d06,76.0147
irq,2018,d07,70.957
irq,2018,d08,80.7348
irq,2018,d09,88.2146
irq,2018,d10,89.3619
jor,1997,d01,89.8907
jor,1997,d02,89.9981
jor,1997,d03,89.525
jor,1997,d04,89.1554
jor,1997,d05,91.1884
jor,1997,d06,85.2429
jor,1997,d07,90.2209
jor,1997,d08,88.8668
jor,1997,d09,93.1578
jor,1997,d10,91.8309
jor,2002,d01,93.4877
jor,2002,d02,95.6069
jor,2002,d03,94.7022
jor,2002,d04,94.8096
jor,2002,d05,97.4198
jor,2002,d06,94.2766
jor,2002,d07,99.3111
jor,2002,d08,93.7322
jor,2002,d09,97.3825
jor,2002,d10,90.5736
jor,2007,d01,89.4171
jor,2007,d02,94.3786
jor,2007,d03,93.9243
jor,2007,d04,95.8357
jor,2007,d05,96.0548
jor,2007,d06,98.0837
jor,2007,d07,94.0897
jor,2007,d08,92.1992
jor,2007,d09,96.1242
jor,2007,d10,95.2958
jor,2012,d01,90.1311
jor,2012,d02,92.0434
jor,2012,d03,95.9272
jor,2012,d04,92.546
jor,2012,d05,97.8809
jor,2012,d06,96.2921
jor,2012,d07,96.4826
jor,2012,d08,93.0853
jor,2012,d09,95.5505
jor,2012,d10,97.9044
jor,2017,d01,77.5948
jor,2017,d02,82.3028
jor,2017,d03,79.2286
jor,2017,d04,82.242
jor,2017,d05,84.345
jor,2017,d06,81.7557
jor,2017,d07,80.4422
jor,2017,d08,81.9896
jor,2017,d09,77.7936
jor,2017,d10,69.2664
kaz,2006,d01,98.2278
kaz,2006,d02,100
kaz,2006,d03,99.2992
kaz,2006,d04,100
kaz,2006,d05,98.8256
kaz,2006,d06,97.3453
kaz,2006,d07,98.6973
kaz,2006,d08,98.0173
kaz,2006,d09,98.1343
kaz,2006,d10,100
kaz,2010,d01,97.2564
kaz,2010,d02,89.0321
kaz,2010,d03,91.6631
kaz,2010,d04,94.9408
kaz,2010,d05,89.6045
kaz,2010,d06,90.7839
kaz,2010,d07,93.4568
kaz,2010,d08,96.9074
kaz,2010,d09,96.8157
kaz,2010,d10,97.2743
kaz,2015,d01,85.7261
kaz,2015,d02,86.1501
kaz,2015,d03,93.7071
kaz,2015,d04,91.9449
kaz,2015,d05,85.7978
kaz,2015,d06,92.8933
kaz,2015,d07,83.1637
kaz,2015,d08,78.3098
kaz,2015,d09,70.499
kaz,2015,d10,91.6153
ken,1993,d01,72.4624
ken,1993,d02,66.5743
ken,1993,d03,88.0443
ken,1993,d04,88.447
ken,1993,d05,83.0715
ken,1993,d06,82.484
ken,1993,d07,95.0165
ken,1993,d08,86.4394
ken,1993,d09,89.2671
ken,1993,d10,90.3552
ken,1998,d01,59.6151
ken,1998,d02,70.5458
ken,1998,d03,77.8477
ken,1998,d04,82.1526
ken,1998,d05,80.8794
ken,1998,d06,89.5644
ken,1998,d07,74.3877
ken,1998,d08,94.5719
ken,1998,d09,85.9689
ken,1998,d10,91.4681
ken,2003,d01,57.0056
ken,2003,d02,52.5862
ken,2003,d03,62.323
ken,2003,d04,74.488
ken,2003,d05,77.7627
ken,2003,d06,81.1504
ken,2003,d07,81.7262
ken,2003,d08,78.1587
ken,2003,d09,84.3475
ken,2003,d10,93.4866
ken,2008,d01,73.1651
ken,2008,d02,78.1834
ken,2008,d03,80.8747
ken,2008,d04,80.801
ken,2008,d05,87.9641
ken,2008,d06,82.452
ken,2008,d07,92.0322
ken,2008,d08,87.9503
ken,2008,d09,94.254
ken,2008,d10,93.5796
ken,2014,d01,71.5734
ken,2014,d02,82.1755
ken,2014,d03,87.9933
ken,2014,d04,85.8854
ken,2014,d05,91.3948
ken,2014,d06,85.0269
ken,2014,d07,95.1453
ken,2014,d08,94.0108
ken,2014,d09,92.0543
ken,2014,d10,93.9227
kgz,2005,d01,94.3621
kgz,2005,d02,77.7115
kgz,2005,d03,82.4159
kgz,2005,d04,81.4482
kgz,2005,d05,74.4131
kgz,2005,d06,81.437
kgz,2005,d07,83.5823
kgz,2005,d08,81.4228
kgz,2005,d09,88.3947
kgz,2005,d10,90.5235
kgz,2012,d01,98.9586
kgz,2012,d02,99.2603
kgz,2012,d03,98.0236
kgz,2012,d04,98.0272
kgz,2012,d05,98.3911
kgz,2012,d06,96.0958
kgz,2012,d07,91.5912
kgz,2012,d08,94.0663
kgz,2012,d09,100
kgz,2012,d10,91.5362
kgz,2014,d01,94.4848
kgz,2014,d02,90.7816
kgz,2014,d03,94.0722
kgz,2014,d04,91.0301
kgz,2014,d05,93.4487
kgz,2014,d06,93.7253
kgz,2014,d07,91.4646
kgz,2014,d08,91.5751
kgz,2014,d09,80.0327
kgz,2014,d10,88.1238
kgz,2018,d01,91.4041
kgz,2018,d02,81.4522
kgz,2018,d03,98.357
kgz,2018,d04,94.0378
kgz,2018,d05,87.7629
kgz,2018,d06,87.9476
kgz,2018,d07,84.6574
kgz,2018,d08,87.6608
kgz,2018,d09,80.1861
kgz,2018,d10,67.9241
khm,2000,d01,45.7996
khm,2000,d02,41.9316
khm,2000,d03,44.1729
khm,2000,d04,59.0305
khm,2000,d05,53.8276
khm,2000,d06,56.5
khm,2000,d07,61.3194
khm,2000,d08,57.9737
khm,2000,d09,82.8718
khm,2000,d10,80.1473
khm,2005,d01,66.0199
khm,2005,d02,74.0865
khm,2005,d03,76.0631
khm,2005,d04,75.8392
khm,2005,d05,80.3918
khm,2005,d06,73.4093
khm,2005,d07,85.5256
khm,2005,d08,81.365
khm,2005,d09,76.4527
khm,2005,d10,89.0698
khm,2010,d01,67.8274
khm,2010,d02,71.4682
khm,2010,d03,75.1509
khm,2010,d04,87.1358
khm,2010,d05,82.5901
khm,2010,d06,89.5728
khm,2010,d07,85.9154
khm,2010,d08,89.1025
khm,2010,d09,86.7615
khm,2010,d10,93.7839
khm,2014,d01,63.7163
khm,2014,d02,68.2299
khm,2014,d03,65.2815
khm,2014,d04,77.743
khm,2014,d05,72.8771
khm,2014,d06,81.5833
khm,2014,d07,87.3058
khm,2014,d08,87.8792
khm,2014,d09,93.3281
khm,2014,d10,95.8897
kir,2018,d01,49.0434
kir,2018,d02,45.6779
kir,2018,d03,50.7462
kir,2018,d04,51.1641
kir,2018,d05,45.9673
kir,2018,d06,59.228
kir,2018,d07,37.3235
kir,2018,d08,53.1074
kir,2018,d09,62.5614
kir,2018,d10,46.2357
lao,2006,d01,30.4357
lao,2006,d02,34.1372
lao,2006,d03,31.8138
lao,2006,d04,31.7236
lao,2006,d05,40.6085
lao,2006,d06,51.0156
lao,2006,d07,47.8862
lao,2006,d08,39.0489
lao,2006,d09,51.7854
lao,2006,d10,70.5403
lao,2011,d01,47.871
lao,2011,d02,52.6926
lao,2011,d03,51.1396
lao,2011,d04,60.0926
lao,2011,d05,65.4085
lao,2011,d06,72.045
lao,2011,d07,69.6107
lao,2011,d08,74.9581
lao,2011,d09,79.3835
lao,2011,d10,83.8513
lao,2017,d01,51.9694
lao,2017,d02,53.3302
lao,2017,d03,61.0163
lao,2017,d04,67.438
lao,2017,d05,67.4999
lao,2017,d06,67.8136
lao,2017,d07,68.4748
lao,2017,d08,77.0071
lao,2017,d09,74.4778
lao,2017,d10,81.8028
lbr,2007,d01,39.501
lbr,2007,d02,50.5251
lbr,2007,d03,57.8094
lbr,2007,d04,52.7261
lbr,2007,d05,60.7309
lbr,2007,d06,67.3876
lbr,2007,d07,74.8139
lbr,2007,d08,74.0081
lbr,2007,d09,86.7733
lbr,2007,d10,85.2626
lbr,2013,d01,64.3666
lbr,2013,d02,65.8177
lbr,2013,d03,74.8361
lbr,2013,d04,73.4215
lbr,2013,d05,63.7692
lbr,2013,d06,81.9055
lbr,2013,d07,75.8986
lbr,2013,d08,80.0273
lbr,2013,d09,78.6769
lbr,2013,d10,89.8944
lbr,2019,d01,63.3725
lbr,2019,d02,64.6713
lbr,2019,d03,69.3011
lbr,2019,d04,78.453
lbr,2019,d05,73.8659
lbr,2019,d06,73.9069
lbr,2019,d07,72.5294
lbr,2019,d08,83.1795
lbr,2019,d09,80.214
lbr,2019,d10,94.121
lso,2004,d01,81.456
lso,2004,d02,82.3815
lso,2004,d03,84.3131
lso,2004,d04,91.4661
lso,2004,d05,90.347
lso,2004,d06,81.066
lso,2004,d07,80.3818
lso,2004,d08,89.9093
lso,2004,d09,75.0874
lso,2004,d10,94.0345
lso,2009,d01,65.1482
lso,2009,d02,70.7995
lso,2009,d03,81.3972
lso,2009,d04,73.0347
lso,2009,d05,78.8046
lso,2009,d06,86.3207
lso,2009,d07,80.2666
lso,2009,d08,87.3305
lso,2009,d09,92.4193
lso,2009,d10,91.08
lso,2014,d01,83.838
lso,2014,d02,91.705
lso,2014,d03,82.9482
lso,2014,d04,87.3821
lso,2014,d05,94.103
lso,2014,d06,100
lso,2014,d07,87.7781
lso,2014,d08,93.9824
lso,2014,d09,84.7788
lso,2014,d10,95.8341
lso,2018,d01,82.5408
lso,2018,d02,84.302
lso,2018,d03,86.8947
lso,2018,d04,90.9268
lso,2018,d05,85.3393
lso,2018,d06,94.7242
lso,2018,d07,94.362
lso,2018,d08,98.1491
lso,2018,d09,89.6471
lso,2018,d10,96.5997
mar,2003,d01,78.584
mar,2003,d02,87.0504
mar,2003,d03,84.3224
mar,2003,d04,89.7449
mar,2003,d05,90.8018
mar,2003,d06,91.7629
mar,2003,d07,92.6867
mar,2003,d08,98.8055
mar,2003,d09,96.5513
mar,2003,d10,98.9875
mdg,1997,d01,29.3239
mdg,1997,d02,35.0558
mdg,1997,d03,30.6705
mdg,1997,d04,38.8155
mdg,1997,d05,35.5304
mdg,1997,d06,41.4118
mdg,1997,d07,58.9754
mdg,1997,d08,64.6631
mdg,1997,d09,77.4609
mdg,1997,d10,80.3842
mdg,2003,d01,39.0052
mdg,2003,d02,36.6928
mdg,2003,d03,44.1088
mdg,2003,d04,60.2227
mdg,2003,d05,53.2605
mdg,2003,d06,66.9801
mdg,2003,d07,76.0017
mdg,2003,d08,81.1878
mdg,2003,d09,80.8076
mdg,2003,d10,88.4438
mdg,2008,d01,42.6108
mdg,2008,d02,60.3052
mdg,2008,d03,55.7796
mdg,2008,d04,68.7194
mdg,2008,d05,77.433
mdg,2008,d06,69.0672
mdg,2008,d07,83.7958
mdg,2008,d08,83.2074
mdg,2008,d09,88.334
mdg,2008,d10,93.8086
mdg,2018,d01,30.1294
mdg,2018,d02,42.7433
mdg,2018,d03,48.804
mdg,2018,d04,55.0002
mdg,2018,d05,61.1201
mdg,2018,d06,57.5853
mdg,2018,d07,63.9627
mdg,2018,d08,70.5852
mdg,2018,d09,69.6662
mdg,2018,d10,84.2143
mdv,2009,d01,92.0898
mdv,2009,d02,99.3054
mdv,2009,d03,99.6845
mdv,2009,d04,94.4894
mdv,2009,d05,91.1947
mdv,2009,d06,95.176
mdv,2009,d07,89.6922
mdv,2009,d08,95.8672
mdv,2009,d09,90.843
mdv,2009,d10,96.4845
mex,2015,d01,74.3118
mex,2015,d02,75.0969
mex,2015,d03,62.0278
mex,2015,d04,59.5653
mex,2015,d05,47.9521
mex,2015,d06,55.2244
mex,2015,d07,52.662
mex,2015,d08,63.947
mex,2015,d09,64.7398
mex,2015,d10,81.9943
mex,2018,d01,55.8661
mex,2018,d02,59.8062
mex,2018,d03,65.2744
mex,2018,d04,52.6507
mex,2018,d05,61.7688
mex,2018,d06,60.0205
mex,2018,d07,64.6047
mex,2018,d08,65.603
mex,2018,d09,66.527
mex,2018,d10,64.7827
mkd,2005,d01,70.8784
mkd,2005,d02,79.5202
mkd,2005,d03,90.4341
mkd,2005,d04,87.7486
mkd,2005,d05,69.7487
mkd,2005,d06,85.0472
mkd,2005,d07,94.3588
mkd,2005,d08,88.8587
mkd,2005,d09,75.2326
mkd,2005,d10,83.697
mkd,2018,d01,60.9748
mkd,2018,d02,64.3578
mkd,2018,d03,92.1149
mkd,2018,d04,71.8075
mkd,2018,d05,60.1666
mkd,2018,d06,80.1944
mkd,2018,d07,42.5251
mkd,2018,d08,47.7958
mkd,2018,d09,53.8664
mkd,2018,d10,62.5742
mli,1995,d01,33.0039
mli,1995,d02,37.2842
mli,1995,d03,39.3085
mli,1995,d04,42.0705
mli,1995,d05,46.6023
mli,1995,d06,51.2934
mli,1995,d07,51.9124
mli,1995,d08,52.1011
mli,1995,d09,77.1764
mli,1995,d10,82.9842
mli,2001,d01,39.3123
mli,2001,d02,40.108
mli,2001,d03,39.6209
mli,2001,d04,39.1108
mli,2001,d05,38.6541
mli,2001,d06,38.3789
mli,2001,d07,48.9459
mli,2001,d08,56.4155
mli,2001,d09,71.4636
mli,2001,d10,82.7066
mli,2006,d01,69.8613
mli,2006,d02,64.633
mli,2006,d03,69.0394
mli,2006,d04,61.7924
mli,2006,d05,64.7087
mli,2006,d06,66.2009
mli,2006,d07,64.1071
mli,2006,d08,71.1251
mli,2006,d09,72.2786
mli,2006,d10,82.3214
mli,2009,d01,58.9942
mli,2009,d02,62.0268
mli,2009,d03,68.8219
mli,2009,d04,71.1129
mli,2009,d05,70.9879
mli,2009,d06,73.8522
mli,2009,d07,80.0792
mli,2009,d08,76.2476
mli,2009,d09,84.1633
mli,2009,d10,86.582
mli,2012,d01,61.8065
mli,2012,d02,61.7938
mli,2012,d03,64.0188
mli,2012,d04,73.4077
mli,2012,d05,68.9494
mli,2012,d06,68.8768
mli,2012,d07,77.0015
mli,2012,d08,76.4915
mli,2012,d09,81.5872
mli,2012,d10,84.1959
mli,2015,d01,41.0637
mli,2015,d02,47.7524
mli,2015,d03,52.5452
mli,2015,d04,57.4784
mli,2015,d05,59.372
mli,2015,d06,61.059
mli,2015,d07,64.2127
mli,2015,d08,71.1078
mli,2015,d09,69.6261
mli,2015,d10,81.6139
mli,2018,d01,57.2644
mli,2018,d02,63.2614
mli,2018,d03,70.3358
mli,2018,d04,66.5487
mli,2018,d05,67.0032
mli,2018,d06,70.2965
mli,2018,d07,67.0426
mli,2018,d08,76.783
mli,2018,d09,76.904
mli,2018,d10,87.4268
mmr,2015,d01,72.5214
mmr,2015,d02,78.0823
mmr,2015,d03,63.2902
mmr,2015,d04,58.463
mmr,2015,d05,76.6938
mmr,2015,d06,88.3671
mmr,2015,d07,81.8643
mmr,2015,d08,85.4875
mmr,2015,d09,90.9204
mmr,2015,d10,93.686
mng,2005,d01,88.9164
mng,2005,d02,84.1984
mng,2005,d03,85.4344
mng,2005,d04,83.9126
mng,2005,d05,86.5778
mng,2005,d06,92.9679
mng,2005,d07,85.2188
mng,2005,d08,91.6817
mng,2005,d09,88.9754
mng,2005,d10,93.2454
mng,2010,d01,82.218
mng,2010,d02,88.5916
mng,2010,d03,80.9725
mng,2010,d04,79.1298
mng,2010,d05,90.4303
mng,2010,d06,81.8431
mng,2010,d07,88.7301
mng,2010,d08,87.7606
mng,2010,d09,87.8605
mng,2010,d10,88.0481
mng,2013,d01,95.0619
mng,2013,d02,85.3361
mng,2013,d03,96.6845
mng,2013,d04,96.3393
mng,2013,d05,96.6445
mng,2013,d06,93.6292
mng,2013,d07,95.9626
mng,2013,d08,92.663
mng,2013,d09,96.0779
mng,2013,d10,93.0944
mng,2018,d01,96.0685
mng,2018,d02,89.6685
mng,2018,d03,80.1847
mng,2018,d04,92.5856
mng,2018,d05,89.369
mng,2018,d06,94.1448
mng,2018,d07,91.6407
mng,2018,d08,93.7518
mng,2018,d09,98.457
mng,2018,d10,90.7566
moz,1997,d01,28.0344
moz,1997,d02,40.0449
moz,1997,d03,35.1353
moz,1997,d04,50.0475
moz,1997,d05,35.4477
moz,1997,d06,58.3613
moz,1997,d07,78.3475
moz,1997,d08,76.4419
moz,1997,d09,90.8154
moz,1997,d10,97.2131
moz,2003,d01,55.9782
moz,2003,d02,67.1787
moz,2003,d03,67.1385
moz,2003,d04,69.4213
moz,2003,d05,77.8964
moz,2003,d06,77.267
moz,2003,d07,87.3534
moz,2003,d08,94.2631
moz,2003,d09,95.0939
moz,2003,d10,97.7301
moz,2008,d01,60.646
moz,2008,d02,62.1294
moz,2008,d03,61.3248
moz,2008,d04,70.6127
moz,2008,d05,78.0325
moz,2008,d06,77.2821
moz,2008,d07,81.739
moz,2008,d08,80.3021
moz,2008,d09,88.7547
moz,2008,d10,91.2737
moz,2011,d01,79.0269
moz,2011,d02,70.1815
moz,2011,d03,77.3186
moz,2011,d04,72.3659
moz,2011,d05,83.1905
moz,2011,d06,75.7665
moz,2011,d07,89.012
moz,2011,d08,93.1268
moz,2011,d09,89.4368
moz,2011,d10,97.2909
moz,2015,d01,67.7835
moz,2015,d02,79.2803
moz,2015,d03,72.9476
moz,2015,d04,76.9886
moz,2015,d05,85.06
moz,2015,d06,82.1222
moz,2015,d07,90.7499
moz,2015,d08,97.4704
moz,2015,d09,97.1998
moz,2015,d10,96.2132
mrt,2007,d01,66.3522
mrt,2007,d02,64.8587
mrt,2007,d03,75.2695
mrt,2007,d04,82.3222
mrt,2007,d05,76.2079
mrt,2007,d06,82.6927
mrt,2007,d07,69.9573
mrt,2007,d08,73.2509
mrt,2007,d09,80.8869
mrt,2007,d10,76.0809
mrt,2011,d01,52.389
mrt,2011,d02,53.6101
mrt,2011,d03,70.5628
mrt,2011,d04,72.4434
mrt,2011,d05,78.1899
mrt,2011,d06,68.8136
mrt,2011,d07,79.0359
mrt,2011,d08,73.5382
mrt,2011,d09,81.6855
mrt,2011,d10,78.3792
mrt,2015,d01,58.0822
mrt,2015,d02,61.4553
mrt,2015,d03,57.7644
mrt,2015,d04,68.1199
mrt,2015,d05,70.8721
mrt,2015,d06,69.4262
mrt,2015,d07,76.3188
mrt,2015,d08,77.1084
mrt,2015,d09,83.6478
mrt,2015,d10,90.8676
mrt,2019,d01,57.2654
mrt,2019,d02,59.5512
mrt,2019,d03,66.3667
mrt,2019,d04,80.2771
mrt,2019,d05,80.9615
mrt,2019,d06,81.4743
mrt,2019,d07,81.5797
mrt,2019,d08,78.0474
mrt,2019,d09,79.0647
mrt,2019,d10,88.22
mwi,2000,d01,82.3444
mwi,2000,d02,75.5434
mwi,2000,d03,80.271
mwi,2000,d04,81.2072
mwi,2000,d05,85.1663
mwi,2000,d06,81.002
mwi,2000,d07,85.152
mwi,2000,d08,84.4686
mwi,2000,d09,88.6376
mwi,2000,d10,92.6223
mwi,2004,d01,58.7399
mwi,2004,d02,72.5526
mwi,2004,d03,77.8701
mwi,2004,d04,75.1417
mwi,2004,d05,75.647
mwi,2004,d06,81.4282
mwi,2004,d07,86.5111
mwi,2004,d08,84.4037
mwi,2004,d09,87.8851
mwi,2004,d10,88.912
mwi,2006,d01,77.0291
mwi,2006,d02,83.9001
mwi,2006,d03,83.3959
mwi,2006,d04,86.6155
mwi,2006,d05,82.0756
mwi,2006,d06,86.3405
mwi,2006,d07,82.5196
mwi,2006,d08,82.7896
mwi,2006,d09,81.0916
mwi,2006,d10,94.1307
mwi,2010,d01,89.4918
mwi,2010,d02,90.8971
mwi,2010,d03,89.9749
mwi,2010,d04,94.5808
mwi,2010,d05,89.7956
mwi,2010,d06,93.4742
mwi,2010,d07,96.2861
mwi,2010,d08,95.682
mwi,2010,d09,95.9416
mwi,2010,d10,95.8473
mwi,2013,d01,92.8683
mwi,2013,d02,89.4303
mwi,2013,d03,89.6373
mwi,2013,d04,89.1936
mwi,2013,d05,90.7558
mwi,2013,d06,96.303
mwi,2013,d07,89.6285
mwi,2013,d08,94.1125
mwi,2013,d09,92.6056
mwi,2013,d10,97.5358
mwi,2015,d01,89.1624
mwi,2015,d02,90.9529
mwi,2015,d03,93.3278
mwi,2015,d04,91.367
mwi,2015,d05,89.6535
mwi,2015,d06,90.3762
mwi,2015,d07,91.3249
mwi,2015,d08,91.3014
mwi,2015,d09,92.5797
mwi,2015,d10,94.5639
mwi,2019,d01,85.9482
mwi,2019,d02,84.4005
mwi,2019,d03,87.9559
mwi,2019,d04,85.511
mwi,2019,d05,87.9881
mwi,2019,d06,90.3123
mwi,2019,d07,90.0621
mwi,2019,d08,88.2621
mwi,2019,d09,88.4743
mwi,2019,d10,96.4759
nam,2000,d01,72.1003
nam,2000,d02,78.7257
nam,2000,d03,83.2026
nam,2000,d04,77.1217
nam,2000,d05,77.0629
nam,2000,d06,73.3314
nam,2000,d07,84.7956
nam,2000,d08,87.3787
nam,2000,d09,82.8675
nam,2000,d10,89.1827
nam,2006,d01,71.0504
nam,2006,d02,68.6922
nam,2006,d03,89.6105
nam,2006,d04,89.9551
nam,2006,d05,80.0762
nam,2006,d06,80.3754
nam,2006,d07,90.1795
nam,2006,d08,85.5608
nam,2006,d09,94.7802
nam,2006,d10,96.1098
nam,2013,d01,92.7078
nam,2013,d02,93.8614
nam,2013,d03,92.2021
nam,2013,d04,88.3281
nam,2013,d05,88.8615
nam,2013,d06,88.8959
nam,2013,d07,94.1388
nam,2013,d08,81.3742
nam,2013,d09,77.4921
nam,2013,d10,97.9852
ner,1998,d01,23.0607
ner,1998,d02,23.2147
ner,1998,d03,27.3331
ner,1998,d04,25.983
ner,1998,d05,23.4086
ner,1998,d06,25.0283
ner,1998,d07,31.2939
ner,1998,d08,43.4656
ner,1998,d09,60.7205
ner,1998,d10,71.7394
ner,2006,d01,34.788
ner,2006,d02,29.719
ner,2006,d03,39.6693
ner,2006,d04,47.4563
ner,2006,d05,46.9245
ner,2006,d06,37.3814
ner,2006,d07,42.1999
ner,2006,d08,47.1166
ner,2006,d09,68.4602
ner,2006,d10,78.436
ner,2012,d01,63.0898
ner,2012,d02,60.0535
ner,2012,d03,66.3101
ner,2012,d04,67.1845
ner,2012,d05,62.2171
ner,2012,d06,71.5759
ner,2012,d07,67.0488
ner,2012,d08,78.333
ner,2012,d09,70.3058
ner,2012,d10,80.9283
ner,2021,d01,44.0728
ner,2021,d02,49.2445
ner,2021,d03,50.528
ner,2021,d04,49.0697
ner,2021,d05,50.4657
ner,2021,d06,49.224
ner,2021,d07,51.7333
ner,2021,d08,55.5403
ner,2021,d09,67.234
ner,2021,d10,55.5802
nga,2003,d01,12.1945
nga,2003,d02,19.1241
nga,2003,d03,20.4395
nga,2003,d04,25.1193
nga,2003,d05,31.2173
nga,2003,d06,34.7816
nga,2003,d07,26.9974
nga,2003,d08,56.2857
nga,2003,d09,57.2682
nga,2003,d10,83.9411
nga,2007,d01,15.1356
nga,2007,d02,19.63
nga,2007,d03,21.5751
nga,2007,d04,27.5676
nga,2007,d05,32.158
nga,2007,d06,35.05
nga,2007,d07,53.9145
nga,2007,d08,67.1725
nga,2007,d09,72.551
nga,2007,d10,85.9749
nga,2008,d01,15.2983
nga,2008,d02,19.3821
nga,2008,d03,25.3396
nga,2008,d04,31.0763
nga,2008,d05,39.4705
nga,2008,d06,41.5111
nga,2008,d07,54.7992
nga,2008,d08,61.2237
nga,2008,d09,68.3682
nga,2008,d10,81.7021
nga,2011,d01,25.5852
nga,2011,d02,28.1813
nga,2011,d03,35.551
nga,2011,d04,46.4481
nga,2011,d05,54.852
nga,2011,d06,53.8396
nga,2011,d07,65.4712
nga,2011,d08,79.5825
nga,2011,d09,83.8853
nga,2011,d10,88.2338
nga,2013,d01,7.956
nga,2013,d02,17.9214
nga,2013,d03,21.7875
nga,2013,d04,31.9311
nga,2013,d05,40.3625
nga,2013,d06,47.6088
nga,2013,d07,53.9896
nga,2013,d08,67.0556
nga,2013,d09,71.8255
nga,2013,d10,84.1834
nga,2016,d01,10.4162
nga,2016,d02,18.5981
nga,2016,d03,24.8165
nga,2016,d04,27.6563
nga,2016,d05,32.9457
nga,2016,d06,41.3733
nga,2016,d07,55.0394
nga,2016,d08,63.708
nga,2016,d09,73.8678
nga,2016,d10,81.3683
nga,2018,d01,27.427
nga,2018,d02,35.9955
nga,2018,d03,41.0472
nga,2018,d04,39.3188
nga,2018,d05,50.8815
nga,2018,d06,57.0793
nga,2018,d07,67.793
nga,2018,d08,65.7219
nga,2018,d09,79.8052
nga,2018,d10,89.033
nic,1998,d01,70.308
nic,1998,d02,87.141
nic,1998,d03,89.1793
nic,1998,d04,84.5519
nic,1998,d05,88.1123
nic,1998,d06,87.5561
nic,1998,d07,96.983
nic,1998,d08,85.7786
nic,1998,d09,91.7599
nic,1998,d10,88.7388
nic,2001,d01,72.62
nic,2001,d02,81.1983
nic,2001,d03,87.936
nic,2001,d04,93.7099
nic,2001,d05,90.0214
nic,2001,d06,92.9534
nic,2001,d07,83.227
nic,2001,d08,88.7991
nic,2001,d09,98.5106
nic,2001,d10,89.8291
npl,1996,d01,46.0284
npl,1996,d02,44.3808
npl,1996,d03,48.9809
npl,1996,d04,58.0627
npl,1996,d05,54.3431
npl,1996,d06,55.5819
npl,1996,d07,51.0863
npl,1996,d08,72.9178
npl,1996,d09,73.2215
npl,1996,d10,84.8408
npl,2001,d01,63.2518
npl,2001,d02,58.6827
npl,2001,d03,68.0527
npl,2001,d04,65.9537
npl,2001,d05,64.1482
npl,2001,d06,75.4913
npl,2001,d07,80.9316
npl,2001,d08,78.8141
npl,2001,d09,76.0413
npl,2001,d10,90.342
npl,2006,d01,65.7917
npl,2006,d02,83.0171
npl,2006,d03,82.6002
npl,2006,d04,87.8294
npl,2006,d05,85.2351
npl,2006,d06,89.538
npl,2006,d07,91.7233
npl,2006,d08,90.7339
npl,2006,d09,97.0197
npl,2006,d10,90.4666
npl,2011,d01,80.2846
npl,2011,d02,91.6132
npl,2011,d03,87.1621
npl,2011,d04,82.9781
npl,2011,d05,89.6249
npl,2011,d06,80.147
npl,2011,d07,91.1395
npl,2011,d08,92.2734
npl,2011,d09,95.6768
npl,2011,d10,98.5877
npl,2014,d01,89.8455
npl,2014,d02,90.4262
npl,2014,d03,88.3972
npl,2014,d04,88.249
npl,2014,d05,94.7482
npl,2014,d06,84.7934
npl,2014,d07,93.503
npl,2014,d08,87.8994
npl,2014,d09,98.5693
npl,2014,d10,95.5206
npl,2016,d01,90.1083
npl,2016,d02,98.2499
npl,2016,d03,91.9776
npl,2016,d04,87.2674
npl,2016,d05,90.025
npl,2016,d06,81.7153
npl,2016,d07,92.3275
npl,2016,d08,94.7528
npl,2016,d09,86.7774
npl,2016,d10,99.3453
npl,2019,d01,88.8948
npl,2019,d02,87.6508
npl,2019,d03,83.7139
npl,2019,d04,83.5914
npl,2019,d05,84.1061
npl,2019,d06,87.4851
npl,2019,d07,87.5109
npl,2019,d08,93.4094
npl,2019,d09,88.3686
npl,2019,d10,86.882
pak,2006,d01,35.0999
pak,2006,d02,37.5501
pak,2006,d03,38.8882
pak,2006,d04,63.0256
pak,2006,d05,63.6615
pak,2006,d06,66.6642
pak,2006,d07,73.5089
pak,2006,d08,76.2269
pak,2006,d09,67.8168
pak,2006,d10,84.0001
pak,2012,d01,26.7662
pak,2012,d02,43.6468
pak,2012,d03,60.7917
pak,2012,d04,60.4173
pak,2012,d05,55.2118
pak,2012,d06,68.5892
pak,2012,d07,67.5858
pak,2012,d08,77.5057
pak,2012,d09,81.1238
pak,2012,d10,84.293
pak,2017,d01,44.5557
pak,2017,d02,49.8435
pak,2017,d03,73.4179
pak,2017,d04,65.5424
pak,2017,d05,76.8154
pak,2017,d06,77.2285
pak,2017,d07,84.1823
pak,2017,d08,83.0156
pak,2017,d09,86.148
pak,2017,d10,90.1361
per,1996,d01,75.3725
per,1996,d02,81.8269
per,1996,d03,84.6533
per,1996,d04,89.7453
per,1996,d05,88.1359
per,1996,d06,84.2917
per,1996,d07,89.4021
per,1996,d08,95.5739
per,1996,d09,91.219
per,1996,d10,92.4593
per,2000,d01,76.627
per,2000,d02,85.4144
per,2000,d03,82.4537
per,2000,d04,81.8538
per,2000,d05,79.3478
per,2000,d06,86.6915
per,2000,d07,90.3544
per,2000,d08,86.755
per,2000,d09,91.5793
per,2000,d10,93.1651
per,2008,d01,80.1862
per,2008,d02,80.6797
per,2008,d03,85.2659
per,2008,d04,86.4919
per,2008,d05,79.4938
per,2008,d06,81.2482
per,2008,d07,80.0829
per,2008,d08,79.6818
per,2008,d09,87.7536
per,2008,d10,78.2853
per,2009,d01,74.9266
per,2009,d02,75.8241
per,2009,d03,74.5087
per,2009,d04,73.7702
per,2009,d05,74.8447
per,2009,d06,79.8434
per,2009,d07,75.6865
per,2009,d08,77.4663
per,2009,d09,82.2386
per,2009,d10,74.3433
per,2010,d01,81.6423
per,2010,d02,87.202
per,2010,d03,79.2997
per,2010,d04,81.5473
per,2010,d05,79.9628
per,2010,d06,85.816
per,2010,d07,81.9263
per,2010,d08,92.4271
per,2010,d09,80.1042
per,2010,d10,90.9189
per,2011,d01,86.5386
per,2011,d02,88.9209
per,2011,d03,90.7406
per,2011,d04,88.5892
per,2011,d05,82.0183
per,2011,d06,84.4407
per,2011,d07,87.0034
per,2011,d08,92.5272
per,2011,d09,94.6486
per,2011,d10,93.2199
per,2012,d01,88.6977
per,2012,d02,94.2202
per,2012,d03,88.2139
per,2012,d04,89.9439
per,2012,d05,82.7436
per,2012,d06,91.8802
per,2012,d07,92.2161
per,2012,d08,90.3858
per,2012,d09,82.5995
per,2012,d10,95.8263
per,2013,d01,85.4072
per,2013,d02,86.9035
per,2013,d03,85.2396
per,2013,d04,84.1521
per,2013,d05,88.1582
per,2013,d06,90.6271
per,2013,d07,81.5463
per,2013,d08,82.5247
per,2013,d09,73.2759
per,2013,d10,86.6272
per,2014,d01,82.7857
per,2014,d02,87.6032
per,2014,d03,81.4385
per,2014,d04,81.0473
per,2014,d05,79.8119
per,2014,d06,86.9211
per,2014,d07,79.9493
per,2014,d08,84.169
per,2014,d09,87.2485
per,2014,d10,83.7959
per,2015,d01,80.7623
per,2015,d02,86.3559
per,2015,d03,86.6562
per,2015,d04,82.9255
per,2015,d05,85.7166
per,2015,d06,88.4413
per,2015,d07,83.8621
per,2015,d08,89.6884
per,2015,d09,87.6397
per,2015,d10,88.9565
per,2016,d01,83.0094
per,2016,d02,87.9826
per,2016,d03,86.8758
per,2016,d04,90.1764
per,2016,d05,85.0441
per,2016,d06,86.1529
per,2016,d07,87.7313
per,2016,d08,89.6291
per,2016,d09,89.5082
per,2016,d10,83.8104
per,2017,d01,81.3261
per,2017,d02,87.4644
per,2017,d03,86.3824
per,2017,d04,90.5808
per,2017,d05,86.0302
per,2017,d06,85.951
per,2017,d07,92.0359
per,2017,d08,87.2658
per,2017,d09,90.399
per,2017,d10,94.7746
per,2018,d01,87.1704
per,2018,d02,90.3986
per,2018,d03,85.5451
per,2018,d04,88.6019
per,2018,d05,82.5672
per,2018,d06,92.2833
per,2018,d07,90.3321
per,2018,d08,88.5395
per,2018,d09,89.7494
per,2018,d10,94.4074
per,2019,d01,88.129
per,2019,d02,88.2337
per,2019,d03,87.6603
per,2019,d04,89.4671
per,2019,d05,86.3843
per,2019,d06,91.5207
per,2019,d07,91.485
per,2019,d08,91.7979
per,2019,d09,89.4622
per,2019,d10,93.3762
per,2020,d01,86.3277
per,2020,d02,84.0017
per,2020,d03,84.9877
per,2020,d04,83.882
per,2020,d05,86.5729
per,2020,d06,80.5918
per,2020,d07,81.8336
per,2020,d08,86.5376
per,2020,d09,81.4638
per,2020,d10,93.3342
phl,1993,d01,64.628
phl,1993,d02,77.759
phl,1993,d03,81.5405
phl,1993,d04,82.292
phl,1993,d05,87.6504
phl,1993,d06,93.0427
phl,1993,d07,85.2892
phl,1993,d08,87.1181
phl,1993,d09,82.3648
phl,1993,d10,82.8409
phl,1998,d01,66.0833
phl,1998,d02,68.9761
phl,1998,d03,75.3006
phl,1998,d04,79.01
phl,1998,d05,80.0178
phl,1998,d06,87.444
phl,1998,d07,82.1569
phl,1998,d08,86.7164
phl,1998,d09,92.3789
phl,1998,d10,91.7892
phl,2003,d01,63.616
phl,2003,d02,75.9239
phl,2003,d03,82.2443
phl,2003,d04,81.0039
phl,2003,d05,82.1108
phl,2003,d06,84.6234
phl,2003,d07,78.2807
phl,2003,d08,82.0246
phl,2003,d09,89.4418
phl,2003,d10,89.3405
phl,2008,d01,68.8933
phl,2008,d02,74.3352
phl,2008,d03,87.3385
phl,2008,d04,82.8034
phl,2008,d05,83.9351
phl,2008,d06,90.5499
phl,2008,d07,92.9036
phl,2008,d08,93.4518
phl,2008,d09,90.9807
phl,2008,d10,91.5812
phl,2013,d01,70.006
phl,2013,d02,76.1161
phl,2013,d03,86.1161
phl,2013,d04,85.7215
phl,2013,d05,86.0009
phl,2013,d06,88.7041
phl,2013,d07,89.4249
phl,2013,d08,88.2132
phl,2013,d09,90.382
phl,2013,d10,87.4379
phl,2017,d01,65.5702
phl,2017,d02,71.0731
phl,2017,d03,82.5199
phl,2017,d04,86.2062
phl,2017,d05,83.596
phl,2017,d06,81.9227
phl,2017,d07,87.6099
phl,2017,d08,87.4229
phl,2017,d09,75.5204
phl,2017,d10,97.2004
png,2016,d01,41.3686
png,2016,d02,35.4464
png,2016,d03,46.9864
png,2016,d04,52.5695
png,2016,d05,49.8515
png,2016,d06,60.65
png,2016,d07,57.288
png,2016,d08,71.7861
png,2016,d09,83.3714
png,2016,d10,84.694
pry,2016,d01,71.5887
pry,2016,d02,58.9075
pry,2016,d03,48.1645
pry,2016,d04,60.2731
pry,2016,d05,72.7865
pry,2016,d06,66.5925
pry,2016,d07,73.7789
pry,2016,d08,57.5396
pry,2016,d09,72.1558
pry,2016,d10,77.8491
pse,2010,d01,94.2862
pse,2010,d02,96.0804
pse,2010,d03,88.6129
pse,2010,d04,96.7185
pse,2010,d05,92.4881
pse,2010,d06,93.0414
pse,2010,d07,93.714
pse,2010,d08,87.5163
pse,2010,d09,86.6635
pse,2010,d10,91.6648
pse,2014,d01,94.7646
pse,2014,d02,93.1978
pse,2014,d03,90.5322
pse,2014,d04,83.2585
pse,2014,d05,94.498
pse,2014,d06,94.0109
pse,2014,d07,91.9246
pse,2014,d08,90.4271
pse,2014,d09,89.7294
pse,2014,d10,90.3184
pse,2019,d01,94.3066
pse,2019,d02,99.3567
pse,2019,d03,94.1972
pse,2019,d04,93.5027
pse,2019,d05,87.1457
pse,2019,d06,90.3984
pse,2019,d07,91.4812
pse,2019,d08,89.184
pse,2019,d09,89.2908
pse,2019,d10,81.4966
rwa,2005,d01,85.2757
rwa,2005,d02,84.5442
rwa,2005,d03,87.7437
rwa,2005,d04,82.2502
rwa,2005,d05,84.8418
rwa,2005,d06,81.8553
rwa,2005,d07,85.7728
rwa,2005,d08,90.1042
rwa,2005,d09,83.5238
rwa,2005,d10,93.5074
rwa,2010,d01,94.9913
rwa,2010,d02,92.9901
rwa,2010,d03,92.4083
rwa,2010,d04,93.6243
rwa,2010,d05,93.9167
rwa,2010,d06,95.649
rwa,2010,d07,95.9096
rwa,2010,d08,98.2194
rwa,2010,d09,97.7958
rwa,2010,d10,96.862
rwa,2014,d01,90.5307
rwa,2014,d02,92.0247
rwa,2014,d03,95.1653
rwa,2014,d04,94.6829
rwa,2014,d05,96.3459
rwa,2014,d06,93.8041
rwa,2014,d07,98.5094
rwa,2014,d08,100
rwa,2014,d09,95.9633
rwa,2014,d10,97.8107
rwa,2019,d01,97.3868
rwa,2019,d02,96.6788
rwa,2019,d03,97.6707
rwa,2019,d04,98.047
rwa,2019,d05,96.7353
rwa,2019,d06,97.1047
rwa,2019,d07,97.7226
rwa,2019,d08,98.6464
rwa,2019,d09,100
rwa,2019,d10,97.1901
sdn,2010,d01,48.0109
sdn,2010,d02,56.6647
sdn,2010,d03,63.4888
sdn,2010,d04,65.7654
sdn,2010,d05,67.6138
sdn,2010,d06,70.9098
sdn,2010,d07,78.846
sdn,2010,d08,83.409
sdn,2010,d09,90.7836
sdn,2010,d10,91.8594
sdn,2014,d01,58.0741
sdn,2014,d02,59.6371
sdn,2014,d03,68.2041
sdn,2014,d04,74.2096
sdn,2014,d05,85.4593
sdn,2014,d06,89.1944
sdn,2014,d07,88.2928
sdn,2014,d08,89.6057
sdn,2014,d09,88.5365
sdn,2014,d10,93.6813
sen,2005,d01,74.4089
sen,2005,d02,67.5689
sen,2005,d03,70.847
sen,2005,d04,72.1141
sen,2005,d05,69.0245
sen,2005,d06,73.0876
sen,2005,d07,73.8684
sen,2005,d08,76.0836
sen,2005,d09,77.0246
sen,2005,d10,84.7106
sen,2010,d01,72.2488
sen,2010,d02,76.8858
sen,2010,d03,82.3433
sen,2010,d04,81.602
sen,2010,d05,80.0515
sen,2010,d06,87.8207
sen,2010,d07,82.6641
sen,2010,d08,86.4976
sen,2010,d09,83.8653
sen,2010,d10,95.5351
sen,2012,d01,64.4613
sen,2012,d02,72.1092
sen,2012,d03,78.0764
sen,2012,d04,75.1982
sen,2012,d05,85.8043
sen,2012,d06,80.7599
sen,2012,d07,77.297
sen,2012,d08,85.6497
sen,2012,d09,81.72
sen,2012,d10,83.2269
sen,2014,d01,78.3348
sen,2014,d02,78.0367
sen,2014,d03,77.76
sen,2014,d04,79.555
sen,2014,d05,80.7178
sen,2014,d06,77.2412
sen,2014,d07,80.4206
sen,2014,d08,85.0717
sen,2014,d09,80.9247
sen,2014,d10,86.1813
sen,2015,d01,73.9835
sen,2015,d02,73.4916
sen,2015,d03,76.0583
sen,2015,d04,71.6987
sen,2015,d05,75.456
sen,2015,d06,84.2604
sen,2015,d07,79.4954
sen,2015,d08,84.442
sen,2015,d09,91.2751
sen,2015,d10,95.1609
sen,2016,d01,72.607
sen,2016,d02,71.4424
sen,2016,d03,78.7054
sen,2016,d04,79.0548
sen,2016,d05,77.824
sen,2016,d06,90.4265
sen,2016,d07,77.7496
sen,2016,d08,91.1145
sen,2016,d09,85.8519
sen,2016,d10,94.0779
sen,2017,d01,75.4114
sen,2017,d02,81.6953
sen,2017,d03,85.8202
sen,2017,d04,89.2494
sen,2017,d05,88.6956
sen,2017,d06,89.1253
sen,2017,d07,87.1043
sen,2017,d08,91.6225
sen,2017,d09,98.0419
sen,2017,d10,96.5278
sen,2018,d01,74.277
sen,2018,d02,86.8306
sen,2018,d03,88.3581
sen,2018,d04,82.6462
sen,2018,d05,79.3355
sen,2018,d06,85.9451
sen,2018,d07,82.4742
sen,2018,d08,88.5079
sen,2018,d09,91.2566
sen,2018,d10,96.9635
sen,2019,d01,67.5457
sen,2019,d02,82.7062
sen,2019,d03,86.2822
sen,2019,d04,89.2526
sen,2019,d05,89.4919
sen,2019,d06,82.1852
sen,2019,d07,89.3757
sen,2019,d08,89.4435
sen,2019,d09,80.7688
sen,2019,d10,95.0918
sle,2005,d01,69.7256
sle,2005,d02,61.4846
sle,2005,d03,68.0887
sle,2005,d04,75.5554
sle,2005,d05,75.7379
sle,2005,d06,81.6186
sle,2005,d07,76.6869
sle,2005,d08,89.3326
sle,2005,d09,79.2112
sle,2005,d10,88.7455
sle,2008,d01,54.7042
sle,2008,d02,56.8542
sle,2008,d03,61.1814
sle,2008,d04,62.5035
sle,2008,d05,54.9781
sle,2008,d06,62.2628
sle,2008,d07,55.0698
sle,2008,d08,60.9294
sle,2008,d09,65.3889
sle,2008,d10,71.6547
sle,2010,d01,81.0642
sle,2010,d02,82.9843
sle,2010,d03,79.1703
sle,2010,d04,78.1447
sle,2010,d05,74.8565
sle,2010,d06,84.2053
sle,2010,d07,81.7242
sle,2010,d08,81.5934
sle,2010,d09,79.3953
sle,2010,d10,91.8009
sle,2013,d01,81.0898
sle,2013,d02,81.6878
sle,2013,d03,77.9033
sle,2013,d04,77.0975
sle,2013,d05,79.0807
sle,2013,d06,73.7534
sle,2013,d07,79.7718
sle,2013,d08,77.2439
sle,2013,d09,77.0871
sle,2013,d10,81.5368
sle,2017,d01,81.5475
sle,2017,d02,83.2316
sle,2017,d03,84.1064
sle,2017,d04,78.9479
sle,2017,d05,79.5926
sle,2017,d06,77.4528
sle,2017,d07,78.3668
sle,2017,d08,71.5325
sle,2017,d09,86.9429
sle,2017,d10,89.1217
sle,2019,d01,73.965
sle,2019,d02,73.4486
sle,2019,d03,78.1816
sle,2019,d04,72.7699
sle,2019,d05,74.3349
sle,2019,d06,71.7003
sle,2019,d07,70.2972
sle,2019,d08,76.4129
sle,2019,d09,76.2756
sle,2019,d10,79.9715
slv,2014,d01,87.169
slv,2014,d02,89.1505
slv,2014,d03,93.7964
slv,2014,d04,89.8449
slv,2014,d05,87.971
slv,2014,d06,87.717
slv,2014,d07,77.5539
slv,2014,d08,83.5642
slv,2014,d09,87.999
slv,2014,d10,78.5591
som,2006,d01,19.7589
som,2006,d02,24.7015
som,2006,d03,18.5161
som,2006,d04,18.5198
som,2006,d05,27.2618
som,2006,d06,26.1612
som,2006,d07,27.9815
som,2006,d08,32.9839
som,2006,d09,39.1611
som,2006,d10,51.515
srb,2005,d01,74.5853
srb,2005,d02,85.5428
srb,2005,d03,84.7924
srb,2005,d04,78.6846
srb,2005,d05,83.7821
srb,2005,d06,86.5669
srb,2005,d07,83.8576
srb,2005,d08,84.5653
srb,2005,d09,84.0399
srb,2005,d10,79.0109
srb,2014,d01,57.6331
srb,2014,d02,91.5724
srb,2014,d03,80.914
srb,2014,d04,78.4667
srb,2014,d05,77.8265
srb,2014,d06,79.4196
srb,2014,d07,72.7181
srb,2014,d08,79.8102
srb,2014,d09,72.1725
srb,2014,d10,65.5351
ssd,2010,d01,17.5635
ssd,2010,d02,14.9739
ssd,2010,d03,15.1471
ssd,2010,d04,17.0895
ssd,2010,d05,21.1449
ssd,2010,d06,21.3073
ssd,2010,d07,25.1928
ssd,2010,d08,34.3502
ssd,2010,d09,34.1911
ssd,2010,d10,54.1344
stp,2014,d01,93.5368
stp,2014,d02,93.0364
stp,2014,d03,95.057
stp,2014,d04,91.1463
stp,2014,d05,94.0813
stp,2014,d06,94.7878
stp,2014,d07,86.313
stp,2014,d08,93.2343
stp,2014,d09,95.6559
stp,2014,d10,88.7092
sur,2018,d01,57.3443
sur,2018,d02,65.3465
sur,2018,d03,67.7155
sur,2018,d04,64.8058
sur,2018,d05,85.438
sur,2018,d06,57.0764
sur,2018,d07,63.7185
sur,2018,d08,78.2524
sur,2018,d09,54.5643
sur,2018,d10,65.1343
swz,2006,d01,86.1219
swz,2006,d02,91.7767
swz,2006,d03,80.8478
swz,2006,d04,95.6228
swz,2006,d05,94.2708
swz,2006,d06,92.1476
swz,2006,d07,95.249
swz,2006,d08,93.0619
swz,2006,d09,95.78
swz,2006,d10,89.582
swz,2010,d01,91.9695
swz,2010,d02,93.6187
swz,2010,d03,95.0502
swz,2010,d04,87.7196
swz,2010,d05,93.5952
swz,2010,d06,92.4323
swz,2010,d07,86.2336
swz,2010,d08,91.6461
swz,2010,d09,98.7468
swz,2010,d10,100
swz,2014,d01,84.1738
swz,2014,d02,95.6579
swz,2014,d03,85.2856
swz,2014,d04,92.9422
swz,2014,d05,92.3218
swz,2014,d06,91.1182
swz,2014,d07,89.6342
swz,2014,d08,90.4223
swz,2014,d09,98.2087
swz,2014,d10,90.9069
syr,2006,d01,58.1092
syr,2006,d02,69.6685
syr,2006,d03,76.4489
syr,2006,d04,80.8955
syr,2006,d05,78.0284
syr,2006,d06,90.4998
syr,2006,d07,83.3317
syr,2006,d08,88.5096
syr,2006,d09,89.5342
syr,2006,d10,90.2916
tcd,1996,d01,11.92
tcd,1996,d02,10.1771
tcd,1996,d03,14.1052
tcd,1996,d04,26.1056
tcd,1996,d05,12.7409
tcd,1996,d06,19.1166
tcd,1996,d07,30.1887
tcd,1996,d08,33.8824
tcd,1996,d09,31.2594
tcd,1996,d10,46.4829
tcd,2004,d01,6.2115
tcd,2004,d02,12.1961
tcd,2004,d03,22.5978
tcd,2004,d04,11.451
tcd,2004,d05,20.6305
tcd,2004,d06,33.7166
tcd,2004,d07,25.153
tcd,2004,d08,22.8458
tcd,2004,d09,30.7561
tcd,2004,d10,43.7246
tcd,2010,d01,22.3201
tcd,2010,d02,19.0307
tcd,2010,d03,22.7741
tcd,2010,d04,26.8125
tcd,2010,d05,29.6323
tcd,2010,d06,31.5686
tcd,2010,d07,34.6031
tcd,2010,d08,49.4682
tcd,2010,d09,43.7923
tcd,2010,d10,64.7554
tcd,2014,d01,52.9295
tcd,2014,d02,52.4804
tcd,2014,d03,52.6058
tcd,2014,d04,58.3517
tcd,2014,d05,59.6097
tcd,2014,d06,56.4728
tcd,2014,d07,49.7232
tcd,2014,d08,56.9995
tcd,2014,d09,66.2189
tcd,2014,d10,68.6381
tgo,1998,d01,39.9523
tgo,1998,d02,28.2255
tgo,1998,d03,39.1221
tgo,1998,d04,34.7795
tgo,1998,d05,43.3998
tgo,1998,d06,48.5974
tgo,1998,d07,44.2995
tgo,1998,d08,36.0278
tgo,1998,d09,54.4103
tgo,1998,d10,75.958
tgo,2006,d01,54.5134
tgo,2006,d02,61.2277
tgo,2006,d03,62.0758
tgo,2006,d04,65.2049
tgo,2006,d05,47.3538
tgo,2006,d06,52.4548
tgo,2006,d07,76.7172
tgo,2006,d08,57.6935
tgo,2006,d09,63.5942
tgo,2006,d10,83.8484
tgo,2010,d01,44.3627
tgo,2010,d02,59.6819
tgo,2010,d03,67.429
tgo,2010,d04,70.4648
tgo,2010,d05,66.1591
tgo,2010,d06,66.403
tgo,2010,d07,72.6515
tgo,2010,d08,77.169
tgo,2010,d09,81.8146
tgo,2010,d10,84.1193
tgo,2013,d01,75.6961
tgo,2013,d02,72.8485
tgo,2013,d03,72.1043
tgo,2013,d04,64.2687
tgo,2013,d05,69.4224
tgo,2013,d06,65.8481
tgo,2013,d07,75.9842
tgo,2013,d08,80.1777
tgo,2013,d09,84.4007
tgo,2013,d10,82.1906
tgo,2017,d01,57.0331
tgo,2017,d02,70.8158
tgo,2017,d03,78.8056
tgo,2017,d04,79.7706
tgo,2017,d05,70.6952
tgo,2017,d06,76.2816
tgo,2017,d07,81.4506
tgo,2017,d08,67.065
tgo,2017,d09,73.9739
tgo,2017,d10,77.7217
tha,2005,d01,95.5333
tha,2005,d02,96.3098
tha,2005,d03,93.7604
tha,2005,d04,99.7751
tha,2005,d05,91.8896
tha,2005,d06,96.3042
tha,2005,d07,94.4192
tha,2005,d08,96.6085
tha,2005,d09,99.3993
tha,2005,d10,98.9255
tha,2012,d01,96.6113
tha,2012,d02,94.7672
tha,2012,d03,97.2333
tha,2012,d04,97.7813
tha,2012,d05,87.4623
tha,2012,d06,97.3072
tha,2012,d07,92.6789
tha,2012,d08,96.638
tha,2012,d09,89.2688
tha,2012,d10,93.5325
tha,2015,d01,93.6985
tha,2015,d02,90.7193
tha,2015,d03,87.9648
tha,2015,d04,94.1977
tha,2015,d05,91.6945
tha,2015,d06,92.8657
tha,2015,d07,97.0826
tha,2015,d08,97.0214
tha,2015,d09,94.3221
tha,2015,d10,83.3748
tha,2019,d01,86.0871
tha,2019,d02,94.9747
tha,2019,d03,96.8141
tha,2019,d04,92.1132
tha,2019,d05,92.1599
tha,2019,d06,95.6113
tha,2019,d07,95.8536
tha,2019,d08,90.3734
tha,2019,d09,95.9263
tha,2019,d10,96.3061
tjk,2005,d01,84.4011
tjk,2005,d02,80.7701
tjk,2005,d03,90.7611
tjk,2005,d04,80.7199
tjk,2005,d05,83.5214
tjk,2005,d06,91.9541
tjk,2005,d07,89.5838
tjk,2005,d08,89.043
tjk,2005,d09,90.9093
tjk,2005,d10,98.5205
tjk,2012,d01,93.4372
tjk,2012,d02,91.9214
tjk,2012,d03,98.8579
tjk,2012,d04,96.6035
tjk,2012,d05,95.7689
tjk,2012,d06,94.2458
tjk,2012,d07,97.975
tjk,2012,d08,93.6698
tjk,2012,d09,96.7627
tjk,2012,d10,91.7753
tjk,2017,d01,84.3323
tjk,2017,d02,81.9553
tjk,2017,d03,88.5122
tjk,2017,d04,88.4469
tjk,2017,d05,77.5953
tjk,2017,d06,90.4196
tjk,2017,d07,83.0062
tjk,2017,d08,81.4409
tjk,2017,d09,79.3761
tjk,2017,d10,79.8233
tkm,2006,d01,100
tkm,2006,d02,100
tkm,2006,d03,97.3468
tkm,2006,d04,98.8116
tkm,2006,d05,100
tkm,2006,d06,98.8885
tkm,2006,d07,98.261
tkm,2006,d08,92.6156
tkm,2006,d09,97.7737
tkm,2006,d10,97.3543
tkm,2015,d01,97.3011
tkm,2015,d02,97.0415
tkm,2015,d03,98.2173
tkm,2015,d04,95.4987
tkm,2015,d05,92.5913
tkm,2015,d06,92.9634
tkm,2015,d07,95.8935
tkm,2015,d08,92.1519
tkm,2015,d09,93.4415
tkm,2015,d10,94.4548
tls,2009,d01,53.8042
tls,2009,d02,53.9739
tls,2009,d03,61.3039
tls,2009,d04,66.6106
tls,2009,d05,64.7156
tls,2009,d06,75.6531
tls,2009,d07,79.3517
tls,2009,d08,76.4573
tls,2009,d09,72.6706
tls,2009,d10,77.4729
tls,2016,d01,46.5383
tls,2016,d02,62.2343
tls,2016,d03,53.7517
tls,2016,d04,68.3363
tls,2016,d05,71.9527
tls,2016,d06,78.1524
tls,2016,d07,78.8686
tls,2016,d08,74.3973
tls,2016,d09,83.6016
tls,2016,d10,73.2803
tun,2011,d01,88.5187
tun,2011,d02,90.6491
tun,2011,d03,93.3964
tun,2011,d04,94.4799
tun,2011,d05,95.9467
tun,2011,d06,92.2816
tun,2011,d07,92.7625
tun,2011,d08,97.8474
tun,2011,d09,100
tun,2011,d10,94.1484
tun,2018,d01,91.4597
tun,2018,d02,87.4407
tun,2018,d03,88.2082
tun,2018,d04,91.1951
tun,2018,d05,95.1944
tun,2018,d06,85.5288
tun,2018,d07,92.6533
tun,2018,d08,91.0485
tun,2018,d09,78.9088
tun,2018,d10,61.4918
tur,1993,d01,57.4663
tur,1993,d02,71.0026
tur,1993,d03,74.0055
tur,1993,d04,71.2397
tur,1993,d05,82.2832
tur,1993,d06,80.9166
tur,1993,d07,92.9948
tur,1993,d08,88.8292
tur,1993,d09,83.2127
tur,1993,d10,86.7391
tur,1998,d01,58.357
tur,1998,d02,69.9481
tur,1998,d03,71.0435
tur,1998,d04,74.3485
tur,1998,d05,83.0663
tur,1998,d06,74.3103
tur,1998,d07,89.473
tur,1998,d08,98.3016
tur,1998,d09,91.321
tur,1998,d10,85.978
tur,2003,d01,52.6051
tur,2003,d02,60.061
tur,2003,d03,79.3234
tur,2003,d04,73.8656
tur,2003,d05,82.0789
tur,2003,d06,90.4347
tur,2003,d07,91.9377
tur,2003,d08,87.8348
tur,2003,d09,94.8173
tur,2003,d10,91.4288
tur,2013,d01,80.4704
tur,2013,d02,89.5742
tur,2013,d03,87.9075
tur,2013,d04,90.6999
tur,2013,d05,90.7772
tur,2013,d06,89.1128
tur,2013,d07,91.4529
tur,2013,d08,88.4308
tur,2013,d09,91.3971
tur,2013,d10,100
tza,1996,d01,57.7636
tza,1996,d02,77.5587
tza,1996,d03,79.0536
tza,1996,d04,81.9255
tza,1996,d05,73.5131
tza,1996,d06,79.7478
tza,1996,d07,93.548
tza,1996,d08,84.3358
tza,1996,d09,94.1124
tza,1996,d10,95.7781
tza,1999,d01,60.2571
tza,1999,d02,66.7442
tza,1999,d03,83.9229
tza,1999,d04,85.8773
tza,1999,d05,69.3072
tza,1999,d06,74.097
tza,1999,d07,87.7088
tza,1999,d08,89.2141
tza,1999,d09,82.9443
tza,1999,d10,95.3287
tza,2004,d01,64.5326
tza,2004,d02,65.8449
tza,2004,d03,79.2351
tza,2004,d04,78.7236
tza,2004,d05,80.1651
tza,2004,d06,82.5938
tza,2004,d07,90.4177
tza,2004,d08,89.0215
tza,2004,d09,93.144
tza,2004,d10,88.042
tza,2010,d01,78.8203
tza,2010,d02,82.9924
tza,2010,d03,79.7131
tza,2010,d04,81.9289
tza,2010,d05,77.3565
tza,2010,d06,83.6071
tza,2010,d07,90.493
tza,2010,d08,87.6197
tza,2010,d09,94.2383
tza,2010,d10,93.8712
tza,2015,d01,73.243
tza,2015,d02,82.2045
tza,2015,d03,79.7713
tza,2015,d04,80.4686
tza,2015,d05,87.0554
tza,2015,d06,90.0003
tza,2015,d07,92.4415
tza,2015,d08,92.8721
tza,2015,d09,94.158
tza,2015,d10,94.5049
uga,1995,d01,49.224
uga,1995,d02,45.2286
uga,1995,d03,48.3278
uga,1995,d04,60.8749
uga,1995,d05,57.8669
uga,1995,d06,60.7442
uga,1995,d07,63.6861
uga,1995,d08,60.8037
uga,1995,d09,75.1833
uga,1995,d10,82.7837
uga,2000,d01,49.065
uga,2000,d02,49.0629
uga,2000,d03,52.534
uga,2000,d04,64.3485
uga,2000,d05,60.5266
uga,2000,d06,54.6535
uga,2000,d07,64.1068
uga,2000,d08,51.8609
uga,2000,d09,58.3094
uga,2000,d10,71.1007
uga,2006,d01,71.246
uga,2006,d02,61.7055
uga,2006,d03,62.9878
uga,2006,d04,66.8242
uga,2006,d05,67.7127
uga,2006,d06,65.3907
uga,2006,d07,69.1317
uga,2006,d08,74.8854
uga,2006,d09,70.6118
uga,2006,d10,75.5787
uga,2011,d01,74.8198
uga,2011,d02,75.314
uga,2011,d03,72.3221
uga,2011,d04,69.5912
uga,2011,d05,78.0201
uga,2011,d06,73.1841
uga,2011,d07,75.3394
uga,2011,d08,77.689
uga,2011,d09,76.5938
uga,2011,d10,86.2773
uga,2016,d01,72.1641
uga,2016,d02,80.2855
uga,2016,d03,72.3086
uga,2016,d04,80.5913
uga,2016,d05,83.0774
uga,2016,d06,82.8704
uga,2016,d07,77.6102
uga,2016,d08,81.2911
uga,2016,d09,85.0968
uga,2016,d10,86.2358
ukr,2012,d01,59.3543
ukr,2012,d02,66.5928
ukr,2012,d03,64.8935
ukr,2012,d04,75.5782
ukr,2012,d05,83.3433
ukr,2012,d06,79.6675
ukr,2012,d07,80.8562
ukr,2012,d08,59.0125
ukr,2012,d09,77.0213
ukr,2012,d10,60.5983
uzb,1996,d01,94.7865
uzb,1996,d02,97.4705
uzb,1996,d03,92.9546
uzb,1996,d04,84.2678
uzb,1996,d05,94.6273
uzb,1996,d06,91.0431
uzb,1996,d07,85.6923
uzb,1996,d08,82.2747
uzb,1996,d09,98.681
uzb,1996,d10,82.0054
uzb,2006,d01,95.3492
uzb,2006,d02,97.885
uzb,2006,d03,98.1809
uzb,2006,d04,95.8376
uzb,2006,d05,98.7584
uzb,2006,d06,98.2268
uzb,2006,d07,97.1195
uzb,2006,d08,97.792
uzb,2006,d09,97.3455
uzb,2006,d10,98.2245
vnm,1997,d01,67.1715
vnm,1997,d02,61.6698
vnm,1997,d03,69.1502
vnm,1997,d04,81.2817
vnm,1997,d05,75.1753
vnm,1997,d06,90.4479
vnm,1997,d07,91.8858
vnm,1997,d08,82.5876
vnm,1997,d09,83.0264
vnm,1997,d10,91.9192
vnm,2002,d01,58.3573
vnm,2002,d02,72.0465
vnm,2002,d03,82.69
vnm,2002,d04,81.627
vnm,2002,d05,88.7014
vnm,2002,d06,89.4994
vnm,2002,d07,94.8087
vnm,2002,d08,87.3896
vnm,2002,d09,98.3729
vnm,2002,d10,97.4808
vnm,2006,d01,65.2458
vnm,2006,d02,82.2024
vnm,2006,d03,89.0468
vnm,2006,d04,82.8111
vnm,2006,d05,91.3804
vnm,2006,d06,97.49
vnm,2006,d07,82.5428
vnm,2006,d08,97.4104
vnm,2006,d09,94.6108
vnm,2006,d10,96.3596
vnm,2010,d01,82.1847
vnm,2010,d02,86.3658
vnm,2010,d03,90.479
vnm,2010,d04,94.4437
vnm,2010,d05,93.2019
vnm,2010,d06,94.7657
vnm,2010,d07,90.9795
vnm,2010,d08,89.7334
vnm,2010,d09,94.1759
vnm,2010,d10,93.5648
vnm,2013,d01,71.8624
vnm,2013,d02,90.409
vnm,2013,d03,95.6092
vnm,2013,d04,91.8165
vnm,2013,d05,94.4286
vnm,2013,d06,96.2775
vnm,2013,d07,92.1897
vnm,2013,d08,95.4789
vnm,2013,d09,89.3191
vnm,2013,d10,88.2401
vut,2007,d01,17.8376
vut,2007,d02,70.1455
vut,2007,d03,64.7034
vut,2007,d04,62.2342
vut,2007,d05,47.3221
vut,2007,d06,58.5968
vut,2007,d07,59.2536
vut,2007,d08,45.2098
vut,2007,d09,53.0953
vut,2007,d10,48.5318
wsm,2019,d01,34.4928
wsm,2019,d02,47.1018
wsm,2019,d03,45.249
wsm,2019,d04,45.5436
wsm,2019,d05,50.7977
wsm,2019,d06,48.0426
wsm,2019,d07,46.8034
wsm,2019,d08,69.6561
wsm,2019,d09,43.2694
wsm,2019,d10,70.9911
yem,2006,d01,51.0831
yem,2006,d02,52.9673
yem,2006,d03,58.0396
yem,2006,d04,54.2195
yem,2006,d05,63.192
yem,2006,d06,54.9986
yem,2006,d07,82.167
yem,2006,d08,66.9459
yem,2006,d09,88.5214
yem,2006,d10,78.6947
yem,2013,d01,45.5662
yem,2013,d02,58.2847
yem,2013,d03,51.558
yem,2013,d04,65.8771
yem,2013,d05,62.212
yem,2013,d06,65.2205
yem,2013,d07,61.5567
yem,2013,d08,77.3854
yem,2013,d09,75.4435
yem,2013,d10,78.7249
zaf,1998,d01,66.7188
zaf,1998,d02,80.6932
zaf,1998,d03,82.681
zaf,1998,d04,83.8805
zaf,1998,d05,79.5801
zaf,1998,d06,93.0949
zaf,1998,d07,82.5592
zaf,1998,d08,90.2343
zaf,1998,d09,84.837
zaf,1998,d10,83.7632
zmb,1996,d01,79.6406
zmb,1996,d02,82.4631
zmb,1996,d03,87.7518
zmb,1996,d04,81.4129
zmb,1996,d05,89.2552
zmb,1996,d06,90.6902
zmb,1996,d07,83.7593
zmb,1996,d08,92.2241
zmb,1996,d09,90.575
zmb,1996,d10,93.5695
zmb,2001,d01,78.2019
zmb,2001,d02,85.3143
zmb,2001,d03,82.5432
zmb,2001,d04,84.5784
zmb,2001,d05,83.0733
zmb,2001,d06,82.9904
zmb,2001,d07,85.2147
zmb,2001,d08,89.5663
zmb,2001,d09,84.8286
zmb,2001,d10,94.7078
zmb,2007,d01,87.5419
zmb,2007,d02,87.8117
zmb,2007,d03,74.9111
zmb,2007,d04,84.102
zmb,2007,d05,82.6729
zmb,2007,d06,80.466
zmb,2007,d07,83.4778
zmb,2007,d08,87.1796
zmb,2007,d09,91.4409
zmb,2007,d10,96.9183
zmb,2013,d01,81.4872
zmb,2013,d02,80.176
zmb,2013,d03,77.7988
zmb,2013,d04,83.4585
zmb,2013,d05,86.8252
zmb,2013,d06,83.8708
zmb,2013,d07,92.0288
zmb,2013,d08,88.0778
zmb,2013,d09,90.8678
zmb,2013,d10,95.0574
zmb,2018,d01,84.851
zmb,2018,d02,92.3845
zmb,2018,d03,89.7714
zmb,2018,d04,92.2708
zmb,2018,d05,91.1134
zmb,2018,d06,90.158
zmb,2018,d07,90.5415
zmb,2018,d08,90.3533
zmb,2018,d09,96.0703
zmb,2018,d10,94.9282
zwe,1994,d01,83.5526
zwe,1994,d02,84.7952
zwe,1994,d03,84.3275
zwe,1994,d04,84.8797
zwe,1994,d05,89.0269
zwe,1994,d06,89.1371
zwe,1994,d07,81.8608
zwe,1994,d08,85.8437
zwe,1994,d09,96.9359
zwe,1994,d10,83.3923
zwe,1999,d01,76.9835
zwe,1999,d02,83.5516
zwe,1999,d03,78.0333
zwe,1999,d04,78.4815
zwe,1999,d05,76.9718
zwe,1999,d06,80.4906
zwe,1999,d07,59.7634
zwe,1999,d08,88.1293
zwe,1999,d09,81.1073
zwe,1999,d10,89.6128
zwe,2005,d01,54.5357
zwe,2005,d02,53.39
zwe,2005,d03,65.7188
zwe,2005,d04,67.0631
zwe,2005,d05,58.6391
zwe,2005,d06,75.3477
zwe,2005,d07,72.6991
zwe,2005,d08,67.3246
zwe,2005,d09,72.9964
zwe,2005,d10,74.9809
zwe,2009,d01,67.8372
zwe,2009,d02,66.5132
zwe,2009,d03,76.9685
zwe,2009,d04,66.8886
zwe,2009,d05,70.2966
zwe,2009,d06,83.0876
zwe,2009,d07,82.5433
zwe,2009,d08,84.0305
zwe,2009,d09,89.302
zwe,2009,d10,86.008
zwe,2010,d01,76.1506
zwe,2010,d02,79.5318
zwe,2010,d03,77.4667
zwe,2010,d04,71.6068
zwe,2010,d05,66.1665
zwe,2010,d06,79.8162
zwe,2010,d07,81.6765
zwe,2010,d08,91.8394
zwe,2010,d09,83.2775
zwe,2010,d10,84.3751
zwe,2014,d01,83.0536
zwe,2014,d02,83.401
zwe,2014,d03,87.4951
zwe,2014,d04,87.0683
zwe,2014,d05,90.7002
zwe,2014,d06,82.9029
zwe,2014,d07,90.668
zwe,2014,d08,87.2365
zwe,2014,d09,93.2363
zwe,2014,d10,91.7605
zwe,2015,d01,75.671
zwe,2015,d02,77.7268
zwe,2015,d03,80.4671
zwe,2015,d04,71.2871
zwe,2015,d05,90.7135
zwe,2015,d06,84.2883
zwe,2015,d07,80.2857
zwe,2015,d08,88.4415
zwe,2015,d09,91.3344
zwe,2015,d10,84.1871
zwe,2019,d01,83.2906
zwe,2019,d02,84.9116
zwe,2019,d03,80.6808
zwe,2019,d04,84.5375
zwe,2019,d05,89.5848
zwe,2019,d06,83.2494
zwe,2019,d07,90.0258
zwe,2019,d08,95.329
zwe,2019,d09,94.9076
zwe,2019,d10,98.4433
