country,time,decile,tfr
afg,2015,d01,5.5687
afg,2015,d02,5.7522
afg,2015,d03,5.8898
afg,2015,d04,5.7143
afg,2015,d05,6.13
afg,2015,d06,5.7471
afg,2015,d07,5.6311
afg,2015,d08,5.4141
afg,2015,d09,4.7234
afg,2015,d10,4.4655
ago,2015,d01,8.3186
ago,2015,d02,8.845
ago,2015,d03,8.3718
ago,2015,d04,8.1024
ago,2015,d05,7.0647
ago,2015,d06,6.649
ago,2015,d07,5.2252
ago,2015,d08,4.6166
ago,2015,d09,4.7964
ago,2015,d10,3.2727
alb,2008,d01,1.871
alb,2008,d02,2.2164
alb,2008,d03,1.9439
alb,2008,d04,1.7134
alb,2008,d05,2.1303
alb,2008,d06,1.7256
alb,2008,d07,1.6799
alb,2008,d08,1.5626
alb,2008,d09,1.6177
alb,2008,d10,1.057
alb,2017,d01,2.0641
alb,2017,d02,2.1301
alb,2017,d03,2.0305
alb,2017,d04,1.7951
alb,2017,d05,1.8149
alb,2017,d06,1.6005
alb,2017,d07,1.626
alb,2017,d08,1.5528
alb,2017,d09,1.5776
alb,2017,d10,1.175
arm,2000,d01,2.8145
arm,2000,d02,2.2816
arm,2000,d03,2.2707
arm,2000,d04,1.8408
arm,2000,d05,1.7318
arm,2000,d06,1.5227
arm,2000,d07,1.7559
arm,2000,d08,1.6838
arm,2000,d09,2.1754
arm,2000,d10,1.4232
arm,2005,d01,1.7866
arm,2005,d02,1.8129
arm,2005,d03,1.8377
arm,2005,d04,1.6475
arm,2005,d05,1.956
arm,2005,d06,1.4905
arm,2005,d07,1.6658
arm,2005,d08,1.4505
arm,2005,d09,1.4129
arm,2005,d10,1.5787
arm,2010,d01,1.7982
arm,2010,d02,1.64
arm,2010,d03,1.7
arm,2010,d04,1.7018
arm,2010,d05,1.6034
arm,2010,d06,1.4968
arm,2010,d07,1.8655
arm,2010,d08,1.5397
arm,2010,d09,1.4582
arm,2010,d10,1.2279
arm,2015,d01,2.0766
arm,2015,d02,1.8021
arm,2015,d03,1.6422
arm,2015,d04,1.7109
arm,2015,d05,1.5985
arm,2015,d06,1.7036
arm,2015,d07,1.5084
arm,2015,d08,1.2708
arm,2015,d09,1.7305
arm,2015,d10,1.8226
aze,2006,d01,2.5691
aze,2006,d02,2.2284
aze,2006,d03,2.4651
aze,2006,d04,2.1382
aze,2006,d05,1.9543
aze,2006,d06,1.9909
aze,2006,d07,1.6714
aze,2006,d08,1.7221
aze,2006,d09,1.5644
aze,2006,d10,1.4373
bdi,2010,d01,6.2474
bdi,2010,d02,6.158
bdi,2010,d03,6.8672
bdi,2010,d04,6.8569
bdi,2010,d05,6.9379
bdi,2010,d06,6.9329
bdi,2010,d07,6.6657
bdi,2010,d08,6.9007
bdi,2010,d09,6.8046
bdi,2010,d10,4.9612
bdi,2016,d01,6.1903
bdi,2016,d02,6.2679
bdi,2016,d03,6.2774
bdi,2016,d04,5.8631
bdi,2016,d05,5.6877
bdi,2016,d06,5.7395
bdi,2016,d07,5.9823
bdi,2016,d08,5.7916
bdi,2016,d09,5.415
bdi,2016,d10,3.9279
ben,1996,d01,7.6421
ben,1996,d02,7.757
ben,1996,d03,7.2038
ben,1996,d04,7.0898
ben,1996,d05,7.0948
ben,1996,d06,7.037
ben,1996,d07,5.7543
ben,1996,d08,5.3651
ben,1996,d09,4.6362
ben,1996,d10,4.0317
ben,2001,d01,7.5705
ben,2001,d02,7.2302
ben,2001,d03,6.6547
ben,2001,d04,6.6725
ben,2001,d05,6.6675
ben,2001,d06,6.7024
ben,2001,d07,5.607
ben,2001,d08,4.5793
ben,2001,d09,3.7721
ben,2001,d10,3.4111
ben,2006,d01,7.5013
ben,2006,d02,7.0413
ben,2006,d03,6.7398
ben,2006,d04,6.4468
ben,2006,d05,6.4506
ben,2006,d06,5.9763
ben,2006,d07,5.5718
ben,2006,d08,5.0416
ben,2006,d09,4.5548
ben,2006,d10,3.8484
ben,2011,d01,6.5448
ben,2011,d02,6.3186
ben,2011,d03,5.8273
ben,2011,d04,5.5085
ben,2011,d05,5.5709
ben,2011,d06,5.0742
ben,2011,d07,4.8999
ben,2011,d08,4.4609
ben,2011,d09,4.2619
ben,2011,d10,3.5536
ben,2014,d01,7.1254
ben,2014,d02,6.8017
ben,2014,d03,6.6698
ben,2014,d04,6.675
ben,2014,d05,6.2905
ben,2014,d06,6.0143
ben,2014,d07,5.7247
ben,2014,d08,5.1096
ben,2014,d09,4.653
ben,2014,d10,3.7809
ben,2017,d01,7.2565
ben,2017,d02,7.1385
ben,2017,d03,6.4807
ben,2017,d04,6.3576
ben,2017,d05,6.3537
ben,2017,d06,6.014
ben,2017,d07,5.3428
ben,2017,d08,5.3799
ben,2017,d09,4.8325
ben,2017,d10,3.802
bfa,1998,d01,7.9522
bfa,1998,d02,7.4751
bfa,1998,d03,7.3991
bfa,1998,d04,6.8576
bfa,1998,d05,6.9606
bfa,1998,d06,7.0063
bfa,1998,d07,7.2157
bfa,1998,d08,7.1958
bfa,1998,d09,5.4731
bfa,1998,d10,3.7576
bfa,2003,d01,7.283
bfa,2003,d02,6.715
bfa,2003,d03,7.074
bfa,2003,d04,7.2174
bfa,2003,d05,6.6689
bfa,2003,d06,7.0395
bfa,2003,d07,6.7989
bfa,2003,d08,6.5357
bfa,2003,d09,4.9175
bfa,2003,d10,2.9738
bfa,2010,d01,7.2921
bfa,2010,d02,7.3587
bfa,2010,d03,6.9853
bfa,2010,d04,7.1512
bfa,2010,d05,6.7662
bfa,2010,d06,6.7464
bfa,2010,d07,6.463
bfa,2010,d08,5.9297
bfa,2010,d09,4.6074
bfa,2010,d10,3.0401
bgd,1993,d01,4.8819
bgd,1993,d02,4.1478
bgd,1993,d03,4.6115
bgd,1993,d04,4.2438
bgd,1993,d05,4.5725
bgd,1993,d06,4.279
bgd,1993,d07,3.8158
bgd,1993,d08,3.4543
bgd,1993,d09,3.1853
bgd,1993,d10,2.7724
bgd,1999,d01,4.982
bgd,1999,d02,4.3766
bgd,1999,d03,4.1603
bgd,1999,d04,3.7854
bgd,1999,d05,3.6054
bgd,1999,d06,3.458
bgd,1999,d07,3.0783
bgd,1999,d08,2.9018
bgd,1999,d09,2.5631
bgd,1999,d10,2.1603
bgd,2004,d01,4.47
bgd,2004,d02,4.203
bgd,2004,d03,3.5702
bgd,2004,d04,3.3953
bgd,2004,d05,3.2294
bgd,2004,d06,3.2491
bgd,2004,d07,2.7944
bgd,2004,d08,2.5986
bgd,2004,d09,2.2945
bgd,2004,d10,2.3203
bgd,2007,d01,3.7954
bgd,2007,d02,3.3268
bgd,2007,d03,3.296
bgd,2007,d04,3.0995
bgd,2007,d05,2.842
bgd,2007,d06,2.7345
bgd,2007,d07,2.6739
bgd,2007,d08,2.4659
bgd,2007,d09,2.1639
bgd,2007,d10,2.2522
bgd,2011,d01,3.8113
bgd,2011,d02,3.0347
bgd,2011,d03,2.8072
bgd,2011,d04,2.7172
bgd,2011,d05,2.5354
bgd,2011,d06,2.3261
bgd,2011,d07,2.1968
bgd,2011,d08,2.294
bgd,2011,d09,1.9429
bgd,2011,d10,2.0246
bgd,2014,d01,2.9882
bgd,2014,d02,2.8235
bgd,2014,d03,2.5065
bgd,2014,d04,2.3682
bgd,2014,d05,2.2336
bgd,2014,d06,2.2672
bgd,2014,d07,2.19
bgd,2014,d08,2.0284
bgd,2014,d09,1.904
bgd,2014,d10,2.1253
bgd,2017,d01,2.7241
bgd,2017,d02,2.6931
bgd,2017,d03,2.4222
bgd,2017,d04,2.4147
bgd,2017,d05,2.0355
bgd,2017,d06,2.2066
bgd,2017,d07,2.0773
bgd,2017,d08,2.1902
bgd,2017,d09,1.9102
bgd,2017,d10,2.1232
bgd,2019,d01,2.9322
bgd,2019,d02,2.849
bgd,2019,d03,2.5432
bgd,2019,d04,2.3036
bgd,2019,d05,2.1976
bgd,2019,d06,2.1572
bgd,2019,d07,2.1186
bgd,2019,d08,2.1479
bgd,2019,d09,2.1169
bgd,2019,d10,2.006
blz,2015,d01,4.5814
blz,2015,d02,3.4545
blz,2015,d03,3.6126
blz,2015,d04,2.8175
blz,2015,d05,2.53
blz,2015,d06,2.6666
blz,2015,d07,2.2709
blz,2015,d08,2.2012
blz,2015,d09,2.0164
blz,2015,d10,1.5714
bol,1994,d01,7.7875
bol,1994,d02,6.641
bol,1994,d03,6.9662
bol,1994,d04,6.8352
bol,1994,d05,5.6749
bol,1994,d06,4.8268
bol,1994,d07,4.0114
bol,1994,d08,3.621
bol,1994,d09,2.9679
bol,1994,d10,2.1692
bol,1998,d01,7.9951
bol,1998,d02,6.946
bol,1998,d03,6.7106
bol,1998,d04,5.4431
bol,1998,d05,4.7292
bol,1998,d06,4.2485
bol,1998,d07,3.302
bol,1998,d08,2.9312
bol,1998,d09,2.2774
bol,1998,d10,2.0342
bol,2003,d01,7.6691
bol,2003,d02,6.5968
bol,2003,d03,5.6777
bol,2003,d04,5.3782
bol,2003,d05,4.5267
bol,2003,d06,4.0308
bol,2003,d07,3.2532
bol,2003,d08,2.9266
bol,2003,d09,2.2226
bol,2003,d10,1.8435
bol,2008,d01,6.5549
bol,2008,d02,5.6611
bol,2008,d03,5.0045
bol,2008,d04,4.1275
bol,2008,d05,3.8228
bol,2008,d06,3.5173
bol,2008,d07,2.769
bol,2008,d08,2.543
bol,2008,d09,2.2408
bol,2008,d10,1.7748
bol,2016,d01,4.8431
bol,2016,d02,4.3961
bol,2016,d03,3.6316
bol,2016,d04,3.5243
bol,2016,d05,2.8849
bol,2016,d06,2.928
bol,2016,d07,2.6257
bol,2016,d08,2.2723
bol,2016,d09,1.9927
bol,2016,d10,1.8158
bra,1996,d01,5.3924
bra,1996,d02,4.2108
bra,1996,d03,3.2305
bra,1996,d04,2.5077
bra,1996,d05,2.1799
bra,1996,d06,2.15
bra,1996,d07,1.8377
bra,1996,d08,2.0191
bra,1996,d09,1.7168
bra,1996,d10,1.5459
caf,1994,d01,5.3578
caf,1994,d02,5.4022
caf,1994,d03,5.7911
caf,1994,d04,5.2202
caf,1994,d05,5.5293
caf,1994,d06,5.2612
caf,1994,d07,5.1688
caf,1994,d08,5.7662
caf,1994,d09,5.3763
caf,1994,d10,4.9478
caf,2018,d01,8.2423
caf,2018,d02,7.6039
caf,2018,d03,7.3498
caf,2018,d04,7.6703
caf,2018,d05,7.4362
caf,2018,d06,7.518
caf,2018,d07,6.9514
caf,2018,d08,5.8548
caf,2018,d09,4.9118
caf,2018,d10,3.5623
civ,1994,d01,6.9191
civ,1994,d02,6.8187
civ,1994,d03,6.7173
civ,1994,d04,6.7292
civ,1994,d05,6.0259
civ,1994,d06,5.7849
civ,1994,d07,5.3581
civ,1994,d08,5.0065
civ,1994,d09,4.9868
civ,1994,d10,3.6997
civ,1998,d01,7.6654
civ,1998,d02,6.3412
civ,1998,d03,5.4844
civ,1998,d04,5.8221
civ,1998,d05,5.5385
civ,1998,d06,5.2397
civ,1998,d07,5.5514
civ,1998,d08,4.4468
civ,1998,d09,3.4498
civ,1998,d10,2.581
civ,2011,d01,6.8238
civ,2011,d02,6.6394
civ,2011,d03,6.0047
civ,2011,d04,5.8029
civ,2011,d05,5.6368
civ,2011,d06,5.4397
civ,2011,d07,4.7392
civ,2011,d08,3.7156
civ,2011,d09,3.5373
civ,2011,d10,2.7001
civ,2016,d01,6.9961
civ,2016,d02,6.6865
civ,2016,d03,6.233
civ,2016,d04,6.0653
civ,2016,d05,5.3611
civ,2016,d06,4.3788
civ,2016,d07,4.1877
civ,2016,d08,3.6473
civ,2016,d09,3.2283
civ,2016,d10,2.2629
cmr,1998,d01,6.3013
cmr,1998,d02,6.9413
cmr,1998,d03,6.2646
cmr,1998,d04,5.4551
cmr,1998,d05,5.517
cmr,1998,d06,5.3056
cmr,1998,d07,4.7217
cmr,1998,d08,4.3287
cmr,1998,d09,4.1548
cmr,1998,d10,3.1215
cmr,2004,d01,7.0705
cmr,2004,d02,6.5485
cmr,2004,d03,6.6791
cmr,2004,d04,5.7398
cmr,2004,d05,6.013
cmr,2004,d06,5.3443
cmr,2004,d07,4.9289
cmr,2004,d08,4.0572
cmr,2004,d09,3.5973
cmr,2004,d10,3.0323
cmr,2011,d01,7.393
cmr,2011,d02,7.2996
cmr,2011,d03,6.7366
cmr,2011,d04,6.1541
cmr,2011,d05,6.0759
cmr,2011,d06,5.0903
cmr,2011,d07,4.8142
cmr,2011,d08,3.8304
cmr,2011,d09,3.4767
cmr,2011,d10,2.9811
cmr,2014,d01,7.1255
cmr,2014,d02,7.2933
cmr,2014,d03,7.0195
cmr,2014,d04,6.2041
cmr,2014,d05,5.968
cmr,2014,d06,5.04
cmr,2014,d07,4.5943
cmr,2014,d08,3.6121
cmr,2014,d09,3.3169
cmr,2014,d10,2.6498
cmr,2018,d01,6.7004
cmr,2018,d02,6.6127
cmr,2018,d03,6.4974
cmr,2018,d04,5.8408
cmr,2018,d05,5.6193
cmr,2018,d06,4.5917
cmr,2018,d07,4.4607
cmr,2018,d08,3.955
cmr,2018,d09,3.3321
cmr,2018,d10,2.9895
cod,2007,d01,7.3601
cod,2007,d02,7.1263
cod,2007,d03,7.2115
cod,2007,d04,6.5507
cod,2007,d05,6.8285
cod,2007,d06,6.0576
cod,2007,d07,7.2419
cod,2007,d08,6.8019
cod,2007,d09,5.2797
cod,2007,d10,3.5567
cod,2013,d01,7.211
cod,2013,d02,8.057
cod,2013,d03,7.6851
cod,2013,d04,7.5585
cod,2013,d05,7.3658
cod,2013,d06,7.2098
cod,2013,d07,6.8738
cod,2013,d08,6.3628
cod,2013,d09,5.7138
cod,2013,d10,3.9744
cod,2017,d01,7.8153
cod,2017,d02,7.7655
cod,2017,d03,7.6516
cod,2017,d04,7.2589
cod,2017,d05,6.762
cod,2017,d06,7.2825
cod,2017,d07,6.249
cod,2017,d08,5.7256
cod,2017,d09,4.6758
cod,2017,d10,3.6602
cog,2005,d01,6.9694
cog,2005,d02,6.2535
cog,2005,d03,5.8388
cog,2005,d04,5.426
cog,2005,d05,5.2353
cog,2005,d06,4.7495
cog,2005,d07,3.7952
cog,2005,d08,3.6312
cog,2005,d09,3.1851
cog,2005,d10,3.0107
cog,2011,d01,7.499
cog,2011,d02,6.5814
cog,2011,d03,6.1795
cog,2011,d04,5.7161
cog,2011,d05,4.7144
cog,2011,d06,4.492
cog,2011,d07,4.3954
cog,2011,d08,3.5492
cog,2011,d09,4.1258
cog,2011,d10,3.3206
cog,2014,d01,7.4986
cog,2014,d02,6.6449
cog,2014,d03,5.8099
cog,2014,d04,4.6207
cog,2014,d05,4.2902
cog,2014,d06,4.149
cog,2014,d07,3.8674
cog,2014,d08,3.3873
cog,2014,d09,3.5341
cog,2014,d10,2.754
col,1995,d01,6.0432
col,1995,d02,4.5119
col,1995,d03,3.9564
col,1995,d04,3.3756
col,1995,d05,2.9807
col,1995,d06,2.6014
col,1995,d07,2.2966
col,1995,d08,1.8944
col,1995,d09,2.0394
col,1995,d10,1.5365
col,2000,d01,4.7503
col,2000,d02,4.1274
col,2000,d03,3.626
col,2000,d04,3.1151
col,2000,d05,3.0124
col,2000,d06,2.5939
col,2000,d07,2.3556
col,2000,d08,2.0133
col,2000,d09,1.9099
col,2000,d10,1.7743
col,2005,d01,4.8221
col,2005,d02,3.3813
col,2005,d03,3.1097
col,2005,d04,2.8031
col,2005,d05,2.5216
col,2005,d06,2.3171
col,2005,d07,1.8487
col,2005,d08,1.8286
col,2005,d09,1.5712
col,2005,d10,1.2522
col,2010,d01,3.798
col,2010,d02,2.9171
col,2010,d03,2.5407
col,2010,d04,2.4043
col,2010,d05,2.3315
col,2010,d06,2.0115
col,2010,d07,1.831
col,2010,d08,1.7061
col,2010,d09,1.361
col,2010,d10,1.3848
col,2015,d01,3.5323
col,2015,d02,2.4929
col,2015,d03,2.3489
col,2015,d04,2.2461
col,2015,d05,1.9913
col,2015,d06,1.8859
col,2015,d07,1.579
col,2015,d08,1.4938
col,2015,d09,1.2929
col,2015,d10,1.0935
com,1996,d01,7.4374
com,1996,d02,6.8978
com,1996,d03,6.8532
com,1996,d04,5.1166
com,1996,d05,5.0455
com,1996,d06,4.8519
com,1996,d07,4.6223
com,1996,d08,4.0355
com,1996,d09,3.7516
com,1996,d10,2.8296
com,2012,d01,7.4828
com,2012,d02,6.2797
com,2012,d03,5.1318
com,2012,d04,4.2707
com,2012,d05,3.826
com,2012,d06,4.3483
com,2012,d07,3.8798
com,2012,d08,3.5267
com,2012,d09,3.6177
com,2012,d10,2.8089
dom,1996,d01,6.1378
dom,1996,d02,4.4106
dom,1996,d03,4.1083
dom,1996,d04,3.4355
dom,1996,d05,3.5832
dom,1996,d06,3.1386
dom,1996,d07,2.6043
dom,1996,d08,2.4796
dom,1996,d09,2.1206
dom,1996,d10,2.0576
dom,1999,d01,4.2246
dom,1999,d02,3.755
dom,1999,d03,3.6322
dom,1999,d04,3.231
dom,1999,d05,3.1545
dom,1999,d06,3.3464
dom,1999,d07,2.3224
dom,1999,d08,2.5402
dom,1999,d09,1.232
dom,1999,d10,2.594
dom,2002,d01,4.7622
dom,2002,d02,4.206
dom,2002,d03,3.8661
dom,2002,d04,3.2878
dom,2002,d05,3.1706
dom,2002,d06,2.8143
dom,2002,d07,2.7472
dom,2002,d08,2.3468
dom,2002,d09,2.0908
dom,2002,d10,2.0841
dom,2007,d01,4.3064
dom,2007,d02,3.5652
dom,2007,d03,3.1384
dom,2007,d04,2.9507
dom,2007,d05,2.5124
dom,2007,d06,2.4876
dom,2007,d07,2.1205
dom,2007,d08,2.1502
dom,2007,d09,1.7814
dom,2007,d10,1.6768
dom,2013,d01,4.1961
dom,2013,d02,3.0566
dom,2013,d03,2.6577
dom,2013,d04,2.7266
dom,2013,d05,2.574
dom,2013,d06,2.5635
dom,2013,d07,2.1678
dom,2013,d08,2.0511
dom,2013,d09,2.1528
dom,2013,d10,1.8103
dom,2014,d01,4.0447
dom,2014,d02,3.4276
dom,2014,d03,2.9682
dom,2014,d04,2.6881
dom,2014,d05,2.5499
dom,2014,d06,2.4712
dom,2014,d07,2.0188
dom,2014,d08,2.0095
dom,2014,d09,2.1115
dom,2014,d10,1.6614
dom,2019,d01,3.7307
dom,2019,d02,2.912
dom,2019,d03,2.7924
dom,2019,d04,2.5588
dom,2019,d05,2.3268
dom,2019,d06,2.0636
dom,2019,d07,1.8554
dom,2019,d08,2.0405
dom,2019,d09,1.9296
dom,2019,d10,1.8984
dza,2012,d01,3.0339
dza,2012,d02,2.9221
dza,2012,d03,2.8066
dza,2012,d04,2.9082
dza,2012,d05,2.5571
dza,2012,d06,2.4924
dza,2012,d07,2.4935
dza,2012,d08,2.4396
dza,2012,d09,2.5117
dza,2012,d10,2.1475
dza,2018,d01,3.5983
dza,2018,d02,3.2717
dza,2018,d03,3.3583
dza,2018,d04,3.1358
dza,2018,d05,2.9277
dza,2018,d06,2.8382
dza,2018,d07,2.7055
dza,2018,d08,2.5068
dza,2018,d09,2.3068
dza,2018,d10,2.1495
egy,1995,d01,5.2042
egy,1995,d02,4.5603
egy,1995,d03,4.3427
egy,1995,d04,3.8248
egy,1995,d05,3.6556
egy,1995,d06,3.5358
egy,1995,d07,3.2143
egy,1995,d08,3.283
egy,1995,d09,2.9465
egy,1995,d10,2.8276
egy,2000,d01,4.8295
egy,2000,d02,4.049
egy,2000,d03,3.6654
egy,2000,d04,3.5489
egy,2000,d05,3.6154
egy,2000,d06,3.379
egy,2000,d07,3.3475
egy,2000,d08,3.2732
egy,2000,d09,2.8725
egy,2000,d10,2.7826
egy,2005,d01,3.968
egy,2005,d02,3.5182
egy,2005,d03,3.5502
egy,2005,d04,3.3844
egy,2005,d05,3.5268
egy,2005,d06,3.2264
egy,2005,d07,2.9737
egy,2005,d08,3.0338
egy,2005,d09,2.5462
egy,2005,d10,2.5358
egy,2008,d01,3.6759
egy,2008,d02,3.3245
egy,2008,d03,3.0821
egy,2008,d04,2.9197
egy,2008,d05,3.1391
egy,2008,d06,2.9127
egy,2008,d07,2.7976
egy,2008,d08,2.657
egy,2008,d09,2.6426
egy,2008,d10,2.6132
egy,2014,d01,3.5453
egy,2014,d02,3.6857
egy,2014,d03,3.5951
egy,2014,d04,3.4109
egy,2014,d05,3.6702
egy,2014,d06,3.778
egy,2014,d07,3.4132
egy,2014,d08,3.3407
egy,2014,d09,2.7826
egy,2014,d10,2.6179
eth,2000,d01,6.7222
eth,2000,d02,6.7569
eth,2000,d03,6.3648
eth,2000,d04,6.6007
eth,2000,d05,6.6421
eth,2000,d06,5.8023
eth,2000,d07,5.8936
eth,2000,d08,6.4516
eth,2000,d09,4.5348
eth,2000,d10,2.658
eth,2005,d01,7.0289
eth,2005,d02,6.8669
eth,2005,d03,6.3562
eth,2005,d04,6.1525
eth,2005,d05,6.6767
eth,2005,d06,6.2432
eth,2005,d07,6.2744
eth,2005,d08,5.8847
eth,2005,d09,5.1727
eth,2005,d10,2.1832
eth,2011,d01,6.9754
eth,2011,d02,6.022
eth,2011,d03,6.1631
eth,2011,d04,5.9878
eth,2011,d05,5.7938
eth,2011,d06,5.4264
eth,2011,d07,5.5432
eth,2011,d08,4.9554
eth,2011,d09,4.3087
eth,2011,d10,1.9737
eth,2016,d01,7.1568
eth,2016,d02,6.0879
eth,2016,d03,5.9249
eth,2016,d04,6.1061
eth,2016,d05,5.3719
eth,2016,d06,4.9737
eth,2016,d07,4.6511
eth,2016,d08,4.5786
eth,2016,d09,3.4093
eth,2016,d10,2.0183
eth,2019,d01,6.661
eth,2019,d02,5.6259
eth,2019,d03,5.4663
eth,2019,d04,4.8404
eth,2019,d05,4.712
eth,2019,d06,4.084
eth,2019,d07,3.6112
eth,2019,d08,3.5154
eth,2019,d09,3.3838
eth,2019,d10,2.7503
gab,2000,d01,6.2173
gab,2000,d02,6.1599
gab,2000,d03,5.4362
gab,2000,d04,4.479
gab,2000,d05,4.7061
gab,2000,d06,3.6938
gab,2000,d07,3.8969
gab,2000,d08,3.6193
gab,2000,d09,3.3489
gab,2000,d10,3.1783
gab,2012,d01,6.7763
gab,2012,d02,5.8988
gab,2012,d03,4.9065
gab,2012,d04,4.2315
gab,2012,d05,3.8755
gab,2012,d06,3.6159
gab,2012,d07,3.4943
gab,2012,d08,3.0857
gab,2012,d09,3.0699
gab,2012,d10,2.9421
gha,1993,d01,7.306
gha,1993,d02,6.6084
gha,1993,d03,6.7326
gha,1993,d04,6.6692
gha,1993,d05,6.3653
gha,1993,d06,5.549
gha,1993,d07,5.0375
gha,1993,d08,4.395
gha,1993,d09,3.7996
gha,1993,d10,3.2344
gha,1998,d01,6.2368
gha,1998,d02,6.0785
gha,1998,d03,5.2774
gha,1998,d04,5.2424
gha,1998,d05,5.9485
gha,1998,d06,3.8686
gha,1998,d07,4.321
gha,1998,d08,3.4366
gha,1998,d09,2.677
gha,1998,d10,2.2152
gha,2003,d01,6.9396
gha,2003,d02,6.6299
gha,2003,d03,6.1014
gha,2003,d04,6.1189
gha,2003,d05,5.0843
gha,2003,d06,4.7608
gha,2003,d07,3.699
gha,2003,d08,3.305
gha,2003,d09,2.9479
gha,2003,d10,2.4989
gha,2008,d01,6.7411
gha,2008,d02,6.4344
gha,2008,d03,5.4765
gha,2008,d04,4.7447
gha,2008,d05,4.3632
gha,2008,d06,3.6062
gha,2008,d07,3.734
gha,2008,d08,3.2367
gha,2008,d09,2.453
gha,2008,d10,2.4732
gha,2011,d01,6.8809
gha,2011,d02,6.6484
gha,2011,d03,5.9286
gha,2011,d04,4.9668
gha,2011,d05,4.6861
gha,2011,d06,4.1969
gha,2011,d07,3.8066
gha,2011,d08,3.273
gha,2011,d09,2.9009
gha,2011,d10,2.5694
gha,2014,d01,6.3328
gha,2014,d02,6.2392
gha,2014,d03,5.618
gha,2014,d04,5.2569
gha,2014,d05,4.1997
gha,2014,d06,3.6442
gha,2014,d07,3.5249
gha,2014,d08,3.0845
gha,2014,d09,3.0328
gha,2014,d10,2.6322
gha,2017,d01,5.9666
gha,2017,d02,5.9774
gha,2017,d03,5.6785
gha,2017,d04,4.7693
gha,2017,d05,4.8794
gha,2017,d06,4.3044
gha,2017,d07,4.1516
gha,2017,d08,3.6965
gha,2017,d09,3.5804
gha,2017,d10,2.9963
gin,1999,d01,5.9552
gin,1999,d02,6.5175
gin,1999,d03,6.7575
gin,1999,d04,6.9328
gin,1999,d05,7.2756
gin,1999,d06,6.4886
gin,1999,d07,5.7625
gin,1999,d08,5.4121
gin,1999,d09,4.8647
gin,1999,d10,3.8174
gin,2005,d01,6.4102
gin,2005,d02,6.3859
gin,2005,d03,6.3816
gin,2005,d04,6.2223
gin,2005,d05,6.0934
gin,2005,d06,6.0001
gin,2005,d07,5.7231
gin,2005,d08,5.0883
gin,2005,d09,4.5367
gin,2005,d10,3.5996
gin,2012,d01,6.3294
gin,2012,d02,6.96
gin,2012,d03,6.014
gin,2012,d04,5.8693
gin,2012,d05,5.5296
gin,2012,d06,6.0441
gin,2012,d07,5.5773
gin,2012,d08,4.5356
gin,2012,d09,3.9456
gin,2012,d10,3.087
gin,2016,d01,6.1483
gin,2016,d02,6.0838
gin,2016,d03,6.1436
gin,2016,d04,5.8388
gin,2016,d05,5.8156
gin,2016,d06,5.1746
gin,2016,d07,4.979
gin,2016,d08,4.3874
gin,2016,d09,3.6608
gin,2016,d10,3.3484
gin,2018,d01,6.6455
gin,2018,d02,6.1873
gin,2018,d03,5.9103
gin,2018,d04,5.5311
gin,2018,d05,5.2424
gin,2018,d06,5.3934
gin,2018,d07,5.2837
gin,2018,d08,4.6957
gin,2018,d09,3.9869
gin,2018,d10,2.9762
gmb,2013,d01,6.6749
gmb,2013,d02,6.2666
gmb,2013,d03,6.4726
gmb,2013,d04,6.9049
gmb,2013,d05,6.3105
gmb,2013,d06,5.5592
gmb,2013,d07,5.1342
gmb,2013,d08,5.0551
gmb,2013,d09,4.2485
gmb,2013,d10,3.4561
gmb,2018,d01,6.7616
gmb,2018,d02,6.0022
gmb,2018,d03,6.2726
gmb,2018,d04,5.2278
gmb,2018,d05,4.8327
gmb,2018,d06,4.9753
gmb,2018,d07,4.3733
gmb,2018,d08,3.7851
gmb,2018,d09,3.1281
gmb,2018,d10,2.4538
gmb,2019,d01,6.6049
gmb,2019,d02,5.8028
gmb,2019,d03,5.4713
gmb,2019,d04,5.1724
gmb,2019,d05,4.902
gmb,2019,d06,4.5132
gmb,2019,d07,4.3582
gmb,2019,d08,3.5058
gmb,2019,d09,3.3649
gmb,2019,d10,2.8801
gnb,2014,d01,6.3185
gnb,2014,d02,6.421
gnb,2014,d03,6.3623
gnb,2014,d04,6.2529
gnb,2014,d05,6.2707
gnb,2014,d06,5.8011
gnb,2014,d07,4.5094
gnb,2014,d08,3.6664
gnb,2014,d09,3.078
gnb,2014,d10,2.5019
gnb,2018,d01,5.6903
gnb,2018,d02,5.6979
gnb,2018,d03,5.7803
gnb,2018,d04,5.4545
gnb,2018,d05,5.8014
gnb,2018,d06,5.0263
gnb,2018,d07,4.7175
gnb,2018,d08,3.4667
gnb,2018,d09,2.602
gnb,2018,d10,2.2364
gtm,1995,d01,8.1882
gtm,1995,d02,7.831
gtm,1995,d03,6.6114
gtm,1995,d04,6.3751
gtm,1995,d05,5.7337
gtm,1995,d06,4.6548
gtm,1995,d07,4.1206
gtm,1995,d08,3.4028
gtm,1995,d09,2.7262
gtm,1995,d10,2.3677
gtm,1998,d01,7.9874
gtm,1998,d02,7.3584
gtm,1998,d03,7.2775
gtm,1998,d04,6.3611
gtm,1998,d05,5.3015
gtm,1998,d06,4.3679
gtm,1998,d07,4.2209
gtm,1998,d08,3.5294
gtm,1998,d09,3.249
gtm,1998,d10,2.4099
gtm,2014,d01,5.3899
gtm,2014,d02,4.7105
gtm,2014,d03,4.3014
gtm,2014,d04,3.6066
gtm,2014,d05,3.4954
gtm,2014,d06,2.895
gtm,2014,d07,2.6501
gtm,2014,d08,2.465
gtm,2014,d09,2.2286
gtm,2014,d10,1.6924
guy,2009,d01,6.0986
guy,2009,d02,3.7561
guy,2009,d03,3.158
guy,2009,d04,2.6193
guy,2009,d05,2.4806
guy,2009,d06,2.2221
guy,2009,d07,1.8185
guy,2009,d08,2.0215
guy,2009,d09,1.8725
guy,2009,d10,1.8963
guy,2014,d01,5.8156
guy,2014,d02,3.9006
guy,2014,d03,3.2651
guy,2014,d04,2.9363
guy,2014,d05,2.6986
guy,2014,d06,2.1669
guy,2014,d07,1.6236
guy,2014,d08,1.5574
guy,2014,d09,1.933
guy,2014,d10,1.3342
guy,2019,d01,4.5902
guy,2019,d02,3.5114
guy,2019,d03,2.9454
guy,2019,d04,2.4364
guy,2019,d05,2.0213
guy,2019,d06,1.9526
guy,2019,d07,1.7813
guy,2019,d08,1.8867
guy,2019,d09,1.8401
guy,2019,d10,1.9881
hnd,2005,d01,6.1786
hnd,2005,d02,5.3995
hnd,2005,d03,4.4134
hnd,2005,d04,3.7968
hnd,2005,d05,3.5144
hnd,2005,d06,3.282
hnd,2005,d07,2.8647
hnd,2005,d08,2.4451
hnd,2005,d09,2.274
hnd,2005,d10,1.9637
hnd,2011,d01,5.3642
hnd,2011,d02,4.1718
hnd,2011,d03,3.4275
hnd,2011,d04,3.1306
hnd,2011,d05,2.8192
hnd,2011,d06,2.7874
hnd,2011,d07,2.6493
hnd,2011,d08,2.3164
hnd,2011,d09,2.1843
hnd,2011,d10,1.7456
hnd,2019,d01,4.4254
hnd,2019,d02,3.7349
hnd,2019,d03,3.2268
hnd,2019,d04,2.7639
hnd,2019,d05,2.8052
hnd,2019,d06,2.8378
hnd,2019,d07,2.4351
hnd,2019,d08,2.2426
hnd,2019,d09,1.9326
hnd,2019,d10,1.6002
hti,1994,d01,7.2549
hti,1994,d02,6.3502
hti,1994,d03,6.591
hti,1994,d04,6.2944
hti,1994,d05,5.9716
hti,1994,d06,5.3562
hti,1994,d07,4.409
hti,1994,d08,4.1026
hti,1994,d09,3.0971
hti,1994,d10,2.1009
hti,2000,d01,6.8272
hti,2000,d02,6.6441
hti,2000,d03,6.9382
hti,2000,d04,5.511
hti,2000,d05,5.085
hti,2000,d06,4.9027
hti,2000,d07,4.6377
hti,2000,d08,3.6839
hti,2000,d09,3.1197
hti,2000,d10,2.1289
hti,2005,d01,7.0086
hti,2005,d02,5.9706
hti,2005,d03,5.1819
hti,2005,d04,5.0017
hti,2005,d05,4.7745
hti,2005,d06,4.1367
hti,2005,d07,3.4267
hti,2005,d08,2.9058
hti,2005,d09,2.4042
hti,2005,d10,1.8304
hti,2012,d01,5.6606
hti,2012,d02,5.7593
hti,2012,d03,4.7172
hti,2012,d04,4.5108
hti,2012,d05,3.9904
hti,2012,d06,3.4839
hti,2012,d07,3.2615
hti,2012,d08,2.8456
hti,2012,d09,2.1594
hti,2012,d10,1.5733
hti,2016,d01,6.002
hti,2016,d02,5.1177
hti,2016,d03,4.2641
hti,2016,d04,3.8061
hti,2016,d05,3.6242
hti,2016,d06,3.1166
hti,2016,d07,2.7657
hti,2016,d08,2.054
hti,2016,d09,1.8745
hti,2016,d10,1.4914
idn,2002,d01,3.3751
idn,2002,d02,2.9479
idn,2002,d03,2.7243
idn,2002,d04,2.7093
idn,2002,d05,2.4468
idn,2002,d06,2.7044
idn,2002,d07,2.4376
idn,2002,d08,2.4282
idn,2002,d09,2.043
idn,2002,d10,2.1159
idn,2007,d01,3.3988
idn,2007,d02,2.8046
idn,2007,d03,2.5894
idn,2007,d04,2.4926
idn,2007,d05,2.613
idn,2007,d06,2.5964
idn,2007,d07,2.563
idn,2007,d08,2.3932
idn,2007,d09,2.6787
idn,2007,d10,2.4703
idn,2012,d01,3.5777
idn,2012,d02,2.9242
idn,2012,d03,2.5357
idn,2012,d04,2.5925
idn,2012,d05,2.3945
idn,2012,d06,2.4625
idn,2012,d07,2.3781
idn,2012,d08,2.3142
idn,2012,d09,2.3408
idn,2012,d10,2.1205
idn,2017,d01,3.3914
idn,2017,d02,2.6419
idn,2017,d03,2.5645
idn,2017,d04,2.5633
idn,2017,d05,2.4511
idn,2017,d06,2.2984
idn,2017,d07,2.3217
idn,2017,d08,2.2087
idn,2017,d09,2.1617
idn,2017,d10,2.1246
ind,1998,d01,4.06
ind,1998,d02,3.8541
ind,1998,d03,3.7226
ind,1998,d04,3.5055
ind,1998,d05,3.0676
ind,1998,d06,2.9608
ind,1998,d07,2.7625
ind,1998,d08,2.5795
ind,1998,d09,2.1326
ind,1998,d10,1.8955
ind,2005,d01,4.426
ind,2005,d02,3.7801
ind,2005,d03,3.3926
ind,2005,d04,3.2205
ind,2005,d05,2.8697
ind,2005,d06,2.5799
ind,2005,d07,2.4827
ind,2005,d08,2.1523
ind,2005,d09,1.9355
ind,2005,d10,1.6948
ind,2015,d01,3.7267
ind,2015,d02,3.0038
ind,2015,d03,2.6519
ind,2015,d04,2.4279
ind,2015,d05,2.186
ind,2015,d06,2.0414
ind,2015,d07,1.9544
ind,2015,d08,1.7995
ind,2015,d09,1.6329
ind,2015,d10,1.4994
ind,2019,d01,2.9981
ind,2019,d02,2.553
ind,2019,d03,2.3143
ind,2019,d04,2.0967
ind,2019,d05,1.9937
ind,2019,d06,1.8881
ind,2019,d07,1.804
ind,2019,d08,1.7318
ind,2019,d09,1.667
ind,2019,d10,1.487
irq,2011,d01,6.1816
irq,2011,d02,5.7147
irq,2011,d03,5.337
irq,2011,d04,4.8507
irq,2011,d05,4.4764
irq,2011,d06,4.4278
irq,2011,d07,4.2184
irq,2011,d08,3.7757
irq,2011,d09,3.6451
irq,2011,d10,2.7759
irq,2018,d01,5.1547
irq,2018,d02,4.5639
irq,2018,d03,4.4999
irq,2018,d04,4.3566
irq,2018,d05,3.9745
irq,2018,d06,3.9041
irq,2018,d07,3.5861
irq,2018,d08,3.2093
irq,2018,d09,3.4964
irq,2018,d10,2.7974
jor,1997,d01,6.0435
jor,1997,d02,5.498
jor,1997,d03,4.9773
jor,1997,d04,5.8469
jor,1997,d05,4.3396
jor,1997,d06,5.0282
jor,1997,d07,4.0186
jor,1997,d08,3.8485
jor,1997,d09,3.3808
jor,1997,d10,3.042
jor,2002,d01,4.7699
jor,2002,d02,4.7033
jor,2002,d03,4.4995
jor,2002,d04,4.626
jor,2002,d05,3.8614
jor,2002,d06,3.8229
jor,2002,d07,3.2837
jor,2002,d08,3.2064
jor,2002,d09,2.4651
jor,2002,d10,2.4892
jor,2007,d01,4.7529
jor,2007,d02,4.7454
jor,2007,d03,4.5121
jor,2007,d04,4.1596
jor,2007,d05,3.6028
jor,2007,d06,3.971
jor,2007,d07,3.1319
jor,2007,d08,3.0881
jor,2007,d09,2.7636
jor,2007,d10,2.4739
jor,2012,d01,4.8381
jor,2012,d02,4.1465
jor,2012,d03,4.0926
jor,2012,d04,3.9576
jor,2012,d05,3.7375
jor,2012,d06,3.7921
jor,2012,d07,3.3589
jor,2012,d08,3.3253
jor,2012,d09,2.9011
jor,2012,d10,2.4371
jor,2017,d01,4.2252
jor,2017,d02,3.8999
jor,2017,d03,3.3722
jor,2017,d04,3.3562
jor,2017,d05,3.0004
jor,2017,d06,2.7401
jor,2017,d07,2.4843
jor,2017,d08,2.4654
jor,2017,d09,1.5812
jor,2017,d10,1.502
kaz,1995,d01,4.098
kaz,1995,d02,2.6133
kaz,1995,d03,3.1915
kaz,1995,d04,3.2107
kaz,1995,d05,2.9643
kaz,1995,d06,2.9201
kaz,1995,d07,1.8948
kaz,1995,d08,1.7621
kaz,1995,d09,1.5238
kaz,1995,d10,1.3139
kaz,1999,d01,3.5105
kaz,1999,d02,2.8872
kaz,1999,d03,2.4651
kaz,1999,d04,2.269
kaz,1999,d05,2.2057
kaz,1999,d06,1.604
kaz,1999,d07,1.8214
kaz,1999,d08,1.1339
kaz,1999,d09,1.2146
kaz,1999,d10,1.2595
ken,1993,d01,7.8033
ken,1993,d02,6.9084
ken,1993,d03,6.7025
ken,1993,d04,6.4601
ken,1993,d05,5.8206
ken,1993,d06,5.855
ken,1993,d07,5.1819
ken,1993,d08,4.8943
ken,1993,d09,3.9062
ken,1993,d10,3.0906
ken,1998,d01,6.884
ken,1998,d02,6.0349
ken,1998,d03,5.8405
ken,1998,d04,4.8944
ken,1998,d05,4.5157
ken,1998,d06,4.796
ken,1998,d07,4.3373
ken,1998,d08,3.5473
ken,1998,d09,3.2946
ken,1998,d10,2.6861
ken,2003,d01,8.1807
ken,2003,d02,7.2815
ken,2003,d03,6.1181
ken,2003,d04,5.7692
ken,2003,d05,5.3126
ken,2003,d06,5.0869
ken,2003,d07,4.3714
ken,2003,d08,3.9483
ken,2003,d09,3.9056
ken,2003,d10,2.4997
ken,2008,d01,7.4727
ken,2008,d02,6.6596
ken,2008,d03,5.9941
ken,2008,d04,5.3219
ken,2008,d05,5.2087
ken,2008,d06,4.5236
ken,2008,d07,3.9442
ken,2008,d08,3.8082
ken,2008,d09,3.1152
ken,2008,d10,2.6829
ken,2014,d01,7.2421
ken,2014,d02,5.8375
ken,2014,d03,5.17
ken,2014,d04,4.7723
ken,2014,d05,4.107
ken,2014,d06,3.8533
ken,2014,d07,3.3841
ken,2014,d08,3.0985
ken,2014,d09,3.1166
ken,2014,d10,2.5468
kgz,1997,d01,5.0054
kgz,1997,d02,4.5806
kgz,1997,d03,4.0817
kgz,1997,d04,3.6512
kgz,1997,d05,3.8729
kgz,1997,d06,2.946
kgz,1997,d07,3.2594
kgz,1997,d08,3.1529
kgz,1997,d09,1.5285
kgz,1997,d10,1.8407
kgz,2012,d01,3.8403
kgz,2012,d02,4.0031
kgz,2012,d03,4.0747
kgz,2012,d04,3.9699
kgz,2012,d05,3.6757
kgz,2012,d06,3.811
kgz,2012,d07,3.8748
kgz,2012,d08,3.474
kgz,2012,d09,2.5986
kgz,2012,d10,2.544
kgz,2014,d01,4.537
kgz,2014,d02,4.2348
kgz,2014,d03,4.5694
kgz,2014,d04,4.4156
kgz,2014,d05,4.0248
kgz,2014,d06,4.0397
kgz,2014,d07,3.8915
kgz,2014,d08,3.5848
kgz,2014,d09,3.1591
kgz,2014,d10,2.858
kgz,2018,d01,4.7393
kgz,2018,d02,4.4106
kgz,2018,d03,4.6182
kgz,2018,d04,4.3563
kgz,2018,d05,4.4314
kgz,2018,d06,3.9665
kgz,2018,d07,3.8011
kgz,2018,d08,3.7327
kgz,2018,d09,3.3269
kgz,2018,d10,2.2494
khm,2000,d01,4.8102
khm,2000,d02,5.195
khm,2000,d03,4.8593
khm,2000,d04,4.5368
khm,2000,d05,4.1859
khm,2000,d06,4.1945
khm,2000,d07,4.011
khm,2000,d08,4.0054
khm,2000,d09,2.9854
khm,2000,d10,1.8275
khm,2005,d01,5.3295
khm,2005,d02,4.3338
khm,2005,d03,4.3264
khm,2005,d04,3.8327
khm,2005,d05,3.367
khm,2005,d06,3.0675
khm,2005,d07,2.9391
khm,2005,d08,2.8989
khm,2005,d09,2.7537
khm,2005,d10,1.9918
khm,2010,d01,4.8986
khm,2010,d02,3.9213
khm,2010,d03,3.6688
khm,2010,d04,3.3339
khm,2010,d05,2.985
khm,2010,d06,2.9238
khm,2010,d07,2.9083
khm,2010,d08,2.5262
khm,2010,d09,2.4065
khm,2010,d10,1.8899
khm,2014,d01,4.2257
khm,2014,d02,3.4603
khm,2014,d03,2.8951
khm,2014,d04,2.9411
khm,2014,d05,2.8363
khm,2014,d06,2.5473
khm,2014,d07,2.3731
khm,2014,d08,2.2112
khm,2014,d09,2.3889
khm,2014,d10,1.8934
kir,2018,d01,4.4524
kir,2018,d02,4.1292
kir,2018,d03,3.6573
kir,2018,d04,3.7614
kir,2018,d05,3.3268
kir,2018,d06,3.4313
kir,2018,d07,2.9104
kir,2018,d08,3.1218
kir,2018,d09,3.1438
kir,2018,d10,2.2254
kos,2013,d01,3.2351
kos,2013,d02,2.9522
kos,2013,d03,2.8206
kos,2013,d04,1.9503
kos,2013,d05,2.3663
kos,2013,d06,2.1147
kos,2013,d07,2.03
kos,2013,d08,2.1262
kos,2013,d09,1.8805
kos,2013,d10,1.7914
kos,2019,d01,3.5166
kos,2019,d02,2.8522
kos,2019,d03,2.4546
kos,2019,d04,2.1929
kos,2019,d05,2.3191
kos,2019,d06,2.2109
kos,2019,d07,1.8863
kos,2019,d08,2.3446
kos,2019,d09,1.808
kos,2019,d10,1.8259
lao,2011,d01,6.1141
lao,2011,d02,5.3474
lao,2011,d03,4.1788
lao,2011,d04,3.8363
lao,2011,d05,3.3126
lao,2011,d06,2.9136
lao,2011,d07,2.5854
lao,2011,d08,2.1774
lao,2011,d09,2.0353
lao,2011,d10,1.7331
lao,2017,d01,4.843
lao,2017,d02,3.932
lao,2017,d03,3.5407
lao,2017,d04,3.1111
lao,2017,d05,2.8726
lao,2017,d06,2.5422
lao,2017,d07,2.2768
lao,2017,d08,2.1086
lao,2017,d09,2.1215
lao,2017,d10,1.8171
lbr,2007,d01,6.7904
lbr,2007,d02,6.806
lbr,2007,d03,6.9744
lbr,2007,d04,6.5589
lbr,2007,d05,6.1313
lbr,2007,d06,6.0558
lbr,2007,d07,5.3128
lbr,2007,d08,4.247
lbr,2007,d09,3.3656
lbr,2007,d10,2.3682
lbr,2013,d01,7.1139
lbr,2013,d02,6.2432
lbr,2013,d03,6.4157
lbr,2013,d04,5.7495
lbr,2013,d05,5.3718
lbr,2013,d06,4.9026
lbr,2013,d07,4.3187
lbr,2013,d08,3.7158
lbr,2013,d09,2.9924
lbr,2013,d10,2.4618
lbr,2019,d01,6.5451
lbr,2019,d02,5.9679
lbr,2019,d03,5.5337
lbr,2019,d04,5.5547
lbr,2019,d05,4.7995
lbr,2019,d06,4.1385
lbr,2019,d07,3.7059
lbr,2019,d08,2.9991
lbr,2019,d09,2.8757
lbr,2019,d10,2.7107
lso,2004,d01,5.7076
lso,2004,d02,5.0253
lso,2004,d03,5.0583
lso,2004,d04,4.3946
lso,2004,d05,3.8517
lso,2004,d06,3.5145
lso,2004,d07,3.5248
lso,2004,d08,3.1245
lso,2004,d09,2.2475
lso,2004,d10,1.9815
lso,2009,d01,6.6244
lso,2009,d02,5.0142
lso,2009,d03,4.2726
lso,2009,d04,4.1502
lso,2009,d05,3.8539
lso,2009,d06,3.5751
lso,2009,d07,3.307
lso,2009,d08,2.3403
lso,2009,d09,1.9759
lso,2009,d10,1.8759
lso,2014,d01,5.0242
lso,2014,d02,4.4654
lso,2014,d03,4.0561
lso,2014,d04,3.7319
lso,2014,d05,3.7065
lso,2014,d06,3.172
lso,2014,d07,2.6833
lso,2014,d08,2.4075
lso,2014,d09,2.1679
lso,2014,d10,2.0124
lso,2018,d01,4.5186
lso,2018,d02,3.673
lso,2018,d03,3.5861
lso,2018,d04,3.0167
lso,2018,d05,2.8658
lso,2018,d06,2.7174
lso,2018,d07,2.381
lso,2018,d08,2.1962
lso,2018,d09,1.7174
lso,2018,d10,2.1011
mar,2003,d01,3.7993
mar,2003,d02,3.3135
mar,2003,d03,3.466
mar,2003,d04,3.0055
mar,2003,d05,2.4394
mar,2003,d06,2.6186
mar,2003,d07,1.9944
mar,2003,d08,1.8783
mar,2003,d09,2.0094
mar,2003,d10,1.9654
mda,2005,d01,2.1224
mda,2005,d02,1.9211
mda,2005,d03,1.951
mda,2005,d04,1.7971
mda,2005,d05,1.8778
mda,2005,d06,1.5732
mda,2005,d07,1.4904
mda,2005,d08,1.3773
mda,2005,d09,1.2338
mda,2005,d10,1.2796
mda,2012,d01,2.9037
mda,2012,d02,3.1027
mda,2012,d03,2.4608
mda,2012,d04,2.4627
mda,2012,d05,1.8934
mda,2012,d06,1.9654
mda,2012,d07,1.6313
mda,2012,d08,1.5622
mda,2012,d09,1.7278
mda,2012,d10,1.9595
mdg,1997,d01,8.7511
mdg,1997,d02,5.63
mdg,1997,d03,7.6217
mdg,1997,d04,6.0974
mdg,1997,d05,7.1731
mdg,1997,d06,6.393
mdg,1997,d07,6.0056
mdg,1997,d08,5.4472
mdg,1997,d09,4.5818
mdg,1997,d10,2.6593
mdg,2003,d01,6.9824
mdg,2003,d02,7.0378
mdg,2003,d03,7.0329
mdg,2003,d04,5.9381
mdg,2003,d05,6.2853
mdg,2003,d06,5.6901
mdg,2003,d07,5.0534
mdg,2003,d08,4.5283
mdg,2003,d09,3.0009
mdg,2003,d10,2.8636
mdg,2008,d01,7.5397
mdg,2008,d02,6.4191
mdg,2008,d03,6.3698
mdg,2008,d04,5.9456
mdg,2008,d05,5.5376
mdg,2008,d06,5.0218
mdg,2008,d07,4.9861
mdg,2008,d08,4.2357
mdg,2008,d09,3.4224
mdg,2008,d10,2.3947
mdg,2018,d01,7.1628
mdg,2018,d02,6.722
mdg,2018,d03,6.0904
mdg,2018,d04,5.6796
mdg,2018,d05,5.2533
mdg,2018,d06,4.5723
mdg,2018,d07,3.6719
mdg,2018,d08,3.4959
mdg,2018,d09,3.0799
mdg,2018,d10,2.5782
mdv,2009,d01,2.6441
mdv,2009,d02,2.7368
mdv,2009,d03,2.8541
mdv,2009,d04,2.7121
mdv,2009,d05,2.5808
mdv,2009,d06,2.5994
mdv,2009,d07,2.2739
mdv,2009,d08,2.3802
mdv,2009,d09,1.7402
mdv,2009,d10,2.1481
mdv,2016,d01,2.6481
mdv,2016,d02,2.5603
mdv,2016,d03,2.4928
mdv,2016,d04,2.6524
mdv,2016,d05,2.3528
mdv,2016,d06,2.4663
mdv,2016,d07,1.9586
mdv,2016,d08,2.0817
mdv,2016,d09,1.6496
mdv,2016,d10,1.6513
mkd,2018,d01,3.6205
mkd,2018,d02,2.3163
mkd,2018,d03,2.0166
mkd,2018,d04,2.1131
mkd,2018,d05,1.6424
mkd,2018,d06,1.999
mkd,2018,d07,1.6377
mkd,2018,d08,1.4682
mkd,2018,d09,1.542
mkd,2018,d10,2.3199
mli,1995,d01,7.2187
mli,1995,d02,7.4832
mli,1995,d03,7.4679
mli,1995,d04,7.7049
mli,1995,d05,7.4892
mli,1995,d06,7.8172
mli,1995,d07,7.3665
mli,1995,d08,7.3857
mli,1995,d09,6.6438
mli,1995,d10,4.9262
mli,2001,d01,7.37
mli,2001,d02,7.8922
mli,2001,d03,7.4697
mli,2001,d04,7.6616
mli,2001,d05,7.4863
mli,2001,d06,7.3784
mli,2001,d07,7.1412
mli,2001,d08,6.947
mli,2001,d09,6.1328
mli,2001,d10,4.7592
mli,2006,d01,7.5676
mli,2006,d02,7.6881
mli,2006,d03,7.1925
mli,2006,d04,7.2353
mli,2006,d05,7.0918
mli,2006,d06,7.04
mli,2006,d07,7.1055
mli,2006,d08,6.2329
mli,2006,d09,6.014
mli,2006,d10,4.31
mli,2012,d01,7.1415
mli,2012,d02,7.1714
mli,2012,d03,6.8802
mli,2012,d04,7.2273
mli,2012,d05,6.8463
mli,2012,d06,6.8826
mli,2012,d07,6.8536
mli,2012,d08,5.8567
mli,2012,d09,5.1554
mli,2012,d10,4.3395
mli,2015,d01,7.0063
mli,2015,d02,7.1278
mli,2015,d03,6.5886
mli,2015,d04,6.9884
mli,2015,d05,7.2212
mli,2015,d06,6.4984
mli,2015,d07,6.6096
mli,2015,d08,5.9749
mli,2015,d09,5.3173
mli,2015,d10,3.8782
mli,2018,d01,8.4517
mli,2018,d02,7.4642
mli,2018,d03,7.3876
mli,2018,d04,7.3555
mli,2018,d05,7.3239
mli,2018,d06,6.7114
mli,2018,d07,6.0373
mli,2018,d08,5.1998
mli,2018,d09,4.8516
mli,2018,d10,4.3341
mmr,2015,d01,4.1593
mmr,2015,d02,3.3746
mmr,2015,d03,2.773
mmr,2015,d04,2.5941
mmr,2015,d05,2.2797
mmr,2015,d06,1.6974
mmr,2015,d07,1.8628
mmr,2015,d08,1.7326
mmr,2015,d09,1.6081
mmr,2015,d10,1.3375
mng,2013,d01,4.0007
mng,2013,d02,3.6189
mng,2013,d03,3.236
mng,2013,d04,3.2279
mng,2013,d05,2.9992
mng,2013,d06,2.8657
mng,2013,d07,2.7647
mng,2013,d08,2.4984
mng,2013,d09,2.7164
mng,2013,d10,2.7269
mng,2018,d01,4.2451
mng,2018,d02,3.7062
mng,2018,d03,3.7135
mng,2018,d04,3.5482
mng,2018,d05,3.7417
mng,2018,d06,3.6683
mng,2018,d07,3.0715
mng,2018,d08,3.0125
mng,2018,d09,3.6087
mng,2018,d10,3.1672
moz,1997,d01,6.9609
moz,1997,d02,4.9594
moz,1997,d03,5.5966
moz,1997,d04,5.8081
moz,1997,d05,5.8442
moz,1997,d06,5.3004
moz,1997,d07,6.2042
moz,1997,d08,5.3897
moz,1997,d09,5.8662
moz,1997,d10,4.5874
moz,2003,d01,6.2327
moz,2003,d02,6.5238
moz,2003,d03,6.295
moz,2003,d04,6.013
moz,2003,d05,6.2673
moz,2003,d06,6.7211
moz,2003,d07,5.5322
moz,2003,d08,5.1381
moz,2003,d09,4.4342
moz,2003,d10,3.3954
moz,2008,d01,8.1483
moz,2008,d02,7.1822
moz,2008,d03,7.5295
moz,2008,d04,6.7164
moz,2008,d05,6.1391
moz,2008,d06,6.1376
moz,2008,d07,6.1739
moz,2008,d08,5.6183
moz,2008,d09,4.5816
moz,2008,d10,3.1012
moz,2011,d01,7.4626
moz,2011,d02,7.3581
moz,2011,d03,7.0476
moz,2011,d04,6.9175
moz,2011,d05,6.2309
moz,2011,d06,6.2437
moz,2011,d07,5.6583
moz,2011,d08,5.4378
moz,2011,d09,4.099
moz,2011,d10,3.0692
moz,2015,d01,6.2468
moz,2015,d02,6.2473
moz,2015,d03,6.2892
moz,2015,d04,6.2745
moz,2015,d05,6.3968
moz,2015,d06,6.015
moz,2015,d07,5.0374
moz,2015,d08,4.4145
moz,2015,d09,3.8475
moz,2015,d10,2.7717
mrt,2011,d01,7.5895
mrt,2011,d02,6.8475
mrt,2011,d03,6.284
mrt,2011,d04,5.8843
mrt,2011,d05,5.082
mrt,2011,d06,4.8182
mrt,2011,d07,4.5522
mrt,2011,d08,4.7287
mrt,2011,d09,3.803
mrt,2011,d10,3.2891
mrt,2015,d01,7.7509
mrt,2015,d02,7.4191
mrt,2015,d03,6.678
mrt,2015,d04,6.3003
mrt,2015,d05,5.4636
mrt,2015,d06,4.7607
mrt,2015,d07,4.9923
mrt,2015,d08,4.3706
mrt,2015,d09,4.1898
mrt,2015,d10,3.3035
mrt,2019,d01,8.2711
mrt,2019,d02,7.3074
mrt,2019,d03,7.2468
mrt,2019,d04,6.1395
mrt,2019,d05,5.6293
mrt,2019,d06,5.1406
mrt,2019,d07,4.3652
mrt,2019,d08,4.3715
mrt,2019,d09,4.0751
mrt,2019,d10,3.2236
mwi,2000,d01,6.9071
mwi,2000,d02,6.9501
mwi,2000,d03,7.2564
mwi,2000,d04,6.6852
mwi,2000,d05,6.2601
mwi,2000,d06,6.4725
mwi,2000,d07,5.9575
mwi,2000,d08,6.2981
mwi,2000,d09,5.6786
mwi,2000,d10,4.2233
mwi,2004,d01,7.0343
mwi,2004,d02,7.0003
mwi,2004,d03,6.8728
mwi,2004,d04,6.5926
mwi,2004,d05,6.3692
mwi,2004,d06,6.9513
mwi,2004,d07,6.1888
mwi,2004,d08,5.6823
mwi,2004,d09,4.8322
mwi,2004,d10,3.4875
mwi,2006,d01,6.8434
mwi,2006,d02,7.269
mwi,2006,d03,6.3327
mwi,2006,d04,6.7675
mwi,2006,d05,6.4149
mwi,2006,d06,6.6666
mwi,2006,d07,6.0766
mwi,2006,d08,5.9135
mwi,2006,d09,5.5437
mwi,2006,d10,3.531
mwi,2010,d01,6.9563
mwi,2010,d02,6.8373
mwi,2010,d03,6.7869
mwi,2010,d04,6.7372
mwi,2010,d05,6.3912
mwi,2010,d06,6.2445
mwi,2010,d07,5.5063
mwi,2010,d08,5.246
mwi,2010,d09,4.6611
mwi,2010,d10,3.1141
mwi,2013,d01,6.6413
mwi,2013,d02,6.1209
mwi,2013,d03,6.038
mwi,2013,d04,5.7355
mwi,2013,d05,5.7624
mwi,2013,d06,5.4535
mwi,2013,d07,4.7332
mwi,2013,d08,4.8445
mwi,2013,d09,4.1
mwi,2013,d10,2.923
mwi,2015,d01,6.0627
mwi,2015,d02,5.7924
mwi,2015,d03,5.407
mwi,2015,d04,5.2413
mwi,2015,d05,5.02
mwi,2015,d06,4.8398
mwi,2015,d07,4.5506
mwi,2015,d08,4.0998
mwi,2015,d09,3.5222
mwi,2015,d10,2.6341
mwi,2019,d01,5.7237
mwi,2019,d02,5.1548
mwi,2019,d03,5.0057
mwi,2019,d04,4.8881
mwi,2019,d05,4.3209
mwi,2019,d06,4.0719
mwi,2019,d07,3.9427
mwi,2019,d08,3.7834
mwi,2019,d09,3.3295
mwi,2019,d10,2.5583
nam,2000,d01,6.5218
nam,2000,d02,5.1176
nam,2000,d03,5.1439
nam,2000,d04,4.9577
nam,2000,d05,4.8055
nam,2000,d06,4.0966
nam,2000,d07,3.791
nam,2000,d08,3.1934
nam,2000,d09,2.8394
nam,2000,d10,2.3619
nam,2006,d01,5.3679
nam,2006,d02,4.518
nam,2006,d03,4.5456
nam,2006,d04,4.0427
nam,2006,d05,4.4113
nam,2006,d06,3.5985
nam,2006,d07,3.1883
nam,2006,d08,2.6211
nam,2006,d09,2.415
nam,2006,d10,2.245
nam,2013,d01,5.8514
nam,2013,d02,4.8631
nam,2013,d03,4.673
nam,2013,d04,4.2639
nam,2013,d05,3.6138
nam,2013,d06,3.8765
nam,2013,d07,3.1609
nam,2013,d08,2.866
nam,2013,d09,2.4089
nam,2013,d10,2.1602
ner,1998,d01,8.7028
ner,1998,d02,7.6393
ner,1998,d03,7.6301
ner,1998,d04,7.7326
ner,1998,d05,8.1514
ner,1998,d06,6.8826
ner,1998,d07,7.7874
ner,1998,d08,7.557
ner,1998,d09,7.0001
ner,1998,d10,5.3843
ner,2006,d01,7.9714
ner,2006,d02,7.8702
ner,2006,d03,7.0538
ner,2006,d04,7.2375
ner,2006,d05,7.2239
ner,2006,d06,6.8826
ner,2006,d07,7.52
ner,2006,d08,7.0451
ner,2006,d09,6.7288
ner,2006,d10,5.7185
ner,2012,d01,8.5303
ner,2012,d02,8.4462
ner,2012,d03,8.3917
ner,2012,d04,8.0019
ner,2012,d05,8.1884
ner,2012,d06,8.1799
ner,2012,d07,8.1182
ner,2012,d08,8.0114
ner,2012,d09,7.1655
ner,2012,d10,5.2263
ner,2021,d01,6.6958
ner,2021,d02,7.584
ner,2021,d03,7.1131
ner,2021,d04,7.0434
ner,2021,d05,7.1292
ner,2021,d06,6.9347
ner,2021,d07,7.0044
ner,2021,d08,6.4876
ner,2021,d09,6.0095
ner,2021,d10,4.9381
nga,2003,d01,6.3578
nga,2003,d02,7.3289
nga,2003,d03,6.5673
nga,2003,d04,6.5138
nga,2003,d05,6.2777
nga,2003,d06,5.6103
nga,2003,d07,5.7352
nga,2003,d08,5.8621
nga,2003,d09,4.0952
nga,2003,d10,3.8945
nga,2008,d01,7.1435
nga,2008,d02,7.3983
nga,2008,d03,7.13
nga,2008,d04,7.1868
nga,2008,d05,6.2459
nga,2008,d06,5.8566
nga,2008,d07,5.4222
nga,2008,d08,4.6961
nga,2008,d09,4.3345
nga,2008,d10,3.772
nga,2013,d01,7.3725
nga,2013,d02,7.2511
nga,2013,d03,7.2838
nga,2013,d04,6.6428
nga,2013,d05,5.9834
nga,2013,d06,5.5986
nga,2013,d07,5.2613
nga,2013,d08,4.7581
nga,2013,d09,4.2147
nga,2013,d10,3.575
nga,2016,d01,8.0289
nga,2016,d02,7.4826
nga,2016,d03,7.5328
nga,2016,d04,7.1026
nga,2016,d05,6.7243
nga,2016,d06,5.9439
nga,2016,d07,5.7862
nga,2016,d08,4.983
nga,2016,d09,4.5612
nga,2016,d10,4.2522
nga,2018,d01,7.1576
nga,2018,d02,7.2892
nga,2018,d03,6.8683
nga,2018,d04,6.3644
nga,2018,d05,6.0398
nga,2018,d06,5.7349
nga,2018,d07,4.9917
nga,2018,d08,4.4726
nga,2018,d09,4.1961
nga,2018,d10,3.5412
nic,1998,d01,7.4708
nic,1998,d02,5.7558
nic,1998,d03,5.1002
nic,1998,d04,4.4628
nic,1998,d05,3.8102
nic,1998,d06,3.4172
nic,1998,d07,2.9493
nic,1998,d08,2.6244
nic,1998,d09,2.2444
nic,1998,d10,1.8445
nic,2001,d01,6.6343
nic,2001,d02,5.0675
nic,2001,d03,4.423
nic,2001,d04,3.4089
nic,2001,d05,3.2724
nic,2001,d06,2.7906
nic,2001,d07,2.4661
nic,2001,d08,2.3547
nic,2001,d09,2.076
nic,2001,d10,1.968
npl,2006,d01,5.5755
npl,2006,d02,4.3925
npl,2006,d03,4.1097
npl,2006,d04,3.5154
npl,2006,d05,3.5614
npl,2006,d06,3.2081
npl,2006,d07,3.0871
npl,2006,d08,2.4202
npl,2006,d09,2.3038
npl,2006,d10,1.7269
npl,2011,d01,5.0387
npl,2011,d02,3.9888
npl,2011,d03,3.5038
npl,2011,d04,2.9407
npl,2011,d05,2.7764
npl,2011,d06,2.7323
npl,2011,d07,2.1716
npl,2011,d08,1.9804
npl,2011,d09,1.7852
npl,2011,d10,1.2517
npl,2014,d01,3.7722
npl,2014,d02,3.1219
npl,2014,d03,2.6518
npl,2014,d04,2.6445
npl,2014,d05,2.5912
npl,2014,d06,2.702
npl,2014,d07,2.2681
npl,2014,d08,1.9814
npl,2014,d09,1.7214
npl,2014,d10,1.3493
npl,2016,d01,3.645
npl,2016,d02,3.0995
npl,2016,d03,2.7781
npl,2016,d04,2.5596
npl,2016,d05,2.4726
npl,2016,d06,2.7015
npl,2016,d07,2.4236
npl,2016,d08,2.0466
npl,2016,d09,1.8145
npl,2016,d10,1.3823
npl,2019,d01,3.491
npl,2019,d02,2.7561
npl,2019,d03,2.3411
npl,2019,d04,2.4131
npl,2019,d05,2.4185
npl,2019,d06,2.0601
npl,2019,d07,2.1391
npl,2019,d08,1.6826
npl,2019,d09,1.5996
npl,2019,d10,1.3017
pak,2006,d01,6.2499
pak,2006,d02,5.733
pak,2006,d03,5.2415
pak,2006,d04,4.3601
pak,2006,d05,4.4871
pak,2006,d06,4.2006
pak,2006,d07,3.7815
pak,2006,d08,3.4246
pak,2006,d09,3.1953
pak,2006,d10,2.7789
pak,2012,d01,6.1239
pak,2012,d02,5.4376
pak,2012,d03,4.5424
pak,2012,d04,4.782
pak,2012,d05,3.981
pak,2012,d06,3.963
pak,2012,d07,3.9047
pak,2012,d08,3.2039
pak,2012,d09,2.8289
pak,2012,d10,2.7614
pak,2017,d01,5.5415
pak,2017,d02,5.0575
pak,2017,d03,4.1981
pak,2017,d04,3.7218
pak,2017,d05,3.9703
pak,2017,d06,3.6258
pak,2017,d07,3.297
pak,2017,d08,3.0035
pak,2017,d09,2.8596
pak,2017,d10,2.7565
per,1996,d01,7.1602
per,1996,d02,6.0042
per,1996,d03,5.524
per,1996,d04,4.4386
per,1996,d05,4.0407
per,1996,d06,3.2449
per,1996,d07,2.9827
per,1996,d08,2.485
per,1996,d09,1.9867
per,1996,d10,1.7236
per,2000,d01,6.4329
per,2000,d02,5.1689
per,2000,d03,4.4092
per,2000,d04,3.7318
per,2000,d05,2.9261
per,2000,d06,2.6482
per,2000,d07,2.5459
per,2000,d08,1.8736
per,2000,d09,1.7066
per,2000,d10,1.5731
per,2004,d01,5.3644
per,2004,d02,4.3318
per,2004,d03,3.1492
per,2004,d04,2.7856
per,2004,d05,2.4144
per,2004,d06,1.8785
per,2004,d07,2.2304
per,2004,d08,1.7119
per,2004,d09,1.6412
per,2004,d10,1.3008
per,2005,d01,5.0383
per,2005,d02,4.4677
per,2005,d03,3.869
per,2005,d04,3.0179
per,2005,d05,2.5428
per,2005,d06,2.3659
per,2005,d07,1.9895
per,2005,d08,1.6287
per,2005,d09,1.6186
per,2005,d10,1.4498
per,2006,d01,5.4885
per,2006,d02,3.7441
per,2006,d03,3.7253
per,2006,d04,2.9238
per,2006,d05,2.738
per,2006,d06,2.6032
per,2006,d07,2.1949
per,2006,d08,1.8145
per,2006,d09,1.6283
per,2006,d10,1.3851
per,2007,d01,5.3072
per,2007,d02,3.996
per,2007,d03,3.603
per,2007,d04,2.9175
per,2007,d05,2.6784
per,2007,d06,2.1809
per,2007,d07,1.9361
per,2007,d08,1.4753
per,2007,d09,1.6757
per,2007,d10,1.3312
per,2008,d01,5.0952
per,2008,d02,4.0642
per,2008,d03,3.3975
per,2008,d04,2.9621
per,2008,d05,2.8117
per,2008,d06,2.4471
per,2008,d07,1.9714
per,2008,d08,1.9078
per,2008,d09,1.7179
per,2008,d10,1.3175
per,2009,d01,4.8166
per,2009,d02,4.1027
per,2009,d03,3.7203
per,2009,d04,3.1157
per,2009,d05,2.7207
per,2009,d06,2.39
per,2009,d07,2.1771
per,2009,d08,2.0033
per,2009,d09,1.8306
per,2009,d10,1.5696
per,2010,d01,4.6498
per,2010,d02,3.706
per,2010,d03,3.3926
per,2010,d04,3.0608
per,2010,d05,2.7126
per,2010,d06,2.2264
per,2010,d07,2.005
per,2010,d08,2.0788
per,2010,d09,1.6586
per,2010,d10,1.4883
per,2011,d01,4.7071
per,2011,d02,3.8235
per,2011,d03,3.1376
per,2011,d04,2.8786
per,2011,d05,2.831
per,2011,d06,2.4531
per,2011,d07,2.2227
per,2011,d08,2.0202
per,2011,d09,1.6526
per,2011,d10,1.575
per,2012,d01,4.5017
per,2012,d02,3.7796
per,2012,d03,3.3607
per,2012,d04,2.9203
per,2012,d05,2.674
per,2012,d06,2.3594
per,2012,d07,2.1744
per,2012,d08,1.9368
per,2012,d09,1.6805
per,2012,d10,1.5724
per,2013,d01,4.4579
per,2013,d02,3.4757
per,2013,d03,3.1107
per,2013,d04,2.648
per,2013,d05,2.3748
per,2013,d06,2.4809
per,2013,d07,2.083
per,2013,d08,1.8598
per,2013,d09,1.8805
per,2013,d10,1.4457
per,2014,d01,4.2832
per,2014,d02,3.3261
per,2014,d03,3.1043
per,2014,d04,2.8342
per,2014,d05,2.5001
per,2014,d06,2.3288
per,2014,d07,2.1592
per,2014,d08,1.9558
per,2014,d09,1.7203
per,2014,d10,1.686
per,2015,d01,3.9098
per,2015,d02,3.2839
per,2015,d03,3.021
per,2015,d04,2.771
per,2015,d05,2.4313
per,2015,d06,2.4281
per,2015,d07,2.2251
per,2015,d08,2.1655
per,2015,d09,2.0837
per,2015,d10,2.0466
per,2016,d01,3.9791
per,2016,d02,3.1018
per,2016,d03,2.9999
per,2016,d04,2.7521
per,2016,d05,2.6788
per,2016,d06,2.3358
per,2016,d07,2.0703
per,2016,d08,2.124
per,2016,d09,2.1582
per,2016,d10,1.7409
per,2017,d01,3.8172
per,2017,d02,3.0472
per,2017,d03,2.9245
per,2017,d04,2.5553
per,2017,d05,2.2851
per,2017,d06,2.2397
per,2017,d07,1.9243
per,2017,d08,2.1963
per,2017,d09,1.708
per,2017,d10,1.6569
per,2018,d01,3.5861
per,2018,d02,3.0074
per,2018,d03,2.5505
per,2018,d04,2.2459
per,2018,d05,2.1526
per,2018,d06,1.884
per,2018,d07,1.8012
per,2018,d08,1.8167
per,2018,d09,1.7769
per,2018,d10,1.4975
per,2019,d01,3.6058
per,2019,d02,2.8332
per,2019,d03,2.4468
per,2019,d04,2.4309
per,2019,d05,2.0204
per,2019,d06,1.8129
per,2019,d07,1.8942
per,2019,d08,1.702
per,2019,d09,1.5672
per,2019,d10,1.5705
per,2020,d01,2.9637
per,2020,d02,2.6661
per,2020,d03,2.5177
per,2020,d04,2.3992
per,2020,d05,2.2992
per,2020,d06,1.8904
per,2020,d07,1.8925
per,2020,d08,1.7524
per,2020,d09,1.8349
per,2020,d10,1.444
phl,1993,d01,6.6606
phl,1993,d02,6.4941
phl,1993,d03,5.7999
phl,1993,d04,4.9818
phl,1993,d05,4.5928
phl,1993,d06,3.9461
phl,1993,d07,3.4765
phl,1993,d08,3.1048
phl,1993,d09,2.4212
phl,1993,d10,2.1657
phl,1998,d01,6.9137
phl,1998,d02,6.1993
phl,1998,d03,5.4934
phl,1998,d04,4.2668
phl,1998,d05,3.9295
phl,1998,d06,3.3971
phl,1998,d07,3.1051
phl,1998,d08,2.6004
phl,1998,d09,2.3544
phl,1998,d10,1.8501
phl,2003,d01,6.0139
phl,2003,d02,5.6362
phl,2003,d03,4.8716
phl,2003,d04,4.2765
phl,2003,d05,3.633
phl,2003,d06,3.3295
phl,2003,d07,2.896
phl,2003,d08,2.6841
phl,2003,d09,2.4119
phl,2003,d10,1.9637
phl,2008,d01,5.8357
phl,2008,d02,5.0226
phl,2008,d03,4.5187
phl,2008,d04,3.9816
phl,2008,d05,3.5596
phl,2008,d06,3.0339
phl,2008,d07,2.8678
phl,2008,d08,2.4744
phl,2008,d09,2.113
phl,2008,d10,1.6833
phl,2013,d01,5.8786
phl,2013,d02,4.7723
phl,2013,d03,4.2108
phl,2013,d04,3.6697
phl,2013,d05,3.2429
phl,2013,d06,2.9633
phl,2013,d07,2.5757
phl,2013,d08,2.2531
phl,2013,d09,2.0046
phl,2013,d10,1.5532
phl,2017,d01,4.9685
phl,2017,d02,4.1595
phl,2017,d03,3.7659
phl,2017,d04,3.0581
phl,2017,d05,2.7894
phl,2017,d06,2.5764
phl,2017,d07,2.3352
phl,2017,d08,1.9379
phl,2017,d09,1.6695
phl,2017,d10,1.7016
png,2016,d01,5.3606
png,2016,d02,5.1341
png,2016,d03,4.4227
png,2016,d04,4.9151
png,2016,d05,4.5206
png,2016,d06,4.6599
png,2016,d07,4.5282
png,2016,d08,4.1092
png,2016,d09,3.7434
png,2016,d10,2.8578
pry,2016,d01,4.6795
pry,2016,d02,3.501
pry,2016,d03,3.0539
pry,2016,d04,2.9608
pry,2016,d05,2.359
pry,2016,d06,2.2932
pry,2016,d07,1.9852
pry,2016,d08,2.1556
pry,2016,d09,1.8423
pry,2016,d10,1.7004
pse,2014,d01,5.4749
pse,2014,d02,5.0241
pse,2014,d03,4.7687
pse,2014,d04,4.143
pse,2014,d05,4.4589
pse,2014,d06,4.2647
pse,2014,d07,4.14
pse,2014,d08,3.6864
pse,2014,d09,3.7322
pse,2014,d10,3.2391
pse,2019,d01,4.9471
pse,2019,d02,3.929
pse,2019,d03,3.4214
pse,2019,d04,4.0366
pse,2019,d05,4.1154
pse,2019,d06,4.1433
pse,2019,d07,3.9355
pse,2019,d08,3.5947
pse,2019,d09,3.8321
pse,2019,d10,2.9088
rwa,2005,d01,5.6741
rwa,2005,d02,6.1474
rwa,2005,d03,5.9036
rwa,2005,d04,6.297
rwa,2005,d05,6.1801
rwa,2005,d06,6.4099
rwa,2005,d07,6.0867
rwa,2005,d08,6.4077
rwa,2005,d09,5.9075
rwa,2005,d10,4.5163
rwa,2010,d01,5.7483
rwa,2010,d02,5.5238
rwa,2010,d03,5.4281
rwa,2010,d04,5.5064
rwa,2010,d05,4.8144
rwa,2010,d06,4.9766
rwa,2010,d07,4.8291
rwa,2010,d08,4.816
rwa,2010,d09,4.5283
rwa,2010,d10,3.1957
rwa,2014,d01,5.01
rwa,2014,d02,4.8752
rwa,2014,d03,4.4858
rwa,2014,d04,4.5149
rwa,2014,d05,4.3626
rwa,2014,d06,4.0397
rwa,2014,d07,3.9863
rwa,2014,d08,3.7125
rwa,2014,d09,3.4718
rwa,2014,d10,2.9091
rwa,2019,d01,5.0955
rwa,2019,d02,4.7897
rwa,2019,d03,4.3003
rwa,2019,d04,4.5
rwa,2019,d05,4.4662
rwa,2019,d06,4.07
rwa,2019,d07,4.0028
rwa,2019,d08,3.9847
rwa,2019,d09,3.811
rwa,2019,d10,3.0335
sdn,2010,d01,7.7493
sdn,2010,d02,7.2985
sdn,2010,d03,6.9036
sdn,2010,d04,6.4028
sdn,2010,d05,6.8685
sdn,2010,d06,5.9036
sdn,2010,d07,5.406
sdn,2010,d08,4.6963
sdn,2010,d09,4.0074
sdn,2010,d10,2.9798
sdn,2014,d01,7.6948
sdn,2014,d02,7.0016
sdn,2014,d03,6.5175
sdn,2014,d04,6.2844
sdn,2014,d05,6.1339
sdn,2014,d06,5.4762
sdn,2014,d07,5.4552
sdn,2014,d08,4.5813
sdn,2014,d09,3.8328
sdn,2014,d10,3.5412
sen,1997,d01,7.735
sen,1997,d02,6.9551
sen,1997,d03,7.1157
sen,1997,d04,6.7578
sen,1997,d05,6.766
sen,1997,d06,6.1588
sen,1997,d07,5.7516
sen,1997,d08,5.7746
sen,1997,d09,4.415
sen,1997,d10,3.6171
sen,2005,d01,7.2761
sen,2005,d02,6.7533
sen,2005,d03,6.8252
sen,2005,d04,6.2361
sen,2005,d05,5.8791
sen,2005,d06,5.4181
sen,2005,d07,4.6072
sen,2005,d08,4.5291
sen,2005,d09,3.6673
sen,2005,d10,2.9134
sen,2010,d01,7.0633
sen,2010,d02,6.7844
sen,2010,d03,6.518
sen,2010,d04,5.7254
sen,2010,d05,5.3169
sen,2010,d06,4.8985
sen,2010,d07,4.2937
sen,2010,d08,4.323
sen,2010,d09,3.8356
sen,2010,d10,3.0624
sen,2012,d01,7.8391
sen,2012,d02,7.6671
sen,2012,d03,7.0297
sen,2012,d04,6.1329
sen,2012,d05,6.0081
sen,2012,d06,5.408
sen,2012,d07,4.6708
sen,2012,d08,3.8894
sen,2012,d09,3.9302
sen,2012,d10,3.6315
sen,2014,d01,7.816
sen,2014,d02,7.3939
sen,2014,d03,6.7234
sen,2014,d04,6.1088
sen,2014,d05,6.1107
sen,2014,d06,4.6891
sen,2014,d07,4.2645
sen,2014,d08,4.3745
sen,2014,d09,3.6269
sen,2014,d10,2.8202
sen,2015,d01,7.8921
sen,2015,d02,7.149
sen,2015,d03,6.6542
sen,2015,d04,5.7549
sen,2015,d05,5.432
sen,2015,d06,5.1164
sen,2015,d07,4.4187
sen,2015,d08,3.825
sen,2015,d09,3.5626
sen,2015,d10,2.8209
sen,2016,d01,7.8064
sen,2016,d02,6.8764
sen,2016,d03,6.462
sen,2016,d04,5.8751
sen,2016,d05,4.6615
sen,2016,d06,4.4793
sen,2016,d07,4.1154
sen,2016,d08,3.3195
sen,2016,d09,3.682
sen,2016,d10,3.1291
sen,2017,d01,7.2303
sen,2017,d02,6.9817
sen,2017,d03,6.1946
sen,2017,d04,5.8829
sen,2017,d05,5.6118
sen,2017,d06,4.39
sen,2017,d07,4.1038
sen,2017,d08,3.6105
sen,2017,d09,3.393
sen,2017,d10,2.6254
sen,2018,d01,7.4595
sen,2018,d02,6.2269
sen,2018,d03,6.1581
sen,2018,d04,5.5334
sen,2018,d05,4.8364
sen,2018,d06,4.1773
sen,2018,d07,3.5526
sen,2018,d08,3.4846
sen,2018,d09,3.5105
sen,2018,d10,2.7815
sen,2019,d01,7.3712
sen,2019,d02,6.4001
sen,2019,d03,6.1807
sen,2019,d04,5.2989
sen,2019,d05,4.8133
sen,2019,d06,3.9811
sen,2019,d07,4.1138
sen,2019,d08,3.6995
sen,2019,d09,3.6077
sen,2019,d10,2.7368
sle,2008,d01,6.5192
sle,2008,d02,5.7989
sle,2008,d03,5.8088
sle,2008,d04,5.3968
sle,2008,d05,5.7804
sle,2008,d06,5.6939
sle,2008,d07,5.2841
sle,2008,d08,4.3447
sle,2008,d09,3.5443
sle,2008,d10,2.731
sle,2013,d01,6.1869
sle,2013,d02,6.5106
sle,2013,d03,6.1466
sle,2013,d04,5.7561
sle,2013,d05,5.8489
sle,2013,d06,5.5305
sle,2013,d07,5.2653
sle,2013,d08,4.5096
sle,2013,d09,3.682
sle,2013,d10,2.6733
sle,2017,d01,5.562
sle,2017,d02,5.6329
sle,2017,d03,4.9069
sle,2017,d04,5.2545
sle,2017,d05,4.802
sle,2017,d06,4.4049
sle,2017,d07,3.7206
sle,2017,d08,3.1908
sle,2017,d09,2.8126
sle,2017,d10,2.3854
sle,2019,d01,5.704
sle,2019,d02,5.6903
sle,2019,d03,5.2952
sle,2019,d04,5.0696
sle,2019,d05,5.2078
sle,2019,d06,4.5158
sle,2019,d07,4.0014
sle,2019,d08,3.3341
sle,2019,d09,3.0693
sle,2019,d10,2.2351
slv,2014,d01,3.5407
slv,2014,d02,2.6375
slv,2014,d03,2.4962
slv,2014,d04,2.3659
slv,2014,d05,2.3235
slv,2014,d06,2.1835
slv,2014,d07,2.2196
slv,2014,d08,1.6807
slv,2014,d09,1.8611
slv,2014,d10,1.8053
som,2006,d01,8.5979
som,2006,d02,7.6842
som,2006,d03,7.3946
som,2006,d04,6.9137
som,2006,d05,7.8328
som,2006,d06,7.896
som,2006,d07,7.5736
som,2006,d08,6.4057
som,2006,d09,7.3879
som,2006,d10,5.6483
ssd,2010,d01,7.5687
ssd,2010,d02,8.1774
ssd,2010,d03,7.341
ssd,2010,d04,7.8508
ssd,2010,d05,6.8337
ssd,2010,d06,7.4628
ssd,2010,d07,7.0548
ssd,2010,d08,7.2702
ssd,2010,d09,6.9381
ssd,2010,d10,6.5064
stp,2008,d01,5.8937
stp,2008,d02,5.9021
stp,2008,d03,5.645
stp,2008,d04,4.699
stp,2008,d05,5.8709
stp,2008,d06,5.3613
stp,2008,d07,3.785
stp,2008,d08,4.7575
stp,2008,d09,4.109
stp,2008,d10,3.2465
stp,2014,d01,6.0728
stp,2014,d02,4.9115
stp,2014,d03,5.283
stp,2014,d04,4.8966
stp,2014,d05,5.0409
stp,2014,d06,4.091
stp,2014,d07,4.6506
stp,2014,d08,3.9777
stp,2014,d09,3.7672
stp,2014,d10,3.0423
stp,2019,d01,5.2349
stp,2019,d02,4.7519
stp,2019,d03,4.256
stp,2019,d04,4.2984
stp,2019,d05,4.3851
stp,2019,d06,4.1372
stp,2019,d07,3.1474
stp,2019,d08,3.8082
stp,2019,d09,2.9544
stp,2019,d10,2.5819
sur,2018,d01,5.1508
sur,2018,d02,3.8395
sur,2018,d03,3.0934
sur,2018,d04,2.9598
sur,2018,d05,2.8069
sur,2018,d06,2.3314
sur,2018,d07,2.4939
sur,2018,d08,2.1406
sur,2018,d09,1.9062
sur,2018,d10,1.1797
swz,2006,d01,5.2856
swz,2006,d02,5.37
swz,2006,d03,5.2362
swz,2006,d04,4.8766
swz,2006,d05,3.7879
swz,2006,d06,4.1575
swz,2006,d07,3.4245
swz,2006,d08,3.3131
swz,2006,d09,3.0062
swz,2006,d10,2.4891
swz,2010,d01,5.2144
swz,2010,d02,5.1365
swz,2010,d03,4.1832
swz,2010,d04,4.5745
swz,2010,d05,4.1954
swz,2010,d06,3.5044
swz,2010,d07,3.3717
swz,2010,d08,3.167
swz,2010,d09,2.8729
swz,2010,d10,2.5437
swz,2014,d01,4.912
swz,2014,d02,4.2757
swz,2014,d03,4.1483
swz,2014,d04,3.9881
swz,2014,d05,3.134
swz,2014,d06,3.6451
swz,2014,d07,2.8018
swz,2014,d08,2.6516
swz,2014,d09,2.4416
swz,2014,d10,2.5213
tca,2019,d01,4.4461
tca,2019,d02,2.7779
tca,2019,d03,2.1863
tca,2019,d04,2.588
tca,2019,d05,2.4232
tca,2019,d06,1.6949
tca,2019,d07,0.7873
tca,2019,d08,1.1123
tca,2019,d09,1.3824
tca,2019,d10,2.1196
tcd,1996,d01,7.3086
tcd,1996,d02,6.3459
tcd,1996,d03,6.0382
tcd,1996,d04,7.0175
tcd,1996,d05,6.8684
tcd,1996,d06,6.135
tcd,1996,d07,6.8205
tcd,1996,d08,6.8363
tcd,1996,d09,6.6283
tcd,1996,d10,6.0894
tcd,2004,d01,5.6785
tcd,2004,d02,6.0459
tcd,2004,d03,7.2422
tcd,2004,d04,6.4644
tcd,2004,d05,7.2555
tcd,2004,d06,7.2476
tcd,2004,d07,6.6422
tcd,2004,d08,7.716
tcd,2004,d09,6.4597
tcd,2004,d10,5.9651
tcd,2014,d01,7.3778
tcd,2014,d02,7.5949
tcd,2014,d03,7.5539
tcd,2014,d04,7.4018
tcd,2014,d05,7.7049
tcd,2014,d06,7.35
tcd,2014,d07,7.0722
tcd,2014,d08,6.6403
tcd,2014,d09,6.1865
tcd,2014,d10,5.1112
tcd,2019,d01,7.782
tcd,2019,d02,7.547
tcd,2019,d03,7.951
tcd,2019,d04,7.969
tcd,2019,d05,7.6558
tcd,2019,d06,7.1958
tcd,2019,d07,7.3353
tcd,2019,d08,6.8116
tcd,2019,d09,5.8963
tcd,2019,d10,4.8797
tgo,1998,d01,7.6371
tgo,1998,d02,7.6526
tgo,1998,d03,6.9013
tgo,1998,d04,6.585
tgo,1998,d05,6.1913
tgo,1998,d06,5.3275
tgo,1998,d07,4.319
tgo,1998,d08,3.6268
tgo,1998,d09,3.4207
tgo,1998,d10,2.6561
tgo,2013,d01,6.6668
tgo,2013,d02,6.35
tgo,2013,d03,6.0888
tgo,2013,d04,5.6433
tgo,2013,d05,5.4779
tgo,2013,d06,5.0553
tgo,2013,d07,4.1219
tgo,2013,d08,3.6876
tgo,2013,d09,3.7395
tgo,2013,d10,3.1493
tgo,2017,d01,6.814
tgo,2017,d02,5.694
tgo,2017,d03,5.8035
tgo,2017,d04,5.3746
tgo,2017,d05,4.5736
tgo,2017,d06,4.6765
tgo,2017,d07,4.006
tgo,2017,d08,3.6803
tgo,2017,d09,3.4035
tgo,2017,d10,3.3489
tjk,2012,d01,4.182
tjk,2012,d02,3.816
tjk,2012,d03,3.8199
tjk,2012,d04,3.8819
tjk,2012,d05,3.7848
tjk,2012,d06,3.6254
tjk,2012,d07,3.3421
tjk,2012,d08,3.506
tjk,2012,d09,3.2357
tjk,2012,d10,3.1048
tjk,2017,d01,3.8853
tjk,2017,d02,3.8068
tjk,2017,d03,3.9312
tjk,2017,d04,3.7911
tjk,2017,d05,3.9271
tjk,2017,d06,3.8531
tjk,2017,d07,3.93
tjk,2017,d08,3.7048
tjk,2017,d09,3.5453
tjk,2017,d10,2.7793
tkm,2015,d01,3.895
tkm,2015,d02,3.6858
tkm,2015,d03,3.7573
tkm,2015,d04,3.0276
tkm,2015,d05,3.2292
tkm,2015,d06,3.3805
tkm,2015,d07,3.1713
tkm,2015,d08,3.2368
tkm,2015,d09,2.7695
tkm,2015,d10,2.2546
tkm,2019,d01,3.5771
tkm,2019,d02,3.7114
tkm,2019,d03,3.0367
tkm,2019,d04,3.7635
tkm,2019,d05,3.0799
tkm,2019,d06,3.0085
tkm,2019,d07,2.871
tkm,2019,d08,2.8072
tkm,2019,d09,2.7264
tkm,2019,d10,2.8477
tls,2009,d01,7.5443
tls,2009,d02,6.8227
tls,2009,d03,6.0981
tls,2009,d04,6.3561
tls,2009,d05,5.735
tls,2009,d06,6.4213
tls,2009,d07,5.594
tls,2009,d08,5.3911
tls,2009,d09,4.8247
tls,2009,d10,4.0867
tls,2016,d01,5.5621
tls,2016,d02,4.8631
tls,2016,d03,4.9853
tls,2016,d04,4.6299
tls,2016,d05,4.3679
tls,2016,d06,4.444
tls,2016,d07,4.1738
tls,2016,d08,3.9398
tls,2016,d09,3.6328
tls,2016,d10,3.3479
ton,2019,d01,3.9954
ton,2019,d02,3.5778
ton,2019,d03,3.5083
ton,2019,d04,4.0033
ton,2019,d05,3.9567
ton,2019,d06,2.8697
ton,2019,d07,2.7031
ton,2019,d08,3.1843
ton,2019,d09,2.6675
ton,2019,d10,1.7186
tun,2011,d01,2.238
tun,2011,d02,2.2578
tun,2011,d03,2.3472
tun,2011,d04,2.1969
tun,2011,d05,1.965
tun,2011,d06,1.9923
tun,2011,d07,2.2672
tun,2011,d08,2.1755
tun,2011,d09,1.801
tun,2011,d10,1.7482
tun,2018,d01,2.1223
tun,2018,d02,2.4477
tun,2018,d03,2.3522
tun,2018,d04,2.4141
tun,2018,d05,2.3149
tun,2018,d06,2.2559
tun,2018,d07,2.1452
tun,2018,d08,2.3156
tun,2018,d09,2.1407
tun,2018,d10,1.5974
tur,1993,d01,4.6917
tur,1993,d02,3.1573
tur,1993,d03,3.1392
tur,1993,d04,2.7726
tur,1993,d05,2.6276
tur,1993,d06,2.5515
tur,1993,d07,1.9952
tur,1993,d08,1.9685
tur,1993,d09,1.7246
tur,1993,d10,1.7024
tur,1998,d01,4.5287
tur,1998,d02,3.2539
tur,1998,d03,3.1456
tur,1998,d04,3.0057
tur,1998,d05,2.6743
tur,1998,d06,2.3004
tur,1998,d07,2.1133
tur,1998,d08,1.896
tur,1998,d09,1.818
tur,1998,d10,1.582
tur,2003,d01,4.3219
tur,2003,d02,3.2163
tur,2003,d03,2.9674
tur,2003,d04,2.3969
tur,2003,d05,2.3973
tur,2003,d06,2.2077
tur,2003,d07,2.1668
tur,2003,d08,2.0884
tur,2003,d09,1.8424
tur,2003,d10,1.708
tur,2013,d01,4.0048
tur,2013,d02,3.0073
tur,2013,d03,2.7251
tur,2013,d04,2.582
tur,2013,d05,2.3023
tur,2013,d06,2.1365
tur,2013,d07,1.8429
tur,2013,d08,1.7162
tur,2013,d09,1.5946
tur,2013,d10,1.8506
tuv,2019,d01,3.1169
tuv,2019,d02,5.0676
tuv,2019,d03,3.8179
tuv,2019,d04,3.6566
tuv,2019,d05,4.1227
tuv,2019,d06,2.4456
tuv,2019,d07,3.8174
tuv,2019,d08,3.2142
tuv,2019,d09,2.1856
tuv,2019,d10,2.4854
tza,1996,d01,7.7496
tza,1996,d02,7.0913
tza,1996,d03,6.2904
tza,1996,d04,5.1455
tza,1996,d05,6.7058
tza,1996,d06,6.1926
tza,1996,d07,5.6162
tza,1996,d08,5.2697
tza,1996,d09,4.5678
tza,1996,d10,3.5732
tza,1999,d01,7.5213
tza,1999,d02,7.8849
tza,1999,d03,6.7486
tza,1999,d04,6.6241
tza,1999,d05,4.8684
tza,1999,d06,6.279
tza,1999,d07,5.509
tza,1999,d08,4.3127
tza,1999,d09,3.6347
tza,1999,d10,3.0302
tza,2004,d01,7.6714
tza,2004,d02,7.1719
tza,2004,d03,6.5886
tza,2004,d04,6.6234
tza,2004,d05,6.696
tza,2004,d06,6.14
tza,2004,d07,5.9799
tza,2004,d08,4.9131
tza,2004,d09,3.6853
tza,2004,d10,2.9355
tza,2010,d01,7.4407
tza,2010,d02,6.4113
tza,2010,d03,7.1936
tza,2010,d04,6.5151
tza,2010,d05,6.2442
tza,2010,d06,6.1748
tza,2010,d07,5.4813
tza,2010,d08,4.7633
tza,2010,d09,3.7568
tza,2010,d10,2.8391
tza,2015,d01,7.9088
tza,2015,d02,7.2014
tza,2015,d03,6.6244
tza,2015,d04,6.2544
tza,2015,d05,5.7424
tza,2015,d06,5.6802
tza,2015,d07,4.8
tza,2015,d08,4.3213
tza,2015,d09,3.5087
tza,2015,d10,2.8269
uga,1995,d01,7.3616
uga,1995,d02,7.3806
uga,1995,d03,7.4698
uga,1995,d04,6.4226
uga,1995,d05,7.2287
uga,1995,d06,7.6461
uga,1995,d07,6.6142
uga,1995,d08,7.1772
uga,1995,d09,6.303
uga,1995,d10,5.0284
uga,2000,d01,8.4448
uga,2000,d02,8.3895
uga,2000,d03,8.5567
uga,2000,d04,7.8375
uga,2000,d05,8.0482
uga,2000,d06,7.5777
uga,2000,d07,7.0574
uga,2000,d08,6.1817
uga,2000,d09,5.1812
uga,2000,d10,3.4858
uga,2006,d01,8.4145
uga,2006,d02,7.9995
uga,2006,d03,7.9681
uga,2006,d04,7.805
uga,2006,d05,7.3724
uga,2006,d06,6.9416
uga,2006,d07,7.2157
uga,2006,d08,6.4009
uga,2006,d09,5.2522
uga,2006,d10,3.724
uga,2011,d01,8.1489
uga,2011,d02,8.0264
uga,2011,d03,7.4995
uga,2011,d04,7.1897
uga,2011,d05,7.0678
uga,2011,d06,7.0668
uga,2011,d07,6.4271
uga,2011,d08,5.8413
uga,2011,d09,4.8127
uga,2011,d10,3.8196
uga,2016,d01,7.5428
uga,2016,d02,6.9196
uga,2016,d03,6.7966
uga,2016,d04,6.3269
uga,2016,d05,6.0443
uga,2016,d06,5.7724
uga,2016,d07,5.4464
uga,2016,d08,4.8291
uga,2016,d09,4.1497
uga,2016,d10,3.8008
ukr,2007,d01,2.0583
ukr,2007,d02,1.4566
ukr,2007,d03,1.3054
ukr,2007,d04,1.4372
ukr,2007,d05,1.274
ukr,2007,d06,1.2148
ukr,2007,d07,1.0137
ukr,2007,d08,0.908
ukr,2007,d09,1.0179
ukr,2007,d10,1.0981
uzb,1996,d01,5.1943
uzb,1996,d02,4.632
uzb,1996,d03,4.0891
uzb,1996,d04,3.7866
uzb,1996,d05,3.4105
uzb,1996,d06,3.5972
uzb,1996,d07,3.2192
uzb,1996,d08,3.0578
uzb,1996,d09,2.5891
uzb,1996,d10,1.7417
vnm,1997,d01,3.5575
vnm,1997,d02,3.6928
vnm,1997,d03,3.0485
vnm,1997,d04,2.9703
vnm,1997,d05,2.5013
vnm,1997,d06,2.4189
vnm,1997,d07,2.2363
vnm,1997,d08,1.908
vnm,1997,d09,1.7664
vnm,1997,d10,1.5117
vnm,2002,d01,2.7556
vnm,2002,d02,2.3124
vnm,2002,d03,2.0443
vnm,2002,d04,2.1007
vnm,2002,d05,1.8295
vnm,2002,d06,1.8528
vnm,2002,d07,1.5912
vnm,2002,d08,1.5655
vnm,2002,d09,1.3279
vnm,2002,d10,1.5026
vnm,2013,d01,2.8729
vnm,2013,d02,2.3768
vnm,2013,d03,2.4749
vnm,2013,d04,2.3963
vnm,2013,d05,2.0586
vnm,2013,d06,2.2996
vnm,2013,d07,2.0579
vnm,2013,d08,1.9908
vnm,2013,d09,2.063
vnm,2013,d10,1.7702
wsm,2019,d01,7.0781
wsm,2019,d02,5.3389
wsm,2019,d03,5.4531
wsm,2019,d04,4.7961
wsm,2019,d05,4.6501
wsm,2019,d06,4.3768
wsm,2019,d07,4.7208
wsm,2019,d08,4.1944
wsm,2019,d09,3.5934
wsm,2019,d10,2.8741
yem,2013,d01,6.5416
yem,2013,d02,5.8213
yem,2013,d03,5.36
yem,2013,d04,5.2248
yem,2013,d05,4.8036
yem,2013,d06,4.3459
yem,2013,d07,4.1258
yem,2013,d08,3.7434
yem,2013,d09,3.229
yem,2013,d10,3.0901
zaf,1998,d01,4.8726
zaf,1998,d02,4.1134
zaf,1998,d03,3.5874
zaf,1998,d04,3.2091
zaf,1998,d05,2.7446
zaf,1998,d06,2.573
zaf,1998,d07,2.1636
zaf,1998,d08,2.1528
zaf,1998,d09,2.0181
zaf,1998,d10,1.9056
zaf,2016,d01,3.4536
zaf,2016,d02,2.9849
zaf,2016,d03,2.9868
zaf,2016,d04,3.2945
zaf,2016,d05,2.7139
zaf,2016,d06,2.7884
zaf,2016,d07,2.3581
zaf,2016,d08,2.5934
zaf,2016,d09,2.1792
zaf,2016,d10,1.9642
zmb,1996,d01,7.4281
zmb,1996,d02,7.0704
zmb,1996,d03,6.1804
zmb,1996,d04,6.6263
zmb,1996,d05,6.6004
zmb,1996,d06,5.9375
zmb,1996,d07,5.9869
zmb,1996,d08,6.1696
zmb,1996,d09,5.5261
zmb,1996,d10,4.1483
zmb,2001,d01,7.2046
zmb,2001,d02,7.32
zmb,2001,d03,7.0761
zmb,2001,d04,6.9169
zmb,2001,d05,6.9591
zmb,2001,d06,6.7139
zmb,2001,d07,5.9444
zmb,2001,d08,4.892
zmb,2001,d09,4.4927
zmb,2001,d10,3.2114
zmb,2007,d01,8.8137
zmb,2007,d02,7.8354
zmb,2007,d03,7.2959
zmb,2007,d04,7.5427
zmb,2007,d05,7.1018
zmb,2007,d06,6.8632
zmb,2007,d07,5.75
zmb,2007,d08,4.5901
zmb,2007,d09,3.6222
zmb,2007,d10,3.138
zmb,2013,d01,7.6099
zmb,2013,d02,7.4833
zmb,2013,d03,7.3382
zmb,2013,d04,7.0381
zmb,2013,d05,6.4783
zmb,2013,d06,5.9044
zmb,2013,d07,4.8908
zmb,2013,d08,4.0696
zmb,2013,d09,3.5551
zmb,2013,d10,2.9855
zmb,2018,d01,6.7806
zmb,2018,d02,6.7731
zmb,2018,d03,6.547
zmb,2018,d04,6.0235
zmb,2018,d05,5.6061
zmb,2018,d06,4.5064
zmb,2018,d07,4.0955
zmb,2018,d08,3.6617
zmb,2018,d09,3.2207
zmb,2018,d10,2.8464
zwe,1994,d01,6.7088
zwe,1994,d02,5.4531
zwe,1994,d03,5.543
zwe,1994,d04,4.9138
zwe,1994,d05,4.6534
zwe,1994,d06,3.9432
zwe,1994,d07,3.8285
zwe,1994,d08,3.879
zwe,1994,d09,3.4375
zwe,1994,d10,2.6926
zwe,1999,d01,5.1341
zwe,1999,d02,5.2053
zwe,1999,d03,4.5778
zwe,1999,d04,4.5304
zwe,1999,d05,4.5012
zwe,1999,d06,4.2109
zwe,1999,d07,3.8279
zwe,1999,d08,3.1962
zwe,1999,d09,3.0429
zwe,1999,d10,2.5339
zwe,2005,d01,6.0511
zwe,2005,d02,5.2136
zwe,2005,d03,5.2985
zwe,2005,d04,4.4499
zwe,2005,d05,4.3438
zwe,2005,d06,3.9999
zwe,2005,d07,3.4722
zwe,2005,d08,2.9897
zwe,2005,d09,2.5566
zwe,2005,d10,2.264
zwe,2009,d01,5.6907
zwe,2009,d02,5.3662
zwe,2009,d03,4.9434
zwe,2009,d04,4.4528
zwe,2009,d05,4.2219
zwe,2009,d06,3.6659
zwe,2009,d07,3.4862
zwe,2009,d08,3.1481
zwe,2009,d09,2.6381
zwe,2009,d10,2.2801
zwe,2010,d01,5.5043
zwe,2010,d02,4.9895
zwe,2010,d03,5.0338
zwe,2010,d04,4.7809
zwe,2010,d05,4.1592
zwe,2010,d06,4.0388
zwe,2010,d07,3.8651
zwe,2010,d08,3.1678
zwe,2010,d09,2.7595
zwe,2010,d10,2.0936
zwe,2014,d01,5.7535
zwe,2014,d02,5.2705
zwe,2014,d03,5.4758
zwe,2014,d04,4.7207
zwe,2014,d05,4.3607
zwe,2014,d06,4.3486
zwe,2014,d07,4.3315
zwe,2014,d08,4.0099
zwe,2014,d09,3.2712
zwe,2014,d10,2.7663
zwe,2015,d01,5.8615
zwe,2015,d02,5.3187
zwe,2015,d03,5.1456
zwe,2015,d04,4.7308
zwe,2015,d05,4.5938
zwe,2015,d06,4.5741
zwe,2015,d07,4.2715
zwe,2015,d08,3.6975
zwe,2015,d09,3.0118
zwe,2015,d10,2.6423
zwe,2019,d01,5.3984
zwe,2019,d02,5.0312
zwe,2019,d03,4.8758
zwe,2019,d04,4.6225
zwe,2019,d05,4.0414
zwe,2019,d06,4.2436
zwe,2019,d07,3.3348
zwe,2019,d08,3.5043
zwe,2019,d09,2.9548
zwe,2019,d10,2.5486
