country,time,decile,income
afg,2010,d01,4207.1577
afg,2010,d02,6223.0439
afg,2010,d03,7700.5552
afg,2010,d04,9121.0664
afg,2010,d05,10614.2178
afg,2010,d06,12296.1309
afg,2010,d07,14314.9307
afg,2010,d08,16972.2832
afg,2010,d09,21023.8242
afg,2010,d10,32757.2324
afg,2015,d01,4596.3081
afg,2015,d02,6798.2568
afg,2015,d03,8419.4502
afg,2015,d04,9973.1338
afg,2015,d05,11613.4932
afg,2015,d06,13457.8672
afg,2015,d07,15672.0566
afg,2015,d08,18582.2832
afg,2015,d09,23055.1855
afg,2015,d10,36006.4961
ago,2015,d01,2886.5474
ago,2015,d02,5234.062
ago,2015,d03,7287.0977
ago,2015,d04,9482.2051
ago,2015,d05,12008.999
ago,2015,d06,15108.7979
ago,2015,d07,19157.7031
ago,2015,d08,25027.6367
ago,2015,d09,35071.5312
ago,2015,d10,72767.0781
alb,2005,d01,5788.7031
alb,2005,d02,9264.3281
alb,2005,d03,11974.3564
alb,2005,d04,14701.9121
alb,2005,d05,17674.0449
alb,2005,d06,21123.9883
alb,2005,d07,25378.877
alb,2005,d08,31180.0703
alb,2005,d09,40492.4414
alb,2005,d10,70102.8906
alb,2008,d01,7390.4087
alb,2008,d02,11791.9268
alb,2008,d03,15253.5781
alb,2008,d04,18705.6406
alb,2008,d05,22475.4961
alb,2008,d06,26851.5742
alb,2008,d07,32277.4961
alb,2008,d08,39627.6094
alb,2008,d09,51401.082
alb,2008,d10,88453.8516
alb,2017,d01,7951.0317
alb,2017,d02,12653.7783
alb,2017,d03,16338.666
alb,2017,d04,20018.7168
alb,2017,d05,24018.9883
alb,2017,d06,28658.9883
alb,2017,d07,34407.8047
alb,2017,d08,42155.6758
alb,2017,d09,54610.6602
alb,2017,d10,93908.4453
arg,2011,d01,11266.0156
arg,2011,d02,18338.1855
arg,2011,d03,23993.9492
arg,2011,d04,29723.9648
arg,2011,d05,36027.4297
arg,2011,d06,43372.4375
arg,2011,d07,52571.5898
arg,2011,d08,65204.2539
arg,2011,d09,85623.875
arg,2011,d10,151349.4219
arg,2019,d01,10324.917
arg,2019,d02,16445.8008
arg,2019,d03,21229.1035
arg,2019,d04,26001.6914
arg,2019,d05,31192.4824
arg,2019,d06,37197.2422
arg,2019,d07,44616.5391
arg,2019,d08,54683.6172
arg,2019,d09,70855.8438
arg,2019,d10,121340.5312
arm,2000,d01,3954.8577
arm,2000,d02,6422.2788
arm,2000,d03,8385.1689
arm,2000,d04,10372.0479
arm,2000,d05,12550.2129
arm,2000,d06,15086.4404
arm,2000,d07,18264.166
arm,2000,d08,22614.2031
arm,2000,d09,29634.7031
arm,2000,d10,52292.1367
arm,2005,d01,5368.7573
arm,2005,d02,8491.2842
arm,2005,d03,10925.627
arm,2005,d04,13359.0605
arm,2005,d05,16008.0957
arm,2005,d06,19062.7656
arm,2005,d07,22848.4824
arm,2005,d08,27950.5703
arm,2005,d09,36102.2148
arm,2005,d10,61611.918
arm,2010,d01,7435.3667
arm,2010,d02,11537.9561
arm,2010,d03,14661.6064
arm,2010,d04,17739.2949
arm,2010,d05,21057.0527
arm,2010,d06,24869.4062
arm,2010,d07,29538.832
arm,2010,d08,35814.0547
arm,2010,d09,45708.5742
arm,2010,d10,75793.5547
arm,2015,d01,7838.1763
arm,2015,d02,12299.3623
arm,2015,d03,15747.4844
arm,2015,d04,19160.9922
arm,2015,d05,22839.3477
arm,2015,d06,27096.0781
arm,2015,d07,32316.7441
arm,2015,d08,39351.2734
arm,2015,d09,50524.2344
arm,2015,d10,84975.0234
aze,2006,d01,4993.7524
aze,2006,d02,7173.5688
aze,2006,d03,8727.9951
aze,2006,d04,10205.8018
aze,2006,d05,11743.7344
aze,2006,d06,13456.9072
aze,2006,d07,15479.7129
aze,2006,d08,18111.9844
aze,2006,d09,22087.8906
aze,2006,d10,33123.5703
bdi,2005,d01,888.6729
bdi,2005,d02,1397.22
bdi,2005,d03,1790.559
bdi,2005,d04,2181.4368
bdi,2005,d05,2604.304
bdi,2005,d06,3092.2292
bdi,2005,d07,3694.2542
bdi,2005,d08,4508.1846
bdi,2005,d09,5807.3242
bdi,2005,d10,9835.6758
bdi,2010,d01,820.3845
bdi,2010,d02,1288.0001
bdi,2010,d03,1648.0038
bdi,2010,d04,2004.708
bdi,2010,d05,2392.1313
bdi,2010,d06,2839.5972
bdi,2010,d07,3389.7979
bdi,2010,d08,4133.1167
bdi,2010,d09,5320.1812
bdi,2010,d10,8970.1416
bdi,2016,d01,732.8232
bdi,2016,d02,1156.8131
bdi,2016,d03,1484.3761
bdi,2016,d04,1810.1349
bdi,2016,d05,2162.0352
bdi,2016,d06,2569.3132
bdi,2016,d07,3069.543
bdi,2016,d08,3746.5452
bdi,2016,d09,4823.2368
bdi,2016,d10,8175.4971
ben,1996,d01,1807.6196
ben,1996,d02,3076.5366
ben,1996,d03,4128.8833
ben,1996,d04,5220.4619
ben,1996,d05,6447.3926
ben,1996,d06,7906.6958
ben,1996,d07,9764.416
ben,1996,d08,12362.9375
ben,1996,d09,16688.3867
ben,1996,d10,31485.0605
ben,2001,d01,1983.6704
ben,2001,d02,3376.082
ben,2001,d03,4538.5303
ben,2001,d04,5736.5684
ben,2001,d05,7082.4849
ben,2001,d06,8684.5713
ben,2001,d07,10724.4824
ben,2001,d08,13574.9092
ben,2001,d09,18309.3203
ben,2001,d10,34579.4648
ben,2006,d01,1819.2905
ben,2006,d02,3151.0752
ben,2006,d03,4273.5205
ben,2006,d04,5447.748
ben,2006,d05,6772.4316
ben,2006,d06,8357.8262
ben,2006,d07,10398.373
ben,2006,d08,13274.6123
ben,2006,d09,18101.8887
ben,2006,d10,35019.4648
ben,2011,d01,1722.2444
ben,2011,d02,3006.5342
ben,2011,d03,4099.7095
ben,2011,d04,5244.5815
ben,2011,d05,6546.647
ben,2011,d06,8113.1406
ben,2011,d07,10132.9258
ben,2011,d08,13005.6943
ben,2011,d09,17848.8223
ben,2011,d10,34954.1406
ben,2014,d01,1801.9705
ben,2014,d02,3172.6804
ben,2014,d03,4345.708
ben,2014,d04,5579.6348
ben,2014,d05,6980.0298
ben,2014,d06,8667.5254
ben,2014,d07,10850.6436
ben,2014,d08,13952.1035
ben,2014,d09,19200.4316
ben,2014,d10,37906.8789
ben,2017,d01,1835.7593
ben,2017,d02,3226.5894
ben,2017,d03,4414.916
ben,2017,d04,5672.0742
ben,2017,d05,7102.5288
ben,2017,d06,8830.5791
ben,2017,d07,11061.9473
ben,2017,d08,14241.9932
ben,2017,d09,19602.4199
ben,2017,d10,38640.5391
bfa,1998,d01,922.9028
bfa,1998,d02,1627.9373
bfa,1998,d03,2233.4233
bfa,1998,d04,2870.2686
bfa,1998,d05,3595.2053
bfa,1998,d06,4467.8032
bfa,1998,d07,5592.3345
bfa,1998,d08,7194.106
bfa,1998,d09,9904.668
bfa,1998,d10,19601.3262
bfa,2003,d01,1324.8597
bfa,2003,d02,2283.0249
bfa,2003,d03,3091.4509
bfa,2003,d04,3938.7727
bfa,2003,d05,4889.4785
bfa,2003,d06,6027.2485
bfa,2003,d07,7477.8906
bfa,2003,d08,9534.6387
bfa,2003,d09,12984.6191
bfa,2003,d10,24943.6504
bfa,2006,d01,1588.4386
bfa,2006,d02,2704.0547
bfa,2006,d03,3630.4861
bfa,2006,d04,4583.252
bfa,2006,d05,5655.9443
bfa,2006,d06,6937.2349
bfa,2006,d07,8567.6641
bfa,2006,d08,10839.5879
bfa,2006,d09,14629.9551
bfa,2006,d10,27564.6914
bfa,2010,d01,1376.0192
bfa,2010,d02,2300.2383
bfa,2010,d03,3056.7056
bfa,2010,d04,3829.4104
bfa,2010,d05,4686.0938
bfa,2010,d06,5696.8018
bfa,2010,d07,6973.7705
bfa,2010,d08,8744.3301
bfa,2010,d09,11654.2588
bfa,2010,d10,21369.8613
bgd,1993,d01,2592.6709
bgd,1993,d02,3872.3918
bgd,1993,d03,4816.7764
bgd,1993,d04,5728.4341
bgd,1993,d05,6692.7134
bgd,1993,d06,7786.0581
bgd,1993,d07,9107.6309
bgd,1993,d08,10845.6367
bgd,1993,d09,13531.6553
bgd,1993,d10,21348.3691
bgd,1996,d01,2481.5901
bgd,1996,d02,3737.8938
bgd,1996,d03,4676.373
bgd,1996,d04,5590.2539
bgd,1996,d05,6560.4102
bgd,1996,d06,7658.6973
bgd,1996,d07,8988.1621
bgd,1996,d08,10747.0166
bgd,1996,d09,13479.6572
bgd,1996,d10,21597.2109
bgd,1999,d01,2550.5327
bgd,1999,d02,3843.0825
bgd,1999,d03,4803.1655
bgd,1999,d04,5737.1025
bgd,1999,d05,6727.8384
bgd,1999,d06,7850.792
bgd,1999,d07,9209.4023
bgd,1999,d08,11010.8262
bgd,1999,d09,13820.2197
bgd,1999,d10,22008.7051
bgd,2004,d01,2641.7988
bgd,2004,d02,4019.6951
bgd,2004,d03,5058.0728
bgd,2004,d04,6070.1289
bgd,2004,d05,7146.8188
bgd,2004,d06,8371.1504
bgd,2004,d07,9863.2422
bgd,2004,d08,11846.6025
bgd,2004,d09,14951.751
bgd,2004,d10,24195.6953
bgd,2006,d01,2783.9458
bgd,2006,d02,4253.0171
bgd,2006,d03,5358.5264
bgd,2006,d04,6436.4497
bgd,2006,d05,7591.3687
bgd,2006,d06,8909.5293
bgd,2006,d07,10508.9395
bgd,2006,d08,12643.4385
bgd,2006,d09,15977.2549
bgd,2006,d10,25946.4219
bgd,2007,d01,2897.3423
bgd,2007,d02,4420.0049
bgd,2007,d03,5571.8267
bgd,2007,d04,6700.0483
bgd,2007,d05,7903.123
bgd,2007,d06,9265.5225
bgd,2007,d07,10938.3115
bgd,2007,d08,13161.625
bgd,2007,d09,16624.918
bgd,2007,d10,27026.4082
bgd,2011,d01,3405.4543
bgd,2011,d02,5199.5479
bgd,2011,d03,6550.9326
bgd,2011,d04,7873.3896
bgd,2011,d05,9290.3037
bgd,2011,d06,10892.3701
bgd,2011,d07,12851.9795
bgd,2011,d08,15460.2666
bgd,2011,d09,19541.4473
bgd,2011,d10,31807.6641
bgd,2012,d01,3544.2029
bgd,2012,d02,5414.6875
bgd,2012,d03,6822.1196
bgd,2012,d04,8197.3242
bgd,2012,d05,9660.6836
bgd,2012,d06,11330.8672
bgd,2012,d07,13359.1348
bgd,2012,d08,16066.8623
bgd,2012,d09,20303.9277
bgd,2012,d10,33007.9023
bgd,2014,d01,3769.3733
bgd,2014,d02,5739.9116
bgd,2014,d03,7220.4702
bgd,2014,d04,8673.7568
bgd,2014,d05,10229.7559
bgd,2014,d06,11985.0049
bgd,2014,d07,14125.5635
bgd,2014,d08,16978.2559
bgd,2014,d09,21435.4492
bgd,2014,d10,34732.0898
bgd,2017,d01,3940.3848
bgd,2017,d02,5991.2153
bgd,2017,d03,7539.8638
bgd,2017,d04,9051.5869
bgd,2017,d05,10664.2041
bgd,2017,d06,12496.9434
bgd,2017,d07,14722.2793
bgd,2017,d08,17683.8281
bgd,2017,d09,22304.7578
bgd,2017,d10,36106.3398
bgd,2019,d01,4438.4404
bgd,2019,d02,6760.1406
bgd,2019,d03,8502.0166
bgd,2019,d04,10193.29
bgd,2019,d05,12007.6426
bgd,2019,d06,14071.9922
bgd,2019,d07,16572.0664
bgd,2019,d08,19891.3809
bgd,2019,d09,25102.5117
bgd,2019,d10,40642.0117
bih,2006,d01,6376.0557
bih,2006,d02,10195.2246
bih,2006,d03,13204.8701
bih,2006,d04,16216.9355
bih,2006,d05,19508.6816
bih,2006,d06,23331.0312
bih,2006,d07,28065.9434
bih,2006,d08,34525.5586
bih,2006,d09,44919.5898
bih,2006,d10,77659.8594
bih,2011,d01,7611.543
bih,2011,d02,12168.1436
bih,2011,d03,15746.3018
bih,2011,d04,19333.0332
bih,2011,d05,23246
bih,2011,d06,27788.8262
bih,2011,d07,33415.832
bih,2011,d08,41094.4688
bih,2011,d09,53435.4609
bih,2011,d10,92422.9219
blr,2005,d01,7053.1631
blr,2005,d02,9519.7715
blr,2005,d03,11184.832
blr,2005,d04,12703.0986
blr,2005,d05,14242.0391
blr,2005,d06,15915.2588
blr,2005,d07,17838.9844
blr,2005,d08,20273.9258
blr,2005,d09,23839.4355
blr,2005,d10,33171.5469
blr,2012,d01,9350.1611
blr,2012,d02,12604.8418
blr,2012,d03,14818.6982
blr,2012,d04,16840.9258
blr,2012,d05,18887.1016
blr,2012,d06,21109.8906
blr,2012,d07,23680.3164
blr,2012,d08,26923.8223
blr,2012,d09,31695.6484
blr,2012,d10,44106.3281
blr,2019,d01,10565.2041
blr,2019,d02,14162.3242
blr,2019,d03,16584.5762
blr,2019,d04,18791.7812
blr,2019,d05,21019.7734
blr,2019,d06,23432.2422
blr,2019,d07,26224.4336
blr,2019,d08,29730.4121
blr,2019,d09,34854.8945
blr,2019,d10,48112.3086
blz,2006,d01,2449.2119
blz,2006,d02,4660.8394
blz,2006,d03,6684.7954
blz,2006,d04,8909.7168
blz,2006,d05,11534.2305
blz,2006,d06,14824.1191
blz,2006,d07,19200.4062
blz,2006,d08,25628.916
blz,2006,d09,37059.0703
blz,2006,d10,82137.3906
blz,2011,d01,2382.833
blz,2011,d02,4514.644
blz,2011,d03,6460.9858
blz,2011,d04,8594.0303
blz,2011,d05,11109.916
blz,2011,d06,14257.1816
blz,2011,d07,18461.8711
blz,2011,d08,24627.5664
blz,2011,d09,35522.8047
blz,2011,d10,78488.9141
blz,2015,d01,2289.4514
blz,2015,d02,4334.3286
blz,2015,d03,6209.5361
blz,2015,d04,8265.6611
blz,2015,d05,10686.083
blz,2015,d06,13699.3994
blz,2015,d07,17736.877
blz,2015,d08,23652.5332
blz,2015,d09,34084.2812
blz,2015,d10,75484.1953
bol,1994,d01,2113.5784
bol,1994,d02,3956.9392
bol,1994,d03,5626.6104
bol,1994,d04,7448.9238
bol,1994,d05,9572.3516
bol,1994,d06,12206.5742
bol,1994,d07,15698.5127
bol,1994,d08,20825.6523
bol,1994,d09,29707.8105
bol,1994,d10,64486.5234
bol,1998,d01,1879.8564
bol,1998,d02,3643.3459
bol,1998,d03,5282.5244
bol,1998,d04,7104.5024
bol,1998,d05,9281.4863
bol,1998,d06,12016.7656
bol,1998,d07,15706.5488
bol,1998,d08,21183.9961
bol,1998,d09,30959.0312
bol,1998,d10,70837.6719
bol,2003,d01,1689.5758
bol,2003,d02,3299.866
bol,2003,d03,4799.3799
bol,2003,d04,6471.4971
bol,2003,d05,8471.1846
bol,2003,d06,11000.0234
bol,2003,d07,14401.2119
bol,2003,d08,19464.1152
bol,2003,d09,28645.8574
bol,2003,d10,66342.6875
bol,2008,d01,2121.6426
bol,2008,d02,3880.7556
bol,2008,d03,5438.5146
bol,2008,d04,7114.9263
bol,2008,d05,9055.5977
bol,2008,d06,11438.1064
bol,2008,d07,14549.123
bol,2008,d08,19051.2871
bol,2008,d09,26898.7969
bol,2008,d10,56164.3086
bol,2016,d01,3739.5327
bol,2016,d02,6295.3848
bol,2016,d03,8407.3682
bol,2016,d04,10584.1357
bol,2016,d05,13013.7646
bol,2016,d06,15895.3066
bol,2016,d07,19549.9512
bol,2016,d08,24618.6621
bol,2016,d09,33019.4414
bol,2016,d10,61308.3203
bra,1996,d01,2978.2092
bra,1996,d02,5859.5122
bra,1996,d03,8582.2812
bra,1996,d04,11630.0049
bra,1996,d05,15282.3574
bra,1996,d06,19911.4785
bra,1996,d07,26160.334
bra,1996,d08,35552.8398
bra,1996,d09,52525.7969
bra,1996,d10,122682.3828
bra,2006,d01,3347.2415
bra,2006,d02,6238.5781
bra,2006,d03,8843.9893
bra,2006,d04,11674.3535
bra,2006,d05,14987.2656
bra,2006,d06,19094.3516
bra,2006,d07,24506.748
bra,2006,d08,32459.5234
bra,2006,d09,46403.4023
bra,2006,d10,99849.0547
bra,2013,d01,5370.0684
bra,2013,d02,9499.6816
bra,2013,d03,13052.8594
bra,2013,d04,16806.9316
bra,2013,d05,21078.002
bra,2013,d06,26267.2441
bra,2013,d07,32974.1367
bra,2013,d08,42585.8008
bra,2013,d09,58818.1914
bra,2013,d10,117535.25
bra,2019,d01,3972.813
bra,2019,d02,7157.4912
bra,2019,d03,9934.7588
bra,2019,d04,12906.7598
bra,2019,d05,16347.0986
bra,2019,d06,20538.8359
bra,2019,d07,26010.1309
bra,2019,d08,33838.457
bra,2019,d09,47319.4062
bra,2019,d10,97059.1875
brb,2012,d01,5749.0078
brb,2012,d02,9924.7676
brb,2012,d03,13434.6895
brb,2012,d04,17102.1992
brb,2012,d05,21233.1211
brb,2012,d06,26187.5566
brb,2012,d07,32533.8359
brb,2012,d08,41472.9922
brb,2012,d09,56449.0195
brb,2012,d10,108884.6953
btn,2010,d01,3620.4858
btn,2010,d02,5932.0342
btn,2010,d03,7784.5664
btn,2010,d04,9676.7666
btn,2010,d05,11764.2148
btn,2010,d06,14203.8926
btn,2010,d07,17251.7988
btn,2010,d08,21438.7285
btn,2010,d09,28246.6191
btn,2010,d10,50433.2969
caf,1994,d01,368.4297
caf,1994,d02,726.173
caf,1994,d03,1065.5536
caf,1994,d04,1444.7699
caf,1994,d05,1900.4066
caf,1994,d06,2479.8828
caf,1994,d07,3270.6436
caf,1994,d08,4451.6992
caf,1994,d09,6599.8203
caf,1994,d10,15557.5303
caf,2006,d01,427.5727
caf,2006,d02,844.9613
caf,2006,d03,1243.6958
caf,2006,d04,1689.5757
caf,2006,d05,2225.9167
caf,2006,d06,2906.3887
caf,2006,d07,3827.1177
caf,2006,d08,5213.7314
caf,2006,d09,7724.7046
caf,2006,d10,18333.7344
caf,2010,d01,449.3127
caf,2010,d02,889.1113
caf,2010,d03,1309.4296
caf,2010,d04,1781.5853
caf,2010,d05,2350.5383
caf,2010,d06,3076.8726
caf,2010,d07,4061.5288
caf,2010,d08,5534.8262
caf,2010,d09,8202.2139
caf,2010,d10,19483.2891
caf,2018,d01,464.1989
caf,2018,d02,920.0363
caf,2018,d03,1356.5447
caf,2018,d04,1847.684
caf,2018,d05,2436.2554
caf,2018,d06,3186.3245
caf,2018,d07,4205.4102
caf,2018,d08,5730.3901
caf,2018,d09,8507.7002
caf,2018,d10,20231.916
civ,1994,d01,1596.2469
civ,1994,d02,3072.5496
civ,1994,d03,4436.3618
civ,1994,d04,5941.4844
civ,1994,d05,7727.9688
civ,1994,d06,9959.5771
civ,1994,d07,12947.5732
civ,1994,d08,17380.0859
civ,1994,d09,25295.4902
civ,1994,d10,57461.9922
civ,1998,d01,2301.3271
civ,1998,d02,4455.8159
civ,1998,d03,6455.5815
civ,1998,d04,8674.1045
civ,1998,d05,11324.6484
civ,1998,d06,14659.1973
civ,1998,d07,19148.5234
civ,1998,d08,25859.2168
civ,1998,d09,37800.2539
civ,1998,d10,86558.5234
civ,2006,d01,1959.8485
civ,2006,d02,3891.8477
civ,2006,d03,5725.1841
civ,2006,d04,7788.502
civ,2006,d05,10263.2646
civ,2006,d06,13411.6445
civ,2006,d07,17692.0195
civ,2006,d08,24107.2832
civ,2006,d09,35748.7578
civ,2006,d10,84709.5156
civ,2011,d01,1308.4806
civ,2011,d02,2623.0774
civ,2011,d03,3883.4482
civ,2011,d04,5309.1426
civ,2011,d05,7024.7847
civ,2011,d06,9221.9277
civ,2011,d07,12240.1982
civ,2011,d08,16786.8379
civ,2011,d09,25129.1465
civ,2011,d10,60736.6562
civ,2016,d01,1229.9421
civ,2016,d02,2487.3489
civ,2016,d03,3707.2878
civ,2016,d04,5095.9551
civ,2016,d05,6778.3037
civ,2016,d06,8937.8096
civ,2016,d07,11907.5654
civ,2016,d08,16429.9453
civ,2016,d09,24688.375
civ,2016,d10,60311.4844
cmr,1998,d01,1926.9443
cmr,1998,d02,3278.4751
cmr,1998,d03,4401.6475
cmr,1998,d04,5563.2065
cmr,1998,d05,6866.7256
cmr,1998,d06,8426.1367
cmr,1998,d07,10415.5986
cmr,1998,d08,13191.9854
cmr,1998,d09,17783.123
cmr,1998,d10,33572.8008
cmr,2004,d01,1920.6409
cmr,2004,d02,3277.8254
cmr,2004,d03,4409.2402
cmr,2004,d04,5583.2583
cmr,2004,d05,6901.4751
cmr,2004,d06,8471.8486
cmr,2004,d07,10485.3242
cmr,2004,d08,13316.5303
cmr,2004,d09,17993.2324
cmr,2004,d10,34124.625
cmr,2006,d01,1800.2139
cmr,2006,d02,3087.1338
cmr,2006,d03,4165.6904
cmr,2006,d04,5289.9912
cmr,2006,d05,6553.5439
cmr,2006,d06,8069.4531
cmr,2006,d07,9991.9238
cmr,2006,d08,12684.2422
cmr,2006,d09,17197.4395
cmr,2006,d10,32843.0586
cmr,2011,d01,2030.4727
cmr,2011,d02,3498.4961
cmr,2011,d03,4723.8452
cmr,2011,d04,6009.2173
cmr,2011,d05,7459.874
cmr,2011,d06,9203.624
cmr,2011,d07,11429.5137
cmr,2011,d08,14550.207
cmr,2011,d09,19804.1621
cmr,2011,d10,38085.625
cmr,2014,d01,1961.5564
cmr,2014,d02,3385.0254
cmr,2014,d03,4586.8613
cmr,2014,d04,5834.5991
cmr,2014,d05,7249.7319
cmr,2014,d06,8939.2295
cmr,2014,d07,11095.1768
cmr,2014,d08,14147.5205
cmr,2014,d09,19243.6602
cmr,2014,d10,37104.4414
cmr,2018,d01,2291.0823
cmr,2018,d02,3952.3132
cmr,2018,d03,5353.9131
cmr,2018,d04,6815.1812
cmr,2018,d05,8462.583
cmr,2018,d06,10429.4385
cmr,2018,d07,12970.0576
cmr,2018,d08,16544.2285
cmr,2018,d09,22514.334
cmr,2018,d10,43343.8789
cod,2007,d01,686.7738
cod,2007,d02,1157.848
cod,2007,d03,1546.7816
cod,2007,d04,1948.2815
cod,2007,d05,2394.6292
cod,2007,d06,2924.6726
cod,2007,d07,3594.9983
cod,2007,d08,4528.1577
cod,2007,d09,6071.5806
cod,2007,d10,11318.9531
cod,2010,d01,639.4669
cod,2010,d02,1074.694
cod,2010,d03,1434.036
cod,2010,d04,1802.5187
cod,2010,d05,2213.5308
cod,2010,d06,2701.1753
cod,2010,d07,3317.8391
cod,2010,d08,4174.4756
cod,2010,d09,5597.2061
cod,2010,d10,10387.7109
cod,2013,d01,737.9023
cod,2013,d02,1239.8523
cod,2013,d03,1652.9576
cod,2013,d04,2079.1072
cod,2013,d05,2552.9678
cod,2013,d06,3115.9377
cod,2013,d07,3829.9456
cod,2013,d08,4820.0923
cod,2013,d09,6451.542
cod,2013,d10,11946.8691
cod,2017,d01,770.7371
cod,2017,d02,1296.0122
cod,2017,d03,1727.7742
cod,2017,d04,2171.114
cod,2017,d05,2667.0046
cod,2017,d06,3253.728
cod,2017,d07,3995.8113
cod,2017,d08,5026.3896
cod,2017,d09,6730.9155
cod,2017,d10,12491.2979
cog,2005,d01,1117.6541
cog,2005,d02,1999.0801
cog,2005,d03,2757.8435
cog,2005,d04,3566.4333
cog,2005,d05,4494.0537
cog,2005,d06,5615.7876
cog,2005,d07,7079.0918
cog,2005,d08,9165.8525
cog,2005,d09,12752.0488
cog,2005,d10,25813.7637
cog,2011,d01,886.2166
cog,2011,d02,1598.0999
cog,2011,d03,2218.1604
cog,2011,d04,2879.9097
cog,2011,d05,3644.1416
cog,2011,d06,4573.4814
cog,2011,d07,5788.9272
cog,2011,d08,7538.3203
cog,2011,d09,10533.2559
cog,2011,d10,21578.3301
cog,2014,d01,937.2808
cog,2014,d02,1686.5103
cog,2014,d03,2344.5012
cog,2014,d04,3044.1101
cog,2014,d05,3850.2839
cog,2014,d06,4836.2749
cog,2014,d07,6121.5293
cog,2014,d08,7959.0449
cog,2014,d09,11117.5479
cog,2014,d10,22804.8477
col,1995,d01,3551.0144
col,1995,d02,6569.5503
col,1995,d03,9261.5498
col,1995,d04,12162.835
col,1995,d05,15554.291
col,1995,d06,19758.4609
col,1995,d07,25302.7559
col,1995,d08,33373.6133
col,1995,d09,47362.8047
col,1995,d10,101077.9453
col,2000,d01,3159.4507
col,2000,d02,5949.5898
col,2000,d03,8488.6924
col,2000,d04,11251.5244
col,2000,d05,14503.6553
col,2000,d06,18579.1699
col,2000,d07,23990.582
col,2000,d08,31930.3086
col,2000,d09,45840.1094
col,2000,d10,100418.5625
col,2005,d01,3268.4697
col,2005,d02,6198.1172
col,2005,d03,8871.8506
col,2005,d04,11806.8086
col,2005,d05,15254.7832
col,2005,d06,19552.6816
col,2005,d07,25309.5781
col,2005,d08,33755.8008
col,2005,d09,48652.082
col,2005,d10,107388.6562
col,2010,d01,3530.2234
col,2010,d02,6642.0415
col,2010,d03,9453.6807
col,2010,d04,12540.6855
col,2010,d05,16173.1641
col,2010,d06,20673.3418
col,2010,d07,26629.1836
col,2010,d08,35375.5547
col,2010,d09,50744.6523
col,2010,d10,111156.1172
col,2015,d01,4973.5156
col,2015,d02,8933.6504
col,2015,d03,12400.7598
col,2015,d04,16090.5293
col,2015,d05,20318.5273
col,2015,d06,25490.8594
col,2015,d07,32203.1426
col,2015,d08,41873.0078
col,2015,d09,58506.4453
col,2015,d10,119290.0312
com,1996,d01,1423.3112
com,1996,d02,2817.6567
com,1996,d03,4139.8154
com,1996,d04,5626.8369
com,1996,d05,7416.2271
com,1996,d06,9683.1514
com,1996,d07,12765.5391
com,1996,d08,17374.0977
com,1996,d09,25789.0781
com,1996,d10,61177.6094
com,2012,d01,1542.2526
com,2012,d02,3026.9407
com,2012,d03,4418.0796
com,2012,d04,5971.3306
com,2012,d05,7821.4434
com,2012,d06,10163.749
com,2012,d07,13338.2637
com,2012,d08,18099.0215
com,2012,d09,26641.0156
com,2012,d10,61815.5703
cri,2011,d01,6544.7515
cri,2011,d02,11616.2832
cri,2011,d03,15994.6045
cri,2011,d04,20628.5234
cri,2011,d05,25894.4688
cri,2011,d06,32276.9707
cri,2011,d07,40545.5859
cri,2011,d08,52380.6211
cri,2011,d09,72586.6016
cri,2011,d10,145154.3281
cri,2018,d01,6576.4062
cri,2018,d02,11709.0391
cri,2018,d03,16143.7754
cri,2018,d04,20815.8203
cri,2018,d05,26146.584
cri,2018,d06,32642.4961
cri,2018,d07,41088.0898
cri,2018,d08,53146.918
cri,2018,d09,73810.2109
cri,2018,d10,148679.7812
cub,2019,d01,4585.521
cub,2019,d02,6616.8364
cub,2019,d03,8067.9805
cub,2019,d04,9447.1426
cub,2019,d05,10887.6377
cub,2019,d06,12491.8457
cub,2019,d07,14394.1006
cub,2019,d08,16871.1738
cub,2019,d09,20639.5117
cub,2019,d10,31227.9277
dom,1996,d01,3909.2708
dom,1996,d02,6969.0098
dom,1996,d03,9605.1885
dom,1996,d04,12404.082
dom,1996,d05,15606.6738
dom,1996,d06,19488.6562
dom,1996,d07,24518.207
dom,1996,d08,31696.8711
dom,1996,d09,43942.3906
dom,1996,d10,88391.2344
dom,1999,d01,3894.0684
dom,1999,d02,7022.8135
dom,1999,d03,9765.4033
dom,1999,d04,12700.1621
dom,1999,d05,16073.4258
dom,1999,d06,20185.3281
dom,1999,d07,25552.2109
dom,1999,d08,33298.7891
dom,1999,d09,46591.5586
dom,1999,d10,95935.4453
dom,2002,d01,3752.6104
dom,2002,d02,6816.6812
dom,2002,d03,9507.6328
dom,2002,d04,12373.915
dom,2002,d05,15696.9307
dom,2002,d06,19752.2402
dom,2002,d07,25060.4023
dom,2002,d08,32726.2773
dom,2002,d09,45911.5898
dom,2002,d10,95238.1406
dom,2007,d01,4283.1968
dom,2007,d02,7806.1118
dom,2007,d03,10910.127
dom,2007,d04,14234.9229
dom,2007,d05,18076.8535
dom,2007,d06,22782.1055
dom,2007,d07,28920.3711
dom,2007,d08,37793.0117
dom,2007,d09,53152.3242
dom,2007,d10,110452.1562
dom,2013,d01,5937.0322
dom,2013,d02,10262.4062
dom,2013,d03,13900.9854
dom,2013,d04,17700.8281
dom,2013,d05,22000.2363
dom,2013,d06,27168.8809
dom,2013,d07,33792.418
dom,2013,d08,43135.543
dom,2013,d09,58822.3867
dom,2013,d10,113628.7031
dom,2014,d01,6273.397
dom,2014,d02,10711.4971
dom,2014,d03,14409.7666
dom,2014,d04,18264.5176
dom,2014,d05,22602.0215
dom,2014,d06,27755.1289
dom,2014,d07,34315.1562
dom,2014,d08,43566.5781
dom,2014,d09,58901.9375
dom,2014,d10,111885.375
dom,2019,d01,7794.4531
dom,2019,d02,12928.3516
dom,2019,d03,17104.2812
dom,2019,d04,21373.0312
dom,2019,d05,26103.1777
dom,2019,d06,31691.0488
dom,2019,d07,38716.7891
dom,2019,d08,48454.4609
dom,2019,d09,64367.0977
dom,2019,d10,117293.7109
dza,2012,d01,5776.3184
dza,2012,d02,8675.6592
dza,2012,d03,10820.8496
dza,2012,d04,12906.2295
dza,2012,d05,15111.7197
dza,2012,d06,17610.8848
dza,2012,d07,20630.0117
dza,2012,d08,24623.3223
dza,2012,d09,30799.5645
dza,2012,d10,48805.625
dza,2018,d01,7130.2271
dza,2018,d02,10693.5615
dza,2018,d03,13334.7783
dza,2018,d04,15902.6895
dza,2018,d05,18630.625
dza,2018,d06,21694.2402
dza,2018,d07,25403.3828
dza,2018,d08,30332.9375
dza,2018,d09,37940.3281
dza,2018,d10,60326.3828
ecu,2012,d01,5712.6465
ecu,2012,d02,9723.0635
ecu,2012,d03,13074.5586
ecu,2012,d04,16524.1191
ecu,2012,d05,20374.4922
ecu,2012,d06,24962.75
ecu,2012,d07,30827.6523
ecu,2012,d08,39061.1094
ecu,2012,d09,52655.5586
ecu,2012,d10,99006.4375
ecu,2018,d01,4982.4131
ecu,2018,d02,8282.7002
ecu,2018,d03,10977.5215
ecu,2018,d04,13732.9707
ecu,2018,d05,16780.3477
ecu,2018,d06,20388.3574
ecu,2018,d07,24939.2852
ecu,2018,d08,31242.6992
ecu,2018,d09,41566.2031
ecu,2018,d10,75857.3516
egy,1995,d01,4967.3188
egy,1995,d02,8335.7656
egy,1995,d03,11102.3447
egy,1995,d04,13948.8916
egy,1995,d05,17104.957
egy,1995,d06,20852.3164
egy,1995,d07,25595.2188
egy,1995,d08,32173.0137
egy,1995,d09,43031.4375
egy,1995,d10,79648.0391
egy,2000,d01,5668.167
egy,2000,d02,9629.5752
egy,2000,d03,12915.6748
egy,2000,d04,16312.5879
egy,2000,d05,20114.8027
egy,2000,d06,24655.9141
egy,2000,d07,30429.9922
egy,2000,d08,38526.4609
egy,2000,d09,51976.082
egy,2000,d10,97851.2266
egy,2005,d01,5621.8491
egy,2005,d02,9464.0869
egy,2005,d03,12637.7529
egy,2005,d04,15895.209
egy,2005,d05,19504.3496
egy,2005,d06,23784.4238
egy,2005,d07,29222.8418
egy,2005,d08,36793.9375
egy,2005,d09,49286.6562
egy,2005,d10,91263.1562
egy,2008,d01,6185.1904
egy,2008,d02,10436.7314
egy,2008,d03,13932.9775
egy,2008,d04,17528.5039
egy,2008,d05,21560.3066
egy,2008,d06,26321.8438
egy,2008,d07,32374.3672
egy,2008,d08,40826.3477
egy,2008,d09,54745.4102
egy,2008,d10,101770.9375
egy,2014,d01,6169.2261
egy,2014,d02,10627.0342
egy,2014,d03,14386.4912
egy,2014,d04,18291.5488
egy,2014,d05,22677.082
egy,2014,d06,27936.5879
egy,2014,d07,34676.4414
egy,2014,d08,44182.5195
egy,2014,d09,60048.9258
egy,2014,d10,115468.3281
eth,2000,d01,776.3927
eth,2000,d02,1153.8232
eth,2000,d03,1432.4327
eth,2000,d04,1700.6558
eth,2000,d05,1982.9576
eth,2000,d06,2302.5701
eth,2000,d07,2685.2288
eth,2000,d08,3189.1782
eth,2000,d09,3967.4426
eth,2000,d10,6221.626
eth,2005,d01,970.3178
eth,2005,d02,1437.4248
eth,2005,d03,1780.0403
eth,2005,d04,2110.7317
eth,2005,d05,2459.7122
eth,2005,d06,2851.3713
eth,2005,d07,3322.7603
eth,2005,d08,3942.2939
eth,2005,d09,4892.8657
eth,2005,d10,7629.2646
eth,2011,d01,1397.7766
eth,2011,d02,2075.7708
eth,2011,d03,2573.3447
eth,2011,d04,3052.8999
eth,2011,d05,3561.386
eth,2011,d06,4135.1704
eth,2011,d07,4826.582
eth,2011,d08,5729.8232
eth,2011,d09,7125.7036
eth,2011,d10,11179.1543
eth,2016,d01,1751.7223
eth,2016,d02,2612.1353
eth,2016,d03,3248.3992
eth,2016,d04,3861.9326
eth,2016,d05,4512.1123
eth,2016,d06,5245.585
eth,2016,d07,6126.8252
eth,2016,d08,7290.4497
eth,2016,d09,9090.9561
eth,2016,d10,14323.4834
eth,2019,d01,2171.6545
eth,2019,d02,3246.4944
eth,2019,d03,4038.1863
eth,2019,d04,4797.2134
eth,2019,d05,5603.1621
eth,2019,d06,6514.5327
eth,2019,d07,7612.8101
eth,2019,d08,9058.2334
eth,2019,d09,11289.3262
eth,2019,d10,17784.7988
gab,2000,d01,5578.2393
gab,2000,d02,9157.1299
gab,2000,d03,12046.3408
gab,2000,d04,14968.8174
gab,2000,d05,18188.4746
gab,2000,d06,21974.2949
gab,2000,d07,26724.0742
gab,2000,d08,33244.4141
gab,2000,d09,43902.5078
gab,2000,d10,78685.8359
gab,2012,d01,3878.4126
gab,2012,d02,6354.8228
gab,2012,d03,8338.6504
gab,2012,d04,10348.9297
gab,2012,d05,12564.46
gab,2012,d06,15152.1709
gab,2012,d07,18404.5
gab,2012,d08,22856.0684
gab,2012,d09,30095.5293
gab,2012,d10,53661.7344
geo,2005,d01,4094.4238
geo,2005,d02,6728.9556
geo,2005,d03,8845.9824
geo,2005,d04,11005.4912
geo,2005,d05,13383.1592
geo,2005,d06,16173.458
geo,2005,d07,19664.3281
geo,2005,d08,24481.2988
geo,2005,d09,32322.1777
geo,2005,d10,58132.6055
geo,2018,d01,7948.1748
geo,2018,d02,12673.5527
geo,2018,d03,16388.2891
geo,2018,d04,20106.0684
geo,2018,d05,24142.25
geo,2018,d06,28850.6836
geo,2018,d07,34681.3203
geo,2018,d08,42582.7188
geo,2018,d09,55332.625
geo,2018,d10,95360.0469
gha,1993,d01,1662.8771
gha,1993,d02,2697.4822
gha,1993,d03,3526.7734
gha,1993,d04,4363.3931
gha,1993,d05,5283.7524
gha,1993,d06,6354.9102
gha,1993,d07,7692.3755
gha,1993,d08,9516.6875
gha,1993,d09,12467.6016
gha,1993,d10,22059.252
gha,1998,d01,1633.3414
gha,1998,d02,2688.0767
gha,1998,d03,3533.5581
gha,1998,d04,4401.0854
gha,1998,d05,5356.2778
gha,1998,d06,6471.5293
gha,1998,d07,7877.1162
gha,1998,d08,9809.001
gha,1998,d09,12954.3223
gha,1998,d10,23313.541
gha,2003,d01,1988.4822
gha,2003,d02,3296.4297
gha,2003,d03,4349.9893
gha,2003,d04,5425.8672
gha,2003,d05,6620.396
gha,2003,d06,8032.7871
gha,2003,d07,9810.2539
gha,2003,d08,12261.3203
gha,2003,d09,16291.3779
gha,2003,d10,29626.875
gha,2006,d01,2299.459
gha,2006,d02,3834.0376
gha,2006,d03,5085.4028
gha,2006,d04,6367.8501
gha,2006,d05,7791.8252
gha,2006,d06,9467.166
gha,2006,d07,11594.7822
gha,2006,d08,14527.7832
gha,2006,d09,19345.793
gha,2006,d10,35465.0156
gha,2008,d01,2477.842
gha,2008,d02,4133.8052
gha,2008,d03,5484.0518
gha,2008,d04,6874.3882
gha,2008,d05,8424.4355
gha,2008,d06,10244.5508
gha,2008,d07,12548.0098
gha,2008,d08,15731.458
gha,2008,d09,20997.1055
gha,2008,d10,38605.5156
gha,2011,d01,2724.8218
gha,2011,d02,4576.0454
gha,2011,d03,6098.082
gha,2011,d04,7664.4561
gha,2011,d05,9413.1367
gha,2011,d06,11480.6035
gha,2011,d07,14090.7666
gha,2011,d08,17723.6191
gha,2011,d09,23712.0273
gha,2011,d10,43871.6367
gha,2014,d01,2287.2773
gha,2014,d02,3852.6228
gha,2014,d03,5143.6929
gha,2014,d04,6480.314
gha,2014,d05,7964.1025
gha,2014,d06,9723.1025
gha,2014,d07,11955.5166
gha,2014,d08,15040.2822
gha,2014,d09,20150.834
gha,2014,d10,37472.4297
gha,2017,d01,3415.6406
gha,2017,d02,5768.7637
gha,2017,d03,7710.2905
gha,2017,d04,9705.6377
gha,2017,d05,11927.7998
gha,2017,d06,14572.0762
gha,2017,d07,17920.6758
gha,2017,d08,22604.6523
gha,2017,d09,30364.4961
gha,2017,d10,56598.7383
gin,1999,d01,1684.5356
gin,1999,d02,2829.9146
gin,1999,d03,3771.7134
gin,1999,d04,4739.252
gin,1999,d05,5813.1719
gin,1999,d06,7090.144
gin,1999,d07,8711.2109
gin,1999,d08,10954.165
gin,1999,d09,14656.8848
gin,1999,d10,27142.4258
gin,2005,d01,1673.8153
gin,2005,d02,2759.8223
gin,2005,d03,3635.3188
gin,2005,d04,4528.4653
gin,2005,d05,5513.2896
gin,2005,d06,6670.3237
gin,2005,d07,8128.8389
gin,2005,d08,10130.4639
gin,2005,d09,13385.0918
gin,2005,d10,24142.6914
gin,2012,d01,2251.252
gin,2012,d02,3627.7812
gin,2012,d03,4716.7715
gin,2012,d04,5810.7104
gin,2012,d05,7005.8433
gin,2012,d06,8395.5586
gin,2012,d07,10127.2471
gin,2012,d08,12496.1904
gin,2012,d09,16319.8896
gin,2012,d10,28462.0566
gin,2016,d01,2530.5186
gin,2016,d02,4072.4333
gin,2016,d03,5291.6709
gin,2016,d04,6520.293
gin,2016,d05,7854.6226
gin,2016,d06,9417.4854
gin,2016,d07,11365.4141
gin,2016,d08,14011.7559
gin,2016,d09,18279.25
gin,2016,d10,31940.7305
gin,2018,d01,2580.99
gin,2018,d02,4153.4331
gin,2018,d03,5397.1685
gin,2018,d04,6646.6572
gin,2018,d05,8011.8081
gin,2018,d06,9603.8799
gin,2018,d07,11577.541
gin,2018,d08,14284.9424
gin,2018,d09,18628.8379
gin,2018,d10,32515.2969
gmb,2005,d01,2634.8066
gmb,2005,d02,4545.4204
gmb,2005,d03,6145.2114
gmb,2005,d04,7820.1973
gmb,2005,d05,9713.5996
gmb,2005,d06,11980.9199
gmb,2005,d07,14899.1748
gmb,2005,d08,19000.7832
gmb,2005,d09,25851.6523
gmb,2005,d10,49599.6719
gmb,2010,d01,3224.6497
gmb,2010,d02,5494.2744
gmb,2010,d03,7382.2505
gmb,2010,d04,9335.8164
gmb,2010,d05,11529.3965
gmb,2010,d06,14143.3896
gmb,2010,d07,17462.0391
gmb,2010,d08,22118.8398
gmb,2010,d09,29859.1797
gmb,2010,d10,56518.8555
gmb,2013,d01,2870.5259
gmb,2013,d02,4823.8857
gmb,2013,d03,6428.9438
gmb,2013,d04,8094.4238
gmb,2013,d05,9948.7021
gmb,2013,d06,12142.873
gmb,2013,d07,14912.4951
gmb,2013,d08,18779.3555
gmb,2013,d09,25194.6621
gmb,2013,d10,46790.2148
gmb,2018,d01,3001.7537
gmb,2018,d02,5017.3501
gmb,2018,d03,6662.8037
gmb,2018,d04,8351.1709
gmb,2018,d05,10231.1826
gmb,2018,d06,12453.6494
gmb,2018,d07,15264.3164
gmb,2018,d08,19164.0781
gmb,2018,d09,25548.0469
gmb,2018,d10,46832.1992
gmb,2019,d01,3050.542
gmb,2019,d02,5095.7559
gmb,2019,d03,6774.21
gmb,2019,d04,8488.8154
gmb,2019,d05,10392.3633
gmb,2019,d06,12648.9717
gmb,2019,d07,15499.8271
gmb,2019,d08,19464.3828
gmb,2019,d09,25999.6738
gmb,2019,d10,47773.9023
gnb,2006,d01,2334.8853
gnb,2006,d02,3931.8801
gnb,2006,d03,5246.4912
gnb,2006,d04,6589.6274
gnb,2006,d05,8092.0176
gnb,2006,d06,9883.3828
gnb,2006,d07,12146.7041
gnb,2006,d08,15292.9082
gnb,2006,d09,20477.5332
gnb,2006,d10,37937.8945
gnb,2014,d01,1936.3365
gnb,2014,d02,3316.3228
gnb,2014,d03,4467.9453
gnb,2014,d04,5669.3999
gnb,2014,d05,7021.9463
gnb,2014,d06,8628.251
gnb,2014,d07,10685.9648
gnb,2014,d08,13580.4951
gnb,2014,d09,18405.1836
gnb,2014,d10,34967.8672
gnb,2018,d01,1743.8882
gnb,2018,d02,2982.4392
gnb,2018,d03,4022.3716
gnb,2018,d04,5100.7881
gnb,2018,d05,6311.8906
gnb,2018,d06,7762.4067
gnb,2018,d07,9615.248
gnb,2018,d08,12209.1494
gnb,2018,d09,16536.5312
gnb,2018,d10,31473.1016
gtm,1995,d01,3637.4028
gtm,1995,d02,6670.1973
gtm,1995,d03,9370.5859
gtm,1995,d04,12272.3369
gtm,1995,d05,15647.9902
gtm,1995,d06,19795.1797
gtm,1995,d07,25248.5938
gtm,1995,d08,33163.6602
gtm,1995,d09,46836.1328
gtm,1995,d10,98404.3828
gtm,1998,d01,3784.2422
gtm,1998,d02,6956.2393
gtm,1998,d03,9775.2529
gtm,1998,d04,12809.3545
gtm,1998,d05,16325.126
gtm,1998,d06,20674.3965
gtm,1998,d07,26404.1816
gtm,1998,d08,34706.2383
gtm,1998,d09,49164.6875
gtm,1998,d10,103539.8125
gtm,2014,d01,5275.9658
gtm,2014,d02,9240.4111
gtm,2014,d03,12623.7969
gtm,2014,d04,16191.5908
gtm,2014,d05,20240.6406
gtm,2014,d06,25100.1074
gtm,2014,d07,31392.3184
gtm,2014,d08,40311.7695
gtm,2014,d09,55412.4688
gtm,2014,d10,109178.8125
guy,2006,d01,3523.1499
guy,2006,d02,6389.3447
guy,2006,d03,8899.4404
guy,2006,d04,11588.459
guy,2006,d05,14686.2441
guy,2006,d06,18462.3555
guy,2006,d07,23401.748
guy,2006,d08,30523.7734
guy,2006,d09,42783.7031
guy,2006,d10,88493.1562
guy,2009,d01,3736.5623
guy,2009,d02,6765.5435
guy,2009,d03,9416.5664
guy,2009,d04,12254.0518
guy,2009,d05,15535.6523
guy,2009,d06,19530.0605
guy,2009,d07,24719.5996
guy,2009,d08,32255.4766
guy,2009,d09,45219.5859
guy,2009,d10,93091.1875
guy,2014,d01,4472.0376
guy,2014,d02,8089.7993
guy,2014,d03,11265.2744
guy,2014,d04,14670.9951
guy,2014,d05,18585.4785
guy,2014,d06,23370.7559
guy,2014,d07,29621.4297
guy,2014,d08,38623.25
guy,2014,d09,54161.6562
guy,2014,d10,111939.1328
guy,2019,d01,4775.4248
guy,2019,d02,8641.8174
guy,2019,d03,12027.6006
guy,2019,d04,15649.4541
guy,2019,d05,19825.4238
guy,2019,d06,24942.2188
guy,2019,d07,31618.6406
guy,2019,d08,41244.8633
guy,2019,d09,57812.2969
guy,2019,d10,119331.0156
hnd,2005,d01,1781.2549
hnd,2005,d02,3438.5068
hnd,2005,d03,4973.8809
hnd,2005,d04,6665.0215
hnd,2005,d05,8673.5674
hnd,2005,d06,11203.1367
hnd,2005,d07,14606.3975
hnd,2005,d08,19649.5703
hnd,2005,d09,28604.4883
hnd,2005,d10,64930.1836
hnd,2011,d01,2255.0776
hnd,2011,d02,4149.1143
hnd,2011,d03,5844.4233
hnd,2011,d04,7669.3613
hnd,2011,d05,9793.3408
hnd,2011,d06,12402.4082
hnd,2011,d07,15855.6221
hnd,2011,d08,20856.5586
hnd,2011,d09,29556.5234
hnd,2011,d10,62606.2539
hnd,2019,d01,2872.2178
hnd,2019,d02,5061.5142
hnd,2019,d03,6949.1597
hnd,2019,d04,8944.5898
hnd,2019,d05,11217.499
hnd,2019,d06,13963.2764
hnd,2019,d07,17530.1035
hnd,2019,d08,22584.8184
hnd,2019,d09,31116.5605
hnd,2019,d10,62033.3906
hti,1994,d01,1282.7642
hti,1994,d02,2520.2388
hti,1994,d03,3681.2959
hti,1994,d04,4974.8091
hti,1994,d05,6532.3389
hti,1994,d06,8501.8262
hti,1994,d07,11171.083
hti,1994,d08,15153.6885
hti,1994,d09,22314.6992
hti,1994,d10,51919.4922
hti,2000,d01,1343.9899
hti,2000,d02,2638.9314
hti,2000,d03,3855.395
hti,2000,d04,5215.6646
hti,2000,d05,6845.3823
hti,2000,d06,8911.0273
hti,2000,d07,11697.2734
hti,2000,d08,15855.5713
hti,2000,d09,23366.1582
hti,2000,d10,54524.4766
hti,2005,d01,1311.8329
hti,2005,d02,2566.5972
hti,2005,d03,3754.9631
hti,2005,d04,5081.4868
hti,2005,d05,6674.6606
hti,2005,d06,8701.3369
hti,2005,d07,11430.9443
hti,2005,d08,15499.5234
hti,2005,d09,22855.2109
hti,2005,d10,53438.5469
hti,2012,d01,1260.2505
hti,2012,d02,2471.9839
hti,2012,d03,3617.271
hti,2012,d04,4901.1641
hti,2012,d05,6425.1089
hti,2012,d06,8361.3105
hti,2012,d07,10987.4961
hti,2012,d08,14917.458
hti,2012,d09,22024.1465
hti,2012,d10,51596.0117
hti,2016,d01,1289.3293
hti,2016,d02,2530.5894
hti,2016,d03,3700.2864
hti,2016,d04,5006.7788
hti,2016,d05,6572.6685
hti,2016,d06,8558.3994
hti,2016,d07,11248.9092
hti,2016,d08,15292.6465
hti,2016,d09,22583.4492
hti,2016,d10,52778.1602
idn,1997,d01,3357.1077
idn,1997,d02,5618.7534
idn,1997,d03,7469.2432
idn,1997,d04,9377.998
idn,1997,d05,11500.4707
idn,1997,d06,13999.1221
idn,1997,d07,17158.6309
idn,1997,d08,21562.5137
idn,1997,d09,28771.6191
idn,1997,d10,52802.1367
idn,2002,d01,3480.8293
idn,2002,d02,5794.7954
idn,2002,d03,7686.0879
idn,2002,d04,9627.1807
idn,2002,d05,11780.8232
idn,2002,d06,14330.3076
idn,2002,d07,17527.9629
idn,2002,d08,21969.1855
idn,2002,d09,29281.5781
idn,2002,d10,53627.5273
idn,2007,d01,3417.2749
idn,2007,d02,5843.0938
idn,2007,d03,7871.0933
idn,2007,d04,9978.7393
idn,2007,d05,12343.3057
idn,2007,d06,15169.6582
idn,2007,d07,18780.5645
idn,2007,d08,23845.6504
idn,2007,d09,32303.6562
idn,2007,d10,61530.5977
idn,2012,d01,3149.2415
idn,2012,d02,5589.0835
idn,2012,d03,7687.7466
idn,2012,d04,9901.5801
idn,2012,d05,12445.6543
idn,2012,d06,15522.3555
idn,2012,d07,19532.043
idn,2012,d08,25263.377
idn,2012,d09,35008.3594
idn,2012,d10,70171.6016
idn,2017,d01,3614.5408
idn,2017,d02,6468.8662
idn,2017,d03,8940.6494
idn,2017,d04,11575.9805
idn,2017,d05,14591.0752
idn,2017,d06,18264.1738
idn,2017,d07,23035.1953
idn,2017,d08,29878.6387
idn,2017,d09,41533.8867
idn,2017,d10,83900.9453
ind,1998,d01,1478.2234
ind,1998,d02,2521.6106
ind,1998,d03,3392.0762
ind,1998,d04,4290.5894
ind,1998,d05,5290.6011
ind,1998,d06,6488.7881
ind,1998,d07,8015.8813
ind,1998,d08,10162.7451
ind,1998,d09,13725.2598
ind,1998,d10,25966.7539
ind,2005,d01,1326.8108
ind,2005,d02,2377.6816
ind,2005,d03,3293.0942
ind,2005,d04,4263.6709
ind,2005,d05,5372.125
ind,2005,d06,6726.1689
ind,2005,d07,8485.2236
ind,2005,d08,11000.2354
ind,2005,d09,15285.9756
ind,2005,d10,30992.2832
ind,2015,d01,2181.4697
ind,2015,d02,3907.8074
ind,2015,d03,5403.9639
ind,2015,d04,7001.5327
ind,2015,d05,8836.123
ind,2015,d06,11068.0908
ind,2015,d07,13981.5859
ind,2015,d08,18167.543
ind,2015,d09,25307.7852
ind,2015,d10,51458.6211
ind,2019,d01,2706.1106
ind,2019,d02,4822.5713
ind,2019,d03,6659.3008
ind,2019,d04,8597.7266
ind,2019,d05,10819.1182
ind,2019,d06,13501.5518
ind,2019,d07,17009.7207
ind,2019,d08,22021.5703
ind,2019,d09,30513.584
ind,2019,d10,61422.3828
irq,2011,d01,6028.3037
irq,2011,d02,9033.1602
irq,2011,d03,11253.4824
irq,2011,d04,13408.1348
irq,2011,d05,15690.6885
irq,2011,d06,18274.248
irq,2011,d07,21375.623
irq,2011,d08,25478.0059
irq,2011,d09,31834.3301
irq,2011,d10,50439.3359
irq,2018,d01,8767.873
irq,2018,d02,13078.417
irq,2018,d03,16268.9551
irq,2018,d04,19348.6973
irq,2018,d05,22608.1953
irq,2018,d06,26295.3301
irq,2018,d07,30754.4551
irq,2018,d08,36636.7227
irq,2018,d09,45738.3711
irq,2018,d10,72258.7266
jam,2011,d01,4992.0791
jam,2011,d02,8404.3076
jam,2011,d03,11213.6143
jam,2011,d04,14086.457
jam,2011,d05,17307.6992
jam,2011,d06,21114.8086
jam,2011,d07,25927.3691
jam,2011,d08,32647.4727
jam,2011,d09,43711.9922
jam,2011,d10,80979.625
jor,1997,d01,8364.6865
jor,1997,d02,13313.793
jor,1997,d03,17166.8242
jor,1997,d04,21029.6289
jor,1997,d05,25233.4336
jor,1997,d06,30079.0664
jor,1997,d07,36106.7188
jor,1997,d08,44291.0898
jor,1997,d09,57392.7812
jor,1997,d10,98605.1953
jor,2002,d01,9693.5586
jor,2002,d02,15389.1465
jor,2002,d03,19849.8633
jor,2002,d04,24302.6562
jor,2002,d05,29121.2852
jor,2002,d06,34726.9297
jor,2002,d07,41655.8398
jor,2002,d08,51084.875
jor,2002,d09,66137.5078
jor,2002,d10,113640.9453
jor,2007,d01,12787.1045
jor,2007,d02,20147.9668
jor,2007,d03,25870.043
jor,2007,d04,31560.0449
jor,2007,d05,37717.9883
jor,2007,d06,44827.9062
jor,2007,d07,53611.9414
jor,2007,d08,65466.1914
jor,2007,d09,84448.5547
jor,2007,d10,143270.2031
jor,2012,d01,10326.7266
jor,2012,d02,16256.9375
jor,2012,d03,20865.2129
jor,2012,d04,25439.2559
jor,2012,d05,30391.2324
jor,2012,d06,36114.2109
jor,2012,d07,43150.2227
jor,2012,d08,52673.1445
jor,2012,d09,67789.9688
jor,2012,d10,114745.5703
jor,2017,d01,9619.54
jor,2017,d02,15131.1758
jor,2017,d03,19416.5371
jor,2017,d04,23664.1719
jor,2017,d05,28266.4551
jor,2017,d06,33578.6914
jor,2017,d07,40123.7773
jor,2017,d08,48937.9453
jor,2017,d09,62969.8672
jor,2017,d10,106567.5625
kaz,1995,d01,7470.5352
kaz,1995,d02,10928.7031
kaz,1995,d03,13449.209
kaz,1995,d04,15858.1865
kaz,1995,d05,18362.4219
kaz,1995,d06,21178.5996
kaz,1995,d07,24541.8027
kaz,1995,d08,28953.0547
kaz,1995,d09,35692.418
kaz,1995,d10,54933.4531
kaz,1999,d01,7776.1763
kaz,1999,d02,11398.3672
kaz,1999,d03,14048.3555
kaz,1999,d04,16589.7109
kaz,1999,d05,19237.0371
kaz,1999,d06,22213.9531
kaz,1999,d07,25785.252
kaz,1999,d08,30455.793
kaz,1999,d09,37609.4023
kaz,1999,d10,58043.0859
kaz,2006,d01,10080.3545
kaz,2006,d02,14466.2207
kaz,2006,d03,17586.0938
kaz,2006,d04,20549.0918
kaz,2006,d05,23611.7363
kaz,2006,d06,27032.5645
kaz,2006,d07,31110.6133
kaz,2006,d08,36385.8945
kaz,2006,d09,44340.3242
kaz,2006,d10,66543.5
kaz,2010,d01,12066.5918
kaz,2010,d02,16946.9238
kaz,2010,d03,20378.8203
kaz,2010,d04,23599.0156
kaz,2010,d05,26898.6289
kaz,2010,d06,30554.3066
kaz,2010,d07,34830.8047
kaz,2010,d08,40331.6914
kaz,2010,d09,48559.6367
kaz,2010,d10,71003.5
kaz,2015,d01,17130.584
kaz,2015,d02,23875.5117
kaz,2015,d03,28579.8047
kaz,2015,d04,32976.8359
kaz,2015,d05,37466.7891
kaz,2015,d06,42389.0156
kaz,2015,d07,48176.8359
kaz,2015,d08,55577.4414
kaz,2015,d09,66674
kaz,2015,d10,96535.7188
ken,1993,d01,1416.3733
ken,1993,d02,2558.2595
ken,1993,d03,3560.4858
ken,1993,d04,4628.4468
ken,1993,d05,5859.897
ken,1993,d06,7367.772
ken,1993,d07,9340.5752
ken,1993,d08,12165.4434
ken,1993,d09,17030.5996
ken,1993,d10,34967.7344
ken,1998,d01,1624.9886
ken,1998,d02,2905.2896
ken,1998,d03,4016.9902
ken,1998,d04,5201.2988
ken,1998,d05,6562.1885
ken,1998,d06,8212.3018
ken,1998,d07,10374.5762
ken,1998,d08,13465.376
ken,1998,d09,18731.752
ken,1998,d10,37868.7812
ken,2003,d01,1641.4939
ken,2003,d02,2909.9697
ken,2003,d03,3999.8389
ken,2003,d04,5150.4844
ken,2003,d05,6469.4419
ken,2003,d06,8070.3081
ken,2003,d07,10136.8877
ken,2003,d08,13089.9219
ken,2003,d09,18108.4043
ken,2003,d10,36253.9609
ken,2008,d01,1755.23
ken,2008,d02,3093.8391
ken,2008,d03,4235.3877
ken,2008,d04,5448.8921
ken,2008,d05,6824.5181
ken,2008,d06,8489.4062
ken,2008,d07,10645.5098
ken,2008,d08,13688.3018
ken,2008,d09,18848.2676
ken,2008,d10,37416.4297
ken,2014,d01,1945.0856
ken,2014,d02,3400.6973
ken,2014,d03,4642.0986
ken,2014,d04,5939.3354
ken,2014,d05,7419.896
ken,2014,d06,9209.6055
ken,2014,d07,11507.9131
ken,2014,d08,14742.293
ken,2014,d09,20184.6016
ken,2014,d10,39595.0352
kgz,1997,d01,2362.5601
kgz,1997,d02,3685.634
kgz,1997,d03,4707.8037
kgz,1997,d04,5713.583
kgz,1997,d05,6797.873
kgz,1997,d06,8041.4292
kgz,1997,d07,9569.8936
kgz,1997,d08,11625.8213
kgz,1997,d09,14883.1865
kgz,1997,d10,24872.875
kgz,2005,d01,3819.0742
kgz,2005,d02,5888.2568
kgz,2005,d03,7466.6826
kgz,2005,d04,9024.2656
kgz,2005,d05,10698.6143
kgz,2005,d06,12609.4863
kgz,2005,d07,14942.8281
kgz,2005,d08,18063.1484
kgz,2005,d09,22966.0312
kgz,2005,d10,37789.5312
kgz,2012,d01,4910.5166
kgz,2012,d02,7422.2612
kgz,2012,d03,9293.4346
kgz,2012,d04,11113.0449
kgz,2012,d05,13057.4199
kgz,2012,d06,15262.7295
kgz,2012,d07,17936.3301
kgz,2012,d08,21479.8203
kgz,2012,d09,27015.3574
kgz,2012,d10,43404.918
kgz,2014,d01,5719.769
kgz,2014,d02,8588.8076
kgz,2014,d03,10730.0762
kgz,2014,d04,12806.6562
kgz,2014,d05,14999.7051
kgz,2014,d06,17474.5293
kgz,2014,d07,20473.2207
kgz,2014,d08,24439.7539
kgz,2014,d09,30576.1719
kgz,2014,d10,48796.2031
kgz,2018,d01,5205.5254
kgz,2018,d02,7747.1274
kgz,2018,d03,9625.8105
kgz,2018,d04,11433.5068
kgz,2018,d05,13339.4521
kgz,2018,d06,15495.4756
kgz,2018,d07,18091.834
kgz,2018,d08,21495.7363
kgz,2018,d09,26770.2891
kgz,2018,d10,42098.5508
khm,2000,d01,1721.4097
khm,2000,d02,2717.7507
khm,2000,d03,3494.6675
khm,2000,d04,4269.1499
khm,2000,d05,5111.8203
khm,2000,d06,6078.3647
khm,2000,d07,7280.3662
khm,2000,d08,8900.6211
khm,2000,d09,11478.1182
khm,2000,d10,19563.8438
khm,2005,d01,2191.5361
khm,2005,d02,3451.5132
khm,2005,d03,4427.9146
khm,2005,d04,5398.8706
khm,2005,d05,6449.7544
khm,2005,d06,7660.6963
khm,2005,d07,9147.333
khm,2005,d08,11172.5264
khm,2005,d09,14375.5439
khm,2005,d10,24316.4492
khm,2010,d01,2636.0479
khm,2010,d02,4133.0591
khm,2010,d03,5289.7441
khm,2010,d04,6435.624
khm,2010,d05,7677.4585
khm,2010,d06,9103.8057
khm,2010,d07,10860.501
khm,2010,d08,13234.3389
khm,2010,d09,17001.0488
khm,2010,d10,28591.3848
khm,2014,d01,3085.823
khm,2014,d02,4804.1914
khm,2014,d03,6133.1953
khm,2014,d04,7449.8672
khm,2014,d05,8862.252
khm,2014,d06,10482.9736
khm,2014,d07,12475.9229
khm,2014,d08,15147.6016
khm,2014,d09,19409.4492
khm,2014,d10,32513.625
kir,2018,d01,2214.1516
kir,2018,d02,3562.5913
kir,2018,d03,4632.9897
kir,2018,d04,5706.3438
kir,2018,d05,6884.356
kir,2018,d06,8255.7852
kir,2018,d07,9960.5439
kir,2018,d08,12278.0723
kir,2018,d09,16015.2344
kir,2018,d10,27920.7129
kos,2013,d01,15122.2383
kos,2013,d02,21087.5938
kos,2013,d03,25239.584
kos,2013,d04,29118.0488
kos,2013,d05,33093.0312
kos,2013,d06,37468.4062
kos,2013,d07,42593.7148
kos,2013,d08,49132.1602
kos,2013,d09,58907.1445
kos,2013,d10,85461.6875
kos,2019,d01,17057.0273
kos,2019,d02,23741.2109
kos,2019,d03,28384.0312
kos,2019,d04,32708.1094
kos,2019,d05,37134.3203
kos,2019,d06,41985.9805
kos,2019,d07,47703.375
kos,2019,d08,55001.668
kos,2019,d09,65813.2734
kos,2019,d10,95065.125
lao,2006,d01,3981.0457
lao,2006,d02,6102.2437
lao,2006,d03,7716.8706
lao,2006,d04,9302.7676
lao,2006,d05,10993.3691
lao,2006,d06,12923.7266
lao,2006,d07,15269.0264
lao,2006,d08,18401.6465
lao,2006,d09,23344.7012
lao,2006,d10,38222.9258
lao,2011,d01,4678.4785
lao,2011,d02,7227.1245
lao,2011,d03,9157.5381
lao,2011,d04,11052.6719
lao,2011,d05,13087.4492
lao,2011,d06,15421.3057
lao,2011,d07,18277.7383
lao,2011,d08,22094.1621
lao,2011,d09,28099.3418
lao,2011,d10,46305.2969
lao,2017,d01,5820.9814
lao,2017,d02,9050.7607
lao,2017,d03,11527.9785
lao,2017,d04,13956.9346
lao,2017,d05,16578.8574
lao,2017,d06,19584.6699
lao,2017,d07,23285.3496
lao,2017,d08,28252.6113
lao,2017,d09,36115.5781
lao,2017,d10,60084.707
lbr,2007,d01,3980.4219
lbr,2007,d02,6242.3584
lbr,2007,d03,7987.0776
lbr,2007,d04,9715.1572
lbr,2007,d05,11578.8809
lbr,2007,d06,13720.8047
lbr,2007,d07,16361.4736
lbr,2007,d08,19920.1113
lbr,2007,d09,25569.7637
lbr,2007,d10,42968.8945
lbr,2013,d01,2673.7651
lbr,2013,d02,4164.6689
lbr,2013,d03,5311.6631
lbr,2013,d04,6442.3325
lbr,2013,d05,7658.3447
lbr,2013,d06,9058.7168
lbr,2013,d07,10786.6934
lbr,2013,d08,13105.2852
lbr,2013,d09,16781.5156
lbr,2013,d10,28093.9648
lbr,2019,d01,1958.8293
lbr,2019,d02,3045.4485
lbr,2019,d03,3874.5327
lbr,2019,d04,4694.0132
lbr,2019,d05,5574.3979
lbr,2019,d06,6594.5757
lbr,2019,d07,7840.9429
lbr,2019,d08,9516.5088
lbr,2019,d09,12156.1035
lbr,2019,d10,20282.5938
lca,2012,d01,4897.4258
lca,2012,d02,8597.6113
lca,2012,d03,11754.458
lca,2012,d04,15085.3789
lca,2012,d05,18858.3789
lca,2012,d06,23439.5391
lca,2012,d07,29338.3809
lca,2012,d08,37680.8359
lca,2012,d09,51786.3398
lca,2012,d10,102210.4922
lso,2004,d01,845.2186
lso,2004,d02,1595.0913
lso,2004,d03,2282.8608
lso,2004,d04,3034.1799
lso,2004,d05,3913.7122
lso,2004,d06,5008.2749
lso,2004,d07,6470.646
lso,2004,d08,8603.4512
lso,2004,d09,12354.8164
lso,2004,d10,27160.9297
lso,2009,d01,928.8932
lso,2009,d02,1744.2153
lso,2009,d03,2479.9082
lso,2009,d04,3280.9365
lso,2009,d05,4223.2319
lso,2009,d06,5396.5093
lso,2009,d07,6945.0718
lso,2009,d08,9205.9297
lso,2009,d09,13182.2686
lso,2009,d10,28670.3906
lso,2014,d01,866.4135
lso,2014,d02,1605.4088
lso,2014,d03,2268.261
lso,2014,d04,2986.6895
lso,2014,d05,3825.2729
lso,2014,d06,4867.0845
lso,2014,d07,6237.1553
lso,2014,d08,8233.3066
lso,2014,d09,11725.9395
lso,2014,d10,25040.4746
lso,2018,d01,1045.4739
lso,2018,d02,1930.9915
lso,2018,d03,2720.1484
lso,2018,d04,3572.1401
lso,2018,d05,4559.6899
lso,2018,d06,5780.937
lso,2018,d07,7383.0063
lso,2018,d08,9706.3154
lso,2018,d09,13753.4365
lso,2018,d10,29220.7012
mar,2003,d01,3298.3784
mar,2003,d02,5362.0386
mar,2003,d03,7006.9829
mar,2003,d04,8665.8115
mar,2003,d05,10490.8682
mar,2003,d06,12630.5205
mar,2003,d07,15308.7715
mar,2003,d08,18963.4727
mar,2003,d09,24887.4121
mar,2003,d10,43997.5781
mda,2005,d01,4669.6934
mda,2005,d02,7359.9111
mda,2005,d03,9454.2432
mda,2005,d04,11537.4658
mda,2005,d05,13793.6572
mda,2005,d06,16401.2148
mda,2005,d07,19620.7754
mda,2005,d08,23961.4785
mda,2005,d09,30912.0078
mda,2005,d10,52481.7734
mda,2012,d01,6061.1357
mda,2012,d02,9180.7412
mda,2012,d03,11513.7725
mda,2012,d04,13784.4736
mda,2012,d05,16199.6152
mda,2012,d06,18944.3809
mda,2012,d07,22295.8594
mda,2012,d08,26734.6797
mda,2012,d09,33652.125
mda,2012,d10,54126.543
mdg,1997,d01,1164.4005
mdg,1997,d02,1962.3386
mdg,1997,d03,2619.6243
mdg,1997,d04,3296.1689
mdg,1997,d05,4053.5012
mdg,1997,d06,4951.272
mdg,1997,d07,6082.9829
mdg,1997,d08,7671.1201
mdg,1997,d09,10282.3291
mdg,1997,d10,19106.5195
mdg,2003,d01,977.9934
mdg,2003,d02,1653.8146
mdg,2003,d03,2211.9397
mdg,2003,d04,2787.0813
mdg,2003,d05,3428.4626
mdg,2003,d06,4189.144
mdg,2003,d07,5156.21
mdg,2003,d08,6511.1836
mdg,2003,d09,8746.8486
mdg,2003,d10,16338.71
mdg,2008,d01,1007.8071
mdg,2008,d02,1698.6021
mdg,2008,d03,2267.5371
mdg,2008,d04,2854.4048
mdg,2008,d05,3509.2212
mdg,2008,d06,4283.4697
mdg,2008,d07,5272.4673
mdg,2008,d08,6644.311
mdg,2008,d09,8911.4824
mdg,2008,d10,16605.5098
mdg,2018,d01,968.3716
mdg,2018,d02,1630.6124
mdg,2018,d03,2176.6282
mdg,2018,d04,2742.696
mdg,2018,d05,3375.425
mdg,2018,d06,4125.6592
mdg,2018,d07,5078.1338
mdg,2018,d08,6409.2451
mdg,2018,d09,8615.9561
mdg,2018,d10,16079.2256
mdv,2009,d01,8301.6211
mdv,2009,d02,13385.4053
mdv,2009,d03,17413.1074
mdv,2009,d04,21486.6562
mdv,2009,d05,25929.5801
mdv,2009,d06,31072.3105
mdv,2009,d07,37497.9336
mdv,2009,d08,46275.75
mdv,2009,d09,60458.082
mdv,2009,d10,106140.1875
mdv,2016,d01,9569.9082
mdv,2016,d02,15380.6416
mdv,2016,d03,19982.6426
mdv,2016,d04,24580.1699
mdv,2016,d05,29602.916
mdv,2016,d06,35439.0117
mdv,2016,d07,42702.25
mdv,2016,d08,52580.8672
mdv,2016,d09,68524.6016
mdv,2016,d10,119420.4141
mex,2015,d01,8115.249
mex,2015,d02,14041.4092
mex,2015,d03,19046.1562
mex,2015,d04,24283.252
mex,2015,d05,30224.5332
mex,2015,d06,37308.7266
mex,2015,d07,46385.5586
mex,2015,d08,59125.0625
mex,2015,d09,80596.3984
mex,2015,d10,155277.6875
mex,2018,d01,8455.4229
mex,2018,d02,14356.6885
mex,2018,d03,19263.6816
mex,2018,d04,24346.5059
mex,2018,d05,30036.6836
mex,2018,d06,36829.168
mex,2018,d07,45448.2734
mex,2018,d08,57491.3086
mex,2018,d09,77489.9688
mex,2018,d10,145693.5781
mkd,2005,d01,12692.0381
mkd,2005,d02,19258.9531
mkd,2005,d03,24206.2383
mkd,2005,d04,29031.1914
mkd,2005,d05,34142.543
mkd,2005,d06,39992.168
mkd,2005,d07,47051.2969
mkd,2005,d08,56463.0547
mkd,2005,d09,71177.8203
mkd,2005,d10,115009.9219
mkd,2011,d01,10647.0654
mkd,2011,d02,16145.1807
mkd,2011,d03,20270.2852
mkd,2011,d04,24295.0352
mkd,2011,d05,28571.002
mkd,2011,d06,33433.0977
mkd,2011,d07,39335.1484
mkd,2011,d08,47227.0977
mkd,2011,d09,59500.2109
mkd,2011,d10,95804.7734
mkd,2018,d01,11591.4961
mkd,2018,d02,17068.0879
mkd,2018,d03,21073.8613
mkd,2018,d04,24907.8086
mkd,2018,d05,28941.123
mkd,2018,d06,33483.5508
mkd,2018,d07,38932.6289
mkd,2018,d08,46030.6133
mkd,2018,d09,56986.4492
mkd,2018,d10,88264.0391
mli,1995,d01,1429.9148
mli,1995,d02,2367.6904
mli,1995,d03,3123.6794
mli,1995,d04,3898.2246
mli,1995,d05,4759.8042
mli,1995,d06,5772.3691
mli,1995,d07,7047.9868
mli,1995,d08,8809.3066
mli,1995,d09,11681.7344
mli,1995,d10,21177.8242
mli,2001,d01,1508.2301
mli,2001,d02,2460.8108
mli,2001,d03,3224.5144
mli,2001,d04,3996.6729
mli,2001,d05,4847.8848
mli,2001,d06,5844.2632
mli,2001,d07,7090.4248
mli,2001,d08,8809.4121
mli,2001,d09,11597.8975
mli,2001,d10,20612.8906
mli,2006,d01,1755.1132
mli,2006,d02,2840.0552
mli,2006,d03,3703.2476
mli,2006,d04,4565.4443
mli,2006,d05,5510.9854
mli,2006,d06,6618.5537
mli,2006,d07,7996.7461
mli,2006,d08,9875.1074
mli,2006,d09,12914.1641
mli,2006,d10,22703.0156
mli,2009,d01,3160.8438
mli,2009,d02,5067.0005
mli,2009,d03,6565.2148
mli,2009,d04,8062.4897
mli,2009,d05,9697.0938
mli,2009,d06,11602.7031
mli,2009,d07,13961.6025
mli,2009,d08,17176.6934
mli,2009,d09,22331.9453
mli,2009,d10,38624.0664
mli,2012,d01,1910.8505
mli,2012,d02,3044.8188
mli,2012,d03,3929.6733
mli,2012,d04,4811.3193
mli,2012,d05,5774.4048
mli,2012,d06,6890.7217
mli,2012,d07,8267.6934
mli,2012,d08,10131.4932
mli,2012,d09,13123.5078
mli,2012,d10,22549.4473
mli,2015,d01,3726.5457
mli,2015,d02,5769.1685
mli,2015,d03,7327.4585
mli,2015,d04,8867.5215
mli,2015,d05,10516.3135
mli,2015,d06,12402.5439
mli,2015,d07,14714.6172
mli,2015,d08,17796.4863
mli,2015,d09,22678.793
mli,2015,d10,37466.0195
mli,2018,d01,2694.2927
mli,2018,d02,4128.8359
mli,2018,d03,5220.021
mli,2018,d04,6288.4653
mli,2018,d05,7440.5376
mli,2018,d06,8753.8945
mli,2018,d07,10346.665
mli,2018,d08,12481.7529
mli,2018,d09,15841.0244
mli,2018,d10,25973.4004
mmr,2015,d01,2047.5654
mmr,2015,d02,3109.7339
mmr,2015,d03,3907.0947
mmr,2015,d04,4683.2188
mmr,2015,d05,5512.9829
mmr,2015,d06,6459.8877
mmr,2015,d07,7604.21
mmr,2015,d08,9123.9521
mmr,2015,d09,11505.9648
mmr,2015,d10,18538.793
mne,2005,d01,8968.8164
mne,2005,d02,14228.5215
mne,2005,d03,18356.7969
mne,2005,d04,22478.5508
mne,2005,d05,26951.459
mne,2005,d06,32144.541
mne,2005,d07,38546.7188
mne,2005,d08,47190.4922
mne,2005,d09,61022.1953
mne,2005,d10,104394.7422
mne,2013,d01,11515.21
mne,2013,d02,18252.7168
mne,2013,d03,23518.9297
mne,2013,d04,28774.2559
mne,2013,d05,34509.918
mne,2013,d06,41108.5664
mne,2013,d07,49299.9648
mne,2013,d08,60422.8359
mne,2013,d09,78236.5078
mne,2013,d10,133917.375
mne,2018,d01,12495.5078
mne,2018,d02,19632.7012
mne,2018,d03,25147.252
mne,2018,d04,30609.457
mne,2018,d05,36539.9883
mne,2018,d06,43358.0938
mne,2018,d07,51733.6016
mne,2018,d08,63031.8867
mne,2018,d09,80996.8438
mne,2018,d10,136877.3438
mng,2005,d01,4002.1111
mng,2005,d02,6055.4727
mng,2005,d03,7586.1255
mng,2005,d04,9072.624
mng,2005,d05,10657.0645
mng,2005,d06,12440.8037
mng,2005,d07,14603.665
mng,2005,d08,17483.6426
mng,2005,d09,21978.4531
mng,2005,d10,35287.8086
mng,2010,d01,4265.9629
mng,2010,d02,6436.4868
mng,2010,d03,8055.2837
mng,2010,d04,9619.1875
mng,2010,d05,11284.4922
mng,2010,d06,13174.6523
mng,2010,d07,15462.8623
mng,2010,d08,18475.4746
mng,2010,d09,23190.6699
mng,2010,d10,37123.4297
mng,2013,d01,5813.1401
mng,2013,d02,8746.5244
mng,2013,d03,10940.1289
mng,2013,d04,13067.6504
mng,2013,d05,15333.6289
mng,2013,d06,17909.0371
mng,2013,d07,21015.8145
mng,2013,d08,25114.3828
mng,2013,d09,31501.3672
mng,2013,d10,50273.4609
mng,2018,d01,7347.5078
mng,2018,d02,11087.9766
mng,2018,d03,13863.4463
mng,2018,d04,16558.1035
mng,2018,d05,19430.377
mng,2018,d06,22674.1777
mng,2018,d07,26612.8359
mng,2018,d08,31827.4043
mng,2018,d09,39930.2773
mng,2018,d10,63779.1641
moz,1997,d01,391.0685
moz,1997,d02,668.5188
moz,1997,d03,900.3244
moz,1997,d04,1139.8944
moz,1997,d05,1407.714
moz,1997,d06,1727.8856
moz,1997,d07,2135.7144
moz,1997,d08,2709.4695
moz,1997,d09,3672.1748
moz,1997,d10,6958.2759
moz,2003,d01,486.8347
moz,2003,d02,839.8069
moz,2003,d03,1137.2494
moz,2003,d04,1447.4756
moz,2003,d05,1798.9486
moz,2003,d06,2218.8875
moz,2003,d07,2757.6255
moz,2003,d08,3514.8567
moz,2003,d09,4784.5581
moz,2003,d10,9192.3535
moz,2008,d01,527.9775
moz,2008,d02,919.8331
moz,2008,d03,1253.5227
moz,2008,d04,1603.5497
moz,2008,d05,2000.0107
moz,2008,d06,2476.6956
moz,2008,d07,3088.5579
moz,2008,d08,3955.7996
moz,2008,d09,5414.8506
moz,2008,d10,10569.585
moz,2011,d01,541.718
moz,2011,d02,950.9023
moz,2011,d03,1301.1124
moz,2011,d04,1669.7047
moz,2011,d05,2090.0391
moz,2011,d06,2596.1543
moz,2011,d07,3251.1003
moz,2011,d08,4179.5703
moz,2011,d09,5749.2163
moz,2011,d10,11342.7422
moz,2015,d01,560.5258
moz,2015,d02,994.441
moz,2015,d03,1367.333
moz,2015,d04,1763.3022
moz,2015,d05,2214.6121
moz,2015,d06,2761.7012
moz,2015,d07,3474.1567
moz,2015,d08,4487.4736
moz,2015,d09,6208.6929
moz,2015,d10,12477.9775
mrt,2007,d01,4179.9644
mrt,2007,d02,6673.5703
mrt,2007,d03,8626.2334
mrt,2007,d04,10580.8125
mrt,2007,d05,12714.5625
mrt,2007,d06,15181.7129
mrt,2007,d07,18251.498
mrt,2007,d08,22418.6797
mrt,2007,d09,29109.3242
mrt,2007,d10,50279.5078
mrt,2011,d01,3435.8672
mrt,2011,d02,5406.2417
mrt,2011,d03,6932.7964
mrt,2011,d04,8448.6748
mrt,2011,d05,10085.9766
mrt,2011,d06,11975.5391
mrt,2011,d07,14305.1035
mrt,2011,d08,17448.1484
mrt,2011,d09,22450.3848
mrt,2011,d10,37999.4062
mrt,2015,d01,4794.7368
mrt,2015,d02,7444.5391
mrt,2015,d03,9479.042
mrt,2015,d04,11494.3867
mrt,2015,d05,13669.5674
mrt,2015,d06,16160.2646
mrt,2015,d07,19222.1621
mrt,2015,d08,23336.8301
mrt,2015,d09,29828.2109
mrt,2015,d10,49742.6719
mrt,2019,d01,4694.0767
mrt,2019,d02,7296.9106
mrt,2019,d03,9295.7324
mrt,2019,d04,11269.7422
mrt,2019,d05,13387.1631
mrt,2019,d06,15831.4785
mrt,2019,d07,18833.8008
mrt,2019,d08,22848.0059
mrt,2019,d09,29182.0391
mrt,2019,d10,48613.8477
mwi,2000,d01,610.4167
mwi,2000,d02,1086.7657
mwi,2000,d03,1500.2913
mwi,2000,d04,1939.9967
mwi,2000,d05,2442.48
mwi,2000,d06,3053.9031
mwi,2000,d07,3849.4133
mwi,2000,d08,4983.9561
mwi,2000,d09,6926.2935
mwi,2000,d10,13951.873
mwi,2004,d01,723.0419
mwi,2004,d02,1261.2866
mwi,2004,d03,1716.8107
mwi,2004,d04,2195.052
mwi,2004,d05,2735.7517
mwi,2004,d06,3388.0557
mwi,2004,d07,4231.1968
mwi,2004,d08,5427.7588
mwi,2004,d09,7433.2832
mwi,2004,d10,14517.6084
mwi,2006,d01,719.2066
mwi,2006,d02,1246.6628
mwi,2006,d03,1693.0276
mwi,2006,d04,2161.0032
mwi,2006,d05,2690.6475
mwi,2006,d06,3324.3574
mwi,2006,d07,4136.6792
mwi,2006,d08,5282.6484
mwi,2006,d09,7207.0044
mwi,2006,d10,13948.3955
mwi,2010,d01,821.7139
mwi,2010,d02,1420.4467
mwi,2010,d03,1925.5386
mwi,2010,d04,2453.1785
mwi,2010,d05,3048.9497
mwi,2010,d06,3761.5876
mwi,2010,d07,4678.0703
mwi,2010,d08,5970.3652
mwi,2010,d09,8134.9663
mwi,2010,d10,15708.5303
mwi,2013,d01,866.3809
mwi,2013,d02,1491.8276
mwi,2013,d03,2017.1276
mwi,2013,d04,2567.8113
mwi,2013,d05,3184.8977
mwi,2013,d06,3919.4529
mwi,2013,d07,4862.6172
mwi,2013,d08,6192.1323
mwi,2013,d09,8419.7627
mwi,2013,d10,16204.6016
mwi,2015,d01,934.3387
mwi,2015,d02,1608.7006
mwi,2015,d03,2176.1538
mwi,2015,d04,2764.2002
mwi,2015,d05,3427.573
mwi,2015,d06,4227.8604
mwi,2015,d07,5247.9912
mwi,2015,d08,6676.5488
mwi,2015,d09,9069.2695
mwi,2015,d10,17383.6172
mwi,2019,d01,936.7221
mwi,2019,d02,1611.6616
mwi,2019,d03,2179.3164
mwi,2019,d04,2771.8333
mwi,2019,d05,3441.1296
mwi,2019,d06,4239.0239
mwi,2019,d07,5257.4399
mwi,2019,d08,6696.7148
mwi,2019,d09,9100.6055
mwi,2019,d10,17460.1094
nam,2000,d01,1024.7407
nam,2000,d02,2329.6194
nam,2000,d03,3727.7561
nam,2000,d04,5430.3896
nam,2000,d05,7602.4517
nam,2000,d06,10546.8398
nam,2000,d07,14825.8799
nam,2000,d08,21698.8945
nam,2000,d09,35154.3633
nam,2000,d10,105177.8438
nam,2006,d01,1109.4336
nam,2006,d02,2491.0835
nam,2006,d03,3954.9565
nam,2006,d04,5724.7036
nam,2006,d05,7996.3955
nam,2006,d06,11018.29
nam,2006,d07,15369.5537
nam,2006,d08,22347.0195
nam,2006,d09,36035.8438
nam,2006,d10,106022.125
nam,2013,d01,1522.0444
nam,2013,d02,3380.3704
nam,2013,d03,5346.4785
nam,2013,d04,7698.6807
nam,2013,d05,10687.3076
nam,2013,d06,14696.7109
nam,2013,d07,20430.1641
nam,2013,d08,29523.5352
nam,2013,d09,47161.8203
nam,2013,d10,134881.1875
ner,1998,d01,1007.3088
ner,1998,d02,1619.1575
ner,1998,d03,2098.5845
ner,1998,d04,2579.8308
ner,1998,d05,3107.0264
ner,1998,d06,3720.7629
ner,1998,d07,4480.0918
ner,1998,d08,5514.5117
ner,1998,d09,7179.4214
ner,1998,d10,12441.7227
ner,2006,d01,993.5848
ner,2006,d02,1591.1692
ner,2006,d03,2062.4897
ner,2006,d04,2536.2312
ner,2006,d05,3052.6467
ner,2006,d06,3650.5
ner,2006,d07,4393.5801
ner,2006,d08,5409.8252
ner,2006,d09,7044.7485
ner,2006,d10,12232.5986
ner,2012,d01,1087.3442
ner,2012,d02,1711.4802
ner,2012,d03,2197.5254
ner,2012,d04,2678.489
ner,2012,d05,3199.0598
ner,2012,d06,3800.2383
ner,2012,d07,4540.313
ner,2012,d08,5537.189
ner,2012,d09,7126.7896
ner,2012,d10,12068.5068
ner,2021,d01,1324.7058
ner,2021,d02,2083.9663
ner,2021,d03,2670.0613
ner,2021,d04,3251.999
ner,2021,d05,3882.175
ner,2021,d06,4607.4209
ner,2021,d07,5503.5117
ner,2021,d08,6711.5625
ner,2021,d09,8630.7119
ner,2021,d10,14623.043
nga,2003,d01,2285.8513
nga,2003,d02,3829.4343
nga,2003,d03,5097.0542
nga,2003,d04,6394.7168
nga,2003,d05,7852.4131
nga,2003,d06,9576.0293
nga,2003,d07,11761.1504
nga,2003,d08,14789.4443
nga,2003,d09,19775.2051
nga,2003,d10,36563.8047
nga,2007,d01,2559.4504
nga,2007,d02,4291.7476
nga,2007,d03,5720.4795
nga,2007,d04,7184.7715
nga,2007,d05,8820.7461
nga,2007,d06,10757.4541
nga,2007,d07,13207.7285
nga,2007,d08,16599.4785
nga,2007,d09,22207.1914
nga,2007,d10,40921.8086
nga,2008,d01,2287.5781
nga,2008,d02,3843.1912
nga,2008,d03,5119.7886
nga,2008,d04,6431.5771
nga,2008,d05,7888.1543
nga,2008,d06,9622.291
nga,2008,d07,11808.6738
nga,2008,d08,14854.9668
nga,2008,d09,19863.6758
nga,2008,d10,36720.1406
nga,2011,d01,3288.4834
nga,2011,d02,5499.9683
nga,2011,d03,7303.3364
nga,2011,d04,9156.626
nga,2011,d05,11230.9072
nga,2011,d06,13666.7939
nga,2011,d07,16758.0215
nga,2011,d08,21048.334
nga,2011,d09,28112.5625
nga,2011,d10,51816.8516
nga,2013,d01,3541.4958
nga,2013,d02,5904.7656
nga,2013,d03,7829.3105
nga,2013,d04,9808.1729
nga,2013,d05,11996.5273
nga,2013,d06,14574.4941
nga,2013,d07,17852.9727
nga,2013,d08,22390.3203
nga,2013,d09,29810.252
nga,2013,d10,54559.5586
nga,2016,d01,4638.0469
nga,2016,d02,7729.1157
nga,2016,d03,10229.4248
nga,2016,d04,12780.3711
nga,2016,d05,15624.8037
nga,2016,d06,18966.0781
nga,2016,d07,23202.8066
nga,2016,d08,29080.6973
nga,2016,d09,38697.9414
nga,2016,d10,70611.7812
nga,2018,d01,3691.7097
nga,2018,d02,6148.2739
nga,2018,d03,8136.8887
nga,2018,d04,10170.998
nga,2018,d05,12425.8389
nga,2018,d06,15091.0264
nga,2018,d07,18441.7676
nga,2018,d08,23089.832
nga,2018,d09,30740.123
nga,2018,d10,56107.0117
nic,1998,d01,2058.2803
nic,1998,d02,3876.772
nic,1998,d03,5531.3223
nic,1998,d04,7328.1655
nic,1998,d05,9432.0898
nic,1998,d06,12043.1348
nic,1998,d07,15520.7617
nic,1998,d08,20631.6309
nic,1998,d09,29638.8555
nic,1998,d10,64761.8047
nic,2001,d01,2345.1213
nic,2001,d02,4353.7598
nic,2001,d03,6149.4609
nic,2001,d04,8097.0015
nic,2001,d05,10366.0859
nic,2001,d06,13171.5107
nic,2001,d07,16880.6289
nic,2001,d08,22296.7539
nic,2001,d09,31733.7832
nic,2001,d10,67602.7031
npl,1996,d01,1840.7466
npl,1996,d02,2946.04
npl,1996,d03,3814.2302
npl,1996,d04,4682.625
npl,1996,d05,5627.5449
npl,1996,d06,6725.6719
npl,1996,d07,8091.2993
npl,1996,d08,9943.7363
npl,1996,d09,12916.9805
npl,1996,d10,22267.2109
npl,2001,d01,2078.5867
npl,2001,d02,3340.2202
npl,2001,d03,4338.0732
npl,2001,d04,5340.2168
npl,2001,d05,6435.0093
npl,2001,d06,7701.6846
npl,2001,d07,9277.5576
npl,2001,d08,11424.0381
npl,2001,d09,14872.2256
npl,2001,d10,25872.7305
npl,2006,d01,2128.0139
npl,2006,d02,3419.0022
npl,2006,d03,4437.6616
npl,2006,d04,5460.8262
npl,2006,d05,6577.3135
npl,2006,d06,7876.2363
npl,2006,d07,9494.0928
npl,2006,d08,11707.3896
npl,2006,d09,15278.4268
npl,2006,d10,26613.7578
npl,2011,d01,2478.2202
npl,2011,d02,3951.0205
npl,2011,d03,5102.085
npl,2011,d04,6257.1724
npl,2011,d05,7525.7227
npl,2011,d06,8986.8848
npl,2011,d07,10791.6055
npl,2011,d08,13252.0156
npl,2011,d09,17187.2656
npl,2011,d10,29658.3477
npl,2014,d01,2875.4043
npl,2014,d02,4582.0366
npl,2014,d03,5922.9922
npl,2014,d04,7263.6968
npl,2014,d05,8724.2637
npl,2014,d06,10414.4355
npl,2014,d07,12513.5049
npl,2014,d08,15360.1562
npl,2014,d09,19925.123
npl,2014,d10,34348.5586
npl,2016,d01,2931.8345
npl,2016,d02,4669.7529
npl,2016,d03,6030.1558
npl,2016,d04,7392.4775
npl,2016,d05,8885.4961
npl,2016,d06,10606.5088
npl,2016,d07,12745.0498
npl,2016,d08,15639.3213
npl,2016,d09,20290.2227
npl,2016,d10,35014.4492
npl,2019,d01,3038.3535
npl,2019,d02,4845.2632
npl,2019,d03,6259.1909
npl,2019,d04,7669.2139
npl,2019,d05,9218.8125
npl,2019,d06,11008.5127
npl,2019,d07,13214.5078
npl,2019,d08,16225.3223
npl,2019,d09,21060.1562
npl,2019,d10,36306.2227
pak,2006,d01,6505.1748
pak,2006,d02,9987.7197
pak,2006,d03,12633.6123
pak,2006,d04,15216.4922
pak,2006,d05,17999.498
pak,2006,d06,21180.4766
pak,2006,d07,25051.3691
pak,2006,d08,30211.0234
pak,2006,d09,38314.6055
pak,2006,d10,62778.6562
pak,2012,d01,6821.0933
pak,2012,d02,10457.457
pak,2012,d03,13222.458
pak,2012,d04,15932.6357
pak,2012,d05,18814.4453
pak,2012,d06,22118.3438
pak,2012,d07,26147.9785
pak,2012,d08,31503.666
pak,2012,d09,39947.8984
pak,2012,d10,65319.707
pak,2017,d01,7511.8218
pak,2017,d02,11514.2373
pak,2017,d03,14556.5479
pak,2017,d04,17535.5801
pak,2017,d05,20702.082
pak,2017,d06,24326.7793
pak,2017,d07,28742.3086
pak,2017,d08,34658.7344
pak,2017,d09,43979.9688
pak,2017,d10,71865.7188
pan,2013,d01,7773.0161
pan,2013,d02,13813.2666
pan,2013,d03,19014.9648
pan,2013,d04,24548.1406
pan,2013,d05,30860.2578
pan,2013,d06,38527.9062
pan,2013,d07,48415.7383
pan,2013,d08,62553.7812
pan,2013,d09,86690.1719
pan,2013,d10,173803.9531
per,1996,d01,2371.5796
per,1996,d02,4553.1621
per,1996,d03,6575.6499
per,1996,d04,8817.1416
per,1996,d05,11473.7949
per,1996,d06,14794.4248
per,1996,d07,19255.8496
per,1996,d08,25878.4414
per,1996,d09,37634.5703
per,1996,d10,84901.6484
per,2000,d01,2449.6838
per,2000,d02,4618.2021
per,2000,d03,6588.8076
per,2000,d04,8747.0332
per,2000,d05,11282.5527
per,2000,d06,14431.4111
per,2000,d07,18614.7441
per,2000,d08,24763.0703
per,2000,d09,35603
per,2000,d10,78071.4688
per,2004,d01,2303.9216
per,2004,d02,4421.7778
per,2004,d03,6388.7783
per,2004,d04,8553.8018
per,2004,d05,11120.7412
per,2004,d06,14346.3838
per,2004,d07,18680.2539
per,2004,d08,25109.6562
per,2004,d09,36557.2773
per,2004,d10,82669.6484
per,2005,d01,2253.3149
per,2005,d02,4297.3652
per,2005,d03,6184.6968
per,2005,d04,8270.8711
per,2005,d05,10739.1768
per,2005,d06,13824.6494
per,2005,d07,17979.4512
per,2005,d08,24081.4766
per,2005,d09,34972.8086
per,2005,d10,78481.7344
per,2006,d01,2252.8882
per,2006,d02,4285.6494
per,2006,d03,6150.1353
per,2006,d04,8198.8916
per,2006,d05,10605.4385
per,2006,d06,13614.4873
per,2006,d07,17645.4668
per,2006,d08,23560.0508
per,2006,d09,34038.0898
per,2006,d10,75885.8281
per,2007,d01,2486.325
per,2007,d02,4686.4458
per,2007,d03,6673.3184
per,2007,d04,8849.7158
per,2007,d05,11398.2432
per,2007,d06,14579.0498
per,2007,d07,18794.3008
per,2007,d08,24955.6797
per,2007,d09,35780.6328
per,2007,d10,78139.1328
per,2008,d01,2913.7285
per,2008,d02,5381.6421
per,2008,d03,7583.854
per,2008,d04,9988.0762
per,2008,d05,12760.4492
per,2008,d06,16198.7285
per,2008,d07,20756.0449
per,2008,d08,27361.248
per,2008,d09,38842.7578
per,2008,d10,82600.5625
per,2009,d01,3177.8208
per,2009,d02,5801.6733
per,2009,d03,8135.0645
per,2009,d04,10648.9902
per,2009,d05,13541.5332
per,2009,d06,17099.6895
per,2009,d07,21778.002
per,2009,d08,28550.4414
per,2009,d09,40286.8125
per,2009,d10,84365.1484
per,2010,d01,3302.4106
per,2010,d02,5976.2363
per,2010,d03,8328.8643
per,2010,d04,10848.0049
per,2010,d05,13756.3506
per,2010,d06,17302.1719
per,2010,d07,21937.8438
per,2010,d08,28620.1895
per,2010,d09,40097.3008
per,2010,d10,82657.3047
per,2011,d01,3519.7739
per,2011,d02,6308.8687
per,2011,d03,8737.6592
per,2011,d04,11313.5732
per,2011,d05,14266.7393
per,2011,d06,17869.4746
per,2011,d07,22565.3633
per,2011,d08,29257.3926
per,2011,d09,40690.1133
per,2011,d10,82767.7109
per,2012,d01,3984.5098
per,2012,d02,7081.3057
per,2012,d03,9757.0537
per,2012,d04,12597.6396
per,2012,d05,15839.6191
per,2012,d06,19776.8379
per,2012,d07,24884.5176
per,2012,d08,32170.0703
per,2012,d09,44550.582
per,2012,d10,89369.0234
per,2013,d01,4355.3535
per,2013,d02,7682.4648
per,2013,d03,10519.1934
per,2013,d04,13507.3936
per,2013,d05,16922.832
per,2013,d06,21060.9492
per,2013,d07,26400.1094
per,2013,d08,33962.793
per,2013,d09,46871.6914
per,2013,d10,93102.8438
per,2014,d01,4798.6807
per,2014,d02,8368.7832
per,2014,d03,11414.377
per,2014,d04,14617.5859
per,2014,d05,18259.123
per,2014,d06,22651.707
per,2014,d07,28263.9551
per,2014,d08,36224.8359
per,2014,d09,49599.3281
per,2014,d10,96670.7812
per,2015,d01,4949.2959
per,2015,d02,8645.7334
per,2015,d03,11781.3574
per,2015,d04,15078.7119
per,2015,d05,18830.2812
per,2015,d06,23330.9121
per,2015,d07,29121.4141
per,2015,d08,37327.3984
per,2015,d09,51123.4453
per,2015,d10,99795.2578
per,2016,d01,5059.0981
per,2016,d02,8800.0342
per,2016,d03,11971.5107
per,2016,d04,15307.4062
per,2016,d05,19083.2227
per,2016,d06,23625.123
per,2016,d07,29464.4941
per,2016,d08,37685.832
per,2016,d09,51536.2891
per,2016,d10,100610.875
per,2017,d01,4907.626
per,2017,d02,8509.6514
per,2017,d03,11557.0967
per,2017,d04,14733.3984
per,2017,d05,18327.2266
per,2017,d06,22647.4121
per,2017,d07,28163.3438
per,2017,d08,35978.5078
per,2017,d09,49085.7656
per,2017,d10,95098.0938
per,2018,d01,5095.4316
per,2018,d02,8772.8154
per,2018,d03,11860.1963
per,2018,d04,15076.5947
per,2018,d05,18694.5547
per,2018,d06,23031.2637
per,2018,d07,28577.6543
per,2018,d08,36376.8242
per,2018,d09,49409.3984
per,2018,d10,94749.4141
per,2019,d01,5302.8462
per,2019,d02,9095.3887
per,2019,d03,12260.8467
per,2019,d04,15571.3818
per,2019,d05,19276.0391
per,2019,d06,23708.9883
per,2019,d07,29363.2832
per,2019,d08,37328.7031
per,2019,d09,50553.0703
per,2019,d10,96623.2109
per,2020,d01,4693.4565
per,2020,d02,8050.0259
per,2020,d03,10860.6553
per,2020,d04,13791.8867
per,2020,d05,17083.0723
per,2020,d06,21011.1895
per,2020,d07,26041.5449
per,2020,d08,33080.043
per,2020,d09,44881.7617
per,2020,d10,85421.8438
phl,1993,d01,2963.4641
phl,1993,d02,4982.9062
phl,1993,d03,6646.645
phl,1993,d04,8361.1729
phl,1993,d05,10271.4609
phl,1993,d06,12535.0986
phl,1993,d07,15410.9678
phl,1993,d08,19382.0176
phl,1993,d09,25940.9746
phl,1993,d10,48016.0898
phl,1998,d01,3002.2939
phl,1998,d02,5052.7568
phl,1998,d03,6751.7734
phl,1998,d04,8501
phl,1998,d05,10455.7178
phl,1998,d06,12768.4707
phl,1998,d07,15692.5146
phl,1998,d08,19741.7246
phl,1998,d09,26447.5566
phl,1998,d10,49160.8945
phl,2003,d01,3201.7249
phl,2003,d02,5378.9146
phl,2003,d03,7163.6377
phl,2003,d04,9010.624
phl,2003,d05,11062.3955
phl,2003,d06,13487.1172
phl,2003,d07,16568.0566
phl,2003,d08,20850.7793
phl,2003,d09,27892.4219
phl,2003,d10,51623.8281
phl,2008,d01,3819.3516
phl,2008,d02,6409.0737
phl,2008,d03,8525.2861
phl,2008,d04,10702.6504
phl,2008,d05,13119.7207
phl,2008,d06,15985.3584
phl,2008,d07,19610.7715
phl,2008,d08,24643.791
phl,2008,d09,32983.2266
phl,2008,d10,60937.6172
phl,2013,d01,4600.0698
phl,2013,d02,7633.1187
phl,2013,d03,10098.584
phl,2013,d04,12617.248
phl,2013,d05,15404.1016
phl,2013,d06,18684.2734
phl,2013,d07,22814.6074
phl,2013,d08,28529.4023
phl,2013,d09,37958.3594
phl,2013,d10,69062.6094
phl,2017,d01,5158.3696
phl,2017,d02,8502.8994
phl,2017,d03,11191.4814
phl,2017,d04,13919.5859
phl,2017,d05,16944.4844
phl,2017,d06,20504.6426
phl,2017,d07,24976.5801
phl,2017,d08,31143.3184
phl,2017,d09,41196.7852
phl,2017,d10,74133.6016
png,2016,d01,1744.8864
png,2016,d02,3064.658
png,2016,d03,4194.6021
png,2016,d04,5388.6802
png,2016,d05,6748.8535
png,2016,d06,8385.4189
png,2016,d07,10513.5273
png,2016,d08,13533.2158
png,2016,d09,18662.377
png,2016,d10,36911.1445
pry,2016,d01,4282.4307
pry,2016,d02,7685.521
pry,2016,d03,10652.6201
pry,2016,d04,13836.6465
pry,2016,d05,17477.7363
pry,2016,d06,21927.6309
pry,2016,d07,27761.7715
pry,2016,d08,36122.5039
pry,2016,d09,50339.6641
pry,2016,d10,102543.3594
pse,2010,d01,7230.2739
pse,2010,d02,11452.0723
pse,2010,d03,14732.7412
pse,2010,d04,18026.9219
pse,2010,d05,21598.416
pse,2010,d06,25714.7891
pse,2010,d07,30783.2695
pse,2010,d08,37653.8164
pse,2010,d09,48701.9922
pse,2010,d10,83226.3438
pse,2014,d01,7079.7974
pse,2014,d02,11238.8516
pse,2014,d03,14488.0537
pse,2014,d04,17718.6328
pse,2014,d05,21225.8652
pse,2014,d06,25282.2344
pse,2014,d07,30295.4414
pse,2014,d08,37083.8242
pse,2014,d09,47944.2891
pse,2014,d10,82136.8438
pse,2019,d01,6991.627
pse,2019,d02,11043.3018
pse,2019,d03,14183.3301
pse,2019,d04,17294.6758
pse,2019,d05,20672.1191
pse,2019,d06,24596.5684
pse,2019,d07,29412.0039
pse,2019,d08,35904.7383
pse,2019,d09,46258.9258
pse,2019,d10,78652.2109
rwa,2005,d01,539.3204
rwa,2005,d02,1004.3192
rwa,2005,d03,1420.6207
rwa,2005,d04,1873.0657
rwa,2005,d05,2400.6643
rwa,2005,d06,3052.5408
rwa,2005,d07,3916.9104
rwa,2005,d08,5174.5405
rwa,2005,d09,7377.7393
rwa,2005,d10,15817.7871
rwa,2010,d01,687.3922
rwa,2010,d02,1280.6455
rwa,2010,d03,1817.4779
rwa,2010,d04,2398.5278
rwa,2010,d05,3078.5972
rwa,2010,d06,3923.2861
rwa,2010,d07,5039.0288
rwa,2010,d08,6667.7021
rwa,2010,d09,9531.2363
rwa,2010,d10,20569.209
rwa,2014,d01,767.6104
rwa,2014,d02,1422.5698
rwa,2014,d03,2009.2273
rwa,2014,d04,2645.0925
rwa,2014,d05,3387.2656
rwa,2014,d06,4301.5435
rwa,2014,d07,5501.9531
rwa,2014,d08,7251.5146
rwa,2014,d09,10295.6865
rwa,2014,d10,21999.748
rwa,2019,d01,918.7292
rwa,2019,d02,1704.101
rwa,2019,d03,2405.396
rwa,2019,d04,3168.4705
rwa,2019,d05,4058.6235
rwa,2019,d06,5158.9038
rwa,2019,d07,6605.2842
rwa,2019,d08,8698.7744
rwa,2019,d09,12359.5303
rwa,2019,d10,26364.0508
sdn,2010,d01,1881.8286
sdn,2010,d02,3646.616
sdn,2010,d03,5299.2363
sdn,2010,d04,7130.3076
sdn,2010,d05,9315.6621
sdn,2010,d06,12050.3105
sdn,2010,d07,15747.5244
sdn,2010,d08,21245.2266
sdn,2010,d09,31180.3281
sdn,2010,d10,71333.9453
sdn,2014,d01,1452.4307
sdn,2014,d02,2811.7288
sdn,2014,d03,4067.7539
sdn,2014,d04,5456.2139
sdn,2014,d05,7109.8921
sdn,2014,d06,9182.6855
sdn,2014,d07,11954.1074
sdn,2014,d08,16099.9756
sdn,2014,d09,23505.7773
sdn,2014,d10,53612.5469
sen,1997,d01,3395.1931
sen,1997,d02,5634.7529
sen,1997,d03,7458.377
sen,1997,d04,9322.9873
sen,1997,d05,11386.6445
sen,1997,d06,13818.1348
sen,1997,d07,16872.3672
sen,1997,d08,21118.4355
sen,1997,d09,28066.6523
sen,1997,d10,51087.0195
sen,2005,d01,3868.5156
sen,2005,d02,6377.2397
sen,2005,d03,8414.3584
sen,2005,d04,10485.0859
sen,2005,d05,12787.7051
sen,2005,d06,15495.9619
sen,2005,d07,18891.3438
sen,2005,d08,23567.3418
sen,2005,d09,31262.707
sen,2005,d10,56441.7305
sen,2010,d01,4233.0293
sen,2010,d02,6976.4526
sen,2010,d03,9192.5361
sen,2010,d04,11450.3779
sen,2010,d05,13940.5479
sen,2010,d06,16862.082
sen,2010,d07,20549.5957
sen,2010,d08,25618.2988
sen,2010,d09,33920.5586
sen,2010,d10,61145.1094
sen,2012,d01,4041.9272
sen,2012,d02,6670.6978
sen,2012,d03,8785.2871
sen,2012,d04,10943.3799
sen,2012,d05,13330.9551
sen,2012,d06,16134.0322
sen,2012,d07,19653.582
sen,2012,d08,24525.3145
sen,2012,d09,32443.8457
sen,2012,d10,58369.0977
sen,2014,d01,3803.3501
sen,2014,d02,6271.7212
sen,2014,d03,8261.7607
sen,2014,d04,10291.3418
sen,2014,d05,12535.7559
sen,2014,d06,15174.0127
sen,2014,d07,18477.4492
sen,2014,d08,23028.9023
sen,2014,d09,30455.8633
sen,2014,d10,54962.0742
sen,2015,d01,3712.3997
sen,2015,d02,6127.9307
sen,2015,d03,8083.2217
sen,2015,d04,10065.583
sen,2015,d05,12248.7588
sen,2015,d06,14812.3926
sen,2015,d07,18047.0898
sen,2015,d08,22495.623
sen,2015,d09,29703.3867
sen,2015,d10,53567.8906
sen,2016,d01,3787.0525
sen,2016,d02,6245.1328
sen,2016,d03,8221.9658
sen,2016,d04,10242.6738
sen,2016,d05,12477.124
sen,2016,d06,15100.0342
sen,2016,d07,18397.5859
sen,2016,d08,22953.5918
sen,2016,d09,30385.9844
sen,2016,d10,54778.1953
sen,2017,d01,4057.1477
sen,2017,d02,6683.6338
sen,2017,d03,8807.3516
sen,2017,d04,10972.9268
sen,2017,d05,13371.2852
sen,2017,d06,16188.9678
sen,2017,d07,19719.6738
sen,2017,d08,24609.9551
sen,2017,d09,32572.6719
sen,2017,d10,58541.6602
sen,2018,d01,4168.8608
sen,2018,d02,6863.3633
sen,2018,d03,9043.3281
sen,2018,d04,11274.1328
sen,2018,d05,13730.2295
sen,2018,d06,16622.6621
sen,2018,d07,20260.2676
sen,2018,d08,25269.6895
sen,2018,d09,33444.4766
sen,2018,d10,60317.7305
sen,2019,d01,3921.1511
sen,2019,d02,6462.752
sen,2019,d03,8515.2402
sen,2019,d04,10609.8682
sen,2019,d05,12913.2881
sen,2019,d06,15612.2607
sen,2019,d07,19011.5488
sen,2019,d08,23702.1543
sen,2019,d09,31368.6621
sen,2019,d10,56570.9805
sle,2005,d01,1315.776
sle,2005,d02,2193.6719
sle,2005,d03,2914.0098
sle,2005,d04,3649.2778
sle,2005,d05,4470.0415
sle,2005,d06,5441.1523
sle,2005,d07,6666.0693
sle,2005,d08,8370.3867
sle,2005,d09,11165.9482
sle,2005,d10,20491.0293
sle,2008,d01,1498.4789
sle,2008,d02,2473.7988
sle,2008,d03,3267.613
sle,2008,d04,4079.0757
sle,2008,d05,4974.0063
sle,2008,d06,6028.8955
sle,2008,d07,7360.8657
sle,2008,d08,9191.9443
sle,2008,d09,12195.3789
sle,2008,d10,22086.0273
sle,2010,d01,1319.865
sle,2010,d02,2168.9846
sle,2010,d03,2850.4326
sle,2010,d04,3542.4534
sle,2010,d05,4307.9121
sle,2010,d06,5203.7178
sle,2010,d07,6334.416
sle,2010,d08,7885.563
sle,2010,d09,10404.7354
sle,2010,d10,18696.8027
sle,2013,d01,2605.915
sle,2013,d02,4279.1543
sle,2013,d03,5623.6436
sle,2013,d04,6995.0371
sle,2013,d05,8500.6768
sle,2013,d06,10259.5635
sle,2013,d07,12469.0547
sle,2013,d08,15497.2432
sle,2013,d09,20453.4766
sle,2013,d10,36656.5977
sle,2017,d01,1570.3253
sle,2017,d02,2574.2927
sle,2017,d03,3379.1707
sle,2017,d04,4200.8398
sle,2017,d05,5102.2925
sle,2017,d06,6155.5337
sle,2017,d07,7481.8179
sle,2017,d08,9306.4756
sle,2017,d09,12263.5947
sle,2017,d10,21889.8633
sle,2019,d01,1878.6587
sle,2019,d02,3083.9412
sle,2019,d03,4052.9712
sle,2019,d04,5037.0635
sle,2019,d05,6120.335
sle,2019,d06,7392.5352
sle,2019,d07,8981.1172
sle,2019,d08,11173.2471
sle,2019,d09,14749.7217
sle,2019,d10,26513.7324
slv,2014,d01,5897.4756
slv,2014,d02,9612.7803
slv,2014,d03,12576.3799
slv,2014,d04,15574.3057
slv,2014,d05,18878.1797
slv,2014,d06,22744.1719
slv,2014,d07,27570.0762
slv,2014,d08,34189.7461
slv,2014,d09,44949.8633
slv,2014,d10,79507.4062
som,2006,d01,1746.7921
som,2006,d02,2732.481
som,2006,d03,3492.3057
som,2006,d04,4241.2739
som,2006,d05,5051.5332
som,2006,d06,5986.6958
som,2006,d07,7132.7056
som,2006,d08,8675.9121
som,2006,d09,11136.0166
som,2006,d10,18698.5664
srb,2005,d01,8386.1152
srb,2005,d02,12726.542
srb,2005,d03,15979.835
srb,2005,d04,19159.6582
srb,2005,d05,22558.4277
srb,2005,d06,26423.6797
srb,2005,d07,31113.7734
srb,2005,d08,37340.9531
srb,2005,d09,47085.1602
srb,2005,d10,75969.3906
srb,2010,d01,10774.9219
srb,2010,d02,16058.2275
srb,2010,d03,19969.9668
srb,2010,d04,23768.5527
srb,2010,d05,27779.8359
srb,2010,d06,32299.5312
srb,2010,d07,37759.293
srb,2010,d08,44935.6719
srb,2010,d09,56027.9219
srb,2010,d10,88270.7578
srb,2014,d01,10270.9404
srb,2014,d02,15407.1885
srb,2014,d03,19222.959
srb,2014,d04,22926.1289
srb,2014,d05,26833.5352
srb,2014,d06,31252.4238
srb,2014,d07,36610.8945
srb,2014,d08,43652.6523
srb,2014,d09,54597.8906
srb,2014,d10,86682.0234
srb,2019,d01,11389.0615
srb,2019,d02,16699.6816
srb,2019,d03,20570.1328
srb,2019,d04,24281.4805
srb,2019,d05,28174.1074
srb,2019,d06,32523.9453
srb,2019,d07,37765.7109
srb,2019,d08,44587.0039
srb,2019,d09,55051.9102
srb,2019,d10,84940.8047
ssd,2010,d01,2043.113
ssd,2010,d02,3609.0168
ssd,2010,d03,4950.7578
ssd,2010,d04,6366.5522
ssd,2010,d05,7979.6074
ssd,2010,d06,9921.3955
ssd,2010,d07,12450.1885
ssd,2010,d08,16029.7314
ssd,2010,d09,22120.9746
ssd,2010,d10,43856.9883
stp,2008,d01,3580.9397
stp,2008,d02,5536.7637
stp,2008,d03,7029.8516
stp,2008,d04,8498.1084
stp,2008,d05,10069.8652
stp,2008,d06,11871.6055
stp,2008,d07,14080.7686
stp,2008,d08,17025.2227
stp,2008,d09,21673.457
stp,2008,d10,35763.4531
stp,2014,d01,3921.4392
stp,2014,d02,6152.7153
stp,2014,d03,7868.2085
stp,2014,d04,9576.5127
stp,2014,d05,11422.3369
stp,2014,d06,13547.9863
stp,2014,d07,16155.4707
stp,2014,d08,19662.8008
stp,2014,d09,25254.7363
stp,2014,d10,42600.3516
stp,2019,d01,4265.5181
stp,2019,d02,6770.1807
stp,2019,d03,8721.2939
stp,2019,d04,10662.7158
stp,2019,d05,12769.3008
stp,2019,d06,15213.8799
stp,2019,d07,18231.6855
stp,2019,d08,22328.0098
stp,2019,d09,28838.2969
stp,2019,d10,49366.0664
sur,2006,d01,3821.1028
sur,2006,d02,6846.2026
sur,2006,d03,9484.8193
sur,2006,d04,12291.9893
sur,2006,d05,15513.1768
sur,2006,d06,19432.0996
sur,2006,d07,24530.5801
sur,2006,d08,31817.0137
sur,2006,d09,44372.1328
sur,2006,d10,90474.2734
sur,2010,d01,3941.5
sur,2010,d02,7023.4937
sur,2010,d03,9693.1455
sur,2010,d04,12537.3203
sur,2010,d05,15772.5664
sur,2010,d06,19697.9531
sur,2010,d07,24796.6641
sur,2010,d08,32048.9219
sur,2010,d09,44476.9219
sur,2010,d10,89438.0859
sur,2018,d01,4089.1028
sur,2018,d02,7240.8804
sur,2018,d03,9952.0879
sur,2018,d04,12814.5088
sur,2018,d05,16091.2334
sur,2018,d06,20069.6211
sur,2018,d07,25201.4238
sur,2018,d08,32502.1504
sur,2018,d09,44934.5781
sur,2018,d10,89931.3359
swz,2006,d01,1933.2651
swz,2006,d02,3887.8303
swz,2006,d03,5767.3853
swz,2006,d04,7894.9331
swz,2006,d05,10458.9795
swz,2006,d06,13749.4561
swz,2006,d07,18237.3887
swz,2006,d08,25051.3105
swz,2006,d09,37538.457
swz,2006,d10,91391.125
swz,2010,d01,2073.9954
swz,2010,d02,4184.353
swz,2010,d03,6227.3369
swz,2010,d04,8539.0576
swz,2010,d05,11360.3457
swz,2010,d06,14987.6436
swz,2010,d07,19955.7344
swz,2010,d08,27492.8652
swz,2010,d09,41305.0273
swz,2010,d10,101202.3516
swz,2014,d01,1937.0249
swz,2014,d02,3948.8525
swz,2014,d03,5907.2876
swz,2014,d04,8139.6011
swz,2014,d05,10849.3457
swz,2014,d06,14348.6357
swz,2014,d07,19169.916
swz,2014,d08,26508.1367
swz,2014,d09,40069.1758
swz,2014,d10,98889.0703
syr,2006,d01,7673.585
syr,2006,d02,11845.4062
syr,2006,d03,15036.0596
syr,2006,d04,18164.9844
syr,2006,d05,21523.3086
syr,2006,d06,25360.7656
syr,2006,d07,30061.748
syr,2006,d08,36376.6758
syr,2006,d09,46287.9141
syr,2006,d10,76375.5938
tca,2019,d01,14596.6689
tca,2019,d02,22699.9883
tca,2019,d03,28914.0625
tca,2019,d04,35044.0664
tca,2019,d05,41617.9023
tca,2019,d06,49154.9492
tca,2019,d07,58426.8008
tca,2019,d08,70885.3984
tca,2019,d09,90594.1016
tca,2019,d10,150788.6562
tcd,1996,d01,863.4073
tcd,1996,d02,1419.8961
tcd,1996,d03,1867.8368
tcd,1996,d04,2321.814
tcd,1996,d05,2823.1155
tcd,1996,d06,3409.5381
tcd,1996,d07,4147.2417
tcd,1996,d08,5164.0737
tcd,1996,d09,6823.5044
tcd,1996,d10,12243.3516
tcd,2004,d01,1133.312
tcd,2004,d02,1863.8899
tcd,2004,d03,2449.7922
tcd,2004,d04,3045.8445
tcd,2004,d05,3705.9944
tcd,2004,d06,4478.1758
tcd,2004,d07,5450.0103
tcd,2004,d08,6788.7471
tcd,2004,d09,8966.8789
tcd,2004,d10,16128.3408
tcd,2010,d01,1252.9283
tcd,2010,d02,2074.2979
tcd,2010,d03,2741.9287
tcd,2010,d04,3420.6963
tcd,2010,d05,4171.3237
tcd,2010,d06,5053.7983
tcd,2010,d07,6163.8511
tcd,2010,d08,7695.1929
tcd,2010,d09,10215.7051
tcd,2010,d10,18549.8418
tcd,2014,d01,1504.9601
tcd,2014,d02,2493.9736
tcd,2014,d03,3289.6782
tcd,2014,d04,4103.8394
tcd,2014,d05,5008.0361
tcd,2014,d06,6073.7656
tcd,2014,d07,7413.4341
tcd,2014,d08,9265.4717
tcd,2014,d09,12294.4609
tcd,2014,d10,22298.5566
tcd,2019,d01,1469.0806
tcd,2019,d02,2432.4753
tcd,2019,d03,3209.5115
tcd,2019,d04,4004.2688
tcd,2019,d05,4881.7324
tcd,2019,d06,5915.1919
tcd,2019,d07,7214.4634
tcd,2019,d08,9012.7002
tcd,2019,d09,11959.7969
tcd,2019,d10,21652.0391
tgo,1998,d01,1599.7765
tgo,1998,d02,2683.2764
tgo,1998,d03,3572.6389
tgo,1998,d04,4481.1719
tgo,1998,d05,5495.7856
tgo,1998,d06,6696.21
tgo,1998,d07,8219.8672
tgo,1998,d08,10332.3057
tgo,1998,d09,13808.8311
tgo,1998,d10,25426.0625
tgo,2006,d01,1163.0137
tgo,2006,d02,1953.6738
tgo,2006,d03,2605.9272
tgo,2006,d04,3277.1279
tgo,2006,d05,4026.6423
tgo,2006,d06,4914.1289
tgo,2006,d07,6034.1519
tgo,2006,d08,7593.7397
tgo,2006,d09,10166.6836
tgo,2006,d10,18814.9609
tgo,2010,d01,1154.1025
tgo,2010,d02,1960.5135
tgo,2010,d03,2629.8345
tgo,2010,d04,3320.6968
tgo,2010,d05,4097.1309
tgo,2010,d06,5020.4609
tgo,2010,d07,6195.8911
tgo,2010,d08,7842.6665
tgo,2010,d09,10590.0029
tgo,2010,d10,19919.2227
tgo,2013,d01,1127.4969
tgo,2013,d02,1917.3618
tgo,2013,d03,2574.9404
tgo,2013,d04,3253.218
tgo,2013,d05,4018.4768
tgo,2013,d06,4927.417
tgo,2013,d07,6086.1006
tgo,2013,d08,7710.4746
tgo,2013,d09,10404.1494
tgo,2013,d10,19611.2148
tgo,2017,d01,1234.6536
tgo,2017,d02,2098.554
tgo,2017,d03,2816.9954
tgo,2017,d04,3560.7834
tgo,2017,d05,4387.9893
tgo,2017,d06,5372.0962
tgo,2017,d07,6625.8911
tgo,2017,d08,8388.0947
tgo,2017,d09,11305.4092
tgo,2017,d10,21268.6055
tha,2005,d01,4644.8364
tha,2005,d02,7775.2607
tha,2005,d03,10324.8242
tha,2005,d04,12952.3086
tha,2005,d05,15873.6084
tha,2005,d06,19315.4043
tha,2005,d07,23664.0938
tha,2005,d08,29734.7188
tha,2005,d09,39662.0586
tha,2005,d10,73090.3203
tha,2012,d01,5835.0171
tha,2012,d02,9513.5234
tha,2012,d03,12459.5664
tha,2012,d04,15437.1074
tha,2012,d05,18714.502
tha,2012,d06,22534.0449
tha,2012,d07,27335.9922
tha,2012,d08,33936.6641
tha,2012,d09,44593.7852
tha,2012,d10,79312.8906
tha,2015,d01,6117.4209
tha,2015,d02,9849.3936
tha,2015,d03,12808.6426
tha,2015,d04,15767.7363
tha,2015,d05,19000
tha,2015,d06,22755.1875
tha,2015,d07,27424.1855
tha,2015,d08,33804.3047
tha,2015,d09,44106.2266
tha,2015,d10,76833.3984
tha,2019,d01,6188.2646
tha,2019,d02,9835.8008
tha,2019,d03,12689.457
tha,2019,d04,15549.9336
tha,2019,d05,18659.0723
tha,2019,d06,22257.4531
tha,2019,d07,26706.0332
tha,2019,d08,32758.6289
tha,2019,d09,42443.0859
tha,2019,d10,72994.6094
tjk,2005,d01,1930.8621
tjk,2005,d02,3288.2639
tjk,2005,d03,4421.6846
tjk,2005,d04,5594.7295
tjk,2005,d05,6910.0972
tjk,2005,d06,8482.1143
tjk,2005,d07,10485.458
tjk,2005,d08,13285.8027
tjk,2005,d09,17946.2402
tjk,2005,d10,33908.6055
tjk,2012,d01,3441.2017
tjk,2012,d02,5873.0073
tjk,2012,d03,7908.9771
tjk,2012,d04,10015.1064
tjk,2012,d05,12371.8721
tjk,2012,d06,15190.999
tjk,2012,d07,18781.541
tjk,2012,d08,23808.2715
tjk,2012,d09,32180.2266
tjk,2012,d10,61039.3945
tjk,2017,d01,2750.936
tjk,2017,d02,4731.8574
tjk,2017,d03,6396.1011
tjk,2017,d04,8126.1938
tjk,2017,d05,10070.8545
tjk,2017,d06,12397.1738
tjk,2017,d07,15371.4834
tjk,2017,d08,19542.1035
tjk,2017,d09,26565.4844
tjk,2017,d10,50888.7344
tkm,2006,d01,2924.8196
tkm,2006,d02,4397.835
tkm,2006,d03,5497.501
tkm,2006,d04,6563.8335
tkm,2006,d05,7699.0034
tkm,2006,d06,8982.4834
tkm,2006,d07,10536.0869
tkm,2006,d08,12593.3096
tkm,2006,d09,15780.333
tkm,2006,d10,25167.7656
tkm,2015,d01,2918.7869
tkm,2015,d02,4388.5737
tkm,2015,d03,5486.418
tkm,2015,d04,6548.6533
tkm,2015,d05,7680.0762
tkm,2015,d06,8958.4746
tkm,2015,d07,10504.9072
tkm,2015,d08,12553.1133
tkm,2015,d09,15722.8047
tkm,2015,d10,25066.4785
tkm,2019,d01,3569.8086
tkm,2019,d02,5370.1216
tkm,2019,d03,6714.9785
tkm,2019,d04,8023.8008
tkm,2019,d05,9403.7754
tkm,2019,d06,10970.3838
tkm,2019,d07,12865.751
tkm,2019,d08,15390.7236
tkm,2019,d09,19295.0254
tkm,2019,d10,30728.9883
tls,2009,d01,3633.937
tls,2009,d02,5399.479
tls,2009,d03,6696.1353
tls,2009,d04,7949.3354
tls,2009,d05,9269.1768
tls,2009,d06,10764.7793
tls,2009,d07,12560.6367
tls,2009,d08,14918.165
tls,2009,d09,18562.4219
tls,2009,d10,29110.5371
tls,2016,d01,3205.8662
tls,2016,d02,4745.3779
tls,2016,d03,5872.7163
tls,2016,d04,6960.6357
tls,2016,d05,8107.3628
tls,2016,d06,9396.0186
tls,2016,d07,10948.5439
tls,2016,d08,12982.417
tls,2016,d09,16107.6309
tls,2016,d10,25164.6562
ton,2019,d01,7280.626
ton,2019,d02,11732.1895
ton,2019,d03,15270.5254
ton,2019,d04,18826.5117
ton,2019,d05,22706.8418
ton,2019,d06,27212.2305
ton,2019,d07,32878.2266
ton,2019,d08,40610.8125
ton,2019,d09,53074.4023
ton,2019,d10,92884.0312
tto,2006,d01,11525.5674
tto,2006,d02,19482.0098
tto,2006,d03,26042.5117
tto,2006,d04,32809.6406
tto,2006,d05,40325.3789
tto,2006,d06,49270.5664
tto,2006,d07,60592.1758
tto,2006,d08,76367.0781
tto,2006,d09,102547.4141
tto,2006,d10,190505.1562
tto,2011,d01,11456.1133
tto,2011,d02,19350.8945
tto,2011,d03,25853.8203
tto,2011,d04,32545.9043
tto,2011,d05,40048.0039
tto,2011,d06,48953.9922
tto,2011,d07,60200.3594
tto,2011,d08,75976.7344
tto,2011,d09,101978.0156
tto,2011,d10,189817.4375
tun,2011,d01,6626.0591
tun,2011,d02,10624.9082
tun,2011,d03,13779.9795
tun,2011,d04,16952.959
tun,2011,d05,20413.4688
tun,2011,d06,24453.2832
tun,2011,d07,29463.4297
tun,2011,d08,36290.6406
tun,2011,d09,47262.8555
tun,2011,d10,82189.3672
tun,2018,d01,7460.0381
tun,2018,d02,11897.4932
tun,2018,d03,15384.707
tun,2018,d04,18877.6387
tun,2018,d05,22670.4121
tun,2018,d06,27074.1543
tun,2018,d07,32535.4395
tun,2018,d08,39920.4805
tun,2018,d09,51774.6016
tun,2018,d10,89408.3516
tur,1993,d01,8322.5371
tur,1993,d02,13920.6367
tur,1993,d03,18516.0156
tur,1993,d04,23216.1445
tur,1993,d05,28418.5312
tur,1993,d06,34619.5273
tur,1993,d07,42451.3047
tur,1993,d08,53336.1758
tur,1993,d09,71212.9297
tur,1993,d10,131082.375
tur,1998,d01,8419.1484
tur,1998,d02,14060.0332
tur,1998,d03,18681.4531
tur,1998,d04,23398.5
tur,1998,d05,28644.5586
tur,1998,d06,34841.4297
tur,1998,d07,42657.8359
tur,1998,d08,53556.3945
tur,1998,d09,71425.6328
tur,1998,d10,131004.1875
tur,2003,d01,8313.9971
tur,2003,d02,13829.2373
tur,2003,d03,18302.3457
tur,2003,d04,22882.5664
tur,2003,d05,27972.125
tur,2003,d06,33994.4492
tur,2003,d07,41571.2578
tur,2003,d08,52054.7812
tur,2003,d09,69328.8672
tur,2003,d10,126340.0781
tur,2013,d01,11843.4854
tur,2013,d02,19195.3125
tur,2013,d03,25044.6406
tur,2013,d04,30963.6406
tur,2013,d05,37458.9648
tur,2013,d06,45042.2812
tur,2013,d07,54491.2188
tur,2013,d08,67463.8984
tur,2013,d09,88406.625
tur,2013,d10,155977.4219
tuv,2019,d01,2609.6965
tuv,2019,d02,4339.9087
tuv,2019,d03,5738.5649
tuv,2019,d04,7168.4561
tuv,2019,d05,8748.7686
tuv,2019,d06,10617.9102
tuv,2019,d07,12964.6836
tuv,2019,d08,16225.5889
tuv,2019,d09,21558.668
tuv,2019,d10,39228.0352
tza,1996,d01,1013.9412
tza,1996,d02,1709.6833
tza,1996,d03,2286.6238
tza,1996,d04,2876.3086
tza,1996,d05,3536.2124
tza,1996,d06,4320.73
tza,1996,d07,5317.1646
tza,1996,d08,6710.5498
tza,1996,d09,9003.3779
tza,1996,d10,16760.6152
tza,1999,d01,1006.6424
tza,1999,d02,1712.5648
tza,1999,d03,2295.5278
tza,1999,d04,2897.4219
tza,1999,d05,3570.4558
tza,1999,d06,4375.5093
tza,1999,d07,5399.583
tza,1999,d08,6824.7402
tza,1999,d09,9197.0293
tza,1999,d10,17260.2773
tza,2004,d01,924.8296
tza,2004,d02,1589.054
tza,2004,d03,2147.7754
tza,2004,d04,2725.4578
tza,2004,d05,3375.239
tza,2004,d06,4158.1631
tza,2004,d07,5152.8325
tza,2004,d08,6548.4893
tza,2004,d09,8875.9395
tza,2004,d10,16982.1309
tza,2010,d01,1106.3372
tza,2010,d02,1922.3954
tza,2010,d03,2612.3335
tza,2010,d04,3335.5613
tza,2010,d05,4153.8452
tza,2010,d06,5132.4062
tza,2010,d07,6390.1147
tza,2010,d08,8165.6006
tza,2010,d09,11152.1377
tza,2010,d10,21666.8398
tza,2015,d01,1205.9626
tza,2015,d02,2106.7327
tza,2015,d03,2874.2534
tza,2015,d04,3674.4878
tza,2015,d05,4584.6919
tza,2015,d06,5678.4458
tza,2015,d07,7079.0781
tza,2015,d08,9071.0771
tza,2015,d09,12440.9072
tza,2015,d10,24273.9453
uga,1995,d01,832.3125
uga,1995,d02,1398.8733
uga,1995,d03,1864.4459
uga,1995,d04,2346.74
uga,1995,d05,2884.6807
uga,1995,d06,3521.4863
uga,1995,d07,4326.2642
uga,1995,d08,5451.4746
uga,1995,d09,7303.4756
uga,1995,d10,13555.7666
uga,2000,d01,874.5624
uga,2000,d02,1481.3234
uga,2000,d03,1982.868
uga,2000,d04,2497.5642
uga,2000,d05,3074.9976
uga,2000,d06,3763.1526
uga,2000,d07,4639.9531
uga,2000,d08,5864.0166
uga,2000,d09,7894.8848
uga,2000,d10,14821.9971
uga,2006,d01,1114.1077
uga,2006,d02,1902.639
uga,2006,d03,2559.854
uga,2006,d04,3236.583
uga,2006,d05,3995.6848
uga,2006,d06,4905.4375
uga,2006,d07,6069.4482
uga,2006,d08,7696.627
uga,2006,d09,10402.8828
uga,2006,d10,19669.1992
uga,2011,d01,1264.0273
uga,2011,d02,2154.6631
uga,2011,d03,2897.8269
uga,2011,d04,3669.481
uga,2011,d05,4535.3638
uga,2011,d06,5563.1621
uga,2011,d07,6880.2207
uga,2011,d08,8725.9443
uga,2011,d09,11794.623
uga,2011,d10,22278.6172
uga,2016,d01,1241.0393
uga,2016,d02,2110.5688
uga,2016,d03,2835.979
uga,2016,d04,3588.5156
uga,2016,d05,4431.0039
uga,2016,d06,5428.6733
uga,2016,d07,6705.1353
uga,2016,d08,8493.1328
uga,2016,d09,11471.4316
uga,2016,d10,21673.0527
ukr,2005,d01,7276.5215
ukr,2005,d02,10381.1084
ukr,2005,d03,12593.457
ukr,2005,d04,14684.9238
ukr,2005,d05,16852.1855
ukr,2005,d06,19251.7676
ukr,2005,d07,22090.6504
ukr,2005,d08,25781.5801
ukr,2005,d09,31346.9844
ukr,2005,d10,46774.1094
ukr,2007,d01,7242.2148
ukr,2007,d02,10227.5059
ukr,2007,d03,12335.4336
ukr,2007,d04,14307.5439
ukr,2007,d05,16348.4844
ukr,2007,d06,18595.0234
ukr,2007,d07,21250.8223
ukr,2007,d08,24670.8594
ukr,2007,d09,29808.5566
ukr,2007,d10,43842.1602
ukr,2012,d01,8726.3633
ukr,2012,d02,12139.7588
ukr,2012,d03,14516.9023
ukr,2012,d04,16725.9902
ukr,2012,d05,19002.2617
ukr,2012,d06,21496.168
ukr,2012,d07,24414.1738
ukr,2012,d08,28148.2031
ukr,2012,d09,33720.6758
ukr,2012,d10,48743.2305
ury,2012,d01,10674.9658
ury,2012,d02,16718.1191
ury,2012,d03,21374.9004
ury,2012,d04,25992.7031
ury,2012,d05,30955.7207
ury,2012,d06,36649.4609
ury,2012,d07,43674.4766
ury,2012,d08,53199.3203
ury,2012,d09,68257.6016
ury,2012,d10,114677.0781
uzb,1996,d01,2171.7351
uzb,1996,d02,3262.6445
uzb,1996,d03,4073.9409
uzb,1996,d04,4859.2861
uzb,1996,d05,5691.1826
uzb,1996,d06,6634.4658
uzb,1996,d07,7768.7852
uzb,1996,d08,9278.4023
uzb,1996,d09,11613.9258
uzb,1996,d10,18473.7383
uzb,2006,d01,2886.3599
uzb,2006,d02,4347.1001
uzb,2006,d03,5440.9189
uzb,2006,d04,6497.3232
uzb,2006,d05,7621.9307
uzb,2006,d06,8896.1475
uzb,2006,d07,10440.6992
uzb,2006,d08,12495.1094
uzb,2006,d09,15680.6895
uzb,2006,d10,25089.9863
vnm,1997,d01,2832.7178
vnm,1997,d02,4395.1382
vnm,1997,d03,5586.6709
vnm,1997,d04,6760.0083
vnm,1997,d05,8019.5342
vnm,1997,d06,9465.667
vnm,1997,d07,11229.1396
vnm,1997,d08,13607.2227
vnm,1997,d09,17362.2188
vnm,1997,d10,28859.3359
vnm,2002,d01,2937.146
vnm,2002,d02,4595.5225
vnm,2002,d03,5876.6206
vnm,2002,d04,7142.5986
vnm,2002,d05,8500.25
vnm,2002,d06,10064.7549
vnm,2002,d07,11996.2959
vnm,2002,d08,14588.2637
vnm,2002,d09,18695.5332
vnm,2002,d10,31419.2715
vnm,2006,d01,3472.3391
vnm,2006,d02,5488.6987
vnm,2006,d03,7058.543
vnm,2006,d04,8614.8066
vnm,2006,d05,10311.1299
vnm,2006,d06,12263.4355
vnm,2006,d07,14667.0859
vnm,2006,d08,17929.6328
vnm,2006,d09,23134.1289
vnm,2006,d10,39458.3672
vnm,2010,d01,3883.2271
vnm,2010,d02,6128.7368
vnm,2010,d03,7865.6685
vnm,2010,d04,9601.0459
vnm,2010,d05,11484.1357
vnm,2010,d06,13663.3555
vnm,2010,d07,16354.1885
vnm,2010,d08,19989.4746
vnm,2010,d09,25770.1172
vnm,2010,d10,43792.3203
vnm,2013,d01,4731.4678
vnm,2013,d02,7349.5566
vnm,2013,d03,9363.3984
vnm,2013,d04,11344.2344
vnm,2013,d05,13486.6104
vnm,2013,d06,15937.4385
vnm,2013,d07,18927.3145
vnm,2013,d08,22957.8887
vnm,2013,d09,29330.4414
vnm,2013,d10,48800.8125
vut,2007,d01,2073.9202
vut,2007,d02,3354.0203
vut,2007,d03,4372.0894
vut,2007,d04,5399.2505
vut,2007,d05,6525.2407
vut,2007,d06,7843.4644
vut,2007,d07,9476.999
vut,2007,d08,11712.6445
vut,2007,d09,15329.5811
vut,2007,d10,26945.3789
wsm,2019,d01,9220.7949
wsm,2019,d02,15417.0703
wsm,2019,d03,20487.5117
wsm,2019,d04,25673.457
wsm,2019,d05,31462.6602
wsm,2019,d06,38303.2461
wsm,2019,d07,46953.1719
wsm,2019,d08,58966.2305
wsm,2019,d09,78793.1562
wsm,2019,d10,145381.9062
yem,2006,d01,7141.1733
yem,2006,d02,11275.5361
yem,2006,d03,14494.3262
yem,2006,d04,17700.2773
yem,2006,d05,21173.209
yem,2006,d06,25177.8809
yem,2006,d07,30102.8047
yem,2006,d08,36724.9688
yem,2006,d09,47310.9883
yem,2006,d10,80106.3125
yem,2013,d01,6582.8813
yem,2013,d02,10411.3125
yem,2013,d03,13391.5801
yem,2013,d04,16347.082
yem,2013,d05,19569.5586
yem,2013,d06,23284.8125
yem,2013,d07,27867.6953
yem,2013,d08,34069.3828
yem,2013,d09,43951.1953
yem,2013,d10,74793.8906
zaf,1998,d01,1938.7258
zaf,1998,d02,4162.1187
zaf,1998,d03,6423.0225
zaf,1998,d04,9095.6133
zaf,1998,d05,12429.0127
zaf,1998,d06,16822.0742
zaf,1998,d07,23023.9512
zaf,1998,d08,32703.3398
zaf,1998,d09,51016.8438
zaf,1998,d10,138204.5938
zaf,2016,d01,1615.5869
zaf,2016,d02,3597.7976
zaf,2016,d03,5683.8633
zaf,2016,d04,8190.8716
zaf,2016,d05,11379.2012
zaf,2016,d06,15662.1113
zaf,2016,d07,21770.5801
zaf,2016,d08,31513.7773
zaf,2016,d09,50437.8438
zaf,2016,d10,145212.9688
zmb,1996,d01,622.1559
zmb,1996,d02,1199.2114
zmb,1996,d03,1735.0623
zmb,1996,d04,2332.592
zmb,1996,d05,3040.5671
zmb,1996,d06,3924.7654
zmb,1996,d07,5112.8169
zmb,1996,d08,6884.9375
zmb,1996,d09,10045.2686
zmb,1996,d10,22859.6406
zmb,2001,d01,611.6334
zmb,2001,d02,1187.4099
zmb,2001,d03,1723.1227
zmb,2001,d04,2321.1265
zmb,2001,d05,3035.7849
zmb,2001,d06,3933.1252
zmb,2001,d07,5142.5884
zmb,2001,d08,6943.6646
zmb,2001,d09,10181.0713
zmb,2001,d10,23375.6875
zmb,2007,d01,672.3985
zmb,2007,d02,1329.1914
zmb,2007,d03,1954.1044
zmb,2007,d04,2655.281
zmb,2007,d05,3495.5703
zmb,2007,d06,4566.1108
zmb,2007,d07,6023.8872
zmb,2007,d08,8201.6973
zmb,2007,d09,12152.5674
zmb,2007,d10,28701.2988
zmb,2013,d01,840.0405
zmb,2013,d02,1679.4575
zmb,2013,d03,2483.2068
zmb,2013,d04,3391.4082
zmb,2013,d05,4486.5811
zmb,2013,d06,5876.7388
zmb,2013,d07,7777.1343
zmb,2013,d08,10642.377
zmb,2013,d09,15868.6475
zmb,2013,d10,38010.9844
zmb,2018,d01,726.9481
zmb,2018,d02,1452.0614
zmb,2018,d03,2146.1096
zmb,2018,d04,2927.5498
zmb,2018,d05,3875.0225
zmb,2018,d06,5084.3618
zmb,2018,d07,6731.0278
zmb,2018,d08,9215.9521
zmb,2018,d09,13741.0664
zmb,2018,d10,33019.0039
zwe,1994,d01,1078.0265
zwe,1994,d02,1945.0532
zwe,1994,d03,2703.4604
zwe,1994,d04,3513.7268
zwe,1994,d05,4446.5957
zwe,1994,d06,5582.5786
zwe,1994,d07,7064.7256
zwe,1994,d08,9196.6689
zwe,1994,d09,12859.1963
zwe,1994,d10,26327.4941
zwe,1999,d01,1114.1406
zwe,1999,d02,2004.1003
zwe,1999,d03,2784.0498
zwe,1999,d04,3615.9495
zwe,1999,d05,4570.0854
zwe,1999,d06,5736.8862
zwe,1999,d07,7268.5728
zwe,1999,d08,9470.1162
zwe,1999,d09,13233.1064
zwe,1999,d10,27137.582
zwe,2005,d01,1126.6727
zwe,2005,d02,2020.0902
zwe,2005,d03,2794.4702
zwe,2005,d04,3622.6125
zwe,2005,d05,4569.0854
zwe,2005,d06,5726.8984
zwe,2005,d07,7234.9121
zwe,2005,d08,9392.1729
zwe,2005,d09,13071.4727
zwe,2005,d10,26569.8203
zwe,2009,d01,1044.1007
zwe,2009,d02,1870.9065
zwe,2009,d03,2589.0522
zwe,2009,d04,3352.8381
zwe,2009,d05,4225.605
zwe,2009,d06,5289.6904
zwe,2009,d07,6670.3774
zwe,2009,d08,8657.4795
zwe,2009,d09,12069.5234
zwe,2009,d10,24494.1641
zwe,2010,d01,1002.9934
zwe,2010,d02,1794.7781
zwe,2010,d03,2483.353
zwe,2010,d04,3216.3704
zwe,2010,d05,4058.1133
zwe,2010,d06,5076.9858
zwe,2010,d07,6406.168
zwe,2010,d08,8296.8398
zwe,2010,d09,11536.2529
zwe,2010,d10,23407.7891
zwe,2014,d01,1210.9547
zwe,2014,d02,2171.2197
zwe,2014,d03,3004.7896
zwe,2014,d04,3892.8538
zwe,2014,d05,4916.3521
zwe,2014,d06,6154.8774
zwe,2014,d07,7770.1504
zwe,2014,d08,10094.499
zwe,2014,d09,14058.4209
zwe,2014,d10,28545.2305
zwe,2015,d01,1266.9039
zwe,2015,d02,2273.6433
zwe,2015,d03,3150.1274
zwe,2015,d04,4084.856
zwe,2015,d05,5152.5
zwe,2015,d06,6454.3906
zwe,2015,d07,8155.9985
zwe,2015,d08,10598.1572
zwe,2015,d09,14765.8545
zwe,2015,d10,30135.6367
zwe,2019,d01,1178.4891
zwe,2019,d02,2117.9617
zwe,2019,d03,2935.8459
zwe,2019,d04,3812.3638
zwe,2019,d05,4815.9951
zwe,2019,d06,6035.8608
zwe,2019,d07,7629.4736
zwe,2019,d08,9913.4004
zwe,2019,d09,13819.6904
zwe,2019,d10,28211.4727
