country,time,quintile,cpmo
afg,2010,q1,14.1727
afg,2010,q2,12.437
afg,2010,q3,17.4871
afg,2010,q4,20.9622
afg,2010,q5,33.2605
afg,2015,q1,14.6002
afg,2015,q2,14.46
afg,2015,q3,14.0843
afg,2015,q4,20.2819
afg,2015,q5,29.5548
ago,2015,q1,0.9588
ago,2015,q2,2.4305
ago,2015,q3,8.3329
ago,2015,q4,18.257
ago,2015,q5,30.5278
alb,2002,q1,5.2612
alb,2002,q2,6.1519
alb,2002,q3,8.1553
alb,2002,q4,7.7481
alb,2002,q5,12.4965
alb,2005,q1,17.9334
alb,2005,q2,12.8299
alb,2005,q3,21.2638
alb,2005,q4,26.1536
alb,2005,q5,33.9477
alb,2008,q1,10.0856
alb,2008,q2,8.4868
alb,2008,q3,10.3667
alb,2008,q4,8.5449
alb,2008,q5,13.7778
alb,2017,q1,3.7425
alb,2017,q2,3.599
alb,2017,q3,2.7877
alb,2017,q4,3.6589
alb,2017,q5,4.4686
arg,2011,q1,50.4941
arg,2011,q2,49.8424
arg,2011,q3,51.2418
arg,2011,q4,57.3416
arg,2011,q5,57.2253
arg,2019,q1,66.4339
arg,2019,q2,68.0284
arg,2019,q3,64.6553
arg,2019,q4,70.0686
arg,2019,q5,71.2959
arm,2000,q1,13.2636
arm,2000,q2,19.1802
arm,2000,q3,20.9846
arm,2000,q4,20.8589
arm,2000,q5,26.5335
arm,2005,q1,12.1657
arm,2005,q2,15.4687
arm,2005,q3,17.1733
arm,2005,q4,21.68
arm,2005,q5,28.1388
arm,2010,q1,20.3332
arm,2010,q2,16.5346
arm,2010,q3,26.3295
arm,2010,q4,31.4836
arm,2010,q5,36.0792
arm,2015,q1,20.6089
arm,2015,q2,23.6973
arm,2015,q3,23.6073
arm,2015,q4,29.3821
arm,2015,q5,36.6474
aze,2006,q1,9.5268
aze,2006,q2,9.1539
aze,2006,q3,9.4661
aze,2006,q4,17.4815
aze,2006,q5,19.7912
bdi,2005,q1,5.4817
bdi,2005,q2,6.8706
bdi,2005,q3,6.1843
bdi,2005,q4,7.8244
bdi,2005,q5,11.5787
bdi,2010,q1,14.5209
bdi,2010,q2,14.1018
bdi,2010,q3,17.4146
bdi,2010,q4,17.2403
bdi,2010,q5,26.0019
bdi,2016,q1,21.705
bdi,2016,q2,22.2029
bdi,2016,q3,21.851
bdi,2016,q4,19.4449
bdi,2016,q5,26.5784
ben,1996,q1,1.3449
ben,1996,q2,1.3532
ben,1996,q3,1.6882
ben,1996,q4,4.6051
ben,1996,q5,8.9996
ben,2001,q1,3.439
ben,2001,q2,2.826
ben,2001,q3,6.217
ben,2001,q4,7.99
ben,2001,q5,14.4726
ben,2006,q1,2.2024
ben,2006,q2,3.3589
ben,2006,q3,4.7421
ben,2006,q4,6.4821
ben,2006,q5,13.4964
ben,2011,q1,4.0103
ben,2011,q2,5.7261
ben,2011,q3,7.3315
ben,2011,q4,8.1784
ben,2011,q5,11.6797
ben,2014,q1,6.2194
ben,2014,q2,7.4701
ben,2014,q3,10.0756
ben,2014,q4,13.7254
ben,2014,q5,19.2257
ben,2017,q1,9.3967
ben,2017,q2,9.5663
ben,2017,q3,11.38
ben,2017,q4,12.3355
ben,2017,q5,16.6739
bfa,1998,q1,1.8358
bfa,1998,q2,2.6557
bfa,1998,q3,2.6729
bfa,1998,q4,2.2982
bfa,1998,q5,16.1356
bfa,2003,q1,1.6935
bfa,2003,q2,4.3944
bfa,2003,q3,6.0759
bfa,2003,q4,6.8999
bfa,2003,q5,26.4895
bfa,2006,q1,6.3042
bfa,2006,q2,6.0871
bfa,2006,q3,7.8217
bfa,2006,q4,12.5679
bfa,2006,q5,35.5144
bfa,2010,q1,7.128
bfa,2010,q2,8.5901
bfa,2010,q3,9.5451
bfa,2010,q4,16.1995
bfa,2010,q5,33.2046
bgd,1993,q1,34.4532
bgd,1993,q2,35.6893
bgd,1993,q3,35.3551
bgd,1993,q4,35.239
bgd,1993,q5,42.6811
bgd,1996,q1,38.7628
bgd,1996,q2,40.8418
bgd,1996,q3,43.7099
bgd,1996,q4,38.8366
bgd,1996,q5,48.4555
bgd,1999,q1,37.3864
bgd,1999,q2,43.695
bgd,1999,q3,44.8128
bgd,1999,q4,43.4623
bgd,1999,q5,50.1521
bgd,2004,q1,45.1753
bgd,2004,q2,48.2567
bgd,2004,q3,47.0221
bgd,2004,q4,47.4656
bgd,2004,q5,50.1458
bgd,2007,q1,46.9272
bgd,2007,q2,47.1868
bgd,2007,q3,46.0547
bgd,2007,q4,47.6493
bgd,2007,q5,49.3663
bgd,2011,q1,52.8737
bgd,2011,q2,53.7547
bgd,2011,q3,52.1471
bgd,2011,q4,50.6416
bgd,2011,q5,51.0803
bgd,2012,q1,63.2407
bgd,2012,q2,63.471
bgd,2012,q3,61.2567
bgd,2012,q4,56.0042
bgd,2012,q5,52.4432
bgd,2014,q1,55.086
bgd,2014,q2,55.1651
bgd,2014,q3,54.502
bgd,2014,q4,52.8483
bgd,2014,q5,52.8657
bgd,2017,q1,57.1646
bgd,2017,q2,52.5468
bgd,2017,q3,50.1867
bgd,2017,q4,51.3146
bgd,2017,q5,48.8048
bgd,2019,q1,63.276
bgd,2019,q2,64.4683
bgd,2019,q3,58.8101
bgd,2019,q4,55.4668
bgd,2019,q5,54.2555
bih,2006,q1,4.4361
bih,2006,q2,10.055
bih,2006,q3,7.4087
bih,2006,q4,12.477
bih,2006,q5,19.9482
bih,2011,q1,6.986
bih,2011,q2,6.8714
bih,2011,q3,11.2774
bih,2011,q4,12.6849
bih,2011,q5,19.6129
blr,2005,q1,49.306
blr,2005,q2,53.4484
blr,2005,q3,59.0913
blr,2005,q4,60.2585
blr,2005,q5,58.5502
blr,2012,q1,43.7895
blr,2012,q2,50.4182
blr,2012,q3,49.0476
blr,2012,q4,51.7284
blr,2012,q5,56.4879
blr,2019,q1,39.4676
blr,2019,q2,47.9081
blr,2019,q3,41.3664
blr,2019,q4,50.661
blr,2019,q5,47.2501
blz,1991,q1,25.8621
blz,1991,q2,35.3075
blz,1991,q3,47.1292
blz,1991,q4,53.4704
blz,1991,q5,58.0153
blz,2006,q1,15.642
blz,2006,q2,30.1462
blz,2006,q3,34.8744
blz,2006,q4,34.9045
blz,2006,q5,36.7333
blz,2011,q1,40.8149
blz,2011,q2,50.9142
blz,2011,q3,50.5307
blz,2011,q4,57.3167
blz,2011,q5,57.2867
blz,2015,q1,35.6735
blz,2015,q2,48.6145
blz,2015,q3,51.3746
blz,2015,q4,51.7455
blz,2015,q5,52.3853
bol,1994,q1,1.6264
bol,1994,q2,6.9301
bol,1994,q3,14.7948
bol,1994,q4,22.5442
bol,1994,q5,41.4556
bol,1998,q1,7.0838
bol,1998,q2,17.1646
bol,1998,q3,22.1912
bol,1998,q4,32.1801
bol,1998,q5,45.5903
bol,2003,q1,18.3215
bol,2003,q2,24.9522
bol,2003,q3,29.1129
bol,2003,q4,39.5986
bol,2003,q5,48.0215
bol,2008,q1,22.1512
bol,2008,q2,26.4867
bol,2008,q3,33.2396
bol,2008,q4,39.8501
bol,2008,q5,45.4035
bol,2016,q1,32.4927
bol,2016,q2,40.4952
bol,2016,q3,42.6284
bol,2016,q4,46.6932
bol,2016,q5,52.6386
bra,1996,q1,55.7893
bra,1996,q2,68.9242
bra,1996,q3,73.6308
bra,1996,q4,73.8101
bra,1996,q5,76.8089
bra,2006,q1,73.4337
bra,2006,q2,80.0974
bra,2006,q3,77.8829
bra,2006,q4,77.7913
bra,2006,q5,80.5891
bra,2013,q1,77.5868
bra,2013,q2,78.1968
bra,2013,q3,82.8222
bra,2013,q4,78.6897
bra,2013,q5,79.4006
bra,2019,q1,77.9659
bra,2019,q2,76.8094
bra,2019,q3,77.9693
bra,2019,q4,79.0495
bra,2019,q5,78.1144
brb,2012,q1,50.3191
brb,2012,q2,52.7174
brb,2012,q3,50.1677
brb,2012,q4,58.9607
brb,2012,q5,61.8067
btn,2010,q1,68.8916
btn,2010,q2,65.5231
btn,2010,q3,64.7458
btn,2010,q4,66.2047
btn,2010,q5,61.9087
caf,1994,q1,0.6569
caf,1994,q2,0.9348
caf,1994,q3,1.8669
caf,1994,q4,5.6308
caf,1994,q5,8.771
caf,2006,q1,0.4649
caf,2006,q2,2.3923
caf,2006,q3,4.6612
caf,2006,q4,11.987
caf,2006,q5,23.4066
caf,2010,q1,1.6496
caf,2010,q2,1.6072
caf,2010,q3,4.2643
caf,2010,q4,13.4622
caf,2010,q5,25.1966
caf,2018,q1,3.6577
caf,2018,q2,4.8483
caf,2018,q3,7.0258
caf,2018,q4,15.821
caf,2018,q5,27.2874
civ,1994,q1,1.1334
civ,1994,q2,2.1165
civ,1994,q3,2.0219
civ,1994,q4,5.2879
civ,1994,q5,12.4536
civ,1998,q1,1.5849
civ,1998,q2,3.1914
civ,1998,q3,5.0098
civ,1998,q4,10.1193
civ,1998,q5,19.61
civ,2006,q1,3.8021
civ,2006,q2,6.7037
civ,2006,q3,7.124
civ,2006,q4,12.2521
civ,2006,q5,19.333
civ,2011,q1,6.6921
civ,2011,q2,10.3183
civ,2011,q3,9.0933
civ,2011,q4,14.9603
civ,2011,q5,17.4092
civ,2016,q1,8.509
civ,2016,q2,9.811
civ,2016,q3,12.9765
civ,2016,q4,18.25
civ,2016,q5,20.2286
cmr,1998,q1,1.4088
cmr,1998,q2,2.2316
cmr,1998,q3,6.1171
cmr,1998,q4,10.5421
cmr,1998,q5,16.5706
cmr,2004,q1,2.2915
cmr,2004,q2,4.6503
cmr,2004,q3,10.6231
cmr,2004,q4,19.3474
cmr,2004,q5,26.3716
cmr,2006,q1,1.8177
cmr,2006,q2,5.0195
cmr,2006,q3,11.0463
cmr,2006,q4,17.7698
cmr,2006,q5,25.45
cmr,2011,q1,2.197
cmr,2011,q2,7.6784
cmr,2011,q3,13.4493
cmr,2011,q4,20.9565
cmr,2011,q5,25.5514
cmr,2014,q1,2.6292
cmr,2014,q2,9.5698
cmr,2014,q3,17.8435
cmr,2014,q4,23.7995
cmr,2014,q5,28.6848
cmr,2018,q1,3.1581
cmr,2018,q2,11.7397
cmr,2018,q3,16.0971
cmr,2018,q4,17.9813
cmr,2018,q5,23.023
cod,2007,q1,2.7647
cod,2007,q2,2.5758
cod,2007,q3,3.5683
cod,2007,q4,6.9941
cod,2007,q5,14.8802
cod,2010,q1,1.4297
cod,2010,q2,2.279
cod,2010,q3,3.0303
cod,2010,q4,7.2271
cod,2010,q5,14.379
cod,2013,q1,2.9839
cod,2013,q2,4.2967
cod,2013,q3,4.1472
cod,2013,q4,9.9585
cod,2013,q5,15.5872
cod,2017,q1,3.5218
cod,2017,q2,4.7619
cod,2017,q3,7.9175
cod,2017,q4,17.1351
cod,2017,q5,28.4979
cog,2005,q1,9.0564
cog,2005,q2,6.9479
cog,2005,q3,12.2494
cog,2005,q4,16.4118
cog,2005,q5,17.9082
cog,2011,q1,8.6968
cog,2011,q2,13.6621
cog,2011,q3,20.4114
cog,2011,q4,20.865
cog,2011,q5,27.6605
cog,2014,q1,11.3408
cog,2014,q2,18.6398
cog,2014,q3,18.0856
cog,2014,q4,19.9385
cog,2014,q5,19.442
col,1995,q1,42.167
col,1995,q2,59.6483
col,1995,q3,62.6931
col,1995,q4,64.1657
col,1995,q5,65.709
col,2000,q1,51.4752
col,2000,q2,60.9039
col,2000,q3,66.7159
col,2000,q4,70.0763
col,2000,q5,66.2455
col,2005,q1,58.1093
col,2005,q2,66.1493
col,2005,q3,69.0235
col,2005,q4,71.5257
col,2005,q5,71.7966
col,2010,q1,68.1332
col,2010,q2,72.8548
col,2010,q3,73.0521
col,2010,q4,75.0492
col,2010,q5,74.8394
col,2015,q1,72.239
col,2015,q2,74.8836
col,2015,q3,76.6858
col,2015,q4,79.4327
col,2015,q5,76.0247
com,1996,q1,6.5625
com,1996,q2,11.5819
com,1996,q3,10.1796
com,1996,q4,10.0324
com,1996,q5,18.612
com,2012,q1,9.7053
com,2012,q2,12.8081
com,2012,q3,13.237
com,2012,q4,16.7998
com,2012,q5,13.5382
cpv,1998,q1,25.2192
cpv,1998,q2,31.4992
cpv,1998,q3,40.799
cpv,1998,q4,62.9001
cpv,1998,q5,68.0787
cri,1992,q1,52.0179
cri,1992,q2,67.3203
cri,1992,q3,65.9817
cri,1992,q4,66.9704
cri,1992,q5,74.1294
cri,2011,q1,68.8102
cri,2011,q2,72.7531
cri,2011,q3,75.9684
cri,2011,q4,78.9653
cri,2011,q5,77.7762
cri,2018,q1,68.7158
cri,2018,q2,69.4673
cri,2018,q3,65.4643
cri,2018,q4,67.582
cri,2018,q5,73.9636
cub,2019,q1,68.7784
cub,2019,q2,64.1753
cub,2019,q3,70.0413
cub,2019,q4,68.7009
cub,2019,q5,67.9022
dom,1996,q1,51.1905
dom,1996,q2,61.6967
dom,1996,q3,58.1619
dom,1996,q4,61.4955
dom,1996,q5,63.748
dom,1999,q1,53.9811
dom,1999,q2,65.7469
dom,1999,q3,68.1403
dom,1999,q4,60.7032
dom,1999,q5,67.7241
dom,2002,q1,58.3408
dom,2002,q2,64.2464
dom,2002,q3,67.3497
dom,2002,q4,66.4397
dom,2002,q5,69.384
dom,2007,q1,65.4408
dom,2007,q2,71.1367
dom,2007,q3,70.7413
dom,2007,q4,70.9443
dom,2007,q5,69.0932
dom,2013,q1,64.3485
dom,2013,q2,73.4624
dom,2013,q3,66.4422
dom,2013,q4,66.7394
dom,2013,q5,69.1516
dom,2014,q1,64.5832
dom,2014,q2,71.3124
dom,2014,q3,68.0374
dom,2014,q4,66.3384
dom,2014,q5,69.7113
dom,2019,q1,61.0817
dom,2019,q2,62.0265
dom,2019,q3,63.0771
dom,2019,q4,61.0167
dom,2019,q5,62.5493
dza,2012,q1,48.9036
dza,2012,q2,46.2899
dza,2012,q3,45.9446
dza,2012,q4,48.6971
dza,2012,q5,49.7502
dza,2018,q1,47.3899
dza,2018,q2,44.5776
dza,2018,q3,41.849
dza,2018,q4,44.2624
dza,2018,q5,46.1329
ecu,1994,q1,24.0138
ecu,1994,q2,35.3477
ecu,1994,q3,44.9778
ecu,1994,q4,49.5778
ecu,1994,q5,57.4245
ecu,1999,q1,33.4886
ecu,1999,q2,41.1087
ecu,1999,q3,56.905
ecu,1999,q4,57.7671
ecu,1999,q5,65.1138
ecu,2004,q1,42.7156
ecu,2004,q2,55.7385
ecu,2004,q3,60.7727
ecu,2004,q4,63.5871
ecu,2004,q5,66.9231
ecu,2012,q1,66.5882
ecu,2012,q2,70.6327
ecu,2012,q3,71.0502
ecu,2012,q4,74.8045
ecu,2012,q5,71.9148
ecu,2018,q1,70.4586
ecu,2018,q2,73.3382
ecu,2018,q3,72.7846
ecu,2018,q4,70.3097
ecu,2018,q5,74.7707
egy,1995,q1,28.1657
egy,1995,q2,38.9554
egy,1995,q3,47.1137
egy,1995,q4,51.9795
egy,1995,q5,57.4374
egy,2000,q1,42.6609
egy,2000,q2,50.0345
egy,2000,q3,54.2854
egy,2000,q4,58.2552
egy,2000,q5,61.1489
egy,2005,q1,50.0122
egy,2005,q2,54.4338
egy,2005,q3,57.2056
egy,2005,q4,60.0294
egy,2005,q5,59.6317
egy,2008,q1,51.883
egy,2008,q2,54.8219
egy,2008,q3,58.7919
egy,2008,q4,59.2552
egy,2008,q5,62.3367
egy,2014,q1,54.2387
egy,2014,q2,54.2971
egy,2014,q3,58.0199
egy,2014,q4,58.0857
egy,2014,q5,59.2736
eth,2000,q1,2.7385
eth,2000,q2,2.7333
eth,2000,q3,1.9521
eth,2000,q4,3.5801
eth,2000,q5,22.871
eth,2005,q1,3.8848
eth,2005,q2,6.5265
eth,2005,q3,11.3607
eth,2005,q4,15.0354
eth,2005,q5,33.3031
eth,2011,q1,12.953
eth,2011,q2,21.501
eth,2011,q3,24.012
eth,2011,q4,30.2712
eth,2011,q5,48.0761
eth,2016,q1,19.2885
eth,2016,q2,30.8992
eth,2016,q3,36.5526
eth,2016,q4,40.4461
eth,2016,q5,46.9308
eth,2019,q1,25.5379
eth,2019,q2,34.3142
eth,2019,q3,43.8537
eth,2019,q4,42.2961
eth,2019,q5,49.95
gab,2000,q1,5.5818
gab,2000,q2,8.2763
gab,2000,q3,11.8309
gab,2000,q4,13.4454
gab,2000,q5,18.184
gab,2012,q1,11.4888
gab,2012,q2,18.425
gab,2012,q3,19.4553
gab,2012,q4,21.3057
gab,2012,q5,21.762
geo,2005,q1,11.8759
geo,2005,q2,16.0716
geo,2005,q3,17.6367
geo,2005,q4,23.1019
geo,2005,q5,28.1391
geo,2018,q1,19.9205
geo,2018,q2,27.187
geo,2018,q3,31.3932
geo,2018,q4,40.0615
geo,2018,q5,41.4308
gha,1993,q1,5.3604
gha,1993,q2,5.4795
gha,1993,q3,7.8488
gha,1993,q4,11.838
gha,1993,q5,19.0828
gha,1998,q1,7.5922
gha,1998,q2,10.5288
gha,1998,q3,12.6747
gha,1998,q4,16.4212
gha,1998,q5,17.522
gha,2003,q1,8.5939
gha,2003,q2,18.4952
gha,2003,q3,18.2914
gha,2003,q4,21.2024
gha,2003,q5,25.6992
gha,2006,q1,6.3439
gha,2006,q2,11.6233
gha,2006,q3,14.4875
gha,2006,q4,18.6102
gha,2006,q5,16.5703
gha,2008,q1,11.5786
gha,2008,q2,14.3746
gha,2008,q3,15.8056
gha,2008,q4,20.0421
gha,2008,q5,20.6499
gha,2011,q1,16.4912
gha,2011,q2,25.5341
gha,2011,q3,27.1121
gha,2011,q4,24.6373
gha,2011,q5,22.9629
gha,2014,q1,21.2011
gha,2014,q2,24.5763
gha,2014,q3,24.0388
gha,2014,q4,21.0804
gha,2014,q5,18.5613
gha,2017,q1,25.2614
gha,2017,q2,26.2815
gha,2017,q3,25.7784
gha,2017,q4,25.7259
gha,2017,q5,18.5155
gin,1999,q1,0.9984
gin,1999,q2,1.8511
gin,1999,q3,2.8416
gin,1999,q4,7.41
gin,1999,q5,9.1946
gin,2005,q1,1.2107
gin,2005,q2,1.3461
gin,2005,q3,2.5419
gin,2005,q4,5.459
gin,2005,q5,10.4973
gin,2012,q1,1.362
gin,2012,q2,1.4048
gin,2012,q3,3.1786
gin,2012,q4,3.7962
gin,2012,q5,7.6506
gin,2016,q1,1.5862
gin,2016,q2,3.3464
gin,2016,q3,4.8766
gin,2016,q4,5.6387
gin,2016,q5,9.5468
gin,2018,q1,2.0051
gin,2018,q2,5.3406
gin,2018,q3,5.3366
gin,2018,q4,8.5959
gin,2018,q5,12.7304
gmb,2010,q1,4.12
gmb,2010,q2,6.4326
gmb,2010,q3,7.7743
gmb,2010,q4,8.4165
gmb,2010,q5,15.9184
gmb,2013,q1,4.2215
gmb,2013,q2,4.8381
gmb,2013,q3,5.4808
gmb,2013,q4,10.7911
gmb,2013,q5,15.101
gmb,2018,q1,14.7188
gmb,2018,q2,13.2318
gmb,2018,q3,14.7886
gmb,2018,q4,17.8656
gmb,2018,q5,21.0337
gmb,2019,q1,15.6316
gmb,2019,q2,15.0428
gmb,2019,q3,15.8426
gmb,2019,q4,20.3725
gmb,2019,q5,17.7276
gnb,2006,q1,1.2196
gnb,2006,q2,2.0549
gnb,2006,q3,2.9564
gnb,2006,q4,9.0464
gnb,2006,q5,18.7462
gnb,2014,q1,5.3075
gnb,2014,q2,6.706
gnb,2014,q3,8.477
gnb,2014,q4,18.9923
gnb,2014,q5,23.6614
gnb,2018,q1,12.5193
gnb,2018,q2,11.8995
gnb,2018,q3,13.7457
gnb,2018,q4,18.7709
gnb,2018,q5,22.223
gtm,1995,q1,5.4204
gtm,1995,q2,10.138
gtm,1995,q3,21.3766
gtm,1995,q4,37.3604
gtm,1995,q5,57.1147
gtm,1998,q1,5.4032
gtm,1998,q2,11.8529
gtm,1998,q3,24.4527
gtm,1998,q4,45.0386
gtm,1998,q5,59.7003
gtm,2002,q1,10.3129
gtm,2002,q2,15.4546
gtm,2002,q3,28.9251
gtm,2002,q4,37.361
gtm,2002,q5,55.6323
gtm,2008,q1,25.6514
gtm,2008,q2,34.7665
gtm,2008,q3,44.4815
gtm,2008,q4,57.275
gtm,2008,q5,61.7585
gtm,2014,q1,32.6606
gtm,2014,q2,40.077
gtm,2014,q3,49.4364
gtm,2014,q4,57.5307
gtm,2014,q5,62.4905
guy,2006,q1,28.6164
guy,2006,q2,32.9736
guy,2006,q3,36.5517
guy,2006,q4,32.3531
guy,2006,q5,32.0152
guy,2009,q1,31.1627
guy,2009,q2,38.9767
guy,2009,q3,42.8556
guy,2009,q4,39.9948
guy,2009,q5,45.2598
guy,2014,q1,29.6167
guy,2014,q2,34.0782
guy,2014,q3,30.613
guy,2014,q4,34.5392
guy,2014,q5,33.5614
guy,2019,q1,27.7542
guy,2019,q2,28.1817
guy,2019,q3,31.6987
guy,2019,q4,25.8714
guy,2019,q5,27.8236
hnd,1991,q1,11.7972
hnd,1991,q2,20.5752
hnd,1991,q3,38.0589
hnd,1991,q4,50.4654
hnd,1991,q5,54.9941
hnd,1996,q1,14.1888
hnd,1996,q2,28.0838
hnd,1996,q3,47.3989
hnd,1996,q4,50.1448
hnd,1996,q5,58.9042
hnd,2001,q1,30.4608
hnd,2001,q2,51.0417
hnd,2001,q3,57.1331
hnd,2001,q4,60.1644
hnd,2001,q5,61.8799
hnd,2005,q1,40.7983
hnd,2005,q2,52.051
hnd,2005,q3,58.4945
hnd,2005,q4,61.81
hnd,2005,q5,64.5596
hnd,2011,q1,55.0748
hnd,2011,q2,62.8737
hnd,2011,q3,65.8968
hnd,2011,q4,67.0027
hnd,2011,q5,67.3433
hnd,2019,q1,65.3852
hnd,2019,q2,67.702
hnd,2019,q3,68.2914
hnd,2019,q4,66.097
hnd,2019,q5,64.8786
hti,1994,q1,4.8956
hti,1994,q2,7.5563
hti,1994,q3,12.696
hti,1994,q4,20.4237
hti,1994,q5,20.8901
hti,2000,q1,16.3772
hti,2000,q2,21.6854
hti,2000,q3,25.3403
hti,2000,q4,23.5948
hti,2000,q5,23.9483
hti,2005,q1,13.629
hti,2005,q2,19.5839
hti,2005,q3,25.103
hti,2005,q4,28.7021
hti,2005,q5,28.7078
hti,2012,q1,29.3188
hti,2012,q2,29.4536
hti,2012,q3,34.1965
hti,2012,q4,34.1303
hti,2012,q5,27.0589
hti,2016,q1,27.5544
hti,2016,q2,32.1348
hti,2016,q3,35.8439
hti,2016,q4,32.0107
hti,2016,q5,27.976
idn,1997,q1,46.2159
idn,1997,q2,55.5756
idn,1997,q3,56.7822
idn,1997,q4,57.9702
idn,1997,q5,56.8713
idn,2002,q1,48.3322
idn,2002,q2,57.7054
idn,2002,q3,59.9001
idn,2002,q4,59.2719
idn,2002,q5,58.0952
idn,2007,q1,49.869
idn,2007,q2,60.2619
idn,2007,q3,58.9478
idn,2007,q4,59.0974
idn,2007,q5,57.9043
idn,2012,q1,52.9863
idn,2012,q2,61.4042
idn,2012,q3,60.1769
idn,2012,q4,58.6383
idn,2012,q5,55.2926
idn,2017,q1,56.2682
idn,2017,q2,61.3625
idn,2017,q3,59.5257
idn,2017,q4,56.2045
idn,2017,q5,52.1271
ind,1998,q1,29.3028
ind,1998,q2,34.9146
ind,1998,q3,44.8946
ind,1998,q4,49.6594
ind,1998,q5,54.5662
ind,2005,q1,34.6247
ind,2005,q2,43.4342
ind,2005,q3,49.7606
ind,2005,q4,55.2477
ind,2005,q5,58.0047
ind,2015,q1,36.244
ind,2015,q2,45.664
ind,2015,q3,50.1726
ind,2015,q4,51.7521
ind,2015,q5,53.0563
ind,2019,q1,49.2082
ind,2019,q2,54.4314
ind,2019,q3,57.522
ind,2019,q4,57.8162
ind,2019,q5,58.0863
irq,2011,q1,28.8923
irq,2011,q2,33.7175
irq,2011,q3,33.2475
irq,2011,q4,36.3095
irq,2011,q5,35.7045
irq,2018,q1,38.2424
irq,2018,q2,37.2987
irq,2018,q3,37.9154
irq,2018,q4,34.4769
irq,2018,q5,28.9802
jor,1997,q1,27.486
jor,1997,q2,35.6801
jor,1997,q3,35.379
jor,1997,q4,42.0843
jor,1997,q5,46.8367
jor,2002,q1,27.9459
jor,2002,q2,34.9349
jor,2002,q3,38.9549
jor,2002,q4,44.6772
jor,2002,q5,48.69
jor,2007,q1,32.7066
jor,2007,q2,36.4436
jor,2007,q3,40.2647
jor,2007,q4,48.6
jor,2007,q5,46.9129
jor,2012,q1,39.4729
jor,2012,q2,39.6804
jor,2012,q3,39.7602
jor,2012,q4,44.0628
jor,2012,q5,40.7238
jor,2017,q1,33.0159
jor,2017,q2,36.0828
jor,2017,q3,36.9112
jor,2017,q4,37.8032
jor,2017,q5,38.1495
kaz,1995,q1,43.8381
kaz,1995,q2,49.0919
kaz,1995,q3,40.5784
kaz,1995,q4,45.8485
kaz,1995,q5,49.5933
kaz,1999,q1,49.0885
kaz,1999,q2,50.6994
kaz,1999,q3,53.0145
kaz,1999,q4,54.5985
kaz,1999,q5,55.1122
kaz,2006,q1,40.0757
kaz,2006,q2,45.3722
kaz,2006,q3,49.188
kaz,2006,q4,51.3754
kaz,2006,q5,57.1881
kaz,2010,q1,44.6421
kaz,2010,q2,45.0975
kaz,2010,q3,48.7909
kaz,2010,q4,53.5879
kaz,2010,q5,54.954
kaz,2015,q1,52.2054
kaz,2015,q2,52.8008
kaz,2015,q3,51.5964
kaz,2015,q4,52.7031
kaz,2015,q5,52.7713
ken,1993,q1,10.2605
ken,1993,q2,15.723
ken,1993,q3,27.3377
ken,1993,q4,37.467
ken,1993,q5,45.1285
ken,1998,q1,12.5624
ken,1998,q2,24.0775
ken,1998,q3,30.7244
ken,1998,q4,39.7242
ken,1998,q5,50.1435
ken,2003,q1,11.8175
ken,2003,q2,24.193
ken,2003,q3,33.4448
ken,2003,q4,41.0432
ken,2003,q5,44.4927
ken,2008,q1,16.5845
ken,2008,q2,32.7133
ken,2008,q3,42.6365
ken,2008,q4,50.2092
ken,2008,q5,47.2952
ken,2014,q1,29.1819
ken,2014,q2,54.0692
ken,2014,q3,59.3424
ken,2014,q4,60.7731
ken,2014,q5,57.5863
kgz,1997,q1,44.3954
kgz,1997,q2,44.9083
kgz,1997,q3,48.4138
kgz,1997,q4,50.9357
kgz,1997,q5,54.3529
kgz,2005,q1,47.2658
kgz,2005,q2,39.7335
kgz,2005,q3,43.2724
kgz,2005,q4,48.0034
kgz,2005,q5,48.4586
kgz,2012,q1,36.0679
kgz,2012,q2,34.9749
kgz,2012,q3,32.3028
kgz,2012,q4,30.0708
kgz,2012,q5,34.0179
kgz,2014,q1,38.4031
kgz,2014,q2,34.5201
kgz,2014,q3,35.8584
kgz,2014,q4,42.3722
kgz,2014,q5,41.2517
kgz,2018,q1,33.2848
kgz,2018,q2,33.816
kgz,2018,q3,37.977
kgz,2018,q4,39.6242
kgz,2018,q5,45.5536
khm,2000,q1,12.3692
khm,2000,q2,15.0963
khm,2000,q3,19.7981
khm,2000,q4,19.6666
khm,2000,q5,25.06
khm,2005,q1,21.8333
khm,2005,q2,24.9405
khm,2005,q3,27.2038
khm,2005,q4,28.6112
khm,2005,q5,32.2045
khm,2010,q1,35.1716
khm,2010,q2,37.0248
khm,2010,q3,36.9745
khm,2010,q4,33.8514
khm,2010,q5,31.3782
khm,2014,q1,39.4384
khm,2014,q2,42.1126
khm,2014,q3,38.1982
khm,2014,q4,38.817
khm,2014,q5,34.4053
kir,2018,q1,31.638
kir,2018,q2,26.1568
kir,2018,q3,28.3755
kir,2018,q4,25.3178
kir,2018,q5,25.4708
kos,2013,q1,12.1884
kos,2013,q2,10.9579
kos,2013,q3,13.7958
kos,2013,q4,13.6495
kos,2013,q5,16.8402
kos,2019,q1,10.5064
kos,2019,q2,7.0877
kos,2019,q3,7.4183
kos,2019,q4,10.4615
kos,2019,q5,11.2711
lao,2011,q1,33.1631
lao,2011,q2,41.1592
lao,2011,q3,46.8823
lao,2011,q4,48.6259
lao,2011,q5,39.8887
lao,2017,q1,43.2915
lao,2017,q2,51.4931
lao,2017,q3,54.9451
lao,2017,q4,56.7494
lao,2017,q5,48.0678
lbr,2007,q1,3.4174
lbr,2007,q2,5.5501
lbr,2007,q3,12.8566
lbr,2007,q4,14.0539
lbr,2007,q5,17.1109
lbr,2013,q1,13.1003
lbr,2013,q2,16.422
lbr,2013,q3,21.068
lbr,2013,q4,23.9205
lbr,2013,q5,20.7011
lbr,2019,q1,23.5058
lbr,2019,q2,24.9761
lbr,2019,q3,23.1795
lbr,2019,q4,28.6717
lbr,2019,q5,17.7744
lca,2012,q1,51.6953
lca,2012,q2,49.0974
lca,2012,q3,51.0638
lca,2012,q4,56.2823
lca,2012,q5,52.5925
lso,2004,q1,15.3862
lso,2004,q2,23.6442
lso,2004,q3,34.542
lso,2004,q4,39.0666
lso,2004,q5,52.9434
lso,2009,q1,28.6282
lso,2009,q2,36.4907
lso,2009,q3,44.5037
lso,2009,q4,48.3475
lso,2009,q5,60.8736
lso,2014,q1,49.8673
lso,2014,q2,56.2577
lso,2014,q3,62.2646
lso,2014,q4,60.804
lso,2014,q5,65.9063
lso,2018,q1,66.1307
lso,2018,q2,64.4263
lso,2018,q3,61.9091
lso,2018,q4,65.4912
lso,2018,q5,64.84
mar,2003,q1,45.762
mar,2003,q2,51.6538
mar,2003,q3,53.1196
mar,2003,q4,53.2993
mar,2003,q5,55.6623
mda,1997,q1,59.0149
mda,1997,q2,52.4351
mda,1997,q3,51.5924
mda,1997,q4,46.6592
mda,1997,q5,39.1657
mda,2005,q1,33.9188
mda,2005,q2,37.2554
mda,2005,q3,41.7329
mda,2005,q4,45.4981
mda,2005,q5,50.7045
mda,2012,q1,34.2814
mda,2012,q2,37.8238
mda,2012,q3,39.1849
mda,2012,q4,45.8266
mda,2012,q5,46.563
mdg,1997,q1,2.274
mdg,1997,q2,3.0241
mdg,1997,q3,7.278
mdg,1997,q4,12.383
mdg,1997,q5,23.8071
mdg,2003,q1,7.0183
mdg,2003,q2,10.0895
mdg,2003,q3,15.4501
mdg,2003,q4,21.6622
mdg,2003,q5,27.6361
mdg,2008,q1,17.0346
mdg,2008,q2,23.3398
mdg,2008,q3,27.8488
mdg,2008,q4,35.049
mdg,2008,q5,35.1603
mdg,2018,q1,29.1034
mdg,2018,q2,36.9582
mdg,2018,q3,43.4935
mdg,2018,q4,46.2138
mdg,2018,q5,40.5548
mdv,2009,q1,29.1391
mdv,2009,q2,27.0041
mdv,2009,q3,27.3738
mdv,2009,q4,25.5967
mdv,2009,q5,26.0341
mdv,2016,q1,14.2952
mdv,2016,q2,16.8684
mdv,2016,q3,13.1265
mdv,2016,q4,12.6796
mdv,2016,q5,16.9722
mex,2015,q1,58.7189
mex,2015,q2,62.0595
mex,2015,q3,66.3701
mex,2015,q4,67.916
mex,2015,q5,70.5059
mkd,2005,q1,8.3362
mkd,2005,q2,9.7131
mkd,2005,q3,5.4555
mkd,2005,q4,7.9661
mkd,2005,q5,16.886
mkd,2011,q1,7.4938
mkd,2011,q2,8.0202
mkd,2011,q3,12.4962
mkd,2011,q4,16.0107
mkd,2011,q5,18.5388
mkd,2018,q1,7.1437
mkd,2018,q2,9.3963
mkd,2018,q3,13.9196
mkd,2018,q4,14.2318
mkd,2018,q5,24.1101
mli,1995,q1,0.5847
mli,1995,q2,1.6623
mli,1995,q3,2.4478
mli,1995,q4,4.5314
mli,1995,q5,15.9601
mli,2001,q1,2.0549
mli,2001,q2,2.1437
mli,2001,q3,2.4683
mli,2001,q4,6.3179
mli,2001,q5,17.2118
mli,2006,q1,2.4634
mli,2006,q2,3.9748
mli,2006,q3,3.1849
mli,2006,q4,7.4958
mli,2006,q5,17.1312
mli,2009,q1,2.442
mli,2009,q2,3.3686
mli,2009,q3,4.8473
mli,2009,q4,11.3272
mli,2009,q5,18.5796
mli,2012,q1,3.2294
mli,2012,q2,5.0266
mli,2012,q3,5.6392
mli,2012,q4,12.8449
mli,2012,q5,23.1554
mli,2015,q1,4.4847
mli,2015,q2,8.2248
mli,2015,q3,12.6254
mli,2015,q4,19.6723
mli,2015,q5,30.1128
mli,2018,q1,10.7702
mli,2018,q2,10.5258
mli,2018,q3,16.5121
mli,2018,q4,19.7636
mli,2018,q5,23.2396
mmr,2015,q1,46.1246
mmr,2015,q2,50.1826
mmr,2015,q3,49.7527
mmr,2015,q4,54.6221
mmr,2015,q5,55.8949
mne,2005,q1,7.5329
mne,2005,q2,17.8353
mne,2005,q3,17.4333
mne,2005,q4,19.1586
mne,2005,q5,22.8784
mne,2013,q1,5.3339
mne,2013,q2,10.5557
mne,2013,q3,16.737
mne,2013,q4,17.2754
mne,2013,q5,21.9511
mne,2018,q1,7.5354
mne,2018,q2,10.6664
mne,2018,q3,10.7673
mne,2018,q4,13.2405
mne,2018,q5,13.6925
mng,2005,q1,65.1857
mng,2005,q2,62.802
mng,2005,q3,62.6094
mng,2005,q4,59.3469
mng,2005,q5,52.8378
mng,2010,q1,56.145
mng,2010,q2,53.6248
mng,2010,q3,51.4255
mng,2010,q4,46.518
mng,2010,q5,43.5362
mng,2013,q1,57.752
mng,2013,q2,49.7918
mng,2013,q3,47.6877
mng,2013,q4,44.8103
mng,2013,q5,41.5267
mng,2018,q1,55.8133
mng,2018,q2,47.0386
mng,2018,q3,42.3013
mng,2018,q4,39.4173
mng,2018,q5,41.302
moz,1997,q1,0.9309
moz,1997,q2,1.8114
moz,1997,q3,3.0569
moz,1997,q4,5.3306
moz,1997,q5,16.9237
moz,2003,q1,3.8947
moz,2003,q2,5.1174
moz,2003,q3,8.4933
moz,2003,q4,11.8111
moz,2003,q5,34.773
moz,2008,q1,4.9499
moz,2008,q2,4.8757
moz,2008,q3,8.4704
moz,2008,q4,14.8201
moz,2008,q5,29.9433
moz,2011,q1,2.6351
moz,2011,q2,5.215
moz,2011,q3,6.8573
moz,2011,q4,13.5998
moz,2011,q5,29.2936
moz,2015,q1,14.8809
moz,2015,q2,16.1314
moz,2015,q3,19.5008
moz,2015,q4,30.1458
moz,2015,q5,41.9838
mrt,2007,q1,1.1376
mrt,2007,q2,2.7791
mrt,2007,q3,6.723
mrt,2007,q4,12.6799
mrt,2007,q5,15.7541
mrt,2011,q1,1.3996
mrt,2011,q2,3.9039
mrt,2011,q3,8.589
mrt,2011,q4,14.9036
mrt,2011,q5,19.634
mrt,2015,q1,4.4473
mrt,2015,q2,7.525
mrt,2015,q3,14.0414
mrt,2015,q4,24.7899
mrt,2015,q5,26.6555
mrt,2019,q1,4.5398
mrt,2019,q2,7.4916
mrt,2019,q3,11.7114
mrt,2019,q4,18.0784
mrt,2019,q5,22.745
mwi,2000,q1,21.2856
mwi,2000,q2,25.716
mwi,2000,q3,23.7597
mwi,2000,q4,27.2981
mwi,2000,q5,40.0341
mwi,2004,q1,21.7711
mwi,2004,q2,24.1529
mwi,2004,q3,25.177
mwi,2004,q4,31.0544
mwi,2004,q5,37.5765
mwi,2006,q1,34.4304
mwi,2006,q2,37.132
mwi,2006,q3,37.7678
mwi,2006,q4,38.1582
mwi,2006,q5,44.2316
mwi,2010,q1,34.9306
mwi,2010,q2,39.8123
mwi,2010,q3,41.3593
mwi,2010,q4,45.2472
mwi,2010,q5,48.3889
mwi,2013,q1,53.3111
mwi,2013,q2,57.4128
mwi,2013,q3,57.228
mwi,2013,q4,56.7187
mwi,2013,q5,61.295
mwi,2015,q1,52.9215
mwi,2015,q2,58.0226
mwi,2015,q3,58.6193
mwi,2015,q4,59.5123
mwi,2015,q5,60.3891
mwi,2019,q1,65.1553
mwi,2019,q2,65.2948
mwi,2019,q3,65.8356
mwi,2019,q4,61.9622
mwi,2019,q5,64.1473
nam,2000,q1,24.2538
nam,2000,q2,27.0828
nam,2000,q3,34.0465
nam,2000,q4,46.6415
nam,2000,q5,64.3575
nam,2006,q1,29.6283
nam,2006,q2,45.8333
nam,2006,q3,46.5139
nam,2006,q4,65.6601
nam,2006,q5,68.4402
nam,2013,q1,42.0736
nam,2013,q2,53.0018
nam,2013,q3,56.6907
nam,2013,q4,58.3915
nam,2013,q5,61.5314
ner,1998,q1,0.7674
ner,1998,q2,1.5886
ner,1998,q3,2.2137
ner,1998,q4,2.9498
ner,1998,q5,18.1197
ner,2006,q1,2.296
ner,2006,q2,1.9685
ner,2006,q3,1.9239
ner,2006,q4,4.1805
ner,2006,q5,15.8304
ner,2012,q1,2.2966
ner,2012,q2,4.124
ner,2012,q3,4.9225
ner,2012,q4,9.649
ner,2012,q5,20.4377
ner,2021,q1,5.1067
ner,2021,q2,5.0674
ner,2021,q3,8.589
ner,2021,q4,9.2479
ner,2021,q5,22.702
nga,2003,q1,3.1579
nga,2003,q2,2.4497
nga,2003,q3,4.8405
nga,2003,q4,6.8331
nga,2003,q5,18.4328
nga,2007,q1,1.957
nga,2007,q2,3.3104
nga,2007,q3,6.0239
nga,2007,q4,13.7744
nga,2007,q5,21.1146
nga,2008,q1,1.4
nga,2008,q2,2.8821
nga,2008,q3,6.3702
nga,2008,q4,12.1612
nga,2008,q5,19.7438
nga,2011,q1,2.1604
nga,2011,q2,5.8218
nga,2011,q3,9.2924
nga,2011,q4,14.9258
nga,2011,q5,20.8328
nga,2013,q1,0.7326
nga,2013,q2,3.2975
nga,2013,q3,8.3448
nga,2013,q4,13.4095
nga,2013,q5,21.3966
nga,2016,q1,2.2766
nga,2016,q2,5.2864
nga,2016,q3,8.878
nga,2016,q4,14.4523
nga,2016,q5,21.189
nga,2018,q1,3.0821
nga,2018,q2,5.5491
nga,2018,q3,10.2291
nga,2018,q4,16.1295
nga,2018,q5,20.1683
nic,1992,q1,22.5586
nic,1992,q2,36.9366
nic,1992,q3,46.0925
nic,1992,q4,57.2543
nic,1992,q5,65.4705
nic,1998,q1,40.2137
nic,1998,q2,55.5244
nic,1998,q3,60.2559
nic,1998,q4,65.3517
nic,1998,q5,64.2482
nic,2001,q1,47.4249
nic,2001,q2,62.3834
nic,2001,q3,69.7967
nic,2001,q4,70.3384
nic,2001,q5,70.097
nic,2006,q1,61.2841
nic,2006,q2,67.2781
nic,2006,q3,72.1815
nic,2006,q4,72.0332
nic,2006,q5,72.7218
npl,1996,q1,15.7201
npl,1996,q2,21.2443
npl,1996,q3,23.1698
npl,1996,q4,26.6286
npl,1996,q5,44.8889
npl,2001,q1,23.7671
npl,2001,q2,28.7189
npl,2001,q3,31.6838
npl,2001,q4,38.8541
npl,2001,q5,55.1866
npl,2006,q1,30.2595
npl,2006,q2,40.5629
npl,2006,q3,46.7949
npl,2006,q4,48.1928
npl,2006,q5,53.9136
npl,2011,q1,35.6454
npl,2011,q2,41.0626
npl,2011,q3,43.2645
npl,2011,q4,45.3329
npl,2011,q5,48.8442
npl,2014,q1,44.0749
npl,2014,q2,46.8312
npl,2014,q3,50.0897
npl,2014,q4,48.8847
npl,2014,q5,45.371
npl,2016,q1,41.79
npl,2016,q2,44.8064
npl,2016,q3,42.5959
npl,2016,q4,41.6603
npl,2016,q5,43.0266
npl,2019,q1,43.8094
npl,2019,q2,47.4978
npl,2019,q3,44.847
npl,2019,q4,45.341
npl,2019,q5,39.6976
pak,2006,q1,12.3941
pak,2006,q2,15.5379
pak,2006,q3,21.9427
pak,2006,q4,26.315
pak,2006,q5,31.5756
pak,2012,q1,14.3679
pak,2012,q2,20.6682
pak,2012,q3,25.5801
pak,2012,q4,29.8111
pak,2012,q5,30.891
pak,2017,q1,16.9023
pak,2017,q2,22.4478
pak,2017,q3,26.6085
pak,2017,q4,27.4142
pak,2017,q5,29.5976
pan,2013,q1,44.6006
pan,2013,q2,64.6064
pan,2013,q3,61.4709
pan,2013,q4,64.9712
pan,2013,q5,64.3518
per,1996,q1,24.035
per,1996,q2,37.523
per,1996,q3,45.1831
per,1996,q4,48.9353
per,1996,q5,50.3309
per,2000,q1,35.5197
per,2000,q2,44.9981
per,2000,q3,53.7625
per,2000,q4,55.9241
per,2000,q5,57.5766
per,2004,q1,23.1577
per,2004,q2,40.0593
per,2004,q3,50.7162
per,2004,q4,54.7925
per,2004,q5,55.0983
per,2005,q1,35.5192
per,2005,q2,39.7408
per,2005,q3,49.5587
per,2005,q4,55.3052
per,2005,q5,53.2569
per,2006,q1,37.9079
per,2006,q2,41.799
per,2006,q3,51.1051
per,2006,q4,54.5769
per,2006,q5,51.5172
per,2007,q1,34.6515
per,2007,q2,39.5946
per,2007,q3,49.9915
per,2007,q4,52.5345
per,2007,q5,51.0977
per,2008,q1,35.5879
per,2008,q2,41.1088
per,2008,q3,48.3018
per,2008,q4,54.62
per,2008,q5,54.4082
per,2009,q1,40.2792
per,2009,q2,45.4673
per,2009,q3,52.3856
per,2009,q4,54.6993
per,2009,q5,55.8248
per,2010,q1,40.9078
per,2010,q2,46.9038
per,2010,q3,53.6776
per,2010,q4,52.7688
per,2010,q5,57.0493
per,2011,q1,41.8034
per,2011,q2,49.757
per,2011,q3,52.2425
per,2011,q4,54.2235
per,2011,q5,56.8847
per,2012,q1,40.9091
per,2012,q2,51.778
per,2012,q3,52.6338
per,2012,q4,54.2441
per,2012,q5,58.7389
per,2013,q1,42.4815
per,2013,q2,51.4063
per,2013,q3,52.2141
per,2013,q4,54.8704
per,2013,q5,55.3448
per,2014,q1,43.631
per,2014,q2,51.9086
per,2014,q3,54.1482
per,2014,q4,54.1375
per,2014,q5,56.3053
per,2015,q1,45.6094
per,2015,q2,51.7048
per,2015,q3,54.9696
per,2015,q4,55.3707
per,2015,q5,58.705
per,2016,q1,45.2175
per,2016,q2,55.0934
per,2016,q3,55.481
per,2016,q4,58.0582
per,2016,q5,57.379
per,2017,q1,46.2137
per,2017,q2,55.271
per,2017,q3,56.8798
per,2017,q4,58.6461
per,2017,q5,55.6286
per,2018,q1,48.95
per,2018,q2,55.0922
per,2018,q3,55.8681
per,2018,q4,58.5192
per,2018,q5,56.7715
per,2019,q1,47.5897
per,2019,q2,55.6785
per,2019,q3,55.6983
per,2019,q4,58.6894
per,2019,q5,60.834
per,2020,q1,47.1987
per,2020,q2,54.5381
per,2020,q3,56.4512
per,2020,q4,58.3872
per,2020,q5,59.8666
phl,1993,q1,15.7291
phl,1993,q2,22.5749
phl,1993,q3,25.6558
phl,1993,q4,29.6748
phl,1993,q5,31.403
phl,1998,q1,19.5709
phl,1998,q2,26.0759
phl,1998,q3,32.7074
phl,1998,q4,32.7112
phl,1998,q5,29.16
phl,2003,q1,23.5053
phl,2003,q2,33.3481
phl,2003,q3,35.0854
phl,2003,q4,37.3987
phl,2003,q5,34.7672
phl,2008,q1,25.7165
phl,2008,q2,35.0412
phl,2008,q3,35.7709
phl,2008,q4,38.1903
phl,2008,q5,32.6906
phl,2013,q1,32.4031
phl,2013,q2,39.4822
phl,2013,q3,40.6263
phl,2013,q4,38.3442
phl,2013,q5,33.1793
phl,2017,q1,43.2591
phl,2017,q2,45.7955
phl,2017,q3,40.461
phl,2017,q4,36.6886
phl,2017,q5,32.0867
png,2016,q1,18.5061
png,2016,q2,26.3241
png,2016,q3,29.9695
png,2016,q4,37.9381
png,2016,q5,38.3867
pri,1995,q1,55.7181
pri,1995,q2,60.3735
pri,1995,q3,69.0894
pri,1995,q4,67.6365
pri,1995,q5,65.2928
pry,1995,q1,26.0917
pry,1995,q2,36.4444
pry,1995,q3,40.8064
pry,1995,q4,50.6
pry,1995,q5,55.1947
pry,1998,q1,26.7648
pry,1998,q2,44.2608
pry,1998,q3,52.3423
pry,1998,q4,56.0588
pry,1998,q5,57.0216
pry,2004,q1,45.3283
pry,2004,q2,57.9957
pry,2004,q3,62.2901
pry,2004,q4,67.8766
pry,2004,q5,68.3258
pry,2008,q1,67.0857
pry,2008,q2,69.6243
pry,2008,q3,72.8524
pry,2008,q4,71.8027
pry,2008,q5,69.1742
pry,2016,q1,67.942
pry,2016,q2,69.0432
pry,2016,q3,67.4163
pry,2016,q4,64.1151
pry,2016,q5,61.5348
pse,2010,q1,36.1796
pse,2010,q2,39.3867
pse,2010,q3,39.3568
pse,2010,q4,43.6504
pse,2010,q5,47.9726
pse,2014,q1,35.7194
pse,2014,q2,41.2994
pse,2014,q3,41.2419
pse,2014,q4,42.7221
pse,2014,q5,51.409
pse,2019,q1,38.5883
pse,2019,q2,40.6912
pse,2019,q3,39.5233
pse,2019,q4,43.8094
pse,2019,q5,44.9552
rwa,2000,q1,1.3329
rwa,2000,q2,2.5856
rwa,2000,q3,2.6664
rwa,2000,q4,3.8806
rwa,2000,q5,12.7327
rwa,2005,q1,5.1288
rwa,2005,q2,6.5122
rwa,2005,q3,7.0125
rwa,2005,q4,7.8126
rwa,2005,q5,19.7781
rwa,2010,q1,37.2873
rwa,2010,q2,39.8734
rwa,2010,q3,46.3369
rwa,2010,q4,48.8633
rwa,2010,q5,47.4943
rwa,2014,q1,44.5213
rwa,2014,q2,45.2356
rwa,2014,q3,47.461
rwa,2014,q4,47.0269
rwa,2014,q5,47.9791
rwa,2019,q1,59.4341
rwa,2019,q2,59.6514
rwa,2019,q3,59.6094
rwa,2019,q4,57.5153
rwa,2019,q5,48.0224
sdn,2010,q1,1.1566
sdn,2010,q2,1.7007
sdn,2010,q3,4.8743
sdn,2010,q4,13.0633
sdn,2010,q5,21.5839
sdn,2014,q1,3.653
sdn,2014,q2,4.9566
sdn,2014,q3,9.0642
sdn,2014,q4,16.0706
sdn,2014,q5,24.4782
sen,1997,q1,0.9504
sen,1997,q2,1.6289
sen,1997,q3,4.7664
sen,1997,q4,11.6099
sen,1997,q5,23.5724
sen,2005,q1,2.6091
sen,2005,q2,4.7318
sen,2005,q3,8.8045
sen,2005,q4,13.7785
sen,2005,q5,21.9485
sen,2010,q1,4.3043
sen,2010,q2,6.669
sen,2010,q3,11.6779
sen,2010,q4,14.9968
sen,2010,q5,22.678
sen,2012,q1,5.8035
sen,2012,q2,8.6267
sen,2012,q3,15.7977
sen,2012,q4,20.4285
sen,2012,q5,29.708
sen,2014,q1,10.5321
sen,2014,q2,13.3032
sen,2014,q3,19.4212
sen,2014,q4,28.6254
sen,2014,q5,29.0245
sen,2015,q1,11.4232
sen,2015,q2,15.0714
sen,2015,q3,21.797
sen,2015,q4,25.5445
sen,2015,q5,32.1364
sen,2016,q1,12.9523
sen,2016,q2,17.9371
sen,2016,q3,26.4584
sen,2016,q4,28.9478
sen,2016,q5,28.554
sen,2017,q1,16.3513
sen,2017,q2,18.7954
sen,2017,q3,26.0962
sen,2017,q4,35.1471
sen,2017,q5,35.6339
sen,2018,q1,14.4391
sen,2018,q2,22.4765
sen,2018,q3,24.5981
sen,2018,q4,30.21
sen,2018,q5,33.36
sen,2019,q1,16.5619
sen,2019,q2,21.1608
sen,2019,q3,27.2595
sen,2019,q4,29.9983
sen,2019,q5,32.4047
sle,2005,q1,0.9997
sle,2005,q2,0.5627
sle,2005,q3,1.7538
sle,2005,q4,5.1605
sle,2005,q5,16.181
sle,2008,q1,1.9849
sle,2008,q2,2.2805
sle,2008,q3,2.8858
sle,2008,q4,8.339
sle,2008,q5,16.9792
sle,2010,q1,5.3646
sle,2010,q2,4.957
sle,2010,q3,8.8475
sle,2010,q4,12.356
sle,2010,q5,21.0333
sle,2013,q1,9.9168
sle,2013,q2,10.4476
sle,2013,q3,11.6348
sle,2013,q4,18.2798
sle,2013,q5,25.8342
sle,2017,q1,14.2213
sle,2017,q2,15.6607
sle,2017,q3,19.034
sle,2017,q4,30.7419
sle,2017,q5,29.2029
sle,2019,q1,15.4873
sle,2019,q2,17.5203
sle,2019,q3,20.6536
sle,2019,q4,25.7325
sle,2019,q5,25.6837
slv,1993,q1,30.3506
slv,1993,q2,42.8846
slv,1993,q3,52.8321
slv,1993,q4,55.1541
slv,1993,q5,63.964
slv,1998,q1,35.8155
slv,1998,q2,49.7668
slv,1998,q3,58.8155
slv,1998,q4,60.2824
slv,1998,q5,66.6729
slv,2002,q1,47.6047
slv,2002,q2,61.2834
slv,2002,q3,65.603
slv,2002,q4,69.3719
slv,2002,q5,63.9248
slv,2008,q1,60.1116
slv,2008,q2,63.726
slv,2008,q3,64.5526
slv,2008,q4,67.2746
slv,2008,q5,68.6725
slv,2014,q1,62.3366
slv,2014,q2,67.0807
slv,2014,q3,69.3343
slv,2014,q4,70.5507
slv,2014,q5,68.2104
som,2006,q1,0.1209
som,2006,q2,0.1952
som,2006,q3,0.2181
som,2006,q4,1.8133
som,2006,q5,3.8508
srb,2005,q1,9.6545
srb,2005,q2,13.8609
srb,2005,q3,17.962
srb,2005,q4,20.5535
srb,2005,q5,30.209
srb,2010,q1,10.5312
srb,2010,q2,17.0483
srb,2010,q3,20.2432
srb,2010,q4,25.0526
srb,2010,q5,31.4733
srb,2014,q1,9.6575
srb,2014,q2,13.8581
srb,2014,q3,13.9691
srb,2014,q4,24.5929
srb,2014,q5,25.2562
srb,2019,q1,12.7831
srb,2019,q2,17.641
srb,2019,q3,22.1314
srb,2019,q4,22.6333
srb,2019,q5,26.511
ssd,2010,q1,0.152
ssd,2010,q2,0.6089
ssd,2010,q3,0.3224
ssd,2010,q4,1.4213
ssd,2010,q5,3.6217
stp,2008,q1,30.4665
stp,2008,q2,32.1735
stp,2008,q3,30.4696
stp,2008,q4,36.1616
stp,2008,q5,35.8066
stp,2014,q1,35.1906
stp,2014,q2,36.7644
stp,2014,q3,40.2472
stp,2014,q4,39.5765
stp,2014,q5,35.2403
stp,2019,q1,44.7592
stp,2019,q2,45.8211
stp,2019,q3,46.4261
stp,2019,q4,50.0721
stp,2019,q5,42.0901
sur,2006,q1,29.0814
sur,2006,q2,43.5159
sur,2006,q3,49.1872
sur,2006,q4,48.2798
sur,2006,q5,51.3457
sur,2010,q1,31.5762
sur,2010,q2,47.6844
sur,2010,q3,48.1796
sur,2010,q4,49.2665
sur,2010,q5,54.9848
sur,2018,q1,29.2038
sur,2018,q2,39.7483
sur,2018,q3,38.7918
sur,2018,q4,40.2128
sur,2018,q5,44.0964
swz,2006,q1,32.9674
swz,2006,q2,39.4595
swz,2006,q3,49.4338
swz,2006,q4,47.2496
swz,2006,q5,58.7935
swz,2010,q1,55.3583
swz,2010,q2,59.8761
swz,2010,q3,61.6241
swz,2010,q4,65.9541
swz,2010,q5,68.1821
swz,2014,q1,60.3123
swz,2014,q2,62.3519
swz,2014,q3,63.9949
swz,2014,q4,66.3213
swz,2014,q5,71.6311
syr,2006,q1,29.4044
syr,2006,q2,36.5636
syr,2006,q3,43.6344
syr,2006,q4,47.7118
syr,2006,q5,52.4915
tca,2019,q1,46.1693
tca,2019,q2,39.0486
tca,2019,q3,25.9871
tca,2019,q4,23.0551
tca,2019,q5,34.1571
tcd,1996,q1,0.0607
tcd,1996,q2,0.2363
tcd,1996,q3,0.1253
tcd,1996,q4,1.0264
tcd,1996,q5,4.7812
tcd,2004,q1,0
tcd,2004,q2,0.174
tcd,2004,q3,0.9616
tcd,2004,q4,0.3867
tcd,2004,q5,7.3157
tcd,2010,q1,0.2201
tcd,2010,q2,0.439
tcd,2010,q3,0.5172
tcd,2010,q4,1.1406
tcd,2010,q5,6.0908
tcd,2014,q1,2.4077
tcd,2014,q2,3.3159
tcd,2014,q3,3.1221
tcd,2014,q4,2.1345
tcd,2014,q5,9.678
tcd,2019,q1,1.7489
tcd,2019,q2,2.4528
tcd,2019,q3,4.1105
tcd,2019,q4,5.419
tcd,2019,q5,11.6259
tgo,1998,q1,3.2538
tgo,1998,q2,4.943
tgo,1998,q3,6.9746
tgo,1998,q4,7.4849
tgo,1998,q5,12.5086
tgo,2006,q1,6.4606
tgo,2006,q2,8.9421
tgo,2006,q3,9.2071
tgo,2006,q4,13.4277
tgo,2006,q5,16.1896
tgo,2010,q1,10.5274
tgo,2010,q2,10.4135
tgo,2010,q3,12.3216
tgo,2010,q4,13.9095
tgo,2010,q5,17.9845
tgo,2013,q1,15.4951
tgo,2013,q2,16.662
tgo,2013,q3,16.5176
tgo,2013,q4,16.3896
tgo,2013,q5,20.8111
tgo,2017,q1,14.6548
tgo,2017,q2,18.7399
tgo,2017,q3,18.9802
tgo,2017,q4,24.9866
tgo,2017,q5,25.5732
tha,2005,q1,78.5699
tha,2005,q2,78.7508
tha,2005,q3,74.8787
tha,2005,q4,73.6205
tha,2005,q5,70.3677
tha,2012,q1,81.0321
tha,2012,q2,78.8315
tha,2012,q3,78.0413
tha,2012,q4,77.6628
tha,2012,q5,69.8928
tha,2015,q1,81.5791
tha,2015,q2,76.3447
tha,2015,q3,76.7624
tha,2015,q4,74.2709
tha,2015,q5,69.6516
tha,2019,q1,70.9209
tha,2019,q2,74.0539
tha,2019,q3,72.8121
tha,2019,q4,71.4861
tha,2019,q5,67.0316
tjk,2005,q1,25.9409
tjk,2005,q2,32.431
tjk,2005,q3,31.5858
tjk,2005,q4,35.5029
tjk,2005,q5,39.0364
tjk,2012,q1,23.2941
tjk,2012,q2,22.691
tjk,2012,q3,23.5064
tjk,2012,q4,25.6447
tjk,2012,q5,33.1416
tjk,2017,q1,24.5403
tjk,2017,q2,22.488
tjk,2017,q3,25.6567
tjk,2017,q4,28.2069
tjk,2017,q5,29.9972
tkm,2006,q1,42.5267
tkm,2006,q2,45.7617
tkm,2006,q3,46.6706
tkm,2006,q4,48.3015
tkm,2006,q5,46.2371
tkm,2015,q1,41.9824
tkm,2015,q2,47.3269
tkm,2015,q3,50.6251
tkm,2015,q4,47.9787
tkm,2015,q5,47.5609
tkm,2019,q1,44.784
tkm,2019,q2,44.2823
tkm,2019,q3,46.902
tkm,2019,q4,44.2493
tkm,2019,q5,56.1236
tls,2009,q1,14.4689
tls,2009,q2,15.2885
tls,2009,q3,16.7863
tls,2009,q4,23.9178
tls,2009,q5,30.3652
tls,2016,q1,23.3041
tls,2016,q2,21.2955
tls,2016,q3,23.9451
tls,2016,q4,25.1286
tls,2016,q5,23.5999
ton,2019,q1,21.3364
ton,2019,q2,25.1679
ton,2019,q3,29.7425
ton,2019,q4,26.7484
ton,2019,q5,23.1801
tto,2006,q1,36.8214
tto,2006,q2,33.6314
tto,2006,q3,34.6718
tto,2006,q4,38.5012
tto,2006,q5,44.5
tto,2011,q1,36.8591
tto,2011,q2,35.3569
tto,2011,q3,36.6711
tto,2011,q4,38.8389
tto,2011,q5,39.8187
tun,2011,q1,54.5446
tun,2011,q2,54.6742
tun,2011,q3,48.9282
tun,2011,q4,47.326
tun,2011,q5,45.9164
tun,2018,q1,67.2228
tun,2018,q2,64.2744
tun,2018,q3,63.3994
tun,2018,q4,60.1083
tun,2018,q5,63.1775
tur,1993,q1,20.9671
tur,1993,q2,29.403
tur,1993,q3,33.1047
tur,1993,q4,38.5264
tur,1993,q5,45.5441
tur,1998,q1,23.5762
tur,1998,q2,32.2109
tur,1998,q3,37.7233
tur,1998,q4,41.94
tur,1998,q5,48.023
tur,2003,q1,29.9825
tur,2003,q2,37.5868
tur,2003,q3,40.6929
tur,2003,q4,46.4799
tur,2003,q5,52.0927
tur,2013,q1,37.6463
tur,2013,q2,42.1106
tur,2013,q3,46.8631
tur,2013,q4,51.675
tur,2013,q5,54.493
tuv,2019,q1,20.1874
tuv,2019,q2,25.7023
tuv,2019,q3,25.8641
tuv,2019,q4,21.8144
tuv,2019,q5,17.4063
tza,1996,q1,5.1527
tza,1996,q2,7.5806
tza,1996,q3,10.0231
tza,1996,q4,14.3195
tza,1996,q5,28.9818
tza,1999,q1,5.6392
tza,1999,q2,12.7705
tza,1999,q3,11.8124
tza,1999,q4,20.3525
tza,1999,q5,32.1069
tza,2004,q1,9.9839
tza,2004,q2,12.2197
tza,2004,q3,15.2588
tza,2004,q4,23.4032
tza,2004,q5,35.7037
tza,2010,q1,17.6965
tza,2010,q2,19.7605
tza,2010,q3,21.856
tza,2010,q4,34.0269
tza,2010,q5,36.7721
tza,2015,q1,19.8172
tza,2015,q2,27.3738
tza,2015,q3,34.9911
tza,2015,q4,40.1061
tza,2015,q5,34.9151
uga,1995,q1,2.0641
uga,1995,q2,2.6774
uga,1995,q3,4.0711
uga,1995,q4,6.229
uga,1995,q5,25.7869
uga,2000,q1,5.1906
uga,2000,q2,5.404
uga,2000,q3,7.7418
uga,2000,q4,16.2548
uga,2000,q5,37.2899
uga,2006,q1,7.167
uga,2006,q2,12.1421
uga,2006,q3,13.1096
uga,2006,q4,20.1258
uga,2006,q5,37.8871
uga,2011,q1,12.673
uga,2011,q2,21.2164
uga,2011,q3,24.5188
uga,2011,q4,30.9482
uga,2011,q5,38.528
uga,2016,q1,21.2707
uga,2016,q2,31.1506
uga,2016,q3,34.9012
uga,2016,q4,38.4867
uga,2016,q5,40.4157
ukr,2005,q1,43.3202
ukr,2005,q2,53.4884
ukr,2005,q3,58.3914
ukr,2005,q4,66.3007
ukr,2005,q5,66.5864
ukr,2007,q1,35.9741
ukr,2007,q2,45.1079
ukr,2007,q3,47.1814
ukr,2007,q4,50.6973
ukr,2007,q5,52.7227
ukr,2012,q1,34.6514
ukr,2012,q2,42.993
ukr,2012,q3,49.0233
ukr,2012,q4,53.8879
ukr,2012,q5,49.6093
uzb,1996,q1,46.0174
uzb,1996,q2,55.1142
uzb,1996,q3,55.5204
uzb,1996,q4,47.7313
uzb,1996,q5,52.2244
uzb,2006,q1,61.0726
uzb,2006,q2,60.2024
uzb,2006,q3,61.1113
uzb,2006,q4,57.452
uzb,2006,q5,56.7433
vnm,1997,q1,47.004
vnm,1997,q2,57.3251
vnm,1997,q3,59.5324
vnm,1997,q4,59.3771
vnm,1997,q5,55.4628
vnm,2002,q1,57.8701
vnm,2002,q2,57.8974
vnm,2002,q3,58.1469
vnm,2002,q4,57.9828
vnm,2002,q5,51.65
vnm,2006,q1,65.6329
vnm,2006,q2,64.6059
vnm,2006,q3,59.7195
vnm,2006,q4,58.3535
vnm,2006,q5,56.3999
vnm,2010,q1,65.1164
vnm,2010,q2,61.7851
vnm,2010,q3,60.1499
vnm,2010,q4,55.2001
vnm,2010,q5,57.7273
vnm,2013,q1,61.1747
vnm,2013,q2,58.9223
vnm,2013,q3,55.6598
vnm,2013,q4,52.9714
vnm,2013,q5,56.6506
vut,2007,q1,28.3429
vut,2007,q2,39.4949
vut,2007,q3,33.5259
vut,2007,q4,38.6765
vut,2007,q5,43.7965
wsm,2019,q1,16.2663
wsm,2019,q2,16.5713
wsm,2019,q3,13.7684
wsm,2019,q4,15.9584
wsm,2019,q5,15.3177
yem,2006,q1,4.9069
yem,2006,q2,9.0229
yem,2006,q3,19.2379
yem,2006,q4,28.8528
yem,2006,q5,34.8183
yem,2013,q1,8.4263
yem,2013,q2,16.4133
yem,2013,q3,27.1336
yem,2013,q4,32.3472
yem,2013,q5,38.8335
zaf,1998,q1,33.9803
zaf,1998,q2,45.1063
zaf,1998,q3,54.475
zaf,1998,q4,62.1273
zaf,1998,q5,70.3438
zaf,2016,q1,53.5966
zaf,2016,q2,50.4714
zaf,2016,q3,53.2682
zaf,2016,q4,57.7915
zaf,2016,q5,55.0507
zmb,1996,q1,6.0046
zmb,1996,q2,10.8546
zmb,1996,q3,9.0385
zmb,1996,q4,19.0478
zmb,1996,q5,32.1146
zmb,2001,q1,8.1415
zmb,2001,q2,10.5304
zmb,2001,q3,15.8328
zmb,2001,q4,28.7556
zmb,2001,q5,50.9539
zmb,2007,q1,16.6215
zmb,2007,q2,17.3016
zmb,2007,q3,17.7111
zmb,2007,q4,35.529
zmb,2007,q5,46.4292
zmb,2013,q1,30.5919
zmb,2013,q2,38.3151
zmb,2013,q3,43.8862
zmb,2013,q4,49.0129
zmb,2013,q5,56.5928
zmb,2018,q1,37.2466
zmb,2018,q2,42.066
zmb,2018,q3,49.8831
zmb,2018,q4,53.0827
zmb,2018,q5,49.7252
zwe,1994,q1,31.1662
zwe,1994,q2,32.7187
zwe,1994,q3,37.9914
zwe,1994,q4,49.9254
zwe,1994,q5,55.7862
zwe,1999,q1,39.9484
zwe,1999,q2,41.1177
zwe,1999,q3,42.0423
zwe,1999,q4,53.1049
zwe,1999,q5,66.5866
zwe,2005,q1,44.1876
zwe,2005,q2,54.4971
zwe,2005,q3,54.1478
zwe,2005,q4,64.7199
zwe,2005,q5,70.4348
zwe,2009,q1,55.3203
zwe,2009,q2,62.0118
zwe,2009,q3,61.2048
zwe,2009,q4,67.6941
zwe,2009,q5,67.6472
zwe,2010,q1,52.2216
zwe,2010,q2,52.8592
zwe,2010,q3,56.02
zwe,2010,q4,59.8457
zwe,2010,q5,63.601
zwe,2014,q1,61.8293
zwe,2014,q2,63.2844
zwe,2014,q3,65.4889
zwe,2014,q4,69.3049
zwe,2014,q5,70.1921
zwe,2015,q1,61.489
zwe,2015,q2,61.1811
zwe,2015,q3,63.1329
zwe,2015,q4,68.5641
zwe,2015,q5,71.8772
