country,time,quintile,vmsl
afg,2010,q1,42.3554
afg,2010,q2,54.1116
afg,2010,q3,51.3265
afg,2010,q4,57.8635
afg,2010,q5,67.6186
afg,2015,q1,56.0704
afg,2015,q2,56.6976
afg,2015,q3,53.6679
afg,2015,q4,64.683
afg,2015,q5,68.8662
ago,2015,q1,31.149
ago,2015,q2,42.2793
ago,2015,q3,63.181
ago,2015,q4,71.9145
ago,2015,q5,85.434
alb,2008,q1,100
alb,2008,q2,96.9109
alb,2008,q3,93.6065
alb,2008,q4,94.3151
alb,2008,q5,100
alb,2017,q1,85.1673
alb,2017,q2,76.6138
alb,2017,q3,84.2466
alb,2017,q4,82.6421
alb,2017,q5,62.001
arm,2000,q1,69.3853
arm,2000,q2,72.4841
arm,2000,q3,78.8354
arm,2000,q4,81.2934
arm,2000,q5,74.1102
arm,2005,q1,71.6135
arm,2005,q2,74.216
arm,2005,q3,86.5488
arm,2005,q4,71.069
arm,2005,q5,60.699
arm,2010,q1,94.5647
arm,2010,q2,99.1131
arm,2010,q3,96.8167
arm,2010,q4,94.1343
arm,2010,q5,91.7885
arm,2015,q1,91.3501
arm,2015,q2,85.9289
arm,2015,q3,88.6759
arm,2015,q4,86.947
arm,2015,q5,80.6877
aze,2006,q1,49.6665
aze,2006,q2,63.8866
aze,2006,q3,60.3584
aze,2006,q4,62.4394
aze,2006,q5,83.4397
bdi,2005,q1,76.2916
bdi,2005,q2,79.3105
bdi,2005,q3,72.1591
bdi,2005,q4,77.3102
bdi,2005,q5,76.5281
bdi,2010,q1,91.2118
bdi,2010,q2,94.1417
bdi,2010,q3,94.6978
bdi,2010,q4,95.7765
bdi,2010,q5,96.24
bdi,2016,q1,91.7609
bdi,2016,q2,94.4427
bdi,2016,q3,94.6728
bdi,2016,q4,94.1761
bdi,2016,q5,93.7861
ben,1996,q1,48.6583
ben,1996,q2,59.7652
ben,1996,q3,71.2366
ben,1996,q4,70.1041
ben,1996,q5,79.9372
ben,2001,q1,56.8755
ben,2001,q2,61.7638
ben,2001,q3,65.5215
ben,2001,q4,75.6771
ben,2001,q5,83.0548
ben,2006,q1,48.1617
ben,2006,q2,56.5374
ben,2006,q3,63.666
ben,2006,q4,63.2492
ben,2006,q5,76.429
ben,2011,q1,53.6505
ben,2011,q2,62.6511
ben,2011,q3,71.9431
ben,2011,q4,76.7402
ben,2011,q5,84.6569
ben,2014,q1,57.5931
ben,2014,q2,67.3729
ben,2014,q3,66.6658
ben,2014,q4,71.3169
ben,2014,q5,87.9665
ben,2017,q1,52.8896
ben,2017,q2,61.8612
ben,2017,q3,73.2351
ben,2017,q4,72.2402
ben,2017,q5,79.9096
bfa,1998,q1,31.0397
bfa,1998,q2,44.3603
bfa,1998,q3,41.0074
bfa,1998,q4,48.9979
bfa,1998,q5,68.3586
bfa,2003,q1,48.2776
bfa,2003,q2,54.4588
bfa,2003,q3,53.8717
bfa,2003,q4,54.6302
bfa,2003,q5,71.25
bfa,2006,q1,71.6986
bfa,2006,q2,69.8341
bfa,2006,q3,74.6613
bfa,2006,q4,76.1273
bfa,2006,q5,83.2432
bfa,2010,q1,78.1303
bfa,2010,q2,85.9721
bfa,2010,q3,89.339
bfa,2010,q4,91.6909
bfa,2010,q5,92.5434
bgd,1993,q1,57.6857
bgd,1993,q2,64.4736
bgd,1993,q3,71.1537
bgd,1993,q4,75.9038
bgd,1993,q5,80.2331
bgd,1996,q1,62.1008
bgd,1996,q2,59.8288
bgd,1996,q3,74.1343
bgd,1996,q4,78.4843
bgd,1996,q5,82.6458
bgd,1999,q1,59.1223
bgd,1999,q2,67.1259
bgd,1999,q3,72.6223
bgd,1999,q4,76.6304
bgd,1999,q5,85.9625
bgd,2004,q1,59.5242
bgd,2004,q2,79.2151
bgd,2004,q3,76.3164
bgd,2004,q4,80.5472
bgd,2004,q5,90.5303
bgd,2006,q1,82.4683
bgd,2006,q2,83.5025
bgd,2006,q3,87.1222
bgd,2006,q4,91.6896
bgd,2006,q5,93.4926
bgd,2007,q1,80.1644
bgd,2007,q2,76.9736
bgd,2007,q3,80.0599
bgd,2007,q4,89.4708
bgd,2007,q5,89.2447
bgd,2011,q1,79.2386
bgd,2011,q2,87.4507
bgd,2011,q3,88.141
bgd,2011,q4,90.4339
bgd,2011,q5,93.564
bgd,2014,q1,73.3576
bgd,2014,q2,85.7387
bgd,2014,q3,88.8204
bgd,2014,q4,91.0311
bgd,2014,q5,93.8997
bgd,2017,q1,88.5667
bgd,2017,q2,87.4337
bgd,2017,q3,91.8913
bgd,2017,q4,89.2295
bgd,2017,q5,94.1365
bih,2006,q1,67.9432
bih,2006,q2,76.0353
bih,2006,q3,72.2917
bih,2006,q4,82.3054
bih,2006,q5,73.6213
bih,2011,q1,88.7559
bih,2011,q2,83.4941
bih,2011,q3,92.9931
bih,2011,q4,87.8499
bih,2011,q5,80.4743
blr,2005,q1,100
blr,2005,q2,96.6438
blr,2005,q3,98.5221
blr,2005,q4,97.5395
blr,2005,q5,98.0457
blz,1991,q1,81.5287
blz,1991,q2,86.3309
blz,1991,q3,88.3929
blz,1991,q4,66.25
blz,1991,q5,84.4444
blz,2011,q1,79.5071
blz,2011,q2,86.3455
blz,2011,q3,91.6569
blz,2011,q4,92.7505
blz,2011,q5,85.1814
blz,2015,q1,75.4174
blz,2015,q2,79.9373
blz,2015,q3,77.9417
blz,2015,q4,85.3514
blz,2015,q5,75.526
bol,1994,q1,40.491
bol,1994,q2,47.258
bol,1994,q3,59.6442
bol,1994,q4,65.9008
bol,1994,q5,79.1182
bol,1998,q1,45.0938
bol,1998,q2,45.4824
bol,1998,q3,48.8937
bol,1998,q4,57.8481
bol,1998,q5,66.1346
bol,2003,q1,62.2689
bol,2003,q2,57.3861
bol,2003,q3,61.232
bol,2003,q4,70.3792
bol,2003,q5,73.6982
bol,2008,q1,87.6694
bol,2008,q2,84.8387
bol,2008,q3,82.7159
bol,2008,q4,86.4644
bol,2008,q5,88.0687
bol,2016,q1,93.253
bol,2016,q2,89.8315
bol,2016,q3,93.5705
bol,2016,q4,89.1254
bol,2016,q5,91.2956
bra,1996,q1,77.9359
bra,1996,q2,86.8184
bra,1996,q3,96.0059
bra,1996,q4,91.3462
bra,1996,q5,90.2253
caf,1994,q1,31.3076
caf,1994,q2,46.5265
caf,1994,q3,41.2619
caf,1994,q4,61.1966
caf,1994,q5,79.8239
caf,2006,q1,49.648
caf,2006,q2,53.8091
caf,2006,q3,61.3274
caf,2006,q4,71.9056
caf,2006,q5,75.473
caf,2010,q1,41.3925
caf,2010,q2,48.3268
caf,2010,q3,58.4587
caf,2010,q4,61.6123
caf,2010,q5,73.7348
caf,2018,q1,26.0031
caf,2018,q2,32.2391
caf,2018,q3,37.2243
caf,2018,q4,48.1424
caf,2018,q5,67.413
civ,1994,q1,30.7636
civ,1994,q2,45.1833
civ,1994,q3,51.9075
civ,1994,q4,63.8236
civ,1994,q5,78.5636
civ,1998,q1,46.2687
civ,1998,q2,72.0684
civ,1998,q3,55.0726
civ,1998,q4,76.0665
civ,1998,q5,95.2189
civ,2006,q1,65.8131
civ,2006,q2,75.7663
civ,2006,q3,87.7752
civ,2006,q4,94.3994
civ,2006,q5,96.4735
civ,2011,q1,53.9353
civ,2011,q2,56.802
civ,2011,q3,64.9539
civ,2011,q4,69.0182
civ,2011,q5,83.1262
civ,2016,q1,45.9975
civ,2016,q2,55.5199
civ,2016,q3,51.7445
civ,2016,q4,64.3088
civ,2016,q5,69.8013
cmr,1998,q1,36.6214
cmr,1998,q2,36.8293
cmr,1998,q3,60.7754
cmr,1998,q4,69.1615
cmr,1998,q5,78.1583
cmr,2004,q1,52.0554
cmr,2004,q2,60.1378
cmr,2004,q3,67.2992
cmr,2004,q4,67.9152
cmr,2004,q5,83.2495
cmr,2006,q1,69.1634
cmr,2006,q2,79.2604
cmr,2006,q3,71.2024
cmr,2006,q4,83.2656
cmr,2006,q5,89.8363
cmr,2011,q1,51.5716
cmr,2011,q2,66.0481
cmr,2011,q3,75.8358
cmr,2011,q4,78.4308
cmr,2011,q5,86.3204
cmr,2014,q1,64.5083
cmr,2014,q2,84.2422
cmr,2014,q3,93.2851
cmr,2014,q4,94.0875
cmr,2014,q5,93.7038
cmr,2018,q1,47.5497
cmr,2018,q2,60.8699
cmr,2018,q3,65.004
cmr,2018,q4,74.6978
cmr,2018,q5,86.2865
cod,2007,q1,51.1824
cod,2007,q2,56.4217
cod,2007,q3,60.4196
cod,2007,q4,67.0438
cod,2007,q5,85.3094
cod,2010,q1,60.7573
cod,2010,q2,64.5628
cod,2010,q3,72.1879
cod,2010,q4,77.1871
cod,2010,q5,84.7412
cod,2013,q1,61.849
cod,2013,q2,67.317
cod,2013,q3,72.5904
cod,2013,q4,75.199
cod,2013,q5,84.323
cod,2017,q1,43.1936
cod,2017,q2,48.6661
cod,2017,q3,56.3502
cod,2017,q4,65.8298
cod,2017,q5,79.9676
cog,2005,q1,48.454
cog,2005,q2,61.9049
cog,2005,q3,67.455
cog,2005,q4,76.3333
cog,2005,q5,84.3471
cog,2011,q1,58.794
cog,2011,q2,70.1036
cog,2011,q3,80.1055
cog,2011,q4,84.9348
cog,2011,q5,87.0554
cog,2014,q1,49.9626
cog,2014,q2,66.8026
cog,2014,q3,67.0576
cog,2014,q4,73.7024
cog,2014,q5,74.8535
col,1995,q1,77.0447
col,1995,q2,81.3665
col,1995,q3,86.3857
col,1995,q4,89.8048
col,1995,q5,89.9417
col,2000,q1,65.1602
col,2000,q2,67.0117
col,2000,q3,73.0789
col,2000,q4,78.9018
col,2000,q5,73.6521
col,2005,q1,69.4338
col,2005,q2,83.429
col,2005,q3,86.4877
col,2005,q4,88.9144
col,2005,q5,90.0181
col,2010,q1,77.3801
col,2010,q2,79.6718
col,2010,q3,84.1759
col,2010,q4,86.1517
col,2010,q5,79.3935
com,1996,q1,51.1364
com,1996,q2,55.7895
com,1996,q3,65.4545
com,1996,q4,70.3704
com,1996,q5,86
com,2012,q1,62.5093
com,2012,q2,70.1201
com,2012,q3,83.2296
com,2012,q4,83.6301
com,2012,q5,79.7781
cri,1992,q1,87.3239
cri,1992,q2,89.0244
cri,1992,q3,94.0298
cri,1992,q4,92.0635
cri,1992,q5,88.8889
cri,2011,q1,96.3843
cri,2011,q2,98.0395
cri,2011,q3,94.9375
cri,2011,q4,95.7507
cri,2011,q5,98.6946
cri,2018,q1,75.1174
cri,2018,q2,79.1875
cri,2018,q3,79.0087
cri,2018,q4,58.4525
cri,2018,q5,79.1059
cub,2019,q1,85.2512
cub,2019,q2,86.9859
cub,2019,q3,86.6271
cub,2019,q4,87.7233
cub,2019,q5,83.336
dom,1996,q1,69.658
dom,1996,q2,67.6469
dom,1996,q3,84.5211
dom,1996,q4,86.7942
dom,1996,q5,87.9747
dom,2002,q1,83.4244
dom,2002,q2,88.9195
dom,2002,q3,88.2332
dom,2002,q4,88.4179
dom,2002,q5,94.0476
dom,2007,q1,73.0024
dom,2007,q2,80.5362
dom,2007,q3,78.3377
dom,2007,q4,79.2734
dom,2007,q5,87.2996
dom,2013,q1,74.2797
dom,2013,q2,82.1171
dom,2013,q3,81.8216
dom,2013,q4,83.3864
dom,2013,q5,80.4347
dom,2014,q1,59.4904
dom,2014,q2,66.3872
dom,2014,q3,77.303
dom,2014,q4,67.9085
dom,2014,q5,73.1615
dom,2019,q1,64.6825
dom,2019,q2,70.0242
dom,2019,q3,77.4137
dom,2019,q4,68.7996
dom,2019,q5,67.8173
dza,2012,q1,84.2532
dza,2012,q2,90.5807
dza,2012,q3,92.0044
dza,2012,q4,93.9557
dza,2012,q5,90.1458
dza,2018,q1,77.037
dza,2018,q2,84.8512
dza,2018,q3,86.6271
dza,2018,q4,84.6491
dza,2018,q5,90.3943
ecu,1994,q1,67.0469
ecu,1994,q2,75.709
ecu,1994,q3,74.1731
ecu,1994,q4,81.2325
ecu,1994,q5,87.1714
ecu,1999,q1,65.8637
ecu,1999,q2,72.1364
ecu,1999,q3,79.3563
ecu,1999,q4,83.0065
ecu,1999,q5,87.8443
ecu,2004,q1,51.9112
ecu,2004,q2,59.4725
ecu,2004,q3,77.0094
ecu,2004,q4,69.9288
ecu,2004,q5,76.4809
ecu,2012,q1,73.4957
ecu,2012,q2,77.1286
ecu,2012,q3,70.2625
ecu,2012,q4,72.6504
ecu,2012,q5,84.42
ecu,2018,q1,73.3708
ecu,2018,q2,76.4147
ecu,2018,q3,73.4132
ecu,2018,q4,77.8744
ecu,2018,q5,75.1934
egy,1995,q1,79.9266
egy,1995,q2,82.5822
egy,1995,q3,91.7258
egy,1995,q4,94.2999
egy,1995,q5,99.4782
egy,2000,q1,94.9852
egy,2000,q2,96.0733
egy,2000,q3,97.2016
egy,2000,q4,97.3596
egy,2000,q5,98.9924
egy,2005,q1,95.0569
egy,2005,q2,95.4331
egy,2005,q3,97.8092
egy,2005,q4,97.3923
egy,2005,q5,97.1673
egy,2008,q1,97.5225
egy,2008,q2,97.9851
egy,2008,q3,97.9519
egy,2008,q4,98.953
egy,2008,q5,99.238
egy,2014,q1,92.352
egy,2014,q2,96.7133
egy,2014,q3,96.9054
egy,2014,q4,96.8768
egy,2014,q5,95.3761
eth,2000,q1,18.2267
eth,2000,q2,15.9408
eth,2000,q3,22.3186
eth,2000,q4,29.8125
eth,2000,q5,52.1924
eth,2005,q1,24.8935
eth,2005,q2,28.9584
eth,2005,q3,37.6217
eth,2005,q4,36.1462
eth,2005,q5,52.5167
eth,2011,q1,45.3072
eth,2011,q2,52.026
eth,2011,q3,51.9748
eth,2011,q4,56.391
eth,2011,q5,79.7245
eth,2016,q1,43.2236
eth,2016,q2,49.9391
eth,2016,q3,54.41
eth,2016,q4,58.6162
eth,2016,q5,74.2983
eth,2019,q1,42.1105
eth,2019,q2,53.8636
eth,2019,q3,46.1091
eth,2019,q4,62.1851
eth,2019,q5,82.3815
gab,2000,q1,34.0789
gab,2000,q2,52.6284
gab,2000,q3,57.2431
gab,2000,q4,62.8637
gab,2000,q5,71.2963
gab,2012,q1,73.1896
gab,2012,q2,71.9074
gab,2012,q3,77.952
gab,2012,q4,84.4544
gab,2012,q5,61.4641
gha,1993,q1,47.7941
gha,1993,q2,63.7097
gha,1993,q3,59.854
gha,1993,q4,64.1791
gha,1993,q5,89.1667
gha,1998,q1,58.93
gha,1998,q2,63.8531
gha,1998,q3,75.4207
gha,1998,q4,84.8822
gha,1998,q5,88.5006
gha,2003,q1,75.0124
gha,2003,q2,82.7724
gha,2003,q3,87.1518
gha,2003,q4,86.0537
gha,2003,q5,88.8409
gha,2006,q1,78.9292
gha,2006,q2,83.1443
gha,2006,q3,86.4336
gha,2006,q4,84.6045
gha,2006,q5,98.7276
gha,2008,q1,87.4754
gha,2008,q2,85.9834
gha,2008,q3,89.5773
gha,2008,q4,95.4715
gha,2008,q5,94.7072
gha,2011,q1,90.8615
gha,2011,q2,93.3643
gha,2011,q3,93.548
gha,2011,q4,93.1228
gha,2011,q5,98.2686
gha,2014,q1,86.4936
gha,2014,q2,89.5031
gha,2014,q3,89.2574
gha,2014,q4,88.8597
gha,2014,q5,92.9041
gha,2017,q1,85.4594
gha,2017,q2,86.9712
gha,2017,q3,83.3172
gha,2017,q4,84.8964
gha,2017,q5,91.6607
gin,1999,q1,33.1246
gin,1999,q2,42.794
gin,1999,q3,55.1266
gin,1999,q4,59.547
gin,1999,q5,72.9954
gin,2005,q1,42.0307
gin,2005,q2,44.301
gin,2005,q3,55.7439
gin,2005,q4,56.9836
gin,2005,q5,57.2144
gin,2012,q1,47.0541
gin,2012,q2,60.3306
gin,2012,q3,61.1542
gin,2012,q4,65.2727
gin,2012,q5,80.3904
gin,2016,q1,26.3558
gin,2016,q2,42.9735
gin,2016,q3,43.7596
gin,2016,q4,58.6786
gin,2016,q5,72.1167
gin,2018,q1,27.326
gin,2018,q2,31.5539
gin,2018,q3,41.9167
gin,2018,q4,43.0352
gin,2018,q5,59.3719
gmb,2005,q1,94.603
gmb,2005,q2,90.7761
gmb,2005,q3,90.1859
gmb,2005,q4,93.3646
gmb,2005,q5,90.5105
gmb,2010,q1,95.5429
gmb,2010,q2,91.7247
gmb,2010,q3,95.1702
gmb,2010,q4,94.2095
gmb,2010,q5,96.1188
gmb,2013,q1,92.9578
gmb,2013,q2,89.4287
gmb,2013,q3,89.2737
gmb,2013,q4,89.3665
gmb,2013,q5,76.1928
gmb,2018,q1,86.8491
gmb,2018,q2,87.2038
gmb,2018,q3,82.2122
gmb,2018,q4,86.9347
gmb,2018,q5,92.197
gmb,2019,q1,94.0053
gmb,2019,q2,92.2069
gmb,2019,q3,89.4323
gmb,2019,q4,88.2028
gmb,2019,q5,85.6386
gnb,2006,q1,70.1931
gnb,2006,q2,71.1928
gnb,2006,q3,71.4304
gnb,2006,q4,78.0611
gnb,2006,q5,89.7864
gnb,2014,q1,75.5959
gnb,2014,q2,81.9297
gnb,2014,q3,83.9125
gnb,2014,q4,80.5546
gnb,2014,q5,85.9679
gnb,2018,q1,72.7811
gnb,2018,q2,73.6715
gnb,2018,q3,79.5102
gnb,2018,q4,73.6134
gnb,2018,q5,79.3258
gtm,1995,q1,69.6248
gtm,1995,q2,74.1135
gtm,1995,q3,73.5359
gtm,1995,q4,78.058
gtm,1995,q5,87.8101
gtm,1998,q1,77.2783
gtm,1998,q2,81.3535
gtm,1998,q3,77.8876
gtm,1998,q4,77.2878
gtm,1998,q5,94.0865
gtm,2002,q1,69.3258
gtm,2002,q2,69.1251
gtm,2002,q3,77.0433
gtm,2002,q4,75.9914
gtm,2002,q5,75.349
gtm,2008,q1,80.3434
gtm,2008,q2,78.6797
gtm,2008,q3,76.1531
gtm,2008,q4,76.1739
gtm,2008,q5,70.7803
gtm,2014,q1,57.8048
gtm,2014,q2,59.8724
gtm,2014,q3,62.5117
gtm,2014,q4,71.4782
gtm,2014,q5,69.0451
guy,2006,q1,92.0778
guy,2006,q2,89.1136
guy,2006,q3,98.2476
guy,2006,q4,89.9599
guy,2006,q5,95.2271
guy,2009,q1,69.3737
guy,2009,q2,92.7455
guy,2009,q3,84.9684
guy,2009,q4,89.1625
guy,2009,q5,86.9811
guy,2014,q1,78.6364
guy,2014,q2,81.0616
guy,2014,q3,73.472
guy,2014,q4,79.862
guy,2014,q5,82.8241
guy,2019,q1,75.9747
guy,2019,q2,72.0774
guy,2019,q3,79.4729
guy,2019,q4,73.0123
guy,2019,q5,89.6165
hnd,1991,q1,87.1069
hnd,1991,q2,94.6154
hnd,1991,q3,88.2353
hnd,1991,q4,86.4198
hnd,1991,q5,83.3333
hnd,1996,q1,84.7169
hnd,1996,q2,87.8864
hnd,1996,q3,83.4558
hnd,1996,q4,80.1336
hnd,1996,q5,84.6713
hnd,2001,q1,79.5455
hnd,2001,q2,83.7748
hnd,2001,q3,78.9062
hnd,2001,q4,75.265
hnd,2001,q5,80.2198
hnd,2005,q1,85.2301
hnd,2005,q2,86.6213
hnd,2005,q3,85.6128
hnd,2005,q4,83.8953
hnd,2005,q5,85.4543
hnd,2011,q1,89.9623
hnd,2011,q2,87.6488
hnd,2011,q3,86.1696
hnd,2011,q4,84.8782
hnd,2011,q5,89.8245
hnd,2019,q1,92.5004
hnd,2019,q2,89.4151
hnd,2019,q3,85.2451
hnd,2019,q4,92.7106
hnd,2019,q5,90.505
hti,1994,q1,40.0606
hti,1994,q2,38.7787
hti,1994,q3,49.2198
hti,1994,q4,53.5942
hti,1994,q5,64.7186
hti,2000,q1,42.8539
hti,2000,q2,49.1464
hti,2000,q3,58.396
hti,2000,q4,58.6191
hti,2000,q5,63.2689
hti,2005,q1,50.0285
hti,2005,q2,55.7485
hti,2005,q3,63.3841
hti,2005,q4,55.9868
hti,2005,q5,66.9945
hti,2012,q1,65.0306
hti,2012,q2,64.1655
hti,2012,q3,69.2076
hti,2012,q4,62.9317
hti,2012,q5,62.8298
hti,2016,q1,51.1587
hti,2016,q2,54.7976
hti,2016,q3,57.3942
hti,2016,q4,73.489
hti,2016,q5,79.2011
idn,1997,q1,59.045
idn,1997,q2,65.6195
idn,1997,q3,72.261
idn,1997,q4,74.6017
idn,1997,q5,85.1397
idn,2002,q1,59.4622
idn,2002,q2,64.7668
idn,2002,q3,71.6908
idn,2002,q4,78.8959
idn,2002,q5,84.8689
idn,2007,q1,63.2524
idn,2007,q2,74.4269
idn,2007,q3,78.2226
idn,2007,q4,81.6098
idn,2007,q5,84.9157
idn,2012,q1,64.6852
idn,2012,q2,79.4737
idn,2012,q3,85.5292
idn,2012,q4,82.5213
idn,2012,q5,89.4876
idn,2017,q1,71.7436
idn,2017,q2,75.5049
idn,2017,q3,80.601
idn,2017,q4,82.7312
idn,2017,q5,83.7129
ind,1998,q1,28.3621
ind,1998,q2,38.6695
ind,1998,q3,52.234
ind,1998,q4,64.5298
ind,1998,q5,81.1843
ind,2005,q1,39.9323
ind,2005,q2,48.1666
ind,2005,q3,61.5557
ind,2005,q4,71.9609
ind,2005,q5,85.1758
ind,2015,q1,73.1723
ind,2015,q2,78.926
ind,2015,q3,83.0737
ind,2015,q4,85.7059
ind,2015,q5,88.7804
irq,2011,q1,62.6342
irq,2011,q2,75.4795
irq,2011,q3,77.8045
irq,2011,q4,84.1721
irq,2011,q5,84.235
irq,2018,q1,62.0273
irq,2018,q2,75.3774
irq,2018,q3,71.9316
irq,2018,q4,74.8792
irq,2018,q5,88.9212
jam,2011,q1,96.4974
jam,2011,q2,97.6621
jam,2011,q3,82.8381
jam,2011,q4,95.0473
jam,2011,q5,93.4515
jor,1997,q1,89.9434
jor,1997,q2,89.3279
jor,1997,q3,88.824
jor,1997,q4,89.6164
jor,1997,q5,92.5141
jor,2002,q1,94.5754
jor,2002,q2,94.5715
jor,2002,q3,96.2553
jor,2002,q4,96.7345
jor,2002,q5,93.9399
jor,2007,q1,91.8698
jor,2007,q2,94.8374
jor,2007,q3,96.972
jor,2007,q4,93.1828
jor,2007,q5,95.7761
jor,2012,q1,91.1504
jor,2012,q2,94.3919
jor,2012,q3,97.1828
jor,2012,q4,94.9121
jor,2012,q5,96.5094
jor,2017,q1,79.8662
jor,2017,q2,80.6038
jor,2017,q3,83.1036
jor,2017,q4,81.3595
jor,2017,q5,73.6699
kaz,1995,q1,60.9416
kaz,1995,q2,58.6378
kaz,1995,q3,80.4776
kaz,1995,q4,66.295
kaz,1995,q5,69.2164
kaz,1999,q1,73.8048
kaz,1999,q2,82.6581
kaz,1999,q3,81.4535
kaz,1999,q4,81.398
kaz,1999,q5,75.7192
kaz,2006,q1,99.0872
kaz,2006,q2,99.6234
kaz,2006,q3,98.1307
kaz,2006,q4,98.3278
kaz,2006,q5,98.992
kaz,2010,q1,92.7083
kaz,2010,q2,93.212
kaz,2010,q3,90.1553
kaz,2010,q4,95.1491
kaz,2010,q5,97.0525
kaz,2015,q1,85.9198
kaz,2015,q2,92.7757
kaz,2015,q3,89.3793
kaz,2015,q4,80.7531
kaz,2015,q5,79.8754
ken,1993,q1,69.7134
ken,1993,q2,88.4763
ken,1993,q3,82.6027
ken,1993,q4,90.3712
ken,1993,q5,89.8385
ken,1998,q1,64.2512
ken,1998,q2,79.5856
ken,1998,q3,84.6568
ken,1998,q4,83.7677
ken,1998,q5,88.6803
ken,2003,q1,54.8424
ken,2003,q2,68.1217
ken,2003,q3,79.3051
ken,2003,q4,80.2747
ken,2003,q5,87.9564
ken,2008,q1,75.6032
ken,2008,q2,80.8394
ken,2008,q3,85.4655
ken,2008,q4,89.7933
ken,2008,q5,93.9219
ken,2014,q1,76.3576
ken,2014,q2,86.9061
ken,2014,q3,88.3013
ken,2014,q4,94.5499
ken,2014,q5,93.0554
kgz,1997,q1,81.9195
kgz,1997,q2,86.2959
kgz,1997,q3,87.7658
kgz,1997,q4,85.3839
kgz,1997,q5,80.6525
kgz,2005,q1,79.843
kgz,2005,q2,82.9714
kgz,2005,q3,79.5291
kgz,2005,q4,84.5038
kgz,2005,q5,89.6715
kgz,2012,q1,99.0908
kgz,2012,q2,98.0254
kgz,2012,q3,97.1767
kgz,2012,q4,92.8432
kgz,2012,q5,95.7362
kgz,2014,q1,92.7104
kgz,2014,q2,92.5469
kgz,2014,q3,93.5959
kgz,2014,q4,91.5211
kgz,2014,q5,84.7465
kgz,2018,q1,86.3484
kgz,2018,q2,96.1971
kgz,2018,q3,87.8337
kgz,2018,q4,86.1836
kgz,2018,q5,75.7528
khm,2000,q1,43.8594
khm,2000,q2,51.2206
khm,2000,q3,55.0967
khm,2000,q4,59.6805
khm,2000,q5,81.8279
khm,2005,q1,69.8643
khm,2005,q2,75.9644
khm,2005,q3,77.155
khm,2005,q4,83.4957
khm,2005,q5,82.3708
khm,2010,q1,69.383
khm,2010,q2,80.7621
khm,2010,q3,85.8685
khm,2010,q4,87.4216
khm,2010,q5,90.3788
khm,2014,q1,65.8611
khm,2014,q2,71.7318
khm,2014,q3,77.7315
khm,2014,q4,87.5949
khm,2014,q5,94.6959
kir,2018,q1,47.2576
kir,2018,q2,50.9776
kir,2018,q3,53.04
kir,2018,q4,44.7506
kir,2018,q5,55.38
kos,2013,q1,76.7776
kos,2013,q2,76.8647
kos,2013,q3,96.3919
kos,2013,q4,93.6408
kos,2013,q5,75.7437
kos,2019,q1,70.4361
kos,2019,q2,73.7593
kos,2019,q3,89.3358
kos,2019,q4,64.7565
kos,2019,q5,58.1975
lao,2006,q1,32.3718
lao,2006,q2,31.7676
lao,2006,q3,45.2962
lao,2006,q4,43.9362
lao,2006,q5,60.2355
lao,2011,q1,50.094
lao,2011,q2,55.5003
lao,2011,q3,68.5948
lao,2011,q4,71.8997
lao,2011,q5,81.7708
lao,2017,q1,52.5495
lao,2017,q2,64.1381
lao,2017,q3,67.6445
lao,2017,q4,72.9087
lao,2017,q5,77.8003
lbr,2007,q1,45.0832
lbr,2007,q2,55.225
lbr,2007,q3,64.0029
lbr,2007,q4,74.4328
lbr,2007,q5,86.2167
lbr,2013,q1,64.9837
lbr,2013,q2,74.1496
lbr,2013,q3,73.0486
lbr,2013,q4,78.0505
lbr,2013,q5,84.1219
lbr,2019,q1,64.0405
lbr,2019,q2,73.8372
lbr,2019,q3,73.882
lbr,2019,q4,78.1378
lbr,2019,q5,87.2478
lso,2004,q1,81.8843
lso,2004,q2,87.6398
lso,2004,q3,85.2642
lso,2004,q4,84.7257
lso,2004,q5,84.5617
lso,2009,q1,67.8461
lso,2009,q2,77.4623
lso,2009,q3,82.7967
lso,2009,q4,83.8294
lso,2009,q5,91.6864
lso,2014,q1,87.5748
lso,2014,q2,85.2631
lso,2014,q3,97.1448
lso,2014,q4,91.0139
lso,2014,q5,89.733
lso,2018,q1,83.3231
lso,2018,q2,88.9507
lso,2018,q3,89.711
lso,2018,q4,96.2557
lso,2018,q5,92.5572
mar,2003,q1,83.1154
mar,2003,q2,86.8986
mar,2003,q3,91.3192
mar,2003,q4,95.8593
mar,2003,q5,97.5653
mda,2005,q1,90.759
mda,2005,q2,93.4989
mda,2005,q3,96.3307
mda,2005,q4,81.0068
mda,2005,q5,91.0106
mda,2012,q1,98.7184
mda,2012,q2,96.8656
mda,2012,q3,93.6857
mda,2012,q4,87.378
mda,2012,q5,85.7896
mdg,1997,q1,32.1316
mdg,1997,q2,34.4123
mdg,1997,q3,38.6877
mdg,1997,q4,60.7839
mdg,1997,q5,78.9033
mdg,2003,q1,38.4355
mdg,2003,q2,48.7656
mdg,2003,q3,58.7067
mdg,2003,q4,79.2988
mdg,2003,q5,83.9711
mdg,2008,q1,50.993
mdg,2008,q2,62.0341
mdg,2008,q3,73.4618
mdg,2008,q4,83.5136
mdg,2008,q5,90.4665
mdg,2018,q1,36.3787
mdg,2018,q2,51.8672
mdg,2018,q3,59.1725
mdg,2018,q4,67.309
mdg,2018,q5,76.374
mdv,2009,q1,95.9671
mdv,2009,q2,97.3927
mdv,2009,q3,93.5222
mdv,2009,q4,92.0583
mdv,2009,q5,93.6843
mdv,2016,q1,88.3345
mdv,2016,q2,89.4758
mdv,2016,q3,85.7066
mdv,2016,q4,91.2656
mdv,2016,q5,87.4485
mex,2015,q1,74.7361
mex,2015,q2,60.8063
mex,2015,q3,51.7654
mex,2015,q4,58.3197
mex,2015,q5,74.0459
mex,2018,q1,57.5763
mex,2018,q2,58.8859
mex,2018,q3,60.9816
mex,2018,q4,65.1206
mex,2018,q5,65.8839
mkd,2005,q1,75.1954
mkd,2005,q2,89.4758
mkd,2005,q3,77.345
mkd,2005,q4,90.9277
mkd,2005,q5,80.0843
mkd,2011,q1,92.7466
mkd,2011,q2,94.2156
mkd,2011,q3,96.2483
mkd,2011,q4,98.1483
mkd,2011,q5,100
mkd,2018,q1,62.653
mkd,2018,q2,82.1848
mkd,2018,q3,71.6699
mkd,2018,q4,45.0435
mkd,2018,q5,58.5052
mli,1995,q1,34.1716
mli,1995,q2,41.3015
mli,1995,q3,48.7943
mli,1995,q4,52.3129
mli,1995,q5,79.7441
mli,2001,q1,39.7447
mli,2001,q2,39.2793
mli,2001,q3,38.2564
mli,2001,q4,52.7767
mli,2001,q5,76.4939
mli,2006,q1,68.5011
mli,2006,q2,64.7315
mli,2006,q3,64.5638
mli,2006,q4,69.6668
mli,2006,q5,74.6851
mli,2009,q1,60.5014
mli,2009,q2,69.9353
mli,2009,q3,72.4516
mli,2009,q4,78.2648
mli,2009,q5,85.2349
mli,2012,q1,61.7999
mli,2012,q2,68.6258
mli,2012,q3,68.9103
mli,2012,q4,76.7585
mli,2012,q5,82.8953
mli,2015,q1,44.4786
mli,2015,q2,55.1401
mli,2015,q3,60.1494
mli,2015,q4,67.7556
mli,2015,q5,75.4949
mli,2018,q1,60.1728
mli,2018,q2,68.3801
mli,2018,q3,68.6412
mli,2018,q4,71.9031
mli,2018,q5,81.748
mmr,2015,q1,75.0853
mmr,2015,q2,60.9682
mmr,2015,q3,81.294
mmr,2015,q4,83.4836
mmr,2015,q5,92.1915
mne,2005,q1,75.7404
mne,2005,q2,75.787
mne,2005,q3,81.8802
mne,2005,q4,90.4078
mne,2005,q5,75.1431
mne,2013,q1,77.7421
mne,2013,q2,65.7707
mne,2013,q3,72.6276
mne,2013,q4,66.1701
mne,2013,q5,80.7788
mng,2005,q1,86.4058
mng,2005,q2,84.6807
mng,2005,q3,89.2027
mng,2005,q4,88.4213
mng,2005,q5,90.9066
mng,2010,q1,85.4819
mng,2010,q2,79.9913
mng,2010,q3,85.539
mng,2010,q4,88.2751
mng,2010,q5,87.951
mng,2013,q1,89.8563
mng,2013,q2,96.5179
mng,2013,q3,95.175
mng,2013,q4,94.3312
mng,2013,q5,94.6035
mng,2018,q1,93.0877
mng,2018,q2,86.7059
mng,2018,q3,91.4398
mng,2018,q4,92.418
mng,2018,q5,94.9266
moz,1997,q1,32.976
moz,1997,q2,41.3049
moz,1997,q3,45.6204
moz,1997,q4,77.3261
moz,1997,q5,93.5176
moz,2003,q1,60.8118
moz,2003,q2,67.5455
moz,2003,q3,77.8684
moz,2003,q4,91.1554
moz,2003,q5,96.352
moz,2008,q1,61.3535
moz,2008,q2,66.1265
moz,2008,q3,77.6529
moz,2008,q4,81.0323
moz,2008,q5,89.816
moz,2011,q1,74.7511
moz,2011,q2,74.9415
moz,2011,q3,79.315
moz,2011,q4,91.0474
moz,2011,q5,92.8592
moz,2015,q1,72.7762
moz,2015,q2,74.5631
moz,2015,q3,83.7998
moz,2015,q4,93.9459
moz,2015,q5,96.7594
mrt,2007,q1,65.6323
mrt,2007,q2,79.2436
mrt,2007,q3,78.5147
mrt,2007,q4,73.3912
mrt,2007,q5,77.2995
mrt,2011,q1,52.9976
mrt,2011,q2,71.4417
mrt,2011,q3,74.2002
mrt,2011,q4,75.879
mrt,2011,q5,80.2243
mrt,2015,q1,59.8173
mrt,2015,q2,63.1372
mrt,2015,q3,70.2238
mrt,2015,q4,76.7002
mrt,2015,q5,86.8632
mrt,2019,q1,58.3784
mrt,2019,q2,73.2807
mrt,2019,q3,81.2209
mrt,2019,q4,79.7518
mrt,2019,q5,83.13
mwi,2000,q1,79.7741
mwi,2000,q2,80.1029
mwi,2000,q3,83.0706
mwi,2000,q4,84.7839
mwi,2000,q5,90.3955
mwi,2004,q1,67.3948
mwi,2004,q2,76.5276
mwi,2004,q3,78.8928
mwi,2004,q4,85.5514
mwi,2004,q5,88.3276
mwi,2006,q1,80.7115
mwi,2006,q2,85.2336
mwi,2006,q3,84.641
mwi,2006,q4,82.4136
mwi,2006,q5,86.8729
mwi,2010,q1,90.1863
mwi,2010,q2,92.4673
mwi,2010,q3,91.4864
mwi,2010,q4,95.9852
mwi,2010,q5,95.9022
mwi,2013,q1,91.2435
mwi,2013,q2,89.4102
mwi,2013,q3,93.3353
mwi,2013,q4,92.2447
mwi,2013,q5,94.8505
mwi,2015,q1,89.9727
mwi,2015,q2,92.4431
mwi,2015,q3,89.9778
mwi,2015,q4,91.3462
mwi,2015,q5,93.5175
mwi,2019,q1,85.2436
mwi,2019,q2,86.7295
mwi,2019,q3,89.1254
mwi,2019,q4,89.2333
mwi,2019,q5,91.6452
nam,2000,q1,75.2895
nam,2000,q2,80.3065
nam,2000,q3,74.9945
nam,2000,q4,85.6161
nam,2000,q5,86.0277
nam,2006,q1,70.1283
nam,2006,q2,89.7771
nam,2006,q3,80.2119
nam,2006,q4,88.4526
nam,2006,q5,95.2752
nam,2013,q1,93.3251
nam,2013,q2,90.1884
nam,2013,q3,88.8788
nam,2013,q4,88.7745
nam,2013,q5,85.2447
ner,1998,q1,23.0427
ner,1998,q2,26.1595
ner,1998,q3,24.6731
ner,1998,q4,36.8343
ner,1998,q5,65.7783
ner,2006,q1,32.212
ner,2006,q2,44.1146
ner,2006,q3,42.172
ner,2006,q4,44.6221
ner,2006,q5,73.5617
ner,2012,q1,61.3892
ner,2012,q2,66.7297
ner,2012,q3,66.7085
ner,2012,q4,72.5254
ner,2012,q5,75.1366
ner,2021,q1,46.7107
ner,2021,q2,49.7603
ner,2021,q3,49.7741
ner,2021,q4,53.6258
ner,2021,q5,61.3457
nga,2003,q1,15.8791
nga,2003,q2,22.9039
nga,2003,q3,32.0369
nga,2003,q4,41.943
nga,2003,q5,70.6579
nga,2007,q1,17.4091
nga,2007,q2,24.7903
nga,2007,q3,33.0369
nga,2007,q4,60.9373
nga,2007,q5,78.8769
nga,2008,q1,17.3447
nga,2008,q2,28.0966
nga,2008,q3,40.5149
nga,2008,q4,57.8938
nga,2008,q5,74.868
nga,2011,q1,26.8777
nga,2011,q2,40.6282
nga,2011,q3,54.3415
nga,2011,q4,72.2693
nga,2011,q5,85.9844
nga,2013,q1,13.2133
nga,2013,q2,26.5778
nga,2013,q3,43.9216
nga,2013,q4,60.5604
nga,2013,q5,77.9018
nga,2016,q1,13.5241
nga,2016,q2,25.9536
nga,2016,q3,39.0907
nga,2016,q4,57.4701
nga,2016,q5,78.4004
nga,2018,q1,31.8902
nga,2018,q2,40.199
nga,2018,q3,53.8801
nga,2018,q4,66.7529
nga,2018,q5,84.3223
nic,1992,q1,82.7879
nic,1992,q2,87.9259
nic,1992,q3,85.6707
nic,1992,q4,92.9152
nic,1992,q5,93.1072
nic,1998,q1,77.6381
nic,1998,q2,86.8758
nic,1998,q3,87.8198
nic,1998,q4,91.6861
nic,1998,q5,90.4362
nic,2001,q1,76.1974
nic,2001,q2,90.7554
nic,2001,q3,91.3016
nic,2001,q4,85.912
nic,2001,q5,93.7763
nic,2006,q1,83.395
nic,2006,q2,89.7387
nic,2006,q3,87.6483
nic,2006,q4,92.9615
nic,2006,q5,89.3224
npl,1996,q1,45.3891
npl,1996,q2,52.3973
npl,1996,q3,55.8929
npl,1996,q4,61.9608
npl,1996,q5,78.3058
npl,2001,q1,61.0583
npl,2001,q2,67.5371
npl,2001,q3,69.1439
npl,2001,q4,79.9043
npl,2001,q5,83.1549
npl,2006,q1,73.1995
npl,2006,q2,84.9076
npl,2006,q3,87.3858
npl,2006,q4,91.2732
npl,2006,q5,94.4706
npl,2011,q1,85.9724
npl,2011,q2,85.1521
npl,2011,q3,85.2007
npl,2011,q4,92.1511
npl,2011,q5,96.1309
npl,2014,q1,90.1509
npl,2014,q2,88.3261
npl,2014,q3,89.3314
npl,2014,q4,90.5524
npl,2014,q5,97.2816
npl,2016,q1,93.9617
npl,2016,q2,89.6532
npl,2016,q3,85.2486
npl,2016,q4,93.6035
npl,2016,q5,89.7644
npl,2019,q1,88.3272
npl,2019,q2,83.6523
npl,2019,q3,85.7567
npl,2019,q4,90.1733
npl,2019,q5,87.7705
pak,2006,q1,36.2822
pak,2006,q2,50.5344
pak,2006,q3,65.2702
pak,2006,q4,74.9255
pak,2006,q5,75.5007
pak,2012,q1,35.1124
pak,2012,q2,60.6008
pak,2012,q3,62.5215
pak,2012,q4,72.063
pak,2012,q5,82.7595
pak,2017,q1,47.2396
pak,2017,q2,69.1162
pak,2017,q3,77.0397
pak,2017,q4,83.579
pak,2017,q5,87.9387
pan,2013,q1,72.7136
pan,2013,q2,76.7556
pan,2013,q3,56.4005
pan,2013,q4,77.7068
pan,2013,q5,78.4217
per,1996,q1,78.1296
per,1996,q2,87.2026
per,1996,q3,86.3143
per,1996,q4,91.9463
per,1996,q5,91.8345
per,2000,q1,80.7855
per,2000,q2,82.1499
per,2000,q3,83.3846
per,2000,q4,88.8122
per,2000,q5,92.3199
per,2004,q1,84.713
per,2004,q2,90.184
per,2004,q3,88.3465
per,2004,q4,94.174
per,2004,q5,95.32
per,2005,q1,85.7477
per,2005,q2,81.9004
per,2005,q3,88.6924
per,2005,q4,78.7398
per,2005,q5,85.3828
per,2006,q1,77.0173
per,2006,q2,85.6746
per,2006,q3,73.6872
per,2006,q4,86.995
per,2006,q5,94.0286
per,2007,q1,82.917
per,2007,q2,86.9234
per,2007,q3,82.3627
per,2007,q4,80.5894
per,2007,q5,89.2388
per,2008,q1,81.5954
per,2008,q2,81.7671
per,2008,q3,83.2931
per,2008,q4,79.2775
per,2008,q5,83.0359
per,2009,q1,75.3652
per,2009,q2,74.1307
per,2009,q3,76.9803
per,2009,q4,76.4288
per,2009,q5,78.6959
per,2010,q1,84.1006
per,2010,q2,80.6147
per,2010,q3,82.6698
per,2010,q4,86.3016
per,2010,q5,84.6077
per,2011,q1,87.5805
per,2011,q2,89.6958
per,2011,q3,83.2131
per,2011,q4,89.527
per,2011,q5,93.9567
per,2012,q1,91.0425
per,2012,q2,89.0644
per,2012,q3,87.0109
per,2012,q4,91.4601
per,2012,q5,89.0755
per,2013,q1,86.1589
per,2013,q2,84.7264
per,2013,q3,89.3377
per,2013,q4,81.9935
per,2013,q5,79.1094
per,2014,q1,85.1899
per,2014,q2,81.2557
per,2014,q3,83.0191
per,2014,q4,81.9572
per,2014,q5,85.4515
per,2015,q1,83.4353
per,2015,q2,84.4872
per,2015,q3,87.165
per,2015,q4,86.291
per,2015,q5,88.8575
per,2016,q1,85.1262
per,2016,q2,88.5059
per,2016,q3,85.5912
per,2016,q4,88.6651
per,2016,q5,86.8854
per,2017,q1,84.2593
per,2017,q2,88.2982
per,2017,q3,85.9918
per,2017,q4,89.7304
per,2017,q5,92.5542
per,2018,q1,88.8102
per,2018,q2,86.9628
per,2018,q3,87.1318
per,2018,q4,89.4299
per,2018,q5,91.7772
per,2019,q1,88.1924
per,2019,q2,88.5264
per,2019,q3,88.7426
per,2019,q4,91.6304
per,2019,q5,91.434
per,2020,q1,85.1653
per,2020,q2,84.4145
per,2020,q3,83.621
per,2020,q4,83.9972
per,2020,q5,87.3304
phl,1993,q1,71.0037
phl,1993,q2,81.8945
phl,1993,q3,90.0863
phl,1993,q4,86.1826
phl,1993,q5,82.5817
phl,1998,q1,67.6144
phl,1998,q2,77.1195
phl,1998,q3,83.3645
phl,1998,q4,84.2626
phl,1998,q5,92.1655
phl,2003,q1,69.724
phl,2003,q2,81.6218
phl,2003,q3,83.387
phl,2003,q4,80.1934
phl,2003,q5,89.3988
phl,2008,q1,71.4402
phl,2008,q2,85.0622
phl,2008,q3,86.8099
phl,2008,q4,93.187
phl,2008,q5,91.2578
phl,2013,q1,72.8729
phl,2013,q2,85.9238
phl,2013,q3,87.3843
phl,2013,q4,88.8389
phl,2013,q5,89.2356
phl,2017,q1,68.2626
phl,2017,q2,84.1779
phl,2017,q3,82.5064
phl,2017,q4,87.6926
phl,2017,q5,86.7975
png,2016,q1,38.6806
png,2016,q2,49.8602
png,2016,q3,55.848
png,2016,q4,64.0954
png,2016,q5,83.9324
pry,2004,q1,69.4028
pry,2004,q2,73.6131
pry,2004,q3,71.7548
pry,2004,q4,86.6537
pry,2004,q5,79.7463
pry,2008,q1,72.0625
pry,2008,q2,82.9106
pry,2008,q3,86.524
pry,2008,q4,87.5807
pry,2008,q5,74.3224
pry,2016,q1,66.2623
pry,2016,q2,54.291
pry,2016,q3,69.6374
pry,2016,q4,65.7443
pry,2016,q5,74.6152
pse,2010,q1,95.1863
pse,2010,q2,92.6294
pse,2010,q3,92.551
pse,2010,q4,90.8482
pse,2010,q5,88.9017
pse,2014,q1,93.9993
pse,2014,q2,87.4291
pse,2014,q3,94.2462
pse,2014,q4,91.2289
pse,2014,q5,89.966
pse,2019,q1,96.3753
pse,2019,q2,93.8074
pse,2019,q3,88.744
pse,2019,q4,90.2736
pse,2019,q5,86.6751
rwa,2000,q1,85.4239
rwa,2000,q2,84.9002
rwa,2000,q3,87.5781
rwa,2000,q4,88.3255
rwa,2000,q5,88.775
rwa,2005,q1,84.9411
rwa,2005,q2,83.9099
rwa,2005,q3,84.0796
rwa,2005,q4,88.0613
rwa,2005,q5,87.6463
rwa,2010,q1,94.0138
rwa,2010,q2,93.0228
rwa,2010,q3,94.8647
rwa,2010,q4,97.0497
rwa,2010,q5,97.3771
rwa,2014,q1,91.2819
rwa,2014,q2,94.9356
rwa,2014,q3,95.1386
rwa,2014,q4,99.2739
rwa,2014,q5,96.993
rwa,2019,q1,97.0005
rwa,2019,q2,97.8729
rwa,2019,q3,96.9254
rwa,2019,q4,98.1753
rwa,2019,q5,98.6542
sdn,2010,q1,52.0098
sdn,2010,q2,64.5719
sdn,2010,q3,69.2131
sdn,2010,q4,81.0886
sdn,2010,q5,91.2399
sdn,2014,q1,58.8679
sdn,2014,q2,71.2084
sdn,2014,q3,87.1808
sdn,2014,q4,88.9665
sdn,2014,q5,91.0256
sen,2005,q1,70.9575
sen,2005,q2,71.4742
sen,2005,q3,71.1695
sen,2005,q4,74.7789
sen,2005,q5,81.2187
sen,2010,q1,74.4426
sen,2010,q2,81.9516
sen,2010,q3,83.4211
sen,2010,q4,84.5105
sen,2010,q5,88.8761
sen,2012,q1,68.7074
sen,2012,q2,76.6076
sen,2012,q3,83.3037
sen,2012,q4,81.5244
sen,2012,q5,82.4639
sen,2014,q1,78.1864
sen,2014,q2,78.5753
sen,2014,q3,78.9813
sen,2014,q4,83.2002
sen,2014,q5,83.4874
sen,2015,q1,73.7432
sen,2015,q2,73.8214
sen,2015,q3,79.1449
sen,2015,q4,81.7062
sen,2015,q5,93.2063
sen,2016,q1,72.0411
sen,2016,q2,78.8657
sen,2016,q3,84.5172
sen,2016,q4,83.6455
sen,2016,q5,89.9212
sen,2017,q1,78.462
sen,2017,q2,87.5117
sen,2017,q3,88.9583
sen,2017,q4,89.5291
sen,2017,q5,97.3786
sen,2018,q1,80.5516
sen,2018,q2,85.7849
sen,2018,q3,82.5219
sen,2018,q4,85.3659
sen,2018,q5,94.3177
sen,2019,q1,75.159
sen,2019,q2,87.6039
sen,2019,q3,85.9618
sen,2019,q4,89.407
sen,2019,q5,88.8801
sle,2005,q1,65.5165
sle,2005,q2,71.9763
sle,2005,q3,78.4416
sle,2005,q4,82.5167
sle,2005,q5,83.5012
sle,2008,q1,55.7401
sle,2008,q2,61.7844
sle,2008,q3,58.4812
sle,2008,q4,57.4218
sle,2008,q5,68.1572
sle,2010,q1,82.095
sle,2010,q2,78.6198
sle,2010,q3,79.7091
sle,2010,q4,81.664
sle,2010,q5,85.4524
sle,2013,q1,81.3926
sle,2013,q2,77.5081
sle,2013,q3,76.4231
sle,2013,q4,78.4098
sle,2013,q5,78.9919
sle,2017,q1,82.5641
sle,2017,q2,81.3208
sle,2017,q3,79.0223
sle,2017,q4,73.3111
sle,2017,q5,88.1187
sle,2019,q1,73.6949
sle,2019,q2,75.4713
sle,2019,q3,73.18
sle,2019,q4,73.3282
sle,2019,q5,77.8452
slv,1993,q1,74.1936
slv,1993,q2,81.3725
slv,1993,q3,76.8519
slv,1993,q4,90.9605
slv,1993,q5,92.2414
slv,1998,q1,79.5237
slv,1998,q2,89.5926
slv,1998,q3,85.6578
slv,1998,q4,89.4658
slv,1998,q5,94.3819
slv,2002,q1,86.2044
slv,2002,q2,85.9253
slv,2002,q3,87.9262
slv,2002,q4,87.3293
slv,2002,q5,91.7609
slv,2008,q1,78.1841
slv,2008,q2,88.6681
slv,2008,q3,85.1314
slv,2008,q4,77.4391
slv,2008,q5,83.5486
slv,2014,q1,88.1562
slv,2014,q2,91.954
slv,2014,q3,87.84
slv,2014,q4,80.3768
slv,2014,q5,84.1063
som,2006,q1,22.1961
som,2006,q2,18.5175
som,2006,q3,26.7099
som,2006,q4,30.3452
som,2006,q5,45.2575
srb,2005,q1,80.3552
srb,2005,q2,81.5385
srb,2005,q3,85.253
srb,2005,q4,84.1681
srb,2005,q5,82.0394
srb,2014,q1,80.2128
srb,2014,q2,79.4916
srb,2014,q3,78.6393
srb,2014,q4,75.9821
srb,2014,q5,68.0011
srb,2019,q1,67.319
srb,2019,q2,57.8651
srb,2019,q3,64.0016
srb,2019,q4,61.2543
srb,2019,q5,53.1028
ssd,2010,q1,16.2198
ssd,2010,q2,16.2293
ssd,2010,q3,21.225
ssd,2010,q4,29.8065
ssd,2010,q5,43.5005
stp,2008,q1,78.7809
stp,2008,q2,81.7818
stp,2008,q3,88.8932
stp,2008,q4,88.3556
stp,2008,q5,83.8375
stp,2014,q1,93.2925
stp,2014,q2,93.3617
stp,2014,q3,94.3812
stp,2014,q4,89.8067
stp,2014,q5,92.268
stp,2019,q1,78.6595
stp,2019,q2,86.6406
stp,2019,q3,89.8574
stp,2019,q4,96.9732
stp,2019,q5,88.4556
sur,2006,q1,66.2653
sur,2006,q2,76.3315
sur,2006,q3,84.1159
sur,2006,q4,83.3212
sur,2006,q5,84.8626
sur,2010,q1,72.7174
sur,2010,q2,77.3625
sur,2010,q3,74.2595
sur,2010,q4,71.2777
sur,2010,q5,87.3198
sur,2018,q1,61.1592
sur,2018,q2,66.1177
sur,2018,q3,72.3569
sur,2018,q4,70.0706
sur,2018,q5,58.1139
swz,2006,q1,89.3501
swz,2006,q2,88.5116
swz,2006,q3,93.0793
swz,2006,q4,94.2883
swz,2006,q5,92.8536
swz,2010,q1,92.8022
swz,2010,q2,90.9534
swz,2010,q3,93.0949
swz,2010,q4,89.5943
swz,2010,q5,99.2676
swz,2014,q1,89.6384
swz,2014,q2,88.6406
swz,2014,q3,91.8857
swz,2014,q4,90.0612
swz,2014,q5,94.8065
syr,2006,q1,63.7423
syr,2006,q2,78.5447
syr,2006,q3,83.8038
syr,2006,q4,84.1934
syr,2006,q5,89.7057
tcd,1996,q1,12.0266
tcd,1996,q2,17.9526
tcd,1996,q3,16.4419
tcd,1996,q4,32.0602
tcd,1996,q5,38.5108
tcd,2004,q1,8.1607
tcd,2004,q2,16.2755
tcd,2004,q3,28.1646
tcd,2004,q4,23.6288
tcd,2004,q5,38.1068
tcd,2010,q1,20.6138
tcd,2010,q2,24.9978
tcd,2010,q3,30.6456
tcd,2010,q4,41.9152
tcd,2010,q5,54.7666
tcd,2014,q1,52.7122
tcd,2014,q2,55.4155
tcd,2014,q3,58.0594
tcd,2014,q4,53.2357
tcd,2014,q5,67.3649
tgo,1998,q1,34.4743
tgo,1998,q2,37.0808
tgo,1998,q3,45.6812
tgo,1998,q4,40.4681
tgo,1998,q5,63.2015
tgo,2006,q1,56.4345
tgo,2006,q2,55.1268
tgo,2006,q3,59.7772
tgo,2006,q4,68.5281
tgo,2006,q5,71.5534
tgo,2010,q1,51.3435
tgo,2010,q2,68.9574
tgo,2010,q3,66.2751
tgo,2010,q4,74.9119
tgo,2010,q5,82.7954
tgo,2013,q1,74.7681
tgo,2013,q2,67.5655
tgo,2013,q3,67.5312
tgo,2013,q4,78.0068
tgo,2013,q5,83.4271
tgo,2017,q1,64.4172
tgo,2017,q2,79.2603
tgo,2017,q3,73.2263
tgo,2017,q4,73.2535
tgo,2017,q5,75.9599
tha,2005,q1,95.8677
tha,2005,q2,96.9338
tha,2005,q3,93.9267
tha,2005,q4,95.3774
tha,2005,q5,99.1753
tha,2012,q1,95.6138
tha,2012,q2,97.5357
tha,2012,q3,92.3979
tha,2012,q4,94.4917
tha,2012,q5,90.9346
tha,2015,q1,92.1629
tha,2015,q2,91.3518
tha,2015,q3,92.2147
tha,2015,q4,97.0468
tha,2015,q5,88.9255
tha,2019,q1,91.0721
tha,2019,q2,94.3151
tha,2019,q3,93.967
tha,2019,q4,93.2172
tha,2019,q5,96.1016
tjk,2005,q1,82.5883
tjk,2005,q2,85.9687
tjk,2005,q3,87.8982
tjk,2005,q4,89.3267
tjk,2005,q5,94.3736
tjk,2012,q1,92.663
tjk,2012,q2,97.7368
tjk,2012,q3,94.9999
tjk,2012,q4,95.9509
tjk,2012,q5,94.3566
tjk,2017,q1,83.0885
tjk,2017,q2,88.4809
tjk,2017,q3,83.5468
tjk,2017,q4,82.2727
tjk,2017,q5,79.5576
tkm,2006,q1,100
tkm,2006,q2,98.1439
tkm,2006,q3,99.3641
tkm,2006,q4,95.9783
tkm,2006,q5,97.5313
tkm,2015,q1,97.1885
tkm,2015,q2,96.9176
tkm,2015,q3,92.7894
tkm,2015,q4,93.7921
tkm,2015,q5,93.9129
tls,2009,q1,53.7094
tls,2009,q2,63.6596
tls,2009,q3,71.0331
tls,2009,q4,78.0357
tls,2009,q5,74.6664
tls,2016,q1,54.4017
tls,2016,q2,61.2455
tls,2016,q3,74.7971
tls,2016,q4,76.7358
tls,2016,q5,78.2454
ton,2019,q1,91.9906
ton,2019,q2,90.4092
ton,2019,q3,83.8586
ton,2019,q4,83.1177
ton,2019,q5,90.0271
tto,2006,q1,93.3459
tto,2006,q2,84.7637
tto,2006,q3,84.5603
tto,2006,q4,87.774
tto,2006,q5,85.0171
tto,2011,q1,86.4988
tto,2011,q2,91.4338
tto,2011,q3,91.4931
tto,2011,q4,89.3825
tto,2011,q5,100
tun,2011,q1,89.6534
tun,2011,q2,93.847
tun,2011,q3,94.0624
tun,2011,q4,95.4787
tun,2011,q5,97.0512
tun,2018,q1,88.9701
tun,2018,q2,89.6824
tun,2018,q3,89.9737
tun,2018,q4,91.8052
tun,2018,q5,71.8578
tur,1993,q1,64.3956
tur,1993,q2,72.7531
tur,1993,q3,81.6462
tur,1993,q4,91.0078
tur,1993,q5,85.0532
tur,1998,q1,63.918
tur,1998,q2,72.8315
tur,1998,q3,79.4727
tur,1998,q4,93.6309
tur,1998,q5,88.8569
tur,2003,q1,55.5677
tur,2003,q2,76.878
tur,2003,q3,86.3022
tur,2003,q4,89.8969
tur,2003,q5,93.3431
tur,2013,q1,85.0724
tur,2013,q2,89.5551
tur,2013,q3,90.0401
tur,2013,q4,90.186
tur,2013,q5,95.2251
tza,1996,q1,66.8816
tza,1996,q2,79.9233
tza,1996,q3,76.396
tza,1996,q4,88.9894
tza,1996,q5,94.9172
tza,1999,q1,63.4072
tza,1999,q2,84.1655
tza,1999,q3,72.2176
tza,1999,q4,88.4279
tza,1999,q5,89.0267
tza,2004,q1,65.1675
tza,2004,q2,78.9698
tza,2004,q3,81.3818
tza,2004,q4,89.711
tza,2004,q5,90.9421
tza,2010,q1,79.898
tza,2010,q2,82.0551
tza,2010,q3,79.8118
tza,2010,q4,90.8606
tza,2010,q5,93.8093
tza,2015,q1,77.3738
tza,2015,q2,80.0508
tza,2015,q3,88.5743
tza,2015,q4,92.6697
tza,2015,q5,94.2963
uga,1995,q1,47.4524
uga,1995,q2,53.2954
uga,1995,q3,59.6407
uga,1995,q4,63.1219
uga,1995,q5,77.7157
uga,2000,q1,49.0639
uga,2000,q2,58.0312
uga,2000,q3,57.6414
uga,2000,q4,57.1852
uga,2000,q5,64.528
uga,2006,q1,66.3063
uga,2006,q2,64.6865
uga,2006,q3,66.775
uga,2006,q4,71.933
uga,2006,q5,72.9711
uga,2011,q1,75.0658
uga,2011,q2,72.1256
uga,2011,q3,74.1373
uga,2011,q4,76.4119
uga,2011,q5,81.6141
uga,2016,q1,75.9012
uga,2016,q2,76.4108
uga,2016,q3,82.9701
uga,2016,q4,79.3783
uga,2016,q5,85.6885
ukr,2012,q1,63.3107
ukr,2012,q2,69.573
ukr,2012,q3,81.3183
ukr,2012,q4,68.1438
ukr,2012,q5,67.555
uzb,1996,q1,95.7554
uzb,1996,q2,89.0943
uzb,1996,q3,93.1387
uzb,1996,q4,84.0479
uzb,1996,q5,92.7121
uzb,2006,q1,96.5823
uzb,2006,q2,96.8585
uzb,2006,q3,98.4825
uzb,2006,q4,97.4184
uzb,2006,q5,97.7457
vnm,1997,q1,64.2686
vnm,1997,q2,73.9259
vnm,1997,q3,82.4444
vnm,1997,q4,86.9456
vnm,1997,q5,87.7622
vnm,2002,q1,64.4027
vnm,2002,q2,82.135
vnm,2002,q3,89.1016
vnm,2002,q4,90.7188
vnm,2002,q5,97.8471
vnm,2006,q1,69.901
vnm,2006,q2,85.0601
vnm,2006,q3,89.5032
vnm,2006,q4,90.6966
vnm,2006,q5,96.2723
vnm,2010,q1,84.0806
vnm,2010,q2,92.5069
vnm,2010,q3,94.0311
vnm,2010,q4,90.3968
vnm,2010,q5,93.8634
vnm,2013,q1,79.6974
vnm,2013,q2,93.6869
vnm,2013,q3,95.4884
vnm,2013,q4,93.7044
vnm,2013,q5,88.7849
vut,2007,q1,40.8989
vut,2007,q2,63.5001
vut,2007,q3,52.3359
vut,2007,q4,51.88
vut,2007,q5,50.7149
wsm,2019,q1,41.0576
wsm,2019,q2,45.4128
wsm,2019,q3,49.3403
wsm,2019,q4,56.9423
wsm,2019,q5,55.7101
yem,2006,q1,52.0591
yem,2006,q2,56.0989
yem,2006,q3,59.1767
yem,2006,q4,74.1384
yem,2006,q5,84.0562
yem,2013,q1,51.8197
yem,2013,q2,58.9028
yem,2013,q3,63.6673
yem,2013,q4,69.5762
yem,2013,q5,77.0676
zaf,1998,q1,73.5114
zaf,1998,q2,83.1494
zaf,1998,q3,85.8028
zaf,1998,q4,86.327
zaf,1998,q5,84.5496
zaf,2016,q1,84.3871
zaf,2016,q2,84.6024
zaf,2016,q3,87.5161
zaf,2016,q4,86.9944
zaf,2016,q5,87.5783
zmb,1996,q1,81.0243
zmb,1996,q2,85.0993
zmb,1996,q3,89.3384
zmb,1996,q4,88.0705
zmb,1996,q5,91.5006
zmb,2001,q1,81.2442
zmb,2001,q2,83.6937
zmb,2001,q3,82.9716
zmb,2001,q4,87.4351
zmb,2001,q5,88.394
zmb,2007,q1,87.6318
zmb,2007,q2,79.5865
zmb,2007,q3,81.5775
zmb,2007,q4,85.2456
zmb,2007,q5,94.1227
zmb,2013,q1,80.8557
zmb,2013,q2,80.6492
zmb,2013,q3,85.3465
zmb,2013,q4,90.0311
zmb,2013,q5,92.7213
zmb,2018,q1,88.4558
zmb,2018,q2,91.0046
zmb,2018,q3,90.7126
zmb,2018,q4,90.4516
zmb,2018,q5,95.5998
zwe,1994,q1,84.071
zwe,1994,q2,84.4802
zwe,1994,q3,89.1517
zwe,1994,q4,84.4984
zwe,1994,q5,89.8073
zwe,1999,q1,80.2462
zwe,1999,q2,77.9273
zwe,1999,q3,79.2092
zwe,1999,q4,73.7514
zwe,1999,q5,85.7649
zwe,2005,q1,54.2162
zwe,2005,q2,66.0836
zwe,2005,q3,67.1223
zwe,2005,q4,70.3807
zwe,2005,q5,74.0201
zwe,2009,q1,67.2397
zwe,2009,q2,72.2161
zwe,2009,q3,76.6613
zwe,2009,q4,83.3105
zwe,2009,q5,87.7797
zwe,2010,q1,77.7354
zwe,2010,q2,74.6376
zwe,2010,q3,73.5068
zwe,2010,q4,86.897
zwe,2010,q5,83.6858
zwe,2014,q1,83.2204
zwe,2014,q2,87.3062
zwe,2014,q3,86.5207
zwe,2014,q4,88.6272
zwe,2014,q5,92.5869
zwe,2015,q1,76.4829
zwe,2015,q2,76.183
zwe,2015,q3,87.6582
zwe,2015,q4,84.4919
zwe,2015,q5,88.2616
zwe,2019,q1,84.0266
zwe,2019,q2,82.6114
zwe,2019,q3,86.3956
zwe,2019,q4,93.2514
zwe,2019,q5,96.5579
