country,time,decile,msizehh
afg,2010,d01,7.2714
afg,2010,d02,7.2011
afg,2010,d03,7.4345
afg,2010,d04,7.5317
afg,2010,d05,7.8412
afg,2010,d06,8.2937
afg,2010,d07,8.4181
afg,2010,d08,8.3993
afg,2010,d09,7.8677
afg,2010,d10,7.5308
afg,2015,d01,8.034
afg,2015,d02,8.1309
afg,2015,d03,8.1355
afg,2015,d04,8.0702
afg,2015,d05,8.0119
afg,2015,d06,8.0879
afg,2015,d07,8.0083
afg,2015,d08,8.1361
afg,2015,d09,7.7509
afg,2015,d10,8.0142
ago,2015,d01,4.9997
ago,2015,d02,4.1143
ago,2015,d03,4.0095
ago,2015,d04,4.3504
ago,2015,d05,4.6664
ago,2015,d06,4.9784
ago,2015,d07,5.0576
ago,2015,d08,5.4182
ago,2015,d09,5.6648
ago,2015,d10,5.4577
alb,2005,d01,4.2717
alb,2005,d02,4.2938
alb,2005,d03,4.3611
alb,2005,d04,4.1513
alb,2005,d05,4.1391
alb,2005,d06,3.9535
alb,2005,d07,3.9395
alb,2005,d08,3.7386
alb,2005,d09,3.5764
alb,2005,d10,3.7551
alb,2008,d01,4.1151
alb,2008,d02,4.2482
alb,2008,d03,4.1513
alb,2008,d04,4.0347
alb,2008,d05,3.991
alb,2008,d06,3.6992
alb,2008,d07,3.5304
alb,2008,d08,3.4762
alb,2008,d09,3.4905
alb,2008,d10,3.6295
alb,2017,d01,3.6474
alb,2017,d02,3.4215
alb,2017,d03,3.3603
alb,2017,d04,3.1932
alb,2017,d05,3.1821
alb,2017,d06,3.1305
alb,2017,d07,3.1696
alb,2017,d08,3.2935
alb,2017,d09,3.3092
alb,2017,d10,3.2974
arg,2011,d01,3.6795
arg,2011,d02,3.5032
arg,2011,d03,3.2581
arg,2011,d04,2.9574
arg,2011,d05,3.1742
arg,2011,d06,3.2016
arg,2011,d07,3.1684
arg,2011,d08,3.0857
arg,2011,d09,3.3284
arg,2011,d10,3.3933
arg,2019,d01,3.5408
arg,2019,d02,3.2208
arg,2019,d03,3.2999
arg,2019,d04,3.2961
arg,2019,d05,2.9302
arg,2019,d06,2.8295
arg,2019,d07,2.6424
arg,2019,d08,2.5999
arg,2019,d09,2.6619
arg,2019,d10,2.789
arm,2000,d01,4.2392
arm,2000,d02,4.5315
arm,2000,d03,4.7413
arm,2000,d04,4.8072
arm,2000,d05,4.4328
arm,2000,d06,4.253
arm,2000,d07,4.5356
arm,2000,d08,3.795
arm,2000,d09,3.8877
arm,2000,d10,4.4306
arm,2005,d01,3.5741
arm,2005,d02,4.1104
arm,2005,d03,3.8114
arm,2005,d04,3.4945
arm,2005,d05,3.3742
arm,2005,d06,3.5802
arm,2005,d07,3.71
arm,2005,d08,3.9187
arm,2005,d09,4.1605
arm,2005,d10,4.0715
arm,2010,d01,3.3419
arm,2010,d02,3.871
arm,2010,d03,3.5289
arm,2010,d04,3.5479
arm,2010,d05,3.2789
arm,2010,d06,3.3837
arm,2010,d07,3.7621
arm,2010,d08,3.4019
arm,2010,d09,3.6859
arm,2010,d10,3.8144
arm,2015,d01,2.8324
arm,2015,d02,3.9218
arm,2015,d03,4.0325
arm,2015,d04,3.69
arm,2015,d05,3.0661
arm,2015,d06,3.1809
arm,2015,d07,3.6055
arm,2015,d08,3.5691
arm,2015,d09,3.8038
arm,2015,d10,4.2544
aze,2006,d01,4.4771
aze,2006,d02,4.4501
aze,2006,d03,4.3844
aze,2006,d04,4.3898
aze,2006,d05,4.3224
aze,2006,d06,4.0779
aze,2006,d07,4.107
aze,2006,d08,4.0227
aze,2006,d09,3.7002
aze,2006,d10,3.6099
bdi,2005,d01,4.7169
bdi,2005,d02,4.3913
bdi,2005,d03,4.6261
bdi,2005,d04,4.7883
bdi,2005,d05,4.904
bdi,2005,d06,4.9277
bdi,2005,d07,5.3372
bdi,2005,d08,5.2415
bdi,2005,d09,5.4698
bdi,2005,d10,5.3909
bdi,2010,d01,3.8569
bdi,2010,d02,4.0188
bdi,2010,d03,4.7231
bdi,2010,d04,4.6965
bdi,2010,d05,4.8174
bdi,2010,d06,4.9768
bdi,2010,d07,5.1742
bdi,2010,d08,5.4063
bdi,2010,d09,5.2978
bdi,2010,d10,5.5298
bdi,2016,d01,3.9321
bdi,2016,d02,4.1998
bdi,2016,d03,4.4914
bdi,2016,d04,4.6701
bdi,2016,d05,4.9219
bdi,2016,d06,5.2007
bdi,2016,d07,5.2596
bdi,2016,d08,5.472
bdi,2016,d09,5.343
bdi,2016,d10,5.386
ben,1996,d01,7.4323
ben,1996,d02,5.9615
ben,1996,d03,5.8178
ben,1996,d04,5.6011
ben,1996,d05,6.1509
ben,1996,d06,6.35
ben,1996,d07,5.8749
ben,1996,d08,5.5056
ben,1996,d09,5.4818
ben,1996,d10,6.177
ben,2001,d01,5.5399
ben,2001,d02,5.2606
ben,2001,d03,5.001
ben,2001,d04,4.9696
ben,2001,d05,5.1656
ben,2001,d06,5.7024
ben,2001,d07,5.3868
ben,2001,d08,4.7501
ben,2001,d09,5.0201
ben,2001,d10,5.1885
ben,2006,d01,5.2262
ben,2006,d02,4.9514
ben,2006,d03,5.3023
ben,2006,d04,5.1401
ben,2006,d05,5.268
ben,2006,d06,5.1962
ben,2006,d07,5.0617
ben,2006,d08,4.7153
ben,2006,d09,4.6493
ben,2006,d10,5.0168
ben,2011,d01,5.3309
ben,2011,d02,5.0179
ben,2011,d03,5.3449
ben,2011,d04,5.1653
ben,2011,d05,5.3063
ben,2011,d06,5.0212
ben,2011,d07,4.9898
ben,2011,d08,4.6897
ben,2011,d09,4.4789
ben,2011,d10,4.4139
ben,2014,d01,6.0019
ben,2014,d02,5.4395
ben,2014,d03,5.2653
ben,2014,d04,5.4882
ben,2014,d05,5.1462
ben,2014,d06,5.2666
ben,2014,d07,5.1253
ben,2014,d08,4.8073
ben,2014,d09,4.7563
ben,2014,d10,4.758
ben,2017,d01,6.2422
ben,2017,d02,5.5425
ben,2017,d03,5.5071
ben,2017,d04,5.472
ben,2017,d05,5.3289
ben,2017,d06,5.1641
ben,2017,d07,5.0508
ben,2017,d08,4.9074
ben,2017,d09,4.6367
ben,2017,d10,4.4558
bfa,1998,d01,7.9133
bfa,1998,d02,6.9393
bfa,1998,d03,7.6802
bfa,1998,d04,7.0341
bfa,1998,d05,5.6145
bfa,1998,d06,7.0992
bfa,1998,d07,6.4418
bfa,1998,d08,7.1413
bfa,1998,d09,6.2421
bfa,1998,d10,5.8234
bfa,2003,d01,6.4854
bfa,2003,d02,5.3166
bfa,2003,d03,7.1691
bfa,2003,d04,5.5603
bfa,2003,d05,7.4023
bfa,2003,d06,6.6722
bfa,2003,d07,6.584
bfa,2003,d08,8.3024
bfa,2003,d09,6.3023
bfa,2003,d10,5.4581
bfa,2006,d01,6.9108
bfa,2006,d02,6.5929
bfa,2006,d03,6.4105
bfa,2006,d04,6.197
bfa,2006,d05,7.6445
bfa,2006,d06,7.5782
bfa,2006,d07,7.5686
bfa,2006,d08,7.4454
bfa,2006,d09,5.8525
bfa,2006,d10,5.6718
bfa,2010,d01,6.0894
bfa,2010,d02,5.6171
bfa,2010,d03,5.6632
bfa,2010,d04,5.5925
bfa,2010,d05,5.9569
bfa,2010,d06,5.8064
bfa,2010,d07,5.919
bfa,2010,d08,5.9023
bfa,2010,d09,5.1584
bfa,2010,d10,5.1887
bgd,1993,d01,4.5335
bgd,1993,d02,4.5526
bgd,1993,d03,4.9487
bgd,1993,d04,5.125
bgd,1993,d05,5.2535
bgd,1993,d06,5.6913
bgd,1993,d07,6.0312
bgd,1993,d08,6.1937
bgd,1993,d09,6.6673
bgd,1993,d10,6.3361
bgd,1996,d01,4.4765
bgd,1996,d02,5.1924
bgd,1996,d03,4.8853
bgd,1996,d04,4.9839
bgd,1996,d05,5.1058
bgd,1996,d06,5.4242
bgd,1996,d07,5.4656
bgd,1996,d08,6.0433
bgd,1996,d09,6.0651
bgd,1996,d10,5.8233
bgd,1999,d01,4.4243
bgd,1999,d02,4.6225
bgd,1999,d03,4.7271
bgd,1999,d04,4.8793
bgd,1999,d05,5.1304
bgd,1999,d06,5.5104
bgd,1999,d07,5.8128
bgd,1999,d08,5.727
bgd,1999,d09,5.7123
bgd,1999,d10,5.6772
bgd,2004,d01,4.2533
bgd,2004,d02,4.5633
bgd,2004,d03,4.7433
bgd,2004,d04,4.9278
bgd,2004,d05,4.9895
bgd,2004,d06,5.0624
bgd,2004,d07,5.2492
bgd,2004,d08,5.3908
bgd,2004,d09,5.2812
bgd,2004,d10,5.4718
bgd,2006,d01,4.5345
bgd,2006,d02,4.3745
bgd,2006,d03,4.5834
bgd,2006,d04,4.6898
bgd,2006,d05,4.7973
bgd,2006,d06,4.9606
bgd,2006,d07,5.1466
bgd,2006,d08,5.2837
bgd,2006,d09,5.0072
bgd,2006,d10,5.0982
bgd,2007,d01,4.6844
bgd,2007,d02,4.175
bgd,2007,d03,4.4603
bgd,2007,d04,4.5456
bgd,2007,d05,4.5517
bgd,2007,d06,4.8462
bgd,2007,d07,4.8253
bgd,2007,d08,5.1764
bgd,2007,d09,4.8368
bgd,2007,d10,5.1131
bgd,2011,d01,4.1483
bgd,2011,d02,4.2586
bgd,2011,d03,4.5261
bgd,2011,d04,4.5424
bgd,2011,d05,4.682
bgd,2011,d06,4.8073
bgd,2011,d07,4.8715
bgd,2011,d08,4.7453
bgd,2011,d09,4.6908
bgd,2011,d10,4.8911
bgd,2012,d01,4.1675
bgd,2012,d02,4.3178
bgd,2012,d03,4.4584
bgd,2012,d04,4.5786
bgd,2012,d05,4.6035
bgd,2012,d06,4.7423
bgd,2012,d07,4.7999
bgd,2012,d08,4.7441
bgd,2012,d09,4.5815
bgd,2012,d10,4.8485
bgd,2014,d01,4.3767
bgd,2014,d02,4.4028
bgd,2014,d03,4.367
bgd,2014,d04,4.4739
bgd,2014,d05,4.4928
bgd,2014,d06,4.6287
bgd,2014,d07,4.552
bgd,2014,d08,4.4222
bgd,2014,d09,4.4573
bgd,2014,d10,4.5378
bgd,2017,d01,4.1179
bgd,2017,d02,4.1159
bgd,2017,d03,4.1815
bgd,2017,d04,4.2425
bgd,2017,d05,4.3386
bgd,2017,d06,4.4308
bgd,2017,d07,4.3929
bgd,2017,d08,4.2052
bgd,2017,d09,4.3334
bgd,2017,d10,4.5306
bgd,2019,d01,4.0985
bgd,2019,d02,3.9807
bgd,2019,d03,4.1383
bgd,2019,d04,4.2463
bgd,2019,d05,4.3624
bgd,2019,d06,4.4145
bgd,2019,d07,4.4198
bgd,2019,d08,4.2748
bgd,2019,d09,4.3344
bgd,2019,d10,4.3898
bih,2006,d01,2.5855
bih,2006,d02,2.9376
bih,2006,d03,3.0282
bih,2006,d04,3.4983
bih,2006,d05,3.5842
bih,2006,d06,3.1898
bih,2006,d07,3.6335
bih,2006,d08,3.0594
bih,2006,d09,3.1772
bih,2006,d10,3.0135
bih,2011,d01,2.4557
bih,2011,d02,2.934
bih,2011,d03,3.6207
bih,2011,d04,3.4115
bih,2011,d05,3.6633
bih,2011,d06,3.9602
bih,2011,d07,4.0161
bih,2011,d08,4.0252
bih,2011,d09,3.8994
bih,2011,d10,3.8418
blr,2005,d01,2.1517
blr,2005,d02,2.7306
blr,2005,d03,2.8241
blr,2005,d04,2.6969
blr,2005,d05,2.6009
blr,2005,d06,2.536
blr,2005,d07,2.5518
blr,2005,d08,2.6596
blr,2005,d09,3.0547
blr,2005,d10,3.19
blr,2012,d01,1.8098
blr,2012,d02,2.5424
blr,2012,d03,2.5554
blr,2012,d04,2.2704
blr,2012,d05,2.2944
blr,2012,d06,2.4209
blr,2012,d07,2.5543
blr,2012,d08,2.619
blr,2012,d09,2.9248
blr,2012,d10,3.1347
blr,2019,d01,1.915
blr,2019,d02,2.3766
blr,2019,d03,2.3116
blr,2019,d04,2.2526
blr,2019,d05,2.0033
blr,2019,d06,2.1956
blr,2019,d07,2.4872
blr,2019,d08,2.5802
blr,2019,d09,2.7787
blr,2019,d10,2.8534
blz,2006,d01,4.6523
blz,2006,d02,4.969
blz,2006,d03,4.3954
blz,2006,d04,4.5028
blz,2006,d05,4.3485
blz,2006,d06,4.3648
blz,2006,d07,3.8385
blz,2006,d08,3.6504
blz,2006,d09,3.7124
blz,2006,d10,3.6218
blz,2011,d01,3.8623
blz,2011,d02,3.9561
blz,2011,d03,4.1456
blz,2011,d04,3.8606
blz,2011,d05,3.8567
blz,2011,d06,4.1717
blz,2011,d07,4.059
blz,2011,d08,3.7305
blz,2011,d09,3.9676
blz,2011,d10,3.5514
blz,2015,d01,3.8462
blz,2015,d02,3.7625
blz,2015,d03,3.7934
blz,2015,d04,3.9726
blz,2015,d05,3.9256
blz,2015,d06,3.5862
blz,2015,d07,3.8031
blz,2015,d08,3.7294
blz,2015,d09,3.7661
blz,2015,d10,3.3899
bol,1994,d01,5.6288
bol,1994,d02,4.0889
bol,1994,d03,4.208
bol,1994,d04,4.6949
bol,1994,d05,4.337
bol,1994,d06,4.6007
bol,1994,d07,4.5033
bol,1994,d08,4.2953
bol,1994,d09,4.4444
bol,1994,d10,4.4142
bol,1998,d01,4.5788
bol,1998,d02,4.1524
bol,1998,d03,4.1819
bol,1998,d04,4.344
bol,1998,d05,4.544
bol,1998,d06,4.3424
bol,1998,d07,4.106
bol,1998,d08,4.3425
bol,1998,d09,4.2505
bol,1998,d10,4.5335
bol,2003,d01,4.7481
bol,2003,d02,4.3151
bol,2003,d03,4.1889
bol,2003,d04,4.1474
bol,2003,d05,4.2156
bol,2003,d06,4.0491
bol,2003,d07,3.9738
bol,2003,d08,4.0621
bol,2003,d09,4.2552
bol,2003,d10,4.3597
bol,2008,d01,4.3157
bol,2008,d02,3.9743
bol,2008,d03,3.9471
bol,2008,d04,3.9148
bol,2008,d05,3.9404
bol,2008,d06,3.8335
bol,2008,d07,3.8554
bol,2008,d08,3.73
bol,2008,d09,3.9202
bol,2008,d10,4.0197
bol,2016,d01,3.2604
bol,2016,d02,3.4661
bol,2016,d03,3.6344
bol,2016,d04,3.5528
bol,2016,d05,3.4113
bol,2016,d06,3.4483
bol,2016,d07,3.4031
bol,2016,d08,3.4552
bol,2016,d09,3.6047
bol,2016,d10,3.538
bra,1996,d01,4.6279
bra,1996,d02,4.3465
bra,1996,d03,4.3083
bra,1996,d04,4.2869
bra,1996,d05,4.0408
bra,1996,d06,3.9876
bra,1996,d07,3.9869
bra,1996,d08,3.7589
bra,1996,d09,3.8434
bra,1996,d10,3.8107
bra,2019,d01,3.0717
bra,2019,d02,2.9327
bra,2019,d03,2.9264
bra,2019,d04,2.8487
bra,2019,d05,2.8917
bra,2019,d06,2.8196
bra,2019,d07,2.8838
bra,2019,d08,2.8167
bra,2019,d09,2.867
bra,2019,d10,2.5913
brb,2012,d01,2.0246
brb,2012,d02,2.6588
brb,2012,d03,2.8219
brb,2012,d04,3.0899
brb,2012,d05,3.0229
brb,2012,d06,3.0514
brb,2012,d07,2.931
brb,2012,d08,3.1185
brb,2012,d09,3.1706
brb,2012,d10,3.0766
btn,2010,d01,4.9861
btn,2010,d02,4.7659
btn,2010,d03,4.8565
btn,2010,d04,4.6065
btn,2010,d05,4.6064
btn,2010,d06,4.3988
btn,2010,d07,4.3645
btn,2010,d08,4.3573
btn,2010,d09,4.3866
btn,2010,d10,4.6369
caf,1994,d01,4.822
caf,1994,d02,3.7801
caf,1994,d03,3.6338
caf,1994,d04,4.4357
caf,1994,d05,4.3872
caf,1994,d06,4.167
caf,1994,d07,5.4562
caf,1994,d08,6.1788
caf,1994,d09,6.852
caf,1994,d10,8.6308
caf,2006,d01,3.3324
caf,2006,d02,3.605
caf,2006,d03,3.9266
caf,2006,d04,4.3545
caf,2006,d05,4.4288
caf,2006,d06,4.8705
caf,2006,d07,5.2399
caf,2006,d08,5.6674
caf,2006,d09,6.2623
caf,2006,d10,7.3819
caf,2010,d01,3.7337
caf,2010,d02,3.9794
caf,2010,d03,4.2381
caf,2010,d04,4.3431
caf,2010,d05,4.7339
caf,2010,d06,4.8571
caf,2010,d07,5.2625
caf,2010,d08,5.7165
caf,2010,d09,6.0158
caf,2010,d10,6.2482
caf,2018,d01,4.9125
caf,2018,d02,4.8531
caf,2018,d03,4.8678
caf,2018,d04,5.2102
caf,2018,d05,5.3448
caf,2018,d06,5.7707
caf,2018,d07,6.1303
caf,2018,d08,6.2772
caf,2018,d09,6.4975
caf,2018,d10,6.8419
civ,1994,d01,6.5858
civ,1994,d02,5.4596
civ,1994,d03,7.0938
civ,1994,d04,5.9326
civ,1994,d05,6.7346
civ,1994,d06,5.2941
civ,1994,d07,5.4071
civ,1994,d08,5.9184
civ,1994,d09,7.1154
civ,1994,d10,7.5224
civ,1998,d01,6.8318
civ,1998,d02,6.5762
civ,1998,d03,6.2294
civ,1998,d04,6.1691
civ,1998,d05,5.9802
civ,1998,d06,6.1199
civ,1998,d07,4.8859
civ,1998,d08,5.8733
civ,1998,d09,6.386
civ,1998,d10,7.17
civ,2006,d01,6.2244
civ,2006,d02,6.5739
civ,2006,d03,7.0489
civ,2006,d04,7.6109
civ,2006,d05,7.6891
civ,2006,d06,7.8444
civ,2006,d07,7.3212
civ,2006,d08,6.963
civ,2006,d09,7.004
civ,2006,d10,7.6665
civ,2011,d01,4.217
civ,2011,d02,4.7499
civ,2011,d03,5.3091
civ,2011,d04,4.8637
civ,2011,d05,4.7691
civ,2011,d06,5.3849
civ,2011,d07,5.0003
civ,2011,d08,5.1823
civ,2011,d09,5.6292
civ,2011,d10,6.2515
civ,2016,d01,4.4356
civ,2016,d02,4.6048
civ,2016,d03,4.8268
civ,2016,d04,4.6297
civ,2016,d05,4.3478
civ,2016,d06,4.3219
civ,2016,d07,4.3796
civ,2016,d08,4.3907
civ,2016,d09,5.012
civ,2016,d10,4.9319
cmr,1998,d01,6.3744
cmr,1998,d02,6.1677
cmr,1998,d03,5.431
cmr,1998,d04,4.8517
cmr,1998,d05,5.0281
cmr,1998,d06,5.5053
cmr,1998,d07,5.4717
cmr,1998,d08,4.8415
cmr,1998,d09,5.4799
cmr,1998,d10,6.1486
cmr,2004,d01,6.3763
cmr,2004,d02,5.1763
cmr,2004,d03,4.4809
cmr,2004,d04,4.4861
cmr,2004,d05,4.8337
cmr,2004,d06,4.8285
cmr,2004,d07,4.5801
cmr,2004,d08,4.2501
cmr,2004,d09,4.0845
cmr,2004,d10,5.1407
cmr,2006,d01,5.6952
cmr,2006,d02,4.5445
cmr,2006,d03,4.4254
cmr,2006,d04,4.3141
cmr,2006,d05,4.2792
cmr,2006,d06,4.7098
cmr,2006,d07,4.3114
cmr,2006,d08,4.2283
cmr,2006,d09,4.0759
cmr,2006,d10,4.8493
cmr,2011,d01,5.5841
cmr,2011,d02,5.3297
cmr,2011,d03,4.9753
cmr,2011,d04,5.1167
cmr,2011,d05,5.2797
cmr,2011,d06,5.0696
cmr,2011,d07,5.0726
cmr,2011,d08,4.7293
cmr,2011,d09,4.2534
cmr,2011,d10,4.7203
cmr,2014,d01,6.4977
cmr,2014,d02,4.8992
cmr,2014,d03,4.7389
cmr,2014,d04,4.478
cmr,2014,d05,4.7405
cmr,2014,d06,4.5239
cmr,2014,d07,4.3136
cmr,2014,d08,3.8429
cmr,2014,d09,4.0475
cmr,2014,d10,4.315
cmr,2018,d01,6.0323
cmr,2018,d02,5.4081
cmr,2018,d03,5.5819
cmr,2018,d04,5.4193
cmr,2018,d05,5.4779
cmr,2018,d06,4.8938
cmr,2018,d07,4.6514
cmr,2018,d08,4.4296
cmr,2018,d09,4.1842
cmr,2018,d10,4.4119
cod,2007,d01,4.6813
cod,2007,d02,4.8091
cod,2007,d03,5.2911
cod,2007,d04,5.3866
cod,2007,d05,5.1155
cod,2007,d06,5.411
cod,2007,d07,5.6583
cod,2007,d08,6.0024
cod,2007,d09,6.1589
cod,2007,d10,6.4769
cod,2010,d01,4.7878
cod,2010,d02,4.8149
cod,2010,d03,5.0019
cod,2010,d04,5.2009
cod,2010,d05,5.4144
cod,2010,d06,5.2112
cod,2010,d07,5.5875
cod,2010,d08,5.4105
cod,2010,d09,6.06
cod,2010,d10,6.0963
cod,2013,d01,4.4546
cod,2013,d02,4.7037
cod,2013,d03,5.0585
cod,2013,d04,5.1808
cod,2013,d05,5.3572
cod,2013,d06,5.4573
cod,2013,d07,5.7032
cod,2013,d08,5.6598
cod,2013,d09,6.013
cod,2013,d10,5.8779
cod,2017,d01,4.3348
cod,2017,d02,4.571
cod,2017,d03,4.8353
cod,2017,d04,5.0347
cod,2017,d05,5.3206
cod,2017,d06,5.5617
cod,2017,d07,5.3336
cod,2017,d08,5.5843
cod,2017,d09,5.8621
cod,2017,d10,5.6763
cog,2005,d01,4.8859
cog,2005,d02,4.9949
cog,2005,d03,5.2873
cog,2005,d04,5.4489
cog,2005,d05,5.2294
cog,2005,d06,5.0985
cog,2005,d07,4.8857
cog,2005,d08,5.1497
cog,2005,d09,5.153
cog,2005,d10,5.5552
cog,2011,d01,4.2007
cog,2011,d02,4.132
cog,2011,d03,4.2488
cog,2011,d04,4.3031
cog,2011,d05,4.1903
cog,2011,d06,4.2588
cog,2011,d07,4.3934
cog,2011,d08,4.2495
cog,2011,d09,4.3835
cog,2011,d10,4.7524
cog,2014,d01,3.8315
cog,2014,d02,4.116
cog,2014,d03,4.2959
cog,2014,d04,4.2604
cog,2014,d05,4.1408
cog,2014,d06,4.2014
cog,2014,d07,4.1592
cog,2014,d08,4.3052
cog,2014,d09,4.5988
cog,2014,d10,4.3699
col,1995,d01,4.9945
col,1995,d02,4.7133
col,1995,d03,4.565
col,1995,d04,4.3773
col,1995,d05,4.3583
col,1995,d06,4.4321
col,1995,d07,4.1884
col,1995,d08,4.2868
col,1995,d09,4.3205
col,1995,d10,4.2376
col,2005,d01,4.7523
col,2005,d02,4.3346
col,2005,d03,3.9954
col,2005,d04,3.8565
col,2005,d05,4.0329
col,2005,d06,4.1731
col,2005,d07,4.0246
col,2005,d08,4.0687
col,2005,d09,3.9747
col,2005,d10,3.9849
col,2010,d01,4.1674
col,2010,d02,4.0293
col,2010,d03,3.8188
col,2010,d04,3.6342
col,2010,d05,3.5906
col,2010,d06,3.7321
col,2010,d07,3.7104
col,2010,d08,3.8083
col,2010,d09,3.7416
col,2010,d10,3.5584
col,2015,d01,3.7707
col,2015,d02,3.6713
col,2015,d03,3.4107
col,2015,d04,3.3217
col,2015,d05,3.4211
col,2015,d06,3.4287
col,2015,d07,3.4548
col,2015,d08,3.4991
col,2015,d09,3.6933
col,2015,d10,3.6549
com,1996,d01,7.4842
com,1996,d02,5.8
com,1996,d03,6.1565
com,1996,d04,5.4131
com,1996,d05,6.2358
com,1996,d06,6.25
com,1996,d07,6.3761
com,1996,d08,6.6093
com,1996,d09,6.7381
com,1996,d10,6.3632
com,2012,d01,5.4841
com,2012,d02,5.3791
com,2012,d03,5.3916
com,2012,d04,5.4073
com,2012,d05,5.281
com,2012,d06,5.223
com,2012,d07,5.3971
com,2012,d08,5.5128
com,2012,d09,5.672
com,2012,d10,5.0219
cri,2011,d01,3.8302
cri,2011,d02,3.8134
cri,2011,d03,3.593
cri,2011,d04,3.7578
cri,2011,d05,3.4345
cri,2011,d06,3.5377
cri,2011,d07,3.4868
cri,2011,d08,3.6986
cri,2011,d09,3.6138
cri,2011,d10,3.8583
cri,2018,d01,3.2146
cri,2018,d02,3.1799
cri,2018,d03,3.1459
cri,2018,d04,3.1817
cri,2018,d05,3.1516
cri,2018,d06,3.1117
cri,2018,d07,3.2339
cri,2018,d08,3.2805
cri,2018,d09,3.347
cri,2018,d10,3.2268
cub,2019,d01,2.5201
cub,2019,d02,2.4818
cub,2019,d03,2.623
cub,2019,d04,2.6068
cub,2019,d05,2.6352
cub,2019,d06,2.8078
cub,2019,d07,2.7511
cub,2019,d08,2.8095
cub,2019,d09,2.9238
cub,2019,d10,3.0624
dom,1996,d01,4.5309
dom,1996,d02,3.9184
dom,1996,d03,4.3109
dom,1996,d04,4.1678
dom,1996,d05,4.2618
dom,1996,d06,4.2925
dom,1996,d07,4.1989
dom,1996,d08,4.4828
dom,1996,d09,4.5551
dom,1996,d10,4.2851
dom,1999,d01,3.8218
dom,1999,d02,4.0196
dom,1999,d03,4.287
dom,1999,d04,4.3209
dom,1999,d05,4.2418
dom,1999,d06,4.002
dom,1999,d07,4.253
dom,1999,d08,4.1284
dom,1999,d09,4.4306
dom,1999,d10,4.5236
dom,2002,d01,3.3387
dom,2002,d02,3.5788
dom,2002,d03,3.9756
dom,2002,d04,3.8707
dom,2002,d05,3.9765
dom,2002,d06,4.0841
dom,2002,d07,4.0131
dom,2002,d08,3.9346
dom,2002,d09,4.0685
dom,2002,d10,4.5675
dom,2007,d01,3.1311
dom,2007,d02,3.4987
dom,2007,d03,3.7704
dom,2007,d04,3.7692
dom,2007,d05,3.858
dom,2007,d06,3.8816
dom,2007,d07,3.8115
dom,2007,d08,3.9162
dom,2007,d09,3.8392
dom,2007,d10,3.6881
dom,2013,d01,2.6481
dom,2013,d02,3.3386
dom,2013,d03,3.4265
dom,2013,d04,3.5564
dom,2013,d05,3.7378
dom,2013,d06,3.7607
dom,2013,d07,3.6373
dom,2013,d08,3.5858
dom,2013,d09,3.6598
dom,2013,d10,3.4855
dom,2014,d01,2.6806
dom,2014,d02,3.1294
dom,2014,d03,3.3527
dom,2014,d04,3.44
dom,2014,d05,3.5047
dom,2014,d06,3.4883
dom,2014,d07,3.4761
dom,2014,d08,3.4573
dom,2014,d09,3.5922
dom,2014,d10,3.6908
dom,2019,d01,2.5063
dom,2019,d02,2.8685
dom,2019,d03,3.0275
dom,2019,d04,3.0671
dom,2019,d05,3.2178
dom,2019,d06,3.2098
dom,2019,d07,3.1981
dom,2019,d08,3.2971
dom,2019,d09,3.3299
dom,2019,d10,3.4315
dza,2012,d01,5.5815
dza,2012,d02,5.4755
dza,2012,d03,5.4654
dza,2012,d04,5.2891
dza,2012,d05,5.3496
dza,2012,d06,5.4248
dza,2012,d07,5.5627
dza,2012,d08,5.416
dza,2012,d09,5.3987
dza,2012,d10,5.2753
dza,2018,d01,4.8917
dza,2018,d02,4.8952
dza,2018,d03,4.8981
dza,2018,d04,4.9221
dza,2018,d05,4.9588
dza,2018,d06,4.8838
dza,2018,d07,4.9612
dza,2018,d08,4.9554
dza,2018,d09,5.0967
dza,2018,d10,4.9566
ecu,2012,d01,4.9574
ecu,2012,d02,4.7387
ecu,2012,d03,4.6677
ecu,2012,d04,4.5468
ecu,2012,d05,4.5086
ecu,2012,d06,4.3875
ecu,2012,d07,4.4249
ecu,2012,d08,4.3959
ecu,2012,d09,4.3151
ecu,2012,d10,4.2768
ecu,2018,d01,3.6431
ecu,2018,d02,3.6912
ecu,2018,d03,3.7712
ecu,2018,d04,3.6617
ecu,2018,d05,3.5612
ecu,2018,d06,3.5232
ecu,2018,d07,3.5727
ecu,2018,d08,3.6172
ecu,2018,d09,3.5844
ecu,2018,d10,3.5637
egy,1995,d01,5.683
egy,1995,d02,6.0609
egy,1995,d03,6.1015
egy,1995,d04,6.0801
egy,1995,d05,5.7228
egy,1995,d06,5.4972
egy,1995,d07,5.3313
egy,1995,d08,4.889
egy,1995,d09,4.349
egy,1995,d10,4.3073
egy,2000,d01,5.9125
egy,2000,d02,6.1539
egy,2000,d03,6.4576
egy,2000,d04,6.208
egy,2000,d05,5.9582
egy,2000,d06,5.3286
egy,2000,d07,4.9177
egy,2000,d08,4.5844
egy,2000,d09,4.2575
egy,2000,d10,4.0079
egy,2005,d01,5.3875
egy,2005,d02,5.8945
egy,2005,d03,6.117
egy,2005,d04,5.6539
egy,2005,d05,5.2057
egy,2005,d06,4.8608
egy,2005,d07,4.4056
egy,2005,d08,4.1551
egy,2005,d09,4.1062
egy,2005,d10,4.11
egy,2008,d01,5.3172
egy,2008,d02,5.6187
egy,2008,d03,5.4806
egy,2008,d04,5.254
egy,2008,d05,4.8681
egy,2008,d06,4.2577
egy,2008,d07,4.2412
egy,2008,d08,4.0322
egy,2008,d09,3.968
egy,2008,d10,3.9452
egy,2014,d01,5.1478
egy,2014,d02,4.7984
egy,2014,d03,4.5091
egy,2014,d04,4.2418
egy,2014,d05,4.1132
egy,2014,d06,4.0802
egy,2014,d07,3.8282
egy,2014,d08,3.7223
egy,2014,d09,3.7028
egy,2014,d10,3.6578
eth,2000,d01,6.5563
eth,2000,d02,5.8032
eth,2000,d03,4.9888
eth,2000,d04,5.0833
eth,2000,d05,4.4035
eth,2000,d06,4.1875
eth,2000,d07,4.4804
eth,2000,d08,4.9735
eth,2000,d09,4.4387
eth,2000,d10,4.2268
eth,2005,d01,5.1991
eth,2005,d02,4.8273
eth,2005,d03,4.9146
eth,2005,d04,4.8039
eth,2005,d05,5.0711
eth,2005,d06,5.2631
eth,2005,d07,5.4012
eth,2005,d08,5.5079
eth,2005,d09,5.1899
eth,2005,d10,4.3215
eth,2011,d01,4.913
eth,2011,d02,4.7243
eth,2011,d03,4.6999
eth,2011,d04,4.9175
eth,2011,d05,5.0456
eth,2011,d06,4.9682
eth,2011,d07,5.1169
eth,2011,d08,4.9623
eth,2011,d09,3.8866
eth,2011,d10,3.6548
eth,2016,d01,5.0022
eth,2016,d02,4.604
eth,2016,d03,4.7314
eth,2016,d04,4.8581
eth,2016,d05,4.907
eth,2016,d06,4.9316
eth,2016,d07,4.931
eth,2016,d08,5.0284
eth,2016,d09,4.208
eth,2016,d10,3.4615
eth,2019,d01,5.7048
eth,2019,d02,5.2367
eth,2019,d03,4.961
eth,2019,d04,5.0583
eth,2019,d05,4.853
eth,2019,d06,4.9227
eth,2019,d07,4.7983
eth,2019,d08,4.6164
eth,2019,d09,4.0216
eth,2019,d10,3.7242
gab,2000,d01,4.6288
gab,2000,d02,4.7832
gab,2000,d03,4.8032
gab,2000,d04,4.2206
gab,2000,d05,4.8538
gab,2000,d06,4.5623
gab,2000,d07,5.0548
gab,2000,d08,5.2416
gab,2000,d09,5.9202
gab,2000,d10,6.0494
gab,2012,d01,3.6251
gab,2012,d02,4.5534
gab,2012,d03,4.0057
gab,2012,d04,3.7603
gab,2012,d05,4.2532
gab,2012,d06,3.6997
gab,2012,d07,3.8939
gab,2012,d08,4.2701
gab,2012,d09,4.601
gab,2012,d10,4.5568
geo,2005,d01,2.8457
geo,2005,d02,3.5353
geo,2005,d03,3.8508
geo,2005,d04,4.0873
geo,2005,d05,4.1892
geo,2005,d06,3.9926
geo,2005,d07,3.536
geo,2005,d08,3.3514
geo,2005,d09,3.4829
geo,2005,d10,3.9966
geo,2018,d01,2.7174
geo,2018,d02,3.1842
geo,2018,d03,3.547
geo,2018,d04,3.8303
geo,2018,d05,3.8159
geo,2018,d06,3.3456
geo,2018,d07,3.2195
geo,2018,d08,3.2969
geo,2018,d09,3.5851
geo,2018,d10,4.1392
gha,1993,d01,3.6467
gha,1993,d02,3.7572
gha,1993,d03,3.9741
gha,1993,d04,3.9797
gha,1993,d05,4.0844
gha,1993,d06,4.1524
gha,1993,d07,3.6087
gha,1993,d08,3.4652
gha,1993,d09,3.2411
gha,1993,d10,3.9299
gha,1998,d01,5.2009
gha,1998,d02,4.0869
gha,1998,d03,3.6988
gha,1998,d04,3.7482
gha,1998,d05,3.4918
gha,1998,d06,3.2231
gha,1998,d07,3.1947
gha,1998,d08,3.0069
gha,1998,d09,3.2917
gha,1998,d10,3.8767
gha,2003,d01,5.7116
gha,2003,d02,4.7416
gha,2003,d03,4.4445
gha,2003,d04,4.1406
gha,2003,d05,3.9287
gha,2003,d06,3.7963
gha,2003,d07,3.4403
gha,2003,d08,3.4216
gha,2003,d09,3.5401
gha,2003,d10,3.965
gha,2006,d01,5.2904
gha,2006,d02,5.2296
gha,2006,d03,4.6592
gha,2006,d04,4.0739
gha,2006,d05,3.986
gha,2006,d06,3.7871
gha,2006,d07,3.6229
gha,2006,d08,3.826
gha,2006,d09,3.8084
gha,2006,d10,4.4311
gha,2008,d01,5.2581
gha,2008,d02,4.5249
gha,2008,d03,3.9334
gha,2008,d04,3.8909
gha,2008,d05,3.5285
gha,2008,d06,3.3987
gha,2008,d07,3.3593
gha,2008,d08,3.3073
gha,2008,d09,3.375
gha,2008,d10,3.6292
gha,2011,d01,5.575
gha,2011,d02,4.9174
gha,2011,d03,4.3034
gha,2011,d04,3.9332
gha,2011,d05,3.8042
gha,2011,d06,3.7199
gha,2011,d07,3.5585
gha,2011,d08,3.4319
gha,2011,d09,3.1465
gha,2011,d10,3.378
gha,2014,d01,5.9157
gha,2014,d02,4.565
gha,2014,d03,3.8133
gha,2014,d04,3.6548
gha,2014,d05,3.213
gha,2014,d06,3.0185
gha,2014,d07,3.0743
gha,2014,d08,3.0568
gha,2014,d09,2.9501
gha,2014,d10,3.1902
gha,2017,d01,5.4379
gha,2017,d02,5.426
gha,2017,d03,5.2468
gha,2017,d04,5.2334
gha,2017,d05,4.8327
gha,2017,d06,4.6568
gha,2017,d07,4.3969
gha,2017,d08,4.1243
gha,2017,d09,4.0239
gha,2017,d10,4.2165
gin,1999,d01,6.3567
gin,1999,d02,6.8403
gin,1999,d03,5.5785
gin,1999,d04,6.3376
gin,1999,d05,6.5531
gin,1999,d06,7.1853
gin,1999,d07,7.0643
gin,1999,d08,6.7572
gin,1999,d09,6.165
gin,1999,d10,7.9453
gin,2005,d01,6.3084
gin,2005,d02,5.9721
gin,2005,d03,5.6665
gin,2005,d04,5.472
gin,2005,d05,6.103
gin,2005,d06,6.2614
gin,2005,d07,6.4601
gin,2005,d08,6.279
gin,2005,d09,5.6096
gin,2005,d10,7.0025
gin,2012,d01,5.7583
gin,2012,d02,5.9027
gin,2012,d03,5.8217
gin,2012,d04,6.6589
gin,2012,d05,6.8873
gin,2012,d06,6.4024
gin,2012,d07,6.5128
gin,2012,d08,5.82
gin,2012,d09,6.3072
gin,2012,d10,6.6857
gin,2016,d01,4.9885
gin,2016,d02,5.4748
gin,2016,d03,5.7517
gin,2016,d04,5.5739
gin,2016,d05,5.9755
gin,2016,d06,5.8941
gin,2016,d07,5.9446
gin,2016,d08,6.0737
gin,2016,d09,6.7794
gin,2016,d10,7.8461
gin,2018,d01,5.6475
gin,2018,d02,5.9267
gin,2018,d03,6.0693
gin,2018,d04,6.2017
gin,2018,d05,6.3613
gin,2018,d06,6.4382
gin,2018,d07,6.2273
gin,2018,d08,6.1335
gin,2018,d09,6.3593
gin,2018,d10,6.8534
gmb,2005,d01,8.5212
gmb,2005,d02,8.1468
gmb,2005,d03,7.8522
gmb,2005,d04,7.7536
gmb,2005,d05,7.3707
gmb,2005,d06,7.845
gmb,2005,d07,7.2955
gmb,2005,d08,6.9071
gmb,2005,d09,6.2236
gmb,2005,d10,6.6342
gmb,2010,d01,9.1103
gmb,2010,d02,9.2361
gmb,2010,d03,8.5384
gmb,2010,d04,8.935
gmb,2010,d05,8.7619
gmb,2010,d06,8.4832
gmb,2010,d07,7.88
gmb,2010,d08,6.956
gmb,2010,d09,7.3056
gmb,2010,d10,6.7017
gmb,2013,d01,6.6545
gmb,2013,d02,7.8181
gmb,2013,d03,9.4644
gmb,2013,d04,11.2548
gmb,2013,d05,11.3466
gmb,2013,d06,8.4644
gmb,2013,d07,7.6882
gmb,2013,d08,6.9272
gmb,2013,d09,7.8137
gmb,2013,d10,7.4387
gmb,2018,d01,7.889
gmb,2018,d02,8.7497
gmb,2018,d03,9.4338
gmb,2018,d04,9.0936
gmb,2018,d05,9.2556
gmb,2018,d06,7.8794
gmb,2018,d07,7.1014
gmb,2018,d08,7.5894
gmb,2018,d09,7.612
gmb,2018,d10,6.4723
gmb,2019,d01,8.8296
gmb,2019,d02,8.3091
gmb,2019,d03,7.9275
gmb,2019,d04,7.562
gmb,2019,d05,7.0968
gmb,2019,d06,7.0946
gmb,2019,d07,8.1846
gmb,2019,d08,9.2325
gmb,2019,d09,9.3204
gmb,2019,d10,7.7922
gnb,2006,d01,6.7823
gnb,2006,d02,7.172
gnb,2006,d03,7.6241
gnb,2006,d04,8.4415
gnb,2006,d05,8.6552
gnb,2006,d06,8.7202
gnb,2006,d07,8.2756
gnb,2006,d08,7.1342
gnb,2006,d09,7.6792
gnb,2006,d10,7.9274
gnb,2014,d01,6.1767
gnb,2014,d02,6.6819
gnb,2014,d03,7.0726
gnb,2014,d04,8.2561
gnb,2014,d05,8.6617
gnb,2014,d06,7.7669
gnb,2014,d07,7.0728
gnb,2014,d08,7.015
gnb,2014,d09,6.9868
gnb,2014,d10,7.5739
gnb,2018,d01,5.5252
gnb,2018,d02,6.548
gnb,2018,d03,7.5496
gnb,2018,d04,7.3372
gnb,2018,d05,8.3136
gnb,2018,d06,8.1447
gnb,2018,d07,7.2623
gnb,2018,d08,5.5969
gnb,2018,d09,6.4608
gnb,2018,d10,6.5569
gtm,1995,d01,6.7906
gtm,1995,d02,5.5785
gtm,1995,d03,5.1468
gtm,1995,d04,5.3609
gtm,1995,d05,5.3674
gtm,1995,d06,5.3711
gtm,1995,d07,5.2529
gtm,1995,d08,4.8639
gtm,1995,d09,4.7825
gtm,1995,d10,4.5014
gtm,1998,d01,6.6125
gtm,1998,d02,5.714
gtm,1998,d03,5.5829
gtm,1998,d04,5.6106
gtm,1998,d05,5.3959
gtm,1998,d06,5.5623
gtm,1998,d07,4.9752
gtm,1998,d08,4.591
gtm,1998,d09,4.5526
gtm,1998,d10,4.7563
gtm,2014,d01,5.7829
gtm,2014,d02,5.3829
gtm,2014,d03,5.2874
gtm,2014,d04,5.1902
gtm,2014,d05,5.0093
gtm,2014,d06,4.8245
gtm,2014,d07,4.5596
gtm,2014,d08,4.2238
gtm,2014,d09,4.2784
gtm,2014,d10,4.0808
guy,2006,d01,5.6537
guy,2006,d02,4.2793
guy,2006,d03,3.7862
guy,2006,d04,4.0771
guy,2006,d05,4.0322
guy,2006,d06,4.0735
guy,2006,d07,3.9527
guy,2006,d08,3.7828
guy,2006,d09,3.6999
guy,2006,d10,3.7486
guy,2009,d01,4.2225
guy,2009,d02,3.5199
guy,2009,d03,3.5721
guy,2009,d04,3.8473
guy,2009,d05,3.8567
guy,2009,d06,3.7495
guy,2009,d07,3.7726
guy,2009,d08,3.7912
guy,2009,d09,3.7202
guy,2009,d10,3.882
guy,2014,d01,4.4118
guy,2014,d02,3.7997
guy,2014,d03,3.7309
guy,2014,d04,3.6343
guy,2014,d05,3.6734
guy,2014,d06,3.5588
guy,2014,d07,3.7004
guy,2014,d08,3.8169
guy,2014,d09,3.9751
guy,2014,d10,3.8804
guy,2019,d01,3.9072
guy,2019,d02,3.3672
guy,2019,d03,3.3886
guy,2019,d04,3.2724
guy,2019,d05,3.2656
guy,2019,d06,3.5487
guy,2019,d07,3.4766
guy,2019,d08,3.4411
guy,2019,d09,3.6694
guy,2019,d10,3.7626
hnd,2005,d01,6.1702
hnd,2005,d02,5.2662
hnd,2005,d03,5.1413
hnd,2005,d04,4.9701
hnd,2005,d05,4.9034
hnd,2005,d06,4.5094
hnd,2005,d07,4.4334
hnd,2005,d08,4.2766
hnd,2005,d09,4.4188
hnd,2005,d10,4.4511
hnd,2011,d01,5.1537
hnd,2011,d02,4.8131
hnd,2011,d03,4.7722
hnd,2011,d04,4.6648
hnd,2011,d05,4.4543
hnd,2011,d06,4.2002
hnd,2011,d07,4.1646
hnd,2011,d08,4.096
hnd,2011,d09,4.0675
hnd,2011,d10,4.3091
hnd,2019,d01,4.2168
hnd,2019,d02,4.1852
hnd,2019,d03,4.0665
hnd,2019,d04,3.9147
hnd,2019,d05,3.8701
hnd,2019,d06,3.7385
hnd,2019,d07,3.6773
hnd,2019,d08,3.631
hnd,2019,d09,3.7223
hnd,2019,d10,3.7962
hti,1994,d01,6.2015
hti,1994,d02,5.0686
hti,1994,d03,5.0759
hti,1994,d04,4.7137
hti,1994,d05,4.7934
hti,1994,d06,4.9705
hti,1994,d07,4.6023
hti,1994,d08,4.4586
hti,1994,d09,5.1325
hti,1994,d10,5.4941
hti,2000,d01,4.7428
hti,2000,d02,5.1013
hti,2000,d03,4.613
hti,2000,d04,4.9048
hti,2000,d05,4.9376
hti,2000,d06,4.3729
hti,2000,d07,4.4751
hti,2000,d08,4.7372
hti,2000,d09,4.5428
hti,2000,d10,4.6569
hti,2005,d01,4.662
hti,2005,d02,4.7555
hti,2005,d03,4.6026
hti,2005,d04,4.9013
hti,2005,d05,4.7639
hti,2005,d06,4.265
hti,2005,d07,4.3939
hti,2005,d08,4.3363
hti,2005,d09,4.6709
hti,2005,d10,4.805
hti,2012,d01,5.1573
hti,2012,d02,4.8201
hti,2012,d03,4.2839
hti,2012,d04,4.4215
hti,2012,d05,4.0042
hti,2012,d06,4.1242
hti,2012,d07,4.1015
hti,2012,d08,4.2729
hti,2012,d09,4.6061
hti,2012,d10,4.7425
hti,2016,d01,4.2829
hti,2016,d02,4.3586
hti,2016,d03,4.4938
hti,2016,d04,4.4467
hti,2016,d05,4.3371
hti,2016,d06,4.1411
hti,2016,d07,4.0308
hti,2016,d08,4.2638
hti,2016,d09,4.253
hti,2016,d10,4.3658
idn,1997,d01,4.478
idn,1997,d02,4.1586
idn,1997,d03,4.0957
idn,1997,d04,4.1864
idn,1997,d05,4.0211
idn,1997,d06,4.2091
idn,1997,d07,4.2545
idn,1997,d08,4.3982
idn,1997,d09,4.4938
idn,1997,d10,4.959
idn,2002,d01,4.2735
idn,2002,d02,3.9237
idn,2002,d03,4.1064
idn,2002,d04,4.1105
idn,2002,d05,4.2893
idn,2002,d06,4.2245
idn,2002,d07,4.4082
idn,2002,d08,4.5735
idn,2002,d09,4.6478
idn,2002,d10,4.7643
idn,2007,d01,3.9068
idn,2007,d02,3.9257
idn,2007,d03,3.91
idn,2007,d04,3.9856
idn,2007,d05,4.1544
idn,2007,d06,4.1963
idn,2007,d07,4.1145
idn,2007,d08,4.122
idn,2007,d09,4.2956
idn,2007,d10,4.4975
idn,2012,d01,3.5686
idn,2012,d02,3.7664
idn,2012,d03,3.7755
idn,2012,d04,3.9069
idn,2012,d05,3.8571
idn,2012,d06,4.0724
idn,2012,d07,4.1355
idn,2012,d08,4.1745
idn,2012,d09,4.2634
idn,2012,d10,4.5684
idn,2017,d01,3.3829
idn,2017,d02,3.563
idn,2017,d03,3.6965
idn,2017,d04,3.8249
idn,2017,d05,3.864
idn,2017,d06,3.936
idn,2017,d07,3.9968
idn,2017,d08,4.0661
idn,2017,d09,4.1648
idn,2017,d10,4.2793
ind,1998,d01,5.0468
ind,1998,d02,5.0803
ind,1998,d03,5.3423
ind,1998,d04,5.4309
ind,1998,d05,5.4512
ind,1998,d06,5.5306
ind,1998,d07,5.5975
ind,1998,d08,5.6285
ind,1998,d09,5.4374
ind,1998,d10,5.3488
ind,2005,d01,4.5843
ind,2005,d02,4.6974
ind,2005,d03,4.8132
ind,2005,d04,4.8471
ind,2005,d05,4.8584
ind,2005,d06,4.7865
ind,2005,d07,4.9416
ind,2005,d08,4.8318
ind,2005,d09,4.7996
ind,2005,d10,4.733
ind,2015,d01,4.4293
ind,2015,d02,4.5897
ind,2015,d03,4.6284
ind,2015,d04,4.6551
ind,2015,d05,4.6171
ind,2015,d06,4.5981
ind,2015,d07,4.5565
ind,2015,d08,4.5378
ind,2015,d09,4.575
ind,2015,d10,4.5157
ind,2019,d01,4.0873
ind,2019,d02,4.3276
ind,2019,d03,4.3566
ind,2019,d04,4.3803
ind,2019,d05,4.3711
ind,2019,d06,4.3794
ind,2019,d07,4.4332
ind,2019,d08,4.4701
ind,2019,d09,4.4572
ind,2019,d10,4.4372
irq,2011,d01,6.7887
irq,2011,d02,6.5146
irq,2011,d03,6.4641
irq,2011,d04,6.3445
irq,2011,d05,6.5391
irq,2011,d06,6.5338
irq,2011,d07,6.5837
irq,2011,d08,6.4967
irq,2011,d09,6.3437
irq,2011,d10,6.0757
irq,2018,d01,6.8076
irq,2018,d02,6.704
irq,2018,d03,6.7141
irq,2018,d04,6.473
irq,2018,d05,6.7825
irq,2018,d06,6.4952
irq,2018,d07,6.1308
irq,2018,d08,6.1033
irq,2018,d09,5.9996
irq,2018,d10,5.5175
jam,2011,d01,2.7446
jam,2011,d02,2.9929
jam,2011,d03,3.265
jam,2011,d04,3.4103
jam,2011,d05,3.5458
jam,2011,d06,3.3362
jam,2011,d07,3.2128
jam,2011,d08,3.3112
jam,2011,d09,3.1028
jam,2011,d10,3.0266
jor,1997,d01,5.9097
jor,1997,d02,5.7966
jor,1997,d03,5.3659
jor,1997,d04,6.4104
jor,1997,d05,5.7509
jor,1997,d06,6.5867
jor,1997,d07,5.868
jor,1997,d08,6.3426
jor,1997,d09,5.9873
jor,1997,d10,5.8476
jor,2002,d01,4.7155
jor,2002,d02,5.4037
jor,2002,d03,5.2943
jor,2002,d04,5.694
jor,2002,d05,5.787
jor,2002,d06,5.8086
jor,2002,d07,6.1594
jor,2002,d08,6.1018
jor,2002,d09,5.944
jor,2002,d10,5.9435
jor,2007,d01,4.0367
jor,2007,d02,5.0028
jor,2007,d03,5.3566
jor,2007,d04,5.5919
jor,2007,d05,5.47
jor,2007,d06,5.6914
jor,2007,d07,5.7867
jor,2007,d08,5.4703
jor,2007,d09,5.3268
jor,2007,d10,5.4276
jor,2012,d01,5.5957
jor,2012,d02,5.5349
jor,2012,d03,5.291
jor,2012,d04,5.2851
jor,2012,d05,5.0136
jor,2012,d06,5.0442
jor,2012,d07,4.9457
jor,2012,d08,4.9217
jor,2012,d09,4.7621
jor,2012,d10,4.46
jor,2017,d01,4.6409
jor,2017,d02,4.8823
jor,2017,d03,4.7673
jor,2017,d04,4.6445
jor,2017,d05,4.7139
jor,2017,d06,4.596
jor,2017,d07,4.6827
jor,2017,d08,4.8195
jor,2017,d09,4.6137
jor,2017,d10,4.8464
kaz,1995,d01,4.489
kaz,1995,d02,4.5599
kaz,1995,d03,4.3829
kaz,1995,d04,4.5349
kaz,1995,d05,4.807
kaz,1995,d06,3.9078
kaz,1995,d07,3.5081
kaz,1995,d08,3.0541
kaz,1995,d09,2.8405
kaz,1995,d10,3.1577
kaz,1999,d01,5.4536
kaz,1999,d02,4.6068
kaz,1999,d03,4.4558
kaz,1999,d04,4.1551
kaz,1999,d05,4.0128
kaz,1999,d06,4.0337
kaz,1999,d07,3.1349
kaz,1999,d08,2.7325
kaz,1999,d09,2.6774
kaz,1999,d10,2.7836
kaz,2006,d01,4.8246
kaz,2006,d02,4.4742
kaz,2006,d03,4.1291
kaz,2006,d04,3.9062
kaz,2006,d05,3.8236
kaz,2006,d06,3.6343
kaz,2006,d07,3.1349
kaz,2006,d08,2.6632
kaz,2006,d09,2.7812
kaz,2006,d10,3.1106
kaz,2010,d01,4.1421
kaz,2010,d02,4.1692
kaz,2010,d03,4.1548
kaz,2010,d04,4.1524
kaz,2010,d05,3.808
kaz,2010,d06,3.4034
kaz,2010,d07,2.8907
kaz,2010,d08,2.7895
kaz,2010,d09,2.7806
kaz,2010,d10,3.1911
kaz,2015,d01,3.4621
kaz,2015,d02,4.0742
kaz,2015,d03,4.3346
kaz,2015,d04,4.2535
kaz,2015,d05,3.9278
kaz,2015,d06,3.4177
kaz,2015,d07,2.9349
kaz,2015,d08,2.7785
kaz,2015,d09,2.8876
kaz,2015,d10,3.2243
ken,1993,d01,5.2822
ken,1993,d02,5.0616
ken,1993,d03,5.0579
ken,1993,d04,5.0985
ken,1993,d05,5.6121
ken,1993,d06,4.9049
ken,1993,d07,4.9975
ken,1993,d08,4.728
ken,1993,d09,3.9527
ken,1993,d10,3.8585
ken,1998,d01,5.7031
ken,1998,d02,4.2712
ken,1998,d03,4.5158
ken,1998,d04,4.8135
ken,1998,d05,4.883
ken,1998,d06,4.0194
ken,1998,d07,4.3271
ken,1998,d08,3.8548
ken,1998,d09,3.4289
ken,1998,d10,3.8385
ken,2003,d01,5.6025
ken,2003,d02,5.1145
ken,2003,d03,4.8968
ken,2003,d04,4.8547
ken,2003,d05,4.3704
ken,2003,d06,4.6519
ken,2003,d07,4.6581
ken,2003,d08,3.9935
ken,2003,d09,3.079
ken,2003,d10,3.5469
ken,2008,d01,5.4753
ken,2008,d02,4.8013
ken,2008,d03,4.8113
ken,2008,d04,4.8918
ken,2008,d05,4.7723
ken,2008,d06,4.4922
ken,2008,d07,4.538
ken,2008,d08,3.7312
ken,2008,d09,3.0342
ken,2008,d10,3.0665
ken,2014,d01,4.9762
ken,2014,d02,4.4472
ken,2014,d03,4.4181
ken,2014,d04,4.2899
ken,2014,d05,4.2186
ken,2014,d06,3.9791
ken,2014,d07,3.5483
ken,2014,d08,3.3957
ken,2014,d09,3.2494
ken,2014,d10,3.3887
kgz,1997,d01,5.7865
kgz,1997,d02,5.6434
kgz,1997,d03,5.3304
kgz,1997,d04,5.3731
kgz,1997,d05,5.165
kgz,1997,d06,5.3239
kgz,1997,d07,4.9332
kgz,1997,d08,4.45
kgz,1997,d09,3.5248
kgz,1997,d10,2.9771
kgz,2005,d01,5.5185
kgz,2005,d02,5.4052
kgz,2005,d03,5.6595
kgz,2005,d04,5.3009
kgz,2005,d05,5.3578
kgz,2005,d06,5.0491
kgz,2005,d07,4.4753
kgz,2005,d08,4.5795
kgz,2005,d09,3.9166
kgz,2005,d10,3.797
kgz,2012,d01,5.3645
kgz,2012,d02,5.2116
kgz,2012,d03,5.012
kgz,2012,d04,4.8519
kgz,2012,d05,4.6508
kgz,2012,d06,4.3201
kgz,2012,d07,3.7801
kgz,2012,d08,3.9307
kgz,2012,d09,3.5221
kgz,2012,d10,2.8368
kgz,2014,d01,4.8596
kgz,2014,d02,5.094
kgz,2014,d03,5.0036
kgz,2014,d04,4.9779
kgz,2014,d05,4.8395
kgz,2014,d06,4.7814
kgz,2014,d07,4.2572
kgz,2014,d08,4.2538
kgz,2014,d09,3.514
kgz,2014,d10,2.8178
kgz,2018,d01,4.6249
kgz,2018,d02,4.5702
kgz,2018,d03,4.7049
kgz,2018,d04,4.5565
kgz,2018,d05,4.5477
kgz,2018,d06,4.4703
kgz,2018,d07,4.525
kgz,2018,d08,4.1582
kgz,2018,d09,3.294
kgz,2018,d10,2.5312
khm,2000,d01,5.1288
khm,2000,d02,5.1075
khm,2000,d03,5.1775
khm,2000,d04,5.2316
khm,2000,d05,5.3212
khm,2000,d06,5.3883
khm,2000,d07,5.6122
khm,2000,d08,5.5821
khm,2000,d09,5.4768
khm,2000,d10,5.7623
khm,2005,d01,5.0006
khm,2005,d02,4.6953
khm,2005,d03,4.877
khm,2005,d04,4.7727
khm,2005,d05,4.7426
khm,2005,d06,4.9934
khm,2005,d07,5.048
khm,2005,d08,5.2108
khm,2005,d09,4.9816
khm,2005,d10,5.3488
khm,2010,d01,4.957
khm,2010,d02,4.3751
khm,2010,d03,4.4906
khm,2010,d04,4.5996
khm,2010,d05,4.6433
khm,2010,d06,4.7438
khm,2010,d07,4.8418
khm,2010,d08,4.9064
khm,2010,d09,4.7778
khm,2010,d10,5.2893
khm,2014,d01,4.6638
khm,2014,d02,4.441
khm,2014,d03,4.3576
khm,2014,d04,4.4358
khm,2014,d05,4.5329
khm,2014,d06,4.7442
khm,2014,d07,4.546
khm,2014,d08,4.6428
khm,2014,d09,4.7133
khm,2014,d10,5.1121
kir,2018,d01,4.6513
kir,2018,d02,5.2047
kir,2018,d03,5.337
kir,2018,d04,5.3035
kir,2018,d05,5.77
kir,2018,d06,5.7974
kir,2018,d07,6.3665
kir,2018,d08,7.0019
kir,2018,d09,7.6177
kir,2018,d10,7.3648
kos,2013,d01,4.8822
kos,2013,d02,5.7631
kos,2013,d03,5.7337
kos,2013,d04,5.5372
kos,2013,d05,5.672
kos,2013,d06,5.7474
kos,2013,d07,5.4075
kos,2013,d08,5.5724
kos,2013,d09,5.3331
kos,2013,d10,4.8648
kos,2019,d01,4.8741
kos,2019,d02,5.0807
kos,2019,d03,5.0671
kos,2019,d04,5.0906
kos,2019,d05,5.0629
kos,2019,d06,4.956
kos,2019,d07,4.8507
kos,2019,d08,4.9483
kos,2019,d09,4.6352
kos,2019,d10,4.5441
lao,2006,d01,5.91
lao,2006,d02,5.8345
lao,2006,d03,6.1262
lao,2006,d04,6.143
lao,2006,d05,5.8944
lao,2006,d06,5.6846
lao,2006,d07,5.377
lao,2006,d08,5.1996
lao,2006,d09,5.0505
lao,2006,d10,5.2026
lao,2011,d01,5.345
lao,2011,d02,5.529
lao,2011,d03,5.5464
lao,2011,d04,5.481
lao,2011,d05,5.3114
lao,2011,d06,5.1035
lao,2011,d07,5.0077
lao,2011,d08,4.8285
lao,2011,d09,4.7189
lao,2011,d10,4.9858
lao,2017,d01,5.251
lao,2017,d02,4.865
lao,2017,d03,5.0531
lao,2017,d04,4.8576
lao,2017,d05,4.6914
lao,2017,d06,4.6435
lao,2017,d07,4.4081
lao,2017,d08,4.4083
lao,2017,d09,4.475
lao,2017,d10,4.542
lbr,2007,d01,4.6134
lbr,2007,d02,4.7619
lbr,2007,d03,4.7626
lbr,2007,d04,4.9636
lbr,2007,d05,5.1981
lbr,2007,d06,5.099
lbr,2007,d07,4.9944
lbr,2007,d08,5.1398
lbr,2007,d09,5.3881
lbr,2007,d10,5.5274
lbr,2013,d01,4.4725
lbr,2013,d02,4.7431
lbr,2013,d03,4.9677
lbr,2013,d04,5.3937
lbr,2013,d05,5.3619
lbr,2013,d06,5.2814
lbr,2013,d07,4.6575
lbr,2013,d08,4.4797
lbr,2013,d09,4.8231
lbr,2013,d10,5.6494
lbr,2019,d01,4.0942
lbr,2019,d02,4.3632
lbr,2019,d03,4.6276
lbr,2019,d04,5.0146
lbr,2019,d05,4.9807
lbr,2019,d06,4.5414
lbr,2019,d07,4.4876
lbr,2019,d08,4.3021
lbr,2019,d09,4.4232
lbr,2019,d10,5.1767
lca,2012,d01,2.1001
lca,2012,d02,3.0773
lca,2012,d03,2.7506
lca,2012,d04,2.7447
lca,2012,d05,2.6867
lca,2012,d06,2.8497
lca,2012,d07,3.2594
lca,2012,d08,3.2046
lca,2012,d09,3.3542
lca,2012,d10,3.4011
lso,2004,d01,3.7667
lso,2004,d02,4.0842
lso,2004,d03,4.3708
lso,2004,d04,3.9884
lso,2004,d05,4.2445
lso,2004,d06,4.0995
lso,2004,d07,4.1098
lso,2004,d08,3.5902
lso,2004,d09,3.3422
lso,2004,d10,3.5823
lso,2009,d01,4.1552
lso,2009,d02,4.1035
lso,2009,d03,3.7936
lso,2009,d04,3.6561
lso,2009,d05,3.7701
lso,2009,d06,3.8584
lso,2009,d07,3.4941
lso,2009,d08,2.9749
lso,2009,d09,3.0161
lso,2009,d10,3.3482
lso,2014,d01,3.4872
lso,2014,d02,3.4851
lso,2014,d03,3.6431
lso,2014,d04,3.447
lso,2014,d05,3.4905
lso,2014,d06,3.2583
lso,2014,d07,3.1255
lso,2014,d08,3.1272
lso,2014,d09,3.0849
lso,2014,d10,3.2042
lso,2018,d01,3.9806
lso,2018,d02,4.1556
lso,2018,d03,3.917
lso,2018,d04,4.2475
lso,2018,d05,3.7832
lso,2018,d06,3.6883
lso,2018,d07,3.5932
lso,2018,d08,3.3164
lso,2018,d09,3.2405
lso,2018,d10,3.6082
mar,2003,d01,6.0269
mar,2003,d02,5.8235
mar,2003,d03,5.9502
mar,2003,d04,5.7597
mar,2003,d05,5.1207
mar,2003,d06,4.9982
mar,2003,d07,5.1373
mar,2003,d08,5.0788
mar,2003,d09,5.0916
mar,2003,d10,4.8698
mda,2005,d01,2.9108
mda,2005,d02,2.4685
mda,2005,d03,2.6071
mda,2005,d04,2.6558
mda,2005,d05,3.0932
mda,2005,d06,3.1705
mda,2005,d07,3.0797
mda,2005,d08,2.6113
mda,2005,d09,2.6781
mda,2005,d10,3.0599
mda,2012,d01,1.817
mda,2012,d02,2.3319
mda,2012,d03,2.5716
mda,2012,d04,2.6071
mda,2012,d05,2.7745
mda,2012,d06,2.6451
mda,2012,d07,2.7349
mda,2012,d08,2.6373
mda,2012,d09,2.6734
mda,2012,d10,2.9873
mdg,1997,d01,6.7819
mdg,1997,d02,5.0594
mdg,1997,d03,4.8691
mdg,1997,d04,4.7105
mdg,1997,d05,4.3672
mdg,1997,d06,4.6579
mdg,1997,d07,4.5841
mdg,1997,d08,4.8876
mdg,1997,d09,4.7453
mdg,1997,d10,4.9404
mdg,2003,d01,5.5206
mdg,2003,d02,5.3493
mdg,2003,d03,4.5378
mdg,2003,d04,4.4787
mdg,2003,d05,4.9951
mdg,2003,d06,4.8331
mdg,2003,d07,4.3752
mdg,2003,d08,4.3651
mdg,2003,d09,4.1066
mdg,2003,d10,3.9713
mdg,2008,d01,5.9142
mdg,2008,d02,4.5202
mdg,2008,d03,4.7982
mdg,2008,d04,4.6504
mdg,2008,d05,4.634
mdg,2008,d06,4.7448
mdg,2008,d07,4.7772
mdg,2008,d08,4.6973
mdg,2008,d09,4.2767
mdg,2008,d10,4.5235
mdg,2018,d01,4.9421
mdg,2018,d02,4.8155
mdg,2018,d03,4.7273
mdg,2018,d04,4.7195
mdg,2018,d05,4.6967
mdg,2018,d06,4.5381
mdg,2018,d07,4.4073
mdg,2018,d08,4.1514
mdg,2018,d09,4.116
mdg,2018,d10,4.0644
mdv,2009,d01,4.891
mdv,2009,d02,6.0005
mdv,2009,d03,6.345
mdv,2009,d04,6.6056
mdv,2009,d05,6.5025
mdv,2009,d06,6.5458
mdv,2009,d07,6.7668
mdv,2009,d08,6.5419
mdv,2009,d09,7.2153
mdv,2009,d10,6.8842
mdv,2016,d01,4.0149
mdv,2016,d02,4.8258
mdv,2016,d03,5.0135
mdv,2016,d04,5.336
mdv,2016,d05,5.7694
mdv,2016,d06,5.9296
mdv,2016,d07,6.144
mdv,2016,d08,6.2506
mdv,2016,d09,6.0976
mdv,2016,d10,5.5076
mex,2015,d01,4.3129
mex,2015,d02,3.9443
mex,2015,d03,3.7867
mex,2015,d04,3.7668
mex,2015,d05,3.716
mex,2015,d06,3.838
mex,2015,d07,3.5862
mex,2015,d08,3.6105
mex,2015,d09,3.5529
mex,2015,d10,3.5349
mex,2018,d01,3.7284
mex,2018,d02,3.648
mex,2018,d03,3.5653
mex,2018,d04,3.6595
mex,2018,d05,3.6386
mex,2018,d06,3.575
mex,2018,d07,3.5085
mex,2018,d08,3.4606
mex,2018,d09,3.4225
mex,2018,d10,3.4029
mkd,2005,d01,5.4977
mkd,2005,d02,5.7521
mkd,2005,d03,5.4597
mkd,2005,d04,4.8633
mkd,2005,d05,4.872
mkd,2005,d06,4.855
mkd,2005,d07,5.0107
mkd,2005,d08,4.8349
mkd,2005,d09,4.6905
mkd,2005,d10,4.39
mkd,2011,d01,3.2661
mkd,2011,d02,3.8724
mkd,2011,d03,3.8341
mkd,2011,d04,3.6716
mkd,2011,d05,3.7402
mkd,2011,d06,3.433
mkd,2011,d07,3.8027
mkd,2011,d08,3.6228
mkd,2011,d09,3.7988
mkd,2011,d10,3.8028
mkd,2018,d01,3.3769
mkd,2018,d02,3.6496
mkd,2018,d03,3.5233
mkd,2018,d04,3.7168
mkd,2018,d05,3.5057
mkd,2018,d06,3.2057
mkd,2018,d07,3.4269
mkd,2018,d08,3.3128
mkd,2018,d09,3.2626
mkd,2018,d10,3.6174
mli,1995,d01,4.2797
mli,1995,d02,4.6994
mli,1995,d03,5.2246
mli,1995,d04,5.1446
mli,1995,d05,5.8925
mli,1995,d06,5.9878
mli,1995,d07,6.5042
mli,1995,d08,6.0586
mli,1995,d09,6.2552
mli,1995,d10,7.242
mli,2001,d01,5.7317
mli,2001,d02,5.5999
mli,2001,d03,5.7301
mli,2001,d04,5.2597
mli,2001,d05,4.7908
mli,2001,d06,4.718
mli,2001,d07,4.6883
mli,2001,d08,5.2094
mli,2001,d09,5.5768
mli,2001,d10,6.4023
mli,2006,d01,6.3278
mli,2006,d02,6.0933
mli,2006,d03,5.9563
mli,2006,d04,5.8748
mli,2006,d05,5.6234
mli,2006,d06,5.1388
mli,2006,d07,5.2589
mli,2006,d08,5.2904
mli,2006,d09,5.5525
mli,2006,d10,5.9459
mli,2009,d01,7.5434
mli,2009,d02,8.5985
mli,2009,d03,9.7697
mli,2009,d04,10.8976
mli,2009,d05,11.0545
mli,2009,d06,11.9124
mli,2009,d07,10.7586
mli,2009,d08,8.3664
mli,2009,d09,8.0224
mli,2009,d10,10.0403
mli,2012,d01,5.4814
mli,2012,d02,5.5199
mli,2012,d03,5.6227
mli,2012,d04,5.5354
mli,2012,d05,5.6255
mli,2012,d06,5.7851
mli,2012,d07,5.7423
mli,2012,d08,5.6469
mli,2012,d09,5.7216
mli,2012,d10,6.0152
mli,2015,d01,6.5493
mli,2015,d02,7.7418
mli,2015,d03,8.3706
mli,2015,d04,8.774
mli,2015,d05,9.6936
mli,2015,d06,9.9187
mli,2015,d07,9.7727
mli,2015,d08,8.9066
mli,2015,d09,7.9342
mli,2015,d10,7.7833
mli,2018,d01,6.0674
mli,2018,d02,6.0182
mli,2018,d03,5.8754
mli,2018,d04,5.729
mli,2018,d05,5.6118
mli,2018,d06,5.7464
mli,2018,d07,5.5665
mli,2018,d08,5.5751
mli,2018,d09,5.6426
mli,2018,d10,6.3755
mmr,2015,d01,4.1204
mmr,2015,d02,4.0569
mmr,2015,d03,4.0479
mmr,2015,d04,4.0979
mmr,2015,d05,4.1944
mmr,2015,d06,4.2433
mmr,2015,d07,4.346
mmr,2015,d08,4.3666
mmr,2015,d09,4.4189
mmr,2015,d10,4.39
mne,2005,d01,3.8265
mne,2005,d02,3.6323
mne,2005,d03,3.8808
mne,2005,d04,3.9182
mne,2005,d05,3.8442
mne,2005,d06,4.1154
mne,2005,d07,3.8258
mne,2005,d08,3.6035
mne,2005,d09,3.6442
mne,2005,d10,3.8954
mne,2013,d01,2.8266
mne,2013,d02,3.1136
mne,2013,d03,3.3723
mne,2013,d04,2.9946
mne,2013,d05,3.4502
mne,2013,d06,3.6504
mne,2013,d07,3.5964
mne,2013,d08,3.6625
mne,2013,d09,3.815
mne,2013,d10,3.9465
mne,2018,d01,3.2288
mne,2018,d02,2.9652
mne,2018,d03,2.8321
mne,2018,d04,3.2855
mne,2018,d05,3.4264
mne,2018,d06,3.4307
mne,2018,d07,3.373
mne,2018,d08,3.4285
mne,2018,d09,3.5973
mne,2018,d10,3.502
mng,2005,d01,4.7325
mng,2005,d02,4.3024
mng,2005,d03,4.5597
mng,2005,d04,4.4603
mng,2005,d05,4.339
mng,2005,d06,4.376
mng,2005,d07,4.2745
mng,2005,d08,4.2275
mng,2005,d09,3.9557
mng,2005,d10,3.8609
mng,2010,d01,3.4697
mng,2010,d02,3.4445
mng,2010,d03,3.5867
mng,2010,d04,3.5696
mng,2010,d05,3.6299
mng,2010,d06,3.6071
mng,2010,d07,3.6614
mng,2010,d08,3.8127
mng,2010,d09,3.3778
mng,2010,d10,3.5316
mng,2013,d01,3.4393
mng,2013,d02,3.4331
mng,2013,d03,3.4113
mng,2013,d04,3.5117
mng,2013,d05,3.408
mng,2013,d06,3.5252
mng,2013,d07,3.6098
mng,2013,d08,3.4274
mng,2013,d09,3.2402
mng,2013,d10,3.5271
mng,2018,d01,3.468
mng,2018,d02,3.4819
mng,2018,d03,3.6506
mng,2018,d04,3.8055
mng,2018,d05,3.7387
mng,2018,d06,3.7334
mng,2018,d07,3.8038
mng,2018,d08,3.4159
mng,2018,d09,3.5516
mng,2018,d10,3.6817
moz,1997,d01,5.0179
moz,1997,d02,4.3686
moz,1997,d03,4.4409
moz,1997,d04,3.0313
moz,1997,d05,4.9093
moz,1997,d06,4.0142
moz,1997,d07,4.6321
moz,1997,d08,5.2551
moz,1997,d09,5.7795
moz,1997,d10,6.7911
moz,2003,d01,4.613
moz,2003,d02,5.2426
moz,2003,d03,4.1112
moz,2003,d04,4.114
moz,2003,d05,4.867
moz,2003,d06,4.4089
moz,2003,d07,4.6038
moz,2003,d08,5.1928
moz,2003,d09,5.9322
moz,2003,d10,6.565
moz,2008,d01,4.9739
moz,2008,d02,4.0864
moz,2008,d03,4.2968
moz,2008,d04,4.1748
moz,2008,d05,4.1908
moz,2008,d06,4.4457
moz,2008,d07,4.8075
moz,2008,d08,4.9675
moz,2008,d09,5.1026
moz,2008,d10,5.3641
moz,2011,d01,4.0501
moz,2011,d02,4.1065
moz,2011,d03,4.2642
moz,2011,d04,4.0434
moz,2011,d05,4.1449
moz,2011,d06,4.2674
moz,2011,d07,4.5562
moz,2011,d08,4.5252
moz,2011,d09,4.8372
moz,2011,d10,4.9459
moz,2015,d01,3.6916
moz,2015,d02,3.9485
moz,2015,d03,4.2591
moz,2015,d04,4.3406
moz,2015,d05,4.763
moz,2015,d06,4.4064
moz,2015,d07,4.6536
moz,2015,d08,4.7621
moz,2015,d09,5.0358
moz,2015,d10,5.2512
mrt,2007,d01,6.7865
mrt,2007,d02,5.3354
mrt,2007,d03,5.4332
mrt,2007,d04,5.3987
mrt,2007,d05,5.6328
mrt,2007,d06,5.6513
mrt,2007,d07,5.6272
mrt,2007,d08,5.6902
mrt,2007,d09,5.8783
mrt,2007,d10,6.3652
mrt,2011,d01,6.4966
mrt,2011,d02,5.8343
mrt,2011,d03,5.8302
mrt,2011,d04,5.798
mrt,2011,d05,5.7784
mrt,2011,d06,5.9396
mrt,2011,d07,5.7732
mrt,2011,d08,5.9832
mrt,2011,d09,6.0077
mrt,2011,d10,6.3658
mrt,2015,d01,6.7009
mrt,2015,d02,6.1881
mrt,2015,d03,5.7536
mrt,2015,d04,5.744
mrt,2015,d05,5.6025
mrt,2015,d06,5.4522
mrt,2015,d07,5.6553
mrt,2015,d08,5.5315
mrt,2015,d09,5.5791
mrt,2015,d10,5.698
mrt,2019,d01,6.6949
mrt,2019,d02,6.1634
mrt,2019,d03,6.3565
mrt,2019,d04,6.2524
mrt,2019,d05,6.3506
mrt,2019,d06,6.4537
mrt,2019,d07,6.0054
mrt,2019,d08,5.4543
mrt,2019,d09,5.914
mrt,2019,d10,6.1359
mwi,2000,d01,4.772
mwi,2000,d02,3.7816
mwi,2000,d03,4.0076
mwi,2000,d04,5.3186
mwi,2000,d05,3.8187
mwi,2000,d06,4.365
mwi,2000,d07,4.3319
mwi,2000,d08,4.6817
mwi,2000,d09,4.5423
mwi,2000,d10,4.6878
mwi,2004,d01,3.3603
mwi,2004,d02,4.3245
mwi,2004,d03,4.2825
mwi,2004,d04,4.432
mwi,2004,d05,4.4707
mwi,2004,d06,4.6571
mwi,2004,d07,4.8949
mwi,2004,d08,4.4285
mwi,2004,d09,4.5164
mwi,2004,d10,4.8609
mwi,2006,d01,3.9967
mwi,2006,d02,4.4135
mwi,2006,d03,3.766
mwi,2006,d04,4.3977
mwi,2006,d05,4.0255
mwi,2006,d06,4.5428
mwi,2006,d07,4.1463
mwi,2006,d08,4.4643
mwi,2006,d09,4.63
mwi,2006,d10,4.7078
mwi,2010,d01,4.3969
mwi,2010,d02,4.3704
mwi,2010,d03,4.4232
mwi,2010,d04,4.5564
mwi,2010,d05,4.7181
mwi,2010,d06,4.7394
mwi,2010,d07,4.8384
mwi,2010,d08,4.7365
mwi,2010,d09,4.731
mwi,2010,d10,4.9295
mwi,2013,d01,4.002
mwi,2013,d02,4.2575
mwi,2013,d03,4.474
mwi,2013,d04,4.5911
mwi,2013,d05,4.6984
mwi,2013,d06,4.7765
mwi,2013,d07,4.7483
mwi,2013,d08,4.8146
mwi,2013,d09,4.4394
mwi,2013,d10,4.5162
mwi,2015,d01,4.2119
mwi,2015,d02,4.1608
mwi,2015,d03,4.2609
mwi,2015,d04,4.4647
mwi,2015,d05,4.5314
mwi,2015,d06,4.7148
mwi,2015,d07,4.7822
mwi,2015,d08,4.7602
mwi,2015,d09,4.639
mwi,2015,d10,4.6388
mwi,2019,d01,3.8169
mwi,2019,d02,4.007
mwi,2019,d03,4.111
mwi,2019,d04,4.2052
mwi,2019,d05,4.4582
mwi,2019,d06,4.4888
mwi,2019,d07,4.5569
mwi,2019,d08,4.4326
mwi,2019,d09,4.4157
mwi,2019,d10,4.4722
nam,2000,d01,5.5609
nam,2000,d02,4.9408
nam,2000,d03,6.1945
nam,2000,d04,6.1518
nam,2000,d05,5.738
nam,2000,d06,4.9697
nam,2000,d07,4.7136
nam,2000,d08,4.481
nam,2000,d09,4.5458
nam,2000,d10,4.1384
nam,2006,d01,4.7109
nam,2006,d02,5.0416
nam,2006,d03,5.473
nam,2006,d04,5.3412
nam,2006,d05,4.8366
nam,2006,d06,4.3283
nam,2006,d07,3.8545
nam,2006,d08,3.9863
nam,2006,d09,3.9088
nam,2006,d10,4.0622
nam,2013,d01,4.802
nam,2013,d02,4.7984
nam,2013,d03,4.4564
nam,2013,d04,4.2692
nam,2013,d05,4.1988
nam,2013,d06,4.3412
nam,2013,d07,4.0278
nam,2013,d08,3.7768
nam,2013,d09,3.7631
nam,2013,d10,4.1426
ner,1998,d01,6.7098
ner,1998,d02,5.9483
ner,1998,d03,5.4545
ner,1998,d04,6.7635
ner,1998,d05,6.098
ner,1998,d06,4.8162
ner,1998,d07,5.656
ner,1998,d08,5.6359
ner,1998,d09,5.8207
ner,1998,d10,6.8825
ner,2006,d01,6.7295
ner,2006,d02,5.8583
ner,2006,d03,4.9581
ner,2006,d04,6.261
ner,2006,d05,6.1004
ner,2006,d06,6.1254
ner,2006,d07,6.0563
ner,2006,d08,5.9425
ner,2006,d09,6.3802
ner,2006,d10,6.8658
ner,2012,d01,5.755
ner,2012,d02,5.23
ner,2012,d03,5.6395
ner,2012,d04,5.7036
ner,2012,d05,6.1578
ner,2012,d06,6.5661
ner,2012,d07,6.0389
ner,2012,d08,5.9993
ner,2012,d09,6.2775
ner,2012,d10,6.0058
ner,2021,d01,7.7789
ner,2021,d02,7.0806
ner,2021,d03,7.2036
ner,2021,d04,7.0778
ner,2021,d05,6.2895
ner,2021,d06,5.9852
ner,2021,d07,5.9691
ner,2021,d08,5.9351
ner,2021,d09,6.0703
ner,2021,d10,5.9084
nga,2003,d01,5.064
nga,2003,d02,5.1104
nga,2003,d03,5.4738
nga,2003,d04,5.2125
nga,2003,d05,5.2187
nga,2003,d06,5.0094
nga,2003,d07,4.8775
nga,2003,d08,5.0599
nga,2003,d09,4.3282
nga,2003,d10,4.5786
nga,2007,d01,4.8002
nga,2007,d02,4.7462
nga,2007,d03,4.9727
nga,2007,d04,5.0143
nga,2007,d05,4.7632
nga,2007,d06,4.6864
nga,2007,d07,4.274
nga,2007,d08,4.4857
nga,2007,d09,4.3328
nga,2007,d10,4.7349
nga,2008,d01,5.0136
nga,2008,d02,4.8269
nga,2008,d03,4.8434
nga,2008,d04,4.8461
nga,2008,d05,4.3918
nga,2008,d06,4.1442
nga,2008,d07,4.2405
nga,2008,d08,4.1089
nga,2008,d09,3.8448
nga,2008,d10,4.2599
nga,2011,d01,5.366
nga,2011,d02,5.472
nga,2011,d03,5.4378
nga,2011,d04,5.1336
nga,2011,d05,4.8593
nga,2011,d06,5.0309
nga,2011,d07,4.8842
nga,2011,d08,4.7597
nga,2011,d09,4.7263
nga,2011,d10,4.7734
nga,2013,d01,5.8742
nga,2013,d02,5.4792
nga,2013,d03,4.9826
nga,2013,d04,4.8995
nga,2013,d05,4.5452
nga,2013,d06,4.4271
nga,2013,d07,4.4599
nga,2013,d08,4.0689
nga,2013,d09,3.8362
nga,2013,d10,4.1187
nga,2016,d01,6.2441
nga,2016,d02,5.8602
nga,2016,d03,5.9458
nga,2016,d04,5.6625
nga,2016,d05,5.4494
nga,2016,d06,5.1465
nga,2016,d07,5.1499
nga,2016,d08,5.0334
nga,2016,d09,4.7321
nga,2016,d10,4.9154
nga,2018,d01,5.6378
nga,2018,d02,5.279
nga,2018,d03,5.1512
nga,2018,d04,4.9033
nga,2018,d05,4.6549
nga,2018,d06,4.4553
nga,2018,d07,4.4595
nga,2018,d08,4.2284
nga,2018,d09,4.1888
nga,2018,d10,4.1199
nic,1998,d01,7.4848
nic,1998,d02,6.0023
nic,1998,d03,5.3968
nic,1998,d04,5.4925
nic,1998,d05,5.4493
nic,1998,d06,5.4535
nic,1998,d07,5.3366
nic,1998,d08,5.1645
nic,1998,d09,5.1068
nic,1998,d10,5.0113
nic,2001,d01,6.1316
nic,2001,d02,5.8641
nic,2001,d03,5.5947
nic,2001,d04,5.4812
nic,2001,d05,5.3584
nic,2001,d06,5.4198
nic,2001,d07,5.2276
nic,2001,d08,4.8209
nic,2001,d09,4.7062
nic,2001,d10,4.671
npl,1996,d01,6.1191
npl,1996,d02,5.617
npl,1996,d03,5.3263
npl,1996,d04,4.9414
npl,1996,d05,4.9074
npl,1996,d06,5.5001
npl,1996,d07,6.062
npl,1996,d08,5.5735
npl,1996,d09,5.6654
npl,1996,d10,5.5608
npl,2001,d01,5.4345
npl,2001,d02,5.4697
npl,2001,d03,4.7634
npl,2001,d04,5.0132
npl,2001,d05,5.3462
npl,2001,d06,6.0639
npl,2001,d07,5.3439
npl,2001,d08,5.5123
npl,2001,d09,5.2642
npl,2001,d10,4.9246
npl,2006,d01,5.0975
npl,2006,d02,4.706
npl,2006,d03,4.7224
npl,2006,d04,5.0474
npl,2006,d05,5.0309
npl,2006,d06,5.5287
npl,2006,d07,5.0609
npl,2006,d08,4.9053
npl,2006,d09,4.6455
npl,2006,d10,4.0717
npl,2011,d01,4.9175
npl,2011,d02,4.5841
npl,2011,d03,4.4985
npl,2011,d04,4.377
npl,2011,d05,4.616
npl,2011,d06,4.7032
npl,2011,d07,4.5816
npl,2011,d08,4.2487
npl,2011,d09,3.9589
npl,2011,d10,4.1326
npl,2014,d01,4.9856
npl,2014,d02,4.5989
npl,2014,d03,4.3439
npl,2014,d04,4.5486
npl,2014,d05,4.8189
npl,2014,d06,5.1226
npl,2014,d07,4.7684
npl,2014,d08,4.5624
npl,2014,d09,4.0055
npl,2014,d10,4.276
npl,2016,d01,4.3545
npl,2016,d02,4.0405
npl,2016,d03,4.0971
npl,2016,d04,4.3181
npl,2016,d05,4.3935
npl,2016,d06,4.6813
npl,2016,d07,4.3339
npl,2016,d08,4.0325
npl,2016,d09,3.8883
npl,2016,d10,4.363
npl,2019,d01,4.5432
npl,2019,d02,4.1537
npl,2019,d03,4.2774
npl,2019,d04,4.324
npl,2019,d05,4.4802
npl,2019,d06,4.5298
npl,2019,d07,4.3676
npl,2019,d08,4.0549
npl,2019,d09,3.7567
npl,2019,d10,4.1678
pak,2006,d01,6.8814
pak,2006,d02,6.7471
pak,2006,d03,7.2254
pak,2006,d04,6.9762
pak,2006,d05,7.1849
pak,2006,d06,7.2088
pak,2006,d07,7.3507
pak,2006,d08,7.2248
pak,2006,d09,7.5763
pak,2006,d10,7.1656
pak,2012,d01,6.9863
pak,2012,d02,6.7425
pak,2012,d03,6.7772
pak,2012,d04,6.716
pak,2012,d05,6.65
pak,2012,d06,6.7963
pak,2012,d07,6.9132
pak,2012,d08,6.8045
pak,2012,d09,6.8243
pak,2012,d10,6.5788
pak,2017,d01,6.9367
pak,2017,d02,6.5727
pak,2017,d03,6.3
pak,2017,d04,6.4968
pak,2017,d05,6.9872
pak,2017,d06,6.5438
pak,2017,d07,6.5372
pak,2017,d08,6.5363
pak,2017,d09,6.6318
pak,2017,d10,6.5193
pan,2013,d01,4.9265
pan,2013,d02,3.7542
pan,2013,d03,3.4467
pan,2013,d04,3.3981
pan,2013,d05,3.4355
pan,2013,d06,3.4109
pan,2013,d07,3.4836
pan,2013,d08,3.5973
pan,2013,d09,3.8075
pan,2013,d10,3.5586
per,1996,d01,5.4365
per,1996,d02,4.7046
per,1996,d03,4.5123
per,1996,d04,4.6747
per,1996,d05,4.6637
per,1996,d06,4.7932
per,1996,d07,4.8235
per,1996,d08,4.9422
per,1996,d09,4.9705
per,1996,d10,5.0052
per,2000,d01,4.5644
per,2000,d02,4.3334
per,2000,d03,4.5072
per,2000,d04,4.5078
per,2000,d05,4.4389
per,2000,d06,4.4539
per,2000,d07,4.4473
per,2000,d08,4.4998
per,2000,d09,4.5348
per,2000,d10,4.8091
per,2004,d01,4.0241
per,2004,d02,4.1854
per,2004,d03,4.3962
per,2004,d04,4.2741
per,2004,d05,4.3812
per,2004,d06,4.2319
per,2004,d07,4.3306
per,2004,d08,4.6687
per,2004,d09,4.2876
per,2004,d10,4.5862
per,2005,d01,3.9575
per,2005,d02,4.1767
per,2005,d03,4.2196
per,2005,d04,4.1524
per,2005,d05,3.9491
per,2005,d06,3.9496
per,2005,d07,3.9731
per,2005,d08,4.2068
per,2005,d09,4.0068
per,2005,d10,4.6512
per,2006,d01,3.9691
per,2006,d02,3.8862
per,2006,d03,4.1398
per,2006,d04,4.0548
per,2006,d05,4.1506
per,2006,d06,3.9355
per,2006,d07,3.9298
per,2006,d08,4.0813
per,2006,d09,4.1642
per,2006,d10,4.4321
per,2007,d01,3.9685
per,2007,d02,3.9468
per,2007,d03,4.0411
per,2007,d04,4.044
per,2007,d05,4.0638
per,2007,d06,3.9346
per,2007,d07,3.6675
per,2007,d08,3.9231
per,2007,d09,4.102
per,2007,d10,4.1155
per,2008,d01,3.7651
per,2008,d02,3.6807
per,2008,d03,3.8138
per,2008,d04,3.7896
per,2008,d05,3.796
per,2008,d06,3.8507
per,2008,d07,3.841
per,2008,d08,3.9617
per,2008,d09,3.9575
per,2008,d10,4.1018
per,2009,d01,3.7361
per,2009,d02,3.6737
per,2009,d03,3.7155
per,2009,d04,3.7822
per,2009,d05,3.8232
per,2009,d06,3.9342
per,2009,d07,4.1019
per,2009,d08,4.2377
per,2009,d09,4.0526
per,2009,d10,4.1065
per,2010,d01,3.6829
per,2010,d02,3.6194
per,2010,d03,3.7298
per,2010,d04,3.5663
per,2010,d05,3.5893
per,2010,d06,3.71
per,2010,d07,3.824
per,2010,d08,3.9807
per,2010,d09,3.9399
per,2010,d10,3.9207
per,2011,d01,3.682
per,2011,d02,3.5267
per,2011,d03,3.5536
per,2011,d04,3.5743
per,2011,d05,3.5267
per,2011,d06,3.6883
per,2011,d07,3.8447
per,2011,d08,3.8666
per,2011,d09,3.8445
per,2011,d10,3.9431
per,2012,d01,3.5926
per,2012,d02,3.6916
per,2012,d03,3.6842
per,2012,d04,3.6006
per,2012,d05,3.6297
per,2012,d06,3.7209
per,2012,d07,3.8289
per,2012,d08,3.9166
per,2012,d09,3.8106
per,2012,d10,4.005
per,2013,d01,3.6188
per,2013,d02,3.663
per,2013,d03,3.6062
per,2013,d04,3.5371
per,2013,d05,3.5753
per,2013,d06,3.6964
per,2013,d07,3.769
per,2013,d08,3.8881
per,2013,d09,3.917
per,2013,d10,3.8336
per,2014,d01,3.6915
per,2014,d02,3.6198
per,2014,d03,3.6225
per,2014,d04,3.6659
per,2014,d05,3.7565
per,2014,d06,3.865
per,2014,d07,3.9208
per,2014,d08,3.9282
per,2014,d09,3.9637
per,2014,d10,3.9954
per,2015,d01,3.758
per,2015,d02,3.6748
per,2015,d03,3.7083
per,2015,d04,3.6385
per,2015,d05,3.7682
per,2015,d06,3.8478
per,2015,d07,3.8748
per,2015,d08,3.994
per,2015,d09,3.8475
per,2015,d10,3.8994
per,2016,d01,3.7399
per,2016,d02,3.5798
per,2016,d03,3.5736
per,2016,d04,3.5192
per,2016,d05,3.7722
per,2016,d06,3.7959
per,2016,d07,3.86
per,2016,d08,3.9337
per,2016,d09,3.875
per,2016,d10,3.9895
per,2017,d01,3.5784
per,2017,d02,3.4013
per,2017,d03,3.4451
per,2017,d04,3.4129
per,2017,d05,3.59
per,2017,d06,3.6121
per,2017,d07,3.7467
per,2017,d08,3.7406
per,2017,d09,3.789
per,2017,d10,3.733
per,2018,d01,3.4604
per,2018,d02,3.359
per,2018,d03,3.4427
per,2018,d04,3.4118
per,2018,d05,3.5477
per,2018,d06,3.6013
per,2018,d07,3.739
per,2018,d08,3.7369
per,2018,d09,3.8281
per,2018,d10,3.7348
per,2019,d01,3.3831
per,2019,d02,3.4119
per,2019,d03,3.3705
per,2019,d04,3.5123
per,2019,d05,3.613
per,2019,d06,3.7364
per,2019,d07,3.8783
per,2019,d08,3.7287
per,2019,d09,3.7259
per,2019,d10,3.6588
per,2020,d01,3.621
per,2020,d02,3.5239
per,2020,d03,3.6165
per,2020,d04,3.5541
per,2020,d05,3.6362
per,2020,d06,3.6464
per,2020,d07,3.7266
per,2020,d08,3.8685
per,2020,d09,3.6949
per,2020,d10,3.7611
phl,1993,d01,5.1282
phl,1993,d02,5.2278
phl,1993,d03,5.1762
phl,1993,d04,5.2603
phl,1993,d05,5.1416
phl,1993,d06,5.3361
phl,1993,d07,5.4363
phl,1993,d08,5.3729
phl,1993,d09,5.3878
phl,1993,d10,5.8643
phl,1998,d01,5.3555
phl,1998,d02,5.0129
phl,1998,d03,4.8521
phl,1998,d04,4.731
phl,1998,d05,4.7678
phl,1998,d06,5.0224
phl,1998,d07,5.0466
phl,1998,d08,5.144
phl,1998,d09,5.154
phl,1998,d10,5.8022
phl,2003,d01,4.8713
phl,2003,d02,4.855
phl,2003,d03,4.7165
phl,2003,d04,4.6818
phl,2003,d05,4.6757
phl,2003,d06,4.659
phl,2003,d07,4.719
phl,2003,d08,4.9072
phl,2003,d09,4.9165
phl,2003,d10,5.1888
phl,2008,d01,4.8044
phl,2008,d02,4.7503
phl,2008,d03,4.817
phl,2008,d04,4.7988
phl,2008,d05,4.7052
phl,2008,d06,4.7323
phl,2008,d07,4.6625
phl,2008,d08,4.6721
phl,2008,d09,4.7356
phl,2008,d10,5.1723
phl,2013,d01,5.1244
phl,2013,d02,4.8708
phl,2013,d03,4.7766
phl,2013,d04,4.6827
phl,2013,d05,4.6909
phl,2013,d06,4.6259
phl,2013,d07,4.5652
phl,2013,d08,4.5767
phl,2013,d09,4.6046
phl,2013,d10,4.891
phl,2017,d01,4.2551
phl,2017,d02,4.3029
phl,2017,d03,4.1602
phl,2017,d04,4.0494
phl,2017,d05,4.1246
phl,2017,d06,4.1785
phl,2017,d07,4.2657
phl,2017,d08,4.125
phl,2017,d09,4.3872
phl,2017,d10,4.4469
png,2016,d01,4.9145
png,2016,d02,4.4992
png,2016,d03,4.737
png,2016,d04,4.8243
png,2016,d05,4.819
png,2016,d06,4.9808
png,2016,d07,5.0851
png,2016,d08,5.1878
png,2016,d09,5.3138
png,2016,d10,6.1187
pry,2016,d01,4.0503
pry,2016,d02,4.0049
pry,2016,d03,3.7784
pry,2016,d04,3.7756
pry,2016,d05,3.7803
pry,2016,d06,3.5683
pry,2016,d07,3.755
pry,2016,d08,3.8893
pry,2016,d09,4.0308
pry,2016,d10,4.0848
pse,2010,d01,5.4562
pse,2010,d02,6.3583
pse,2010,d03,6.1405
pse,2010,d04,6.2054
pse,2010,d05,5.9799
pse,2010,d06,6.0492
pse,2010,d07,5.985
pse,2010,d08,5.8764
pse,2010,d09,5.9664
pse,2010,d10,5.4211
pse,2014,d01,6.0085
pse,2014,d02,5.8855
pse,2014,d03,6.0721
pse,2014,d04,5.6507
pse,2014,d05,5.3044
pse,2014,d06,5.2503
pse,2014,d07,5.2102
pse,2014,d08,5.2235
pse,2014,d09,5.3882
pse,2014,d10,5.5417
pse,2019,d01,5.1627
pse,2019,d02,5.563
pse,2019,d03,5.6368
pse,2019,d04,5.2539
pse,2019,d05,4.7888
pse,2019,d06,4.7722
pse,2019,d07,4.9142
pse,2019,d08,4.8254
pse,2019,d09,4.9304
pse,2019,d10,4.952
rwa,2005,d01,4.7882
rwa,2005,d02,3.971
rwa,2005,d03,4.9212
rwa,2005,d04,4.5412
rwa,2005,d05,4.0919
rwa,2005,d06,4.8249
rwa,2005,d07,4.2272
rwa,2005,d08,4.773
rwa,2005,d09,4.7258
rwa,2005,d10,4.9922
rwa,2010,d01,3.9082
rwa,2010,d02,3.9241
rwa,2010,d03,4.2028
rwa,2010,d04,4.353
rwa,2010,d05,4.4452
rwa,2010,d06,4.6439
rwa,2010,d07,4.8636
rwa,2010,d08,4.8561
rwa,2010,d09,4.7909
rwa,2010,d10,4.6073
rwa,2014,d01,3.5781
rwa,2014,d02,3.8363
rwa,2014,d03,4.02
rwa,2014,d04,4.1947
rwa,2014,d05,4.3115
rwa,2014,d06,4.5575
rwa,2014,d07,4.6931
rwa,2014,d08,4.7549
rwa,2014,d09,4.833
rwa,2014,d10,4.1847
rwa,2019,d01,3.7834
rwa,2019,d02,4.0329
rwa,2019,d03,4.1511
rwa,2019,d04,4.3429
rwa,2019,d05,4.3584
rwa,2019,d06,4.6021
rwa,2019,d07,4.4716
rwa,2019,d08,4.1546
rwa,2019,d09,4.229
rwa,2019,d10,4.8151
sdn,2010,d01,5.3565
sdn,2010,d02,5.1952
sdn,2010,d03,5.3507
sdn,2010,d04,5.3928
sdn,2010,d05,5.6324
sdn,2010,d06,5.8029
sdn,2010,d07,5.9299
sdn,2010,d08,6.3269
sdn,2010,d09,6.2403
sdn,2010,d10,6.2536
sdn,2014,d01,6.0721
sdn,2014,d02,5.6822
sdn,2014,d03,5.447
sdn,2014,d04,5.5663
sdn,2014,d05,5.8288
sdn,2014,d06,6.0202
sdn,2014,d07,6.0617
sdn,2014,d08,6.2689
sdn,2014,d09,6.0201
sdn,2014,d10,5.9924
sen,1997,d01,8.3542
sen,1997,d02,9.5301
sen,1997,d03,9.0452
sen,1997,d04,8.787
sen,1997,d05,9.021
sen,1997,d06,8.7787
sen,1997,d07,8.9186
sen,1997,d08,8.1805
sen,1997,d09,10.2477
sen,1997,d10,9.367
sen,2005,d01,10.7241
sen,2005,d02,9.777
sen,2005,d03,9.1221
sen,2005,d04,8.7242
sen,2005,d05,8.4746
sen,2005,d06,8.0576
sen,2005,d07,7.0921
sen,2005,d08,8.5988
sen,2005,d09,8.9388
sen,2005,d10,8.3052
sen,2010,d01,9.1266
sen,2010,d02,9.2794
sen,2010,d03,9.3226
sen,2010,d04,9.2782
sen,2010,d05,10.0397
sen,2010,d06,9.7426
sen,2010,d07,9.5558
sen,2010,d08,9.1448
sen,2010,d09,9.1574
sen,2010,d10,8.6777
sen,2012,d01,10.3336
sen,2012,d02,9.5589
sen,2012,d03,10.601
sen,2012,d04,10.4212
sen,2012,d05,10.2878
sen,2012,d06,10.4381
sen,2012,d07,8.4944
sen,2012,d08,7.4932
sen,2012,d09,7.5479
sen,2012,d10,6.908
sen,2014,d01,9.7497
sen,2014,d02,9.8235
sen,2014,d03,9.8192
sen,2014,d04,9.7877
sen,2014,d05,9.5643
sen,2014,d06,9.068
sen,2014,d07,7.6014
sen,2014,d08,7.7785
sen,2014,d09,7.6254
sen,2014,d10,6.8382
sen,2015,d01,10.6989
sen,2015,d02,9.7914
sen,2015,d03,9.781
sen,2015,d04,8.5094
sen,2015,d05,8.8819
sen,2015,d06,8.0228
sen,2015,d07,7.6156
sen,2015,d08,6.9887
sen,2015,d09,7.0473
sen,2015,d10,7.4623
sen,2016,d01,10.2139
sen,2016,d02,9.0673
sen,2016,d03,9.0462
sen,2016,d04,9.2603
sen,2016,d05,9.1079
sen,2016,d06,8.4027
sen,2016,d07,7.008
sen,2016,d08,6.537
sen,2016,d09,7.722
sen,2016,d10,8.1121
sen,2017,d01,9.2282
sen,2017,d02,9.2214
sen,2017,d03,9.8507
sen,2017,d04,9.8503
sen,2017,d05,9.5958
sen,2017,d06,8.2583
sen,2017,d07,7.1938
sen,2017,d08,7.9001
sen,2017,d09,8.4114
sen,2017,d10,8.0062
sen,2018,d01,8.987
sen,2018,d02,9.7345
sen,2018,d03,9.4887
sen,2018,d04,9.5735
sen,2018,d05,9.876
sen,2018,d06,9.6904
sen,2018,d07,8.1777
sen,2018,d08,7.8198
sen,2018,d09,8.2437
sen,2018,d10,6.8946
sen,2019,d01,8.1608
sen,2019,d02,8.6351
sen,2019,d03,9.4141
sen,2019,d04,9.504
sen,2019,d05,9.4702
sen,2019,d06,7.7579
sen,2019,d07,7.4744
sen,2019,d08,8.1516
sen,2019,d09,7.7144
sen,2019,d10,6.7512
sle,2005,d01,5.5985
sle,2005,d02,5.6549
sle,2005,d03,5.6116
sle,2005,d04,5.8348
sle,2005,d05,6.1541
sle,2005,d06,6.6056
sle,2005,d07,6.4648
sle,2005,d08,6.4952
sle,2005,d09,6.3547
sle,2005,d10,5.8167
sle,2008,d01,5.1864
sle,2008,d02,5.4901
sle,2008,d03,5.8555
sle,2008,d04,6.0283
sle,2008,d05,6.1676
sle,2008,d06,6.581
sle,2008,d07,6.2598
sle,2008,d08,6.264
sle,2008,d09,5.8089
sle,2008,d10,5.4225
sle,2010,d01,5.3239
sle,2010,d02,5.4347
sle,2010,d03,5.7298
sle,2010,d04,5.7659
sle,2010,d05,5.9885
sle,2010,d06,6.2523
sle,2010,d07,6.3027
sle,2010,d08,6.4876
sle,2010,d09,5.9193
sle,2010,d10,5.5726
sle,2013,d01,5.4016
sle,2013,d02,5.5928
sle,2013,d03,5.6694
sle,2013,d04,5.9639
sle,2013,d05,6.3192
sle,2013,d06,6.1748
sle,2013,d07,6.4802
sle,2013,d08,6.135
sle,2013,d09,5.6445
sle,2013,d10,5.7686
sle,2017,d01,4.4113
sle,2017,d02,4.683
sle,2017,d03,4.924
sle,2017,d04,5.1939
sle,2017,d05,5.2439
sle,2017,d06,5.4126
sle,2017,d07,4.8346
sle,2017,d08,4.6743
sle,2017,d09,4.7284
sle,2017,d10,4.7952
sle,2019,d01,4.7668
sle,2019,d02,5.061
sle,2019,d03,5.4923
sle,2019,d04,5.5827
sle,2019,d05,5.6022
sle,2019,d06,5.9185
sle,2019,d07,5.619
sle,2019,d08,4.91
sle,2019,d09,5.0915
sle,2019,d10,5.077
slv,2014,d01,4.0117
slv,2014,d02,4.0382
slv,2014,d03,4.0649
slv,2014,d04,4.1006
slv,2014,d05,3.9254
slv,2014,d06,3.9564
slv,2014,d07,3.8799
slv,2014,d08,3.7733
slv,2014,d09,3.7151
slv,2014,d10,3.76
som,2006,d01,6.6591
som,2006,d02,5.2601
som,2006,d03,5.2372
som,2006,d04,5.02
som,2006,d05,5.289
som,2006,d06,5.6273
som,2006,d07,5.6289
som,2006,d08,5.6532
som,2006,d09,6.1841
som,2006,d10,6.9321
srb,2005,d01,2.6279
srb,2005,d02,3.2692
srb,2005,d03,3.4099
srb,2005,d04,3.5109
srb,2005,d05,3.5867
srb,2005,d06,3.2277
srb,2005,d07,3.2385
srb,2005,d08,3.3725
srb,2005,d09,3.0072
srb,2005,d10,3.2397
srb,2010,d01,2.5235
srb,2010,d02,2.9384
srb,2010,d03,3.508
srb,2010,d04,3.6685
srb,2010,d05,3.3337
srb,2010,d06,3.369
srb,2010,d07,3.3246
srb,2010,d08,3.5623
srb,2010,d09,3.5275
srb,2010,d10,3.2678
srb,2014,d01,2.2359
srb,2014,d02,2.6984
srb,2014,d03,2.9076
srb,2014,d04,3.149
srb,2014,d05,3.3095
srb,2014,d06,3.2737
srb,2014,d07,3.4492
srb,2014,d08,3.4813
srb,2014,d09,3.4831
srb,2014,d10,3.688
srb,2019,d01,2.1981
srb,2019,d02,2.6145
srb,2019,d03,2.971
srb,2019,d04,2.9262
srb,2019,d05,2.9106
srb,2019,d06,2.9325
srb,2019,d07,3.0582
srb,2019,d08,2.952
srb,2019,d09,3.0591
srb,2019,d10,3.2047
ssd,2010,d01,6.0478
ssd,2010,d02,5.8787
ssd,2010,d03,5.381
ssd,2010,d04,5.8659
ssd,2010,d05,5.4228
ssd,2010,d06,5.7681
ssd,2010,d07,5.7298
ssd,2010,d08,5.9868
ssd,2010,d09,6.5456
ssd,2010,d10,7.7448
stp,2008,d01,3.2475
stp,2008,d02,3.1354
stp,2008,d03,3.567
stp,2008,d04,3.7247
stp,2008,d05,3.754
stp,2008,d06,3.8485
stp,2008,d07,4.3251
stp,2008,d08,4.4169
stp,2008,d09,4.5389
stp,2008,d10,4.3638
stp,2014,d01,3.0587
stp,2014,d02,3.6811
stp,2014,d03,3.7723
stp,2014,d04,3.71
stp,2014,d05,3.9636
stp,2014,d06,3.998
stp,2014,d07,4.051
stp,2014,d08,4.1133
stp,2014,d09,4.3516
stp,2014,d10,4.1696
stp,2019,d01,3.4708
stp,2019,d02,3.6339
stp,2019,d03,4.152
stp,2019,d04,4.0005
stp,2019,d05,4.3173
stp,2019,d06,4.3483
stp,2019,d07,4.2515
stp,2019,d08,4.4316
stp,2019,d09,4.2295
stp,2019,d10,4.0289
sur,2006,d01,3.4671
sur,2006,d02,3.9515
sur,2006,d03,4.1506
sur,2006,d04,3.9373
sur,2006,d05,4.0791
sur,2006,d06,3.8001
sur,2006,d07,3.7759
sur,2006,d08,4.0142
sur,2006,d09,4.0459
sur,2006,d10,3.8858
sur,2010,d01,3.8514
sur,2010,d02,4.1817
sur,2010,d03,4.0041
sur,2010,d04,3.7414
sur,2010,d05,3.7028
sur,2010,d06,3.7844
sur,2010,d07,3.6164
sur,2010,d08,3.9949
sur,2010,d09,3.7212
sur,2010,d10,3.8353
sur,2018,d01,4.1259
sur,2018,d02,4.2173
sur,2018,d03,3.9852
sur,2018,d04,3.9235
sur,2018,d05,3.8102
sur,2018,d06,3.8792
sur,2018,d07,3.7526
sur,2018,d08,3.8586
sur,2018,d09,3.4789
sur,2018,d10,3.6307
swz,2006,d01,5.2216
swz,2006,d02,5.6204
swz,2006,d03,5.6843
swz,2006,d04,5.4121
swz,2006,d05,5.2597
swz,2006,d06,5.0477
swz,2006,d07,4.2025
swz,2006,d08,4.1793
swz,2006,d09,3.3813
swz,2006,d10,3.5622
swz,2010,d01,4.97
swz,2010,d02,5.0405
swz,2010,d03,5.5144
swz,2010,d04,5.0118
swz,2010,d05,4.5486
swz,2010,d06,4.3618
swz,2010,d07,4.2841
swz,2010,d08,3.7902
swz,2010,d09,3.0286
swz,2010,d10,3.4533
swz,2014,d01,5.3084
swz,2014,d02,5.0563
swz,2014,d03,5.0393
swz,2014,d04,4.7597
swz,2014,d05,4.2468
swz,2014,d06,4.5095
swz,2014,d07,3.6538
swz,2014,d08,3.2666
swz,2014,d09,3.0113
swz,2014,d10,3.186
syr,2006,d01,6.2367
syr,2006,d02,5.9688
syr,2006,d03,5.9999
syr,2006,d04,5.8547
syr,2006,d05,5.8522
syr,2006,d06,5.4647
syr,2006,d07,5.3199
syr,2006,d08,5.3468
syr,2006,d09,5.4765
syr,2006,d10,5.2013
tca,2019,d01,1.8154
tca,2019,d02,1.7756
tca,2019,d03,2.3093
tca,2019,d04,2.3405
tca,2019,d05,2.8279
tca,2019,d06,2.8537
tca,2019,d07,2.5012
tca,2019,d08,2.303
tca,2019,d09,3.0312
tca,2019,d10,2.6542
tcd,1996,d01,6.1398
tcd,1996,d02,5.2238
tcd,1996,d03,5.4367
tcd,1996,d04,5.8243
tcd,1996,d05,4.0331
tcd,1996,d06,4.6619
tcd,1996,d07,5.284
tcd,1996,d08,5.7291
tcd,1996,d09,5.165
tcd,1996,d10,6.153
tcd,2004,d01,4.8006
tcd,2004,d02,4.5757
tcd,2004,d03,4.8259
tcd,2004,d04,5.0269
tcd,2004,d05,5.5219
tcd,2004,d06,5.7435
tcd,2004,d07,5.9285
tcd,2004,d08,6.0327
tcd,2004,d09,5.6073
tcd,2004,d10,6.2323
tcd,2010,d01,5.0353
tcd,2010,d02,4.5791
tcd,2010,d03,5.2296
tcd,2010,d04,5.3283
tcd,2010,d05,5.497
tcd,2010,d06,5.576
tcd,2010,d07,5.7271
tcd,2010,d08,5.4722
tcd,2010,d09,5.6805
tcd,2010,d10,6.264
tcd,2014,d01,4.3041
tcd,2014,d02,4.9159
tcd,2014,d03,5.3758
tcd,2014,d04,5.9295
tcd,2014,d05,6.2356
tcd,2014,d06,6.2763
tcd,2014,d07,6.7402
tcd,2014,d08,6.97
tcd,2014,d09,5.8642
tcd,2014,d10,6.3018
tcd,2019,d01,5.0186
tcd,2019,d02,5.0526
tcd,2019,d03,5.5649
tcd,2019,d04,5.8373
tcd,2019,d05,5.8789
tcd,2019,d06,6.0583
tcd,2019,d07,6.8585
tcd,2019,d08,7.044
tcd,2019,d09,6.8137
tcd,2019,d10,6.3984
tgo,1998,d01,6.1415
tgo,1998,d02,5.7857
tgo,1998,d03,6.2667
tgo,1998,d04,5.6867
tgo,1998,d05,6.2843
tgo,1998,d06,4.9878
tgo,1998,d07,4.6531
tgo,1998,d08,4.2733
tgo,1998,d09,4.7248
tgo,1998,d10,5.869
tgo,2006,d01,6.3869
tgo,2006,d02,5.866
tgo,2006,d03,4.8931
tgo,2006,d04,4.5165
tgo,2006,d05,4.5475
tgo,2006,d06,4.3907
tgo,2006,d07,4.2088
tgo,2006,d08,3.8773
tgo,2006,d09,4.3882
tgo,2006,d10,4.961
tgo,2010,d01,5.0571
tgo,2010,d02,5.2894
tgo,2010,d03,5.3012
tgo,2010,d04,5.1607
tgo,2010,d05,5.6539
tgo,2010,d06,4.7523
tgo,2010,d07,4.3181
tgo,2010,d08,4.1321
tgo,2010,d09,4.2172
tgo,2010,d10,4.5533
tgo,2013,d01,8.0803
tgo,2013,d02,6.4867
tgo,2013,d03,5.568
tgo,2013,d04,5.0147
tgo,2013,d05,4.156
tgo,2013,d06,3.7963
tgo,2013,d07,3.5599
tgo,2013,d08,3.8671
tgo,2013,d09,3.9016
tgo,2013,d10,4.1287
tgo,2017,d01,4.5269
tgo,2017,d02,5.0019
tgo,2017,d03,4.8322
tgo,2017,d04,4.9461
tgo,2017,d05,4.0181
tgo,2017,d06,3.9861
tgo,2017,d07,3.9161
tgo,2017,d08,4.0888
tgo,2017,d09,4.1082
tgo,2017,d10,4.4386
tha,2005,d01,3.2778
tha,2005,d02,3.5107
tha,2005,d03,3.5277
tha,2005,d04,3.5834
tha,2005,d05,3.4819
tha,2005,d06,3.4578
tha,2005,d07,3.2802
tha,2005,d08,3.238
tha,2005,d09,3.4633
tha,2005,d10,3.7683
tha,2012,d01,2.8812
tha,2012,d02,3.223
tha,2012,d03,3.2463
tha,2012,d04,3.2574
tha,2012,d05,3.1818
tha,2012,d06,3.3668
tha,2012,d07,3.2819
tha,2012,d08,3.4004
tha,2012,d09,3.3904
tha,2012,d10,3.646
tha,2015,d01,2.7552
tha,2015,d02,3.0183
tha,2015,d03,3.0712
tha,2015,d04,3.1148
tha,2015,d05,3.1525
tha,2015,d06,3.2828
tha,2015,d07,3.2908
tha,2015,d08,3.4191
tha,2015,d09,3.5148
tha,2015,d10,3.7281
tha,2019,d01,2.2288
tha,2019,d02,2.4487
tha,2019,d03,2.5797
tha,2019,d04,2.7954
tha,2019,d05,2.8545
tha,2019,d06,3.0261
tha,2019,d07,3.0576
tha,2019,d08,3.1516
tha,2019,d09,3.263
tha,2019,d10,3.4437
tjk,2005,d01,6.914
tjk,2005,d02,6.9027
tjk,2005,d03,6.5756
tjk,2005,d04,6.7125
tjk,2005,d05,6.6969
tjk,2005,d06,6.7854
tjk,2005,d07,6.5181
tjk,2005,d08,6.6433
tjk,2005,d09,5.3583
tjk,2005,d10,4.4363
tjk,2012,d01,6.6258
tjk,2012,d02,6.7846
tjk,2012,d03,7.1817
tjk,2012,d04,7.1495
tjk,2012,d05,7.2937
tjk,2012,d06,6.7172
tjk,2012,d07,6.5055
tjk,2012,d08,6.2384
tjk,2012,d09,5.5094
tjk,2012,d10,4.3292
tjk,2017,d01,5.8008
tjk,2017,d02,6.1062
tjk,2017,d03,6.7604
tjk,2017,d04,6.7257
tjk,2017,d05,6.8255
tjk,2017,d06,6.7959
tjk,2017,d07,6.5789
tjk,2017,d08,6.3779
tjk,2017,d09,5.5456
tjk,2017,d10,3.9443
tkm,2006,d01,5.7632
tkm,2006,d02,5.7075
tkm,2006,d03,5.4743
tkm,2006,d04,5.4081
tkm,2006,d05,5.678
tkm,2006,d06,5.5117
tkm,2006,d07,5.4968
tkm,2006,d08,4.9664
tkm,2006,d09,3.7734
tkm,2006,d10,3.762
tkm,2015,d01,4.9989
tkm,2015,d02,5.3612
tkm,2015,d03,5.6394
tkm,2015,d04,5.6853
tkm,2015,d05,5.6763
tkm,2015,d06,5.9155
tkm,2015,d07,5.083
tkm,2015,d08,4.7905
tkm,2015,d09,4.4908
tkm,2015,d10,4.0175
tkm,2019,d01,5.5585
tkm,2019,d02,5.6401
tkm,2019,d03,5.5663
tkm,2019,d04,5.6605
tkm,2019,d05,5.8254
tkm,2019,d06,5.7008
tkm,2019,d07,5.7252
tkm,2019,d08,5.2203
tkm,2019,d09,4.1321
tkm,2019,d10,4.0477
tls,2009,d01,5.4745
tls,2009,d02,5.4805
tls,2009,d03,5.4502
tls,2009,d04,5.8945
tls,2009,d05,5.9448
tls,2009,d06,5.9218
tls,2009,d07,5.9518
tls,2009,d08,6.2543
tls,2009,d09,6.3321
tls,2009,d10,5.8801
tls,2016,d01,4.0583
tls,2016,d02,4.629
tls,2016,d03,4.9423
tls,2016,d04,5.0799
tls,2016,d05,5.1637
tls,2016,d06,5.4299
tls,2016,d07,5.6638
tls,2016,d08,5.997
tls,2016,d09,6.2989
tls,2016,d10,6.3513
ton,2019,d01,4.7446
ton,2019,d02,5.2997
ton,2019,d03,5.5324
ton,2019,d04,5.1898
ton,2019,d05,5.5733
ton,2019,d06,5.4094
ton,2019,d07,5.197
ton,2019,d08,5.3677
ton,2019,d09,5.6909
ton,2019,d10,5.0997
tto,2006,d01,2.8382
tto,2006,d02,3.0261
tto,2006,d03,3.0248
tto,2006,d04,3.1832
tto,2006,d05,3.6332
tto,2006,d06,3.5792
tto,2006,d07,3.6266
tto,2006,d08,3.7018
tto,2006,d09,3.6336
tto,2006,d10,3.6595
tto,2011,d01,2.5193
tto,2011,d02,2.879
tto,2011,d03,2.9866
tto,2011,d04,3.266
tto,2011,d05,3.3506
tto,2011,d06,3.3276
tto,2011,d07,3.6214
tto,2011,d08,3.6385
tto,2011,d09,3.459
tto,2011,d10,3.427
tun,2011,d01,4.1355
tun,2011,d02,4.4094
tun,2011,d03,4.307
tun,2011,d04,4.1882
tun,2011,d05,4.3461
tun,2011,d06,4.0593
tun,2011,d07,4.0909
tun,2011,d08,4.1179
tun,2011,d09,4.0365
tun,2011,d10,3.9367
tun,2018,d01,4.3332
tun,2018,d02,4.2756
tun,2018,d03,4.0769
tun,2018,d04,3.9379
tun,2018,d05,3.8271
tun,2018,d06,3.8364
tun,2018,d07,3.7061
tun,2018,d08,3.7366
tun,2018,d09,3.7428
tun,2018,d10,3.5477
tur,1993,d01,4.9355
tur,1993,d02,5.1493
tur,1993,d03,5.1057
tur,1993,d04,4.7133
tur,1993,d05,4.7043
tur,1993,d06,4.4341
tur,1993,d07,4.227
tur,1993,d08,4.1383
tur,1993,d09,4.0455
tur,1993,d10,3.8699
tur,1998,d01,5.2693
tur,1998,d02,4.984
tur,1998,d03,4.7277
tur,1998,d04,4.6197
tur,1998,d05,4.5151
tur,1998,d06,4.1744
tur,1998,d07,4.1504
tur,1998,d08,4.007
tur,1998,d09,3.646
tur,1998,d10,3.5154
tur,2003,d01,3.9679
tur,2003,d02,4.4298
tur,2003,d03,4.3762
tur,2003,d04,3.9999
tur,2003,d05,4.1146
tur,2003,d06,4.2666
tur,2003,d07,4.1817
tur,2003,d08,4.0705
tur,2003,d09,3.8259
tur,2003,d10,3.5293
tur,2013,d01,4.1027
tur,2013,d02,4.039
tur,2013,d03,3.8375
tur,2013,d04,3.7676
tur,2013,d05,3.5812
tur,2013,d06,3.5046
tur,2013,d07,3.3927
tur,2013,d08,3.511
tur,2013,d09,3.3725
tur,2013,d10,3.3006
tuv,2019,d01,3.6998
tuv,2019,d02,5.9134
tuv,2019,d03,5.4589
tuv,2019,d04,6.1139
tuv,2019,d05,6.3129
tuv,2019,d06,6.1753
tuv,2019,d07,6.758
tuv,2019,d08,7.3243
tuv,2019,d09,7.444
tuv,2019,d10,8.0299
tza,1996,d01,5.6666
tza,1996,d02,5.746
tza,1996,d03,4.5306
tza,1996,d04,4.0618
tza,1996,d05,4.9762
tza,1996,d06,4.7448
tza,1996,d07,5.1528
tza,1996,d08,4.8359
tza,1996,d09,4.7491
tza,1996,d10,4.7171
tza,1999,d01,4.682
tza,1999,d02,5.1318
tza,1999,d03,5.4692
tza,1999,d04,5.6749
tza,1999,d05,5.0216
tza,1999,d06,5.1734
tza,1999,d07,5.8148
tza,1999,d08,4.7562
tza,1999,d09,4.2232
tza,1999,d10,4.72
tza,2004,d01,5.0973
tza,2004,d02,5.2155
tza,2004,d03,4.928
tza,2004,d04,4.8965
tza,2004,d05,4.9527
tza,2004,d06,4.9113
tza,2004,d07,5.2388
tza,2004,d08,4.6895
tza,2004,d09,4.2066
tza,2004,d10,4.6894
tza,2010,d01,4.5963
tza,2010,d02,4.9033
tza,2010,d03,5.4727
tza,2010,d04,5.2401
tza,2010,d05,5.3601
tza,2010,d06,5.4842
tza,2010,d07,5.1872
tza,2010,d08,4.8458
tza,2010,d09,4.2131
tza,2010,d10,4.6665
tza,2015,d01,6.6626
tza,2015,d02,5.1105
tza,2015,d03,5.1683
tza,2015,d04,5.0128
tza,2015,d05,4.8002
tza,2015,d06,4.958
tza,2015,d07,4.8506
tza,2015,d08,4.2591
tza,2015,d09,3.8932
tza,2015,d10,4.6583
uga,1995,d01,4.9558
uga,1995,d02,4.4837
uga,1995,d03,5.1014
uga,1995,d04,4.3743
uga,1995,d05,4.6125
uga,1995,d06,5.1051
uga,1995,d07,4.736
uga,1995,d08,4.6583
uga,1995,d09,4.845
uga,1995,d10,4.7423
uga,2000,d01,4.0482
uga,2000,d02,4.5141
uga,2000,d03,4.6327
uga,2000,d04,4.6385
uga,2000,d05,4.929
uga,2000,d06,5.3266
uga,2000,d07,5.069
uga,2000,d08,5.3967
uga,2000,d09,5.1161
uga,2000,d10,4.6488
uga,2006,d01,5.0375
uga,2006,d02,4.7664
uga,2006,d03,4.8598
uga,2006,d04,4.9984
uga,2006,d05,5.0709
uga,2006,d06,5.231
uga,2006,d07,5.5275
uga,2006,d08,5.1641
uga,2006,d09,4.7132
uga,2006,d10,4.443
uga,2011,d01,5.1066
uga,2011,d02,5.1867
uga,2011,d03,5.057
uga,2011,d04,4.9598
uga,2011,d05,5.3945
uga,2011,d06,5.213
uga,2011,d07,5.2574
uga,2011,d08,5.0101
uga,2011,d09,4.0624
uga,2011,d10,4.1623
uga,2016,d01,4.61
uga,2016,d02,4.648
uga,2016,d03,4.6431
uga,2016,d04,4.8273
uga,2016,d05,4.9224
uga,2016,d06,4.9019
uga,2016,d07,4.6273
uga,2016,d08,4.4561
uga,2016,d09,3.7642
uga,2016,d10,4.2111
ukr,2005,d01,3.2783
ukr,2005,d02,3.2628
ukr,2005,d03,3.2447
ukr,2005,d04,3.0688
ukr,2005,d05,2.9609
ukr,2005,d06,2.9604
ukr,2005,d07,2.9483
ukr,2005,d08,3.1631
ukr,2005,d09,2.9799
ukr,2005,d10,3.1072
ukr,2007,d01,1.7853
ukr,2007,d02,2.3402
ukr,2007,d03,2.7932
ukr,2007,d04,2.9687
ukr,2007,d05,2.6595
ukr,2007,d06,2.3692
ukr,2007,d07,2.2571
ukr,2007,d08,2.3031
ukr,2007,d09,2.636
ukr,2007,d10,2.936
ukr,2012,d01,1.9453
ukr,2012,d02,2.4369
ukr,2012,d03,2.7529
ukr,2012,d04,2.6436
ukr,2012,d05,2.4757
ukr,2012,d06,2.4357
ukr,2012,d07,2.4852
ukr,2012,d08,2.5891
ukr,2012,d09,2.8608
ukr,2012,d10,3.0139
ury,2012,d01,3.5143
ury,2012,d02,3.5207
ury,2012,d03,3.2607
ury,2012,d04,3.0578
ury,2012,d05,2.9217
ury,2012,d06,2.7224
ury,2012,d07,2.9693
ury,2012,d08,2.7386
ury,2012,d09,2.8915
ury,2012,d10,2.7661
uzb,1996,d01,5.6212
uzb,1996,d02,5.6991
uzb,1996,d03,6.0014
uzb,1996,d04,5.7241
uzb,1996,d05,5.6482
uzb,1996,d06,5.6666
uzb,1996,d07,5.6992
uzb,1996,d08,5.4763
uzb,1996,d09,4.3374
uzb,1996,d10,3.6352
uzb,2006,d01,5.7363
uzb,2006,d02,5.6796
uzb,2006,d03,5.4423
uzb,2006,d04,5.678
uzb,2006,d05,5.6777
uzb,2006,d06,5.5956
uzb,2006,d07,5.6149
uzb,2006,d08,5.5615
uzb,2006,d09,4.9674
uzb,2006,d10,3.4123
vnm,1997,d01,4.9476
vnm,1997,d02,4.9934
vnm,1997,d03,4.587
vnm,1997,d04,4.6522
vnm,1997,d05,4.8532
vnm,1997,d06,4.6152
vnm,1997,d07,4.5568
vnm,1997,d08,4.6734
vnm,1997,d09,4.587
vnm,1997,d10,4.7332
vnm,2002,d01,4.6774
vnm,2002,d02,4.4078
vnm,2002,d03,4.5399
vnm,2002,d04,4.2142
vnm,2002,d05,4.3342
vnm,2002,d06,4.5174
vnm,2002,d07,4.4709
vnm,2002,d08,4.268
vnm,2002,d09,4.2632
vnm,2002,d10,4.3828
vnm,2006,d01,4.841
vnm,2006,d02,4.1994
vnm,2006,d03,4.0066
vnm,2006,d04,4.0546
vnm,2006,d05,4.1092
vnm,2006,d06,4.2908
vnm,2006,d07,4.2174
vnm,2006,d08,4.33
vnm,2006,d09,4.2798
vnm,2006,d10,4.3202
vnm,2010,d01,4.0366
vnm,2010,d02,3.555
vnm,2010,d03,3.687
vnm,2010,d04,3.7425
vnm,2010,d05,3.7228
vnm,2010,d06,3.5943
vnm,2010,d07,3.6934
vnm,2010,d08,3.8771
vnm,2010,d09,3.8957
vnm,2010,d10,4.167
vnm,2013,d01,3.9784
vnm,2013,d02,3.471
vnm,2013,d03,3.677
vnm,2013,d04,3.7415
vnm,2013,d05,3.6983
vnm,2013,d06,3.8547
vnm,2013,d07,3.9532
vnm,2013,d08,3.9209
vnm,2013,d09,4.0251
vnm,2013,d10,4.4139
vut,2007,d01,5.3836
vut,2007,d02,4.8325
vut,2007,d03,4.8156
vut,2007,d04,4.9767
vut,2007,d05,5.3789
vut,2007,d06,5.044
vut,2007,d07,4.9293
vut,2007,d08,5.1021
vut,2007,d09,5.1091
vut,2007,d10,5.3083
wsm,2019,d01,6.2238
wsm,2019,d02,7.1223
wsm,2019,d03,7.0561
wsm,2019,d04,7.7277
wsm,2019,d05,7.3673
wsm,2019,d06,7.1324
wsm,2019,d07,6.6095
wsm,2019,d08,6.2082
wsm,2019,d09,5.8789
wsm,2019,d10,5.4136
yem,2006,d01,6.6657
yem,2006,d02,6.1577
yem,2006,d03,6.8423
yem,2006,d04,7.2129
yem,2006,d05,7.4715
yem,2006,d06,7.5202
yem,2006,d07,7.8718
yem,2006,d08,8.1262
yem,2006,d09,7.8828
yem,2006,d10,7.4742
yem,2013,d01,6.0081
yem,2013,d02,6.0218
yem,2013,d03,6.4219
yem,2013,d04,6.8411
yem,2013,d05,6.8948
yem,2013,d06,7.2073
yem,2013,d07,7.269
yem,2013,d08,7.1146
yem,2013,d09,6.8521
yem,2013,d10,6.3758
zaf,1998,d01,5.0966
zaf,1998,d02,4.6563
zaf,1998,d03,4.2011
zaf,1998,d04,4.1967
zaf,1998,d05,4.2749
zaf,1998,d06,4.2408
zaf,1998,d07,4.1797
zaf,1998,d08,4.3563
zaf,1998,d09,4.0049
zaf,1998,d10,3.5756
zaf,2016,d01,3.3456
zaf,2016,d02,3.4642
zaf,2016,d03,3.1707
zaf,2016,d04,3.1516
zaf,2016,d05,3.2322
zaf,2016,d06,3.4059
zaf,2016,d07,3.4994
zaf,2016,d08,3.799
zaf,2016,d09,3.3925
zaf,2016,d10,3.2065
zmb,1996,d01,5.5622
zmb,1996,d02,5.563
zmb,1996,d03,4.6537
zmb,1996,d04,4.5496
zmb,1996,d05,4.8707
zmb,1996,d06,5.453
zmb,1996,d07,5.1795
zmb,1996,d08,5.7399
zmb,1996,d09,6.3449
zmb,1996,d10,6.5196
zmb,2001,d01,4.4492
zmb,2001,d02,4.9742
zmb,2001,d03,4.9048
zmb,2001,d04,5.3567
zmb,2001,d05,5.8212
zmb,2001,d06,4.8412
zmb,2001,d07,5.251
zmb,2001,d08,5.2967
zmb,2001,d09,5.7959
zmb,2001,d10,6.4223
zmb,2007,d01,5.578
zmb,2007,d02,4.9556
zmb,2007,d03,4.5584
zmb,2007,d04,4.4227
zmb,2007,d05,4.38
zmb,2007,d06,4.9689
zmb,2007,d07,4.9021
zmb,2007,d08,4.5323
zmb,2007,d09,5.3762
zmb,2007,d10,5.5178
zmb,2013,d01,4.3745
zmb,2013,d02,4.9597
zmb,2013,d03,5.1466
zmb,2013,d04,5.5627
zmb,2013,d05,5.5462
zmb,2013,d06,5.5016
zmb,2013,d07,5.0211
zmb,2013,d08,5.0226
zmb,2013,d09,5.1412
zmb,2013,d10,5.2616
zmb,2018,d01,4.7294
zmb,2018,d02,4.9463
zmb,2018,d03,5.0866
zmb,2018,d04,5.43
zmb,2018,d05,5.3618
zmb,2018,d06,5.1021
zmb,2018,d07,4.5381
zmb,2018,d08,4.7646
zmb,2018,d09,5.1174
zmb,2018,d10,5.015
zwe,1994,d01,6.2807
zwe,1994,d02,5.8564
zwe,1994,d03,4.533
zwe,1994,d04,5.3584
zwe,1994,d05,5.3985
zwe,1994,d06,4.7354
zwe,1994,d07,4.2941
zwe,1994,d08,3.5604
zwe,1994,d09,3.6078
zwe,1994,d10,4.585
zwe,1999,d01,4.9085
zwe,1999,d02,4.9606
zwe,1999,d03,5.1888
zwe,1999,d04,5.2005
zwe,1999,d05,4.7863
zwe,1999,d06,4.1135
zwe,1999,d07,3.2753
zwe,1999,d08,3.4632
zwe,1999,d09,3.3417
zwe,1999,d10,3.9355
zwe,2005,d01,4.8669
zwe,2005,d02,4.6253
zwe,2005,d03,5.0685
zwe,2005,d04,4.883
zwe,2005,d05,4.872
zwe,2005,d06,4.4552
zwe,2005,d07,3.8243
zwe,2005,d08,3.5107
zwe,2005,d09,4.2419
zwe,2005,d10,4.7286
zwe,2009,d01,5.0037
zwe,2009,d02,4.9795
zwe,2009,d03,4.8791
zwe,2009,d04,5.1137
zwe,2009,d05,4.986
zwe,2009,d06,4.4576
zwe,2009,d07,3.9352
zwe,2009,d08,3.693
zwe,2009,d09,4.2581
zwe,2009,d10,4.7261
zwe,2010,d01,4.3636
zwe,2010,d02,4.449
zwe,2010,d03,4.619
zwe,2010,d04,4.4501
zwe,2010,d05,4.2962
zwe,2010,d06,4.0643
zwe,2010,d07,3.9711
zwe,2010,d08,3.5823
zwe,2010,d09,3.8708
zwe,2010,d10,3.9739
zwe,2014,d01,5.0247
zwe,2014,d02,4.5393
zwe,2014,d03,4.6204
zwe,2014,d04,4.6051
zwe,2014,d05,4.4413
zwe,2014,d06,4.2038
zwe,2014,d07,3.5495
zwe,2014,d08,3.3358
zwe,2014,d09,3.6902
zwe,2014,d10,4.2511
zwe,2015,d01,4.2375
zwe,2015,d02,4.3578
zwe,2015,d03,4.2864
zwe,2015,d04,4.3687
zwe,2015,d05,4.1777
zwe,2015,d06,4.4068
zwe,2015,d07,3.8648
zwe,2015,d08,3.329
zwe,2015,d09,3.8437
zwe,2015,d10,4.117
zwe,2019,d01,4.4007
zwe,2019,d02,4.4863
zwe,2019,d03,4.3215
zwe,2019,d04,4.1249
zwe,2019,d05,4.0786
zwe,2019,d06,4.2029
zwe,2019,d07,3.815
zwe,2019,d08,3.2677
zwe,2019,d09,3.7742
zwe,2019,d10,4.0522
